Parent.node	SampleID	ACA>A	ACC>A	ACG>A	ACT>A	CCA>A	CCC>A	CCG>A	CCT>A	GCA>A	GCC>A	GCG>A	GCT>A	TCA>A	TCC>A	TCG>A	TCT>A	ACA>G	ACC>G	ACG>G	ACT>G	CCA>G	CCC>G	CCG>G	CCT>G	GCA>G	GCC>G	GCG>G	GCT>G	TCA>G	TCC>G	TCG>G	TCT>G	ACA>T	ACC>T	ACG>T	ACT>T	CCA>T	CCC>T	CCG>T	CCT>T	GCA>T	GCC>T	GCG>T	GCT>T	TCA>T	TCC>T	TCG>T	TCT>T	ATA>A	ATC>A	ATG>A	ATT>A	CTA>A	CTC>A	CTG>A	CTT>A	GTA>A	GTC>A	GTG>A	GTT>A	TTA>A	TTC>A	TTG>A	TTT>A	ATA>C	ATC>C	ATG>C	ATT>C	CTA>C	CTC>C	CTG>C	CTT>C	GTA>C	GTC>C	GTG>C	GTT>C	TTA>C	TTC>C	TTG>C	TTT>C	ATA>G	ATC>G	ATG>G	ATT>G	CTA>G	CTC>G	CTG>G	CTT>G	GTA>G	GTC>G	GTG>G	GTT>G	TTA>G	TTC>G	TTG>G	TTT>G
2	XN3325_cordblood_nanoseq	4.708609373	3.059945445	0	0	2.001231186	2.143579806	1.31607912	6.194108203	0	0	0	5.163309829	1.851009509	1.002315463	1.206883643	1.928731818	0.941721875	1.019981815	2.343800778	0.968417878	0	0	0	0	0	1.085866044	0	1.032661966	1.851009509	0	0	0.964365909	6.592053123	3.059945445	29.29750972	2.905253635	4.002462372	2.143579806	10.52863296	1.032351367	4.531382528	2.171732088	15.12851912	8.261295726	4.627523773	4.009261851	9.655069147	0.964365909	0	2.864149532	2.09687344	0	0.926976277	1.022536028	0	0.999893733	2.748116624	0.969791121	0	0	2.623059913	0	0	1.966562683	4.664943362	0.954716511	1.04843672	1.944075967	0.926976277	2.045072055	0	2.9996812	1.83207775	0.969791121	0	3.031828881	1.748706609	0	1.008213174	1.966562683	0.932988672	0	0	0.972037984	0	0	1.101521779	0.999893733	0	0	0	0	0.874353304	0	0	1.966562683
2	XN3326_cordblood_nanoseq	0	2.125550033	0	0.970502296	0	0	0	0	0	0	0	0	0	1.045687552	0	0	0.940947615	0	0	0	0	0	0	0	0	0	0	0	0	0	0	0	1.881895229	1.062775016	5.065062662	0.970502296	0	1.174339266	1.570400852	1.091824746	1.597440031	0	0	1.091453985	0	0	2.617834869	0	0	0	0	0	0	0	0	0	0	0	0	0.976139271	0	0	0	0	0	0	0	0	0	0	0	0.979509026	0.894496586	0	0	0	1.662065597	0	0	0.919765877	0	0	0	0	0	0	0	0	0	0	0	0	0.831032799	0	0	0
2	CB002_cordblood_stdseq	86	60	30	50	64	44	31	47	86	37	27	43	72	60	21	92	49	37	28	58	41	31	21	44	31	23	8	24	43	43	22	74	208	109	1143	138	156	136	636	157	143	115	640	111	132	136	449	142	49	37	47	63	37	30	46	55	26	32	33	40	82	29	23	91	133	51	89	120	60	29	50	63	69	33	54	64	69	69	43	122	61	21	93	26	20	14	45	32	20	7	32	18	83	42	91	94
2	CB001_cordblood_stdseq	90	69	18	51	83	55	25	64	105	40	21	57	76	76	24	112	44	20	23	34	22	40	18	30	20	9	7	31	29	28	16	58	157	86	777	113	99	81	461	117	107	99	446	92	102	107	347	112	37	39	38	72	31	26	40	52	30	17	26	43	75	26	35	82	90	30	52	118	40	22	53	41	33	22	38	48	48	33	33	76	16	4	21	34	15	7	17	23	12	7	21	18	23	13	27	58
3	ARJ_grans_nanoseq	49.66937464	17.83295403	4.86745967	17.3306747	50.709793	9.082636867	1.444094989	11.75294793	52.42367066	7.981106093	4.473880194	15.78181791	17.64096115	4.139161075	2.528859687	13.5216083	35.61200446	13.63696485	2.433729835	21.18193574	14.48851229	12.48862569	1.444094989	16.02674718	20.04434466	12.54173815	0	12.62545433	8.356244756	13.45227349	0	8.692462478	118.0819095	58.74384858	166.7104937	82.80211246	55.88426167	55.63115081	82.31341437	145.3091744	70.92614265	53.58742662	111.8470048	93.63878629	41.78122378	53.80909398	59.42820265	53.12060403	18.81059923	21.03227655	9.31241545	18.64902194	10.99061949	7.406106384	12.35166896	14.73616056	0.903821472	7.956667292	6.890614625	10.92725012	8.454972893	2.714811333	8.980029505	17.13006337	71.65942564	28.68037712	50.70092856	46.62255486	17.4018142	25.39236474	24.70333792	22.5954462	10.84585766	14.91875117	21.82027965	25.82804575	22.82842681	18.09874222	15.9644969	36.16346712	10.74891385	3.824050283	12.41655393	6.527157681	2.747654873	7.406106384	12.35166896	5.894464226	5.422928832	2.983750234	14.92966502	9.933863749	7.609475604	2.714811333	11.97337267	15.226723
3	PD43979b_grans_nanoseq	1	1	0	1	5	2	1	2	5	0	0	1	2	0	0	2	2	2	0	4	0	0	0	0	0	0	0	0	1	1	0	2	10	3	17	3	3	4	7	7	3	2	5	4	4	0	4	3	2	1	1	3	1	1	0	1	0	1	0	0	1	1	1	9	5	2	0	2	2	1	1	1	0	2	0	0	0	0	0	4	0	1	1	0	0	2	1	5	0	0	0	0	2	0	0	0
3	PD43980b_grans_nanoseq	0.938674546	1.085766041	0	0.95169135	5.428662825	2.501222165	1.693599144	2.23802394	8.091741031	0	0	1.090110936	1.878792218	0	0	1.924002687	1.877349092	2.171532081	0	3.806765401	0	0	0	0	0	0	0	0	0.939396109	1.08257187	0	1.924002687	9.386745461	3.257298122	22.09727937	2.855074051	3.257197695	5.002444331	11.85519401	7.83308379	4.855044619	2.502188555	8.809908123	4.360443746	3.757584436	0	5.486944757	2.88600403	1.673896878	0.994602961	1.01007265	2.543266863	0.89097273	1.196769217	0	0.937240835	0	1.10498314	0	0	0.799646009	0.919768452	0.977078414	7.918730592	4.184742195	1.989205922	0	1.695511242	1.781945459	1.196769217	1.179132982	0.937240835	0	2.20996628	0	0	0	0	0	3.519435819	0	0.994602961	1.01007265	0	0	2.393538435	1.179132982	4.686204175	0	0	0	0	1.599292017	0	0	0
3	PD43981b_grans_nanoseq	11.3602622	2.181231012	0	7.677377536	6.55365505	2.478506428	0	5.597623187	11.47213799	2.545614413	0	3.31360442	2.836965076	1.075520407	0	0.959788415	4.733442583	2.181231012	0	5.758033152	3.276827525	2.478506428	0	6.717147824	1.638876856	3.81842162	0	1.104534807	0.945655025	1.075520407	0	2.879365246	17.0403933	8.724924046	39.70025076	16.31442726	12.01503426	12.39253214	19.134818	14.55382029	6.555507423	10.18245765	27.39611659	15.46348729	4.728275126	9.679683661	16.62737291	9.597884154	6.678407939	5.955281007	2.02611065	2.547007819	0	1.179590375	3.563037373	1.861516118	0.897627991	0	1.238245937	0.949022007	2.40830941	0	0.976876051	0	11.68721389	2.977640503	8.1044426	9.33902867	3.579205281	4.718361498	3.563037373	4.653790296	2.692883973	4.374337128	2.476491874	4.745110037	4.013849017	1.825792577	1.953752103	7.83448528	0.834800992	0.992546834	2.02611065	3.396010425	0.89480132	0	1.187679124	1.861516118	0	1.093584282	2.476491874	1.898044015	0.802769803	0.912896288	0	2.611495093
3	PD43982b_grans_nanoseq	3.794996745	3.256718211	0	3.843042804	5.431513365	2.456860447	1.715711308	3.339148562	6.536152233	1.258662004	0	2.19937949	0.945920562	1.07161451	1.375944021	5.761515595	5.692495118	1.085572737	1.316281485	2.882282103	5.431513365	2.456860447	0	2.226099041	3.268076116	2.517324007	1.798180697	2.19937949	0.945920562	1.07161451	0	0	14.2312378	11.94130011	38.17216307	11.52912841	15.20823742	18.42645335	15.44140177	20.03489137	11.43826641	16.36260605	19.77998766	20.89410515	13.24288787	13.93098863	11.00755217	14.40378899	2.519196945	4.963461487	4.060897506	3.412464037	2.687873069	2.341501222	2.363013058	0	0	1.088204349	2.464118483	0.950352721	2.421532129	0	0.979332847	2.622286434	9.237055464	1.985384595	10.15224377	7.678044084	4.479788448	4.683002443	4.726026116	3.730225748	0	2.176408698	1.232059242	5.702116329	4.035886882	6.406157262	5.875997083	0.874095478	0.839732315	0.992692297	1.015224377	2.559348028	0.89595769	0	0	0	0.898723793	0	0	0.950352721	0.807177376	0	1.958665694	4.37047739
3	PD43983b_grans_nanoseq	11.24152877	6.62223085	3.987909375	5.714339311	9.974491154	3.885407929	1.797641721	6.863759679	9.897737273	1.30078313	0	4.45151208	8.472704252	4.406147828	1.409848506	1.926765598	9.367940641	3.311115425	0	5.714339311	3.324830385	1.295135976	1.797641721	2.287919893	3.299245758	1.30078313	1.873801358	4.45151208	1.882823167	2.203073914	0	4.816913994	33.72458631	19.86669255	33.23257813	16.19062805	22.1655359	19.42703965	17.97641721	36.60671829	18.14585167	20.81253009	37.47602715	20.03180436	8.472704252	17.62459131	19.73787908	18.30427318	5.701115947	2.968894156	3.011993919	4.159902232	2.656065327	6.060216741	4.797676775	2.805948102	3.538435604	1.112013355	0	2.854451552	4.706347781	0	3.893082304	5.193686805	16.2889027	7.917051084	13.05197365	24.12743295	7.968195981	3.636130045	10.79477274	7.482528272	0.884608901	4.448053419	6.287030795	8.563354656	10.19708686	4.574807982	3.893082304	7.790530208	2.443335406	1.979262771	6.023987838	3.327921786	0.885355109	2.424086696	1.199419194	0.935316034	0.884608901	1.112013355	2.514812318	0.951483851	2.35317389	0.914961596	0.973270576	1.731228935
3	PD43984b_grans_nanoseq	13.01154378	2.221300489	4.055228562	3.776956625	14.5710354	6.652581385	0	13.87555858	9.97295529	2.671679486	0	1.122167285	0.937176136	1.10973137	0	3.836872202	9.29395984	1.110650245	0	1.888478313	4.483395507	1.330516277	1.889797553	5.781482744	6.64863686	2.671679486	0	4.488669139	1.874352273	2.219462741	0	1.918436101	20.44671165	22.21300489	41.90402848	17.94054397	8.966791014	18.62722788	18.89797553	32.37630336	23.27022901	12.02255769	11.88201075	29.1763494	8.434585227	12.20704508	13.00632548	13.42905271	2.406328598	2.980672479	2.001193626	2.463466939	1.762390819	1.250508394	4.883486595	1.863188943	1.762594844	1.137746039	1.289688213	0	2.314220019	0.910900066	1.935319614	3.422868163	13.63586206	3.974229973	16.00954901	16.42311293	7.049563277	8.753558761	8.546101541	3.726377886	1.762594844	2.275492079	6.448441066	7.634375299	6.942660058	3.643600262	4.838299036	9.412887449	0.802109533	0.993557493	0	2.463466939	0.88119541	0	2.441743297	6.5211613	0.881297422	0	1.289688213	1.908593825	1.542813346	0.910900066	1.935319614	6.845736326
3	PD43987b_grans_nanoseq	5.58341744	3.315283183	0	2.836486902	6.675210234	0	0	2.292880143	6.595433932	1.309700909	1.895208579	8.897507389	1.877123467	3.311771214	0	4.804047085	9.305695734	1.105094394	0	1.890991268	0	1.308301608	0	3.439320214	3.297716966	0	0	1.112188424	0.938561733	1.103923738	0	2.882428251	22.33366976	6.630566366	23.88957538	11.34594761	8.900280312	13.08301608	9.069744507	16.050161	3.297716966	6.548504547	22.74250295	11.12188424	8.4470556	6.623542428	12.7500315	6.725665919	2.431809449	1.995245781	3.013686575	4.136277615	1.770411635	1.236691206	4.82491504	1.869459958	0.885143603	2.260837728	0	0.956052134	1.553072385	0	0	3.4445707	8.106031498	3.990491563	9.041059725	7.445299707	2.655617453	4.946764823	2.41245752	4.673649894	0.885143603	2.260837728	3.82605206	2.868156403	3.106144771	1.831836508	0.971818349	6.027998724	0.81060315	0	3.013686575	0.827255523	0.885205818	2.473382412	0	1.869459958	0	0	1.275350687	0	0.776536193	1.831836508	2.915455047	1.72228535
3	PD43988b_grans_nanoseq	5.599257709	4.367577136	1.308493928	2.840811803	8.768417396	2.545383695	1.746700658	2.255201414	11.41186427	1.27575729	0	4.392984857	2.811200687	5.444692309	0	1.916615819	3.732838473	3.275682852	0	1.893874536	2.192104349	2.545383695	0	5.638003534	6.521065295	3.827271871	0	4.392984857	0.937066896	2.177876924	0	4.791539548	19.59740198	12.01083712	36.63783	7.575498142	24.11314784	15.27230217	13.97360526	28.19001767	13.04213059	10.20605832	9.112882708	18.67018564	11.24480275	17.42301539	19.48688383	7.666463277	3.303519559	0	2.017301961	1.677782253	0.888529426	1.221294708	3.580193922	2.807763184	0.891517405	1.122340863	2.532364556	3.840937131	1.575864884	0	0.975756108	5.229010038	9.910558677	5.998567842	10.08650981	16.77782253	0	3.663884124	4.773591896	5.615526368	3.566069621	5.611704317	1.266182278	4.801171414	7.879324421	0.918043217	2.927268323	8.71501673	4.129399449	0	3.025952942	0	3.554117705	2.442589416	2.386795948	1.871842123	0	0	2.532364556	0.960234283	3.151729768	0	0	0.871501673
3	1882_adultblood_stdseq	2408	1304	307	1415	2527	849	284	1383	1464	676	195	845	684	683	190	918	2667	681	229	1483	925	664	177	962	813	465	119	594	565	746	154	1214	8479	4674	11732	6248	4803	4718	5460	9390	3616	4598	5737	7384	2764	3514	3771	3696	1093	1363	1273	1217	600	642	916	832	467	495	485	637	647	645	461	1158	3787	933	3045	3927	1078	606	1175	1158	1030	529	787	1367	1455	872	1065	2088	298	90	410	302	152	125	265	221	113	42	189	146	280	160	320	399
3	1957_adultblood_stdseq	2651	1435	378	1573	2896	1062	341	1745	1884	805	256	1150	1137	871	224	1454	2425	763	285	1537	1183	1041	249	1390	875	651	160	918	919	1147	206	1925	7816	4252	13452	5270	4510	3919	6540	7332	3322	3717	6879	5079	2862	3295	4693	3470	1186	1300	1254	1201	706	715	1149	1048	505	476	620	716	860	583	613	1348	4712	1486	4070	4987	1494	1155	1760	1684	1570	974	1323	2059	1915	1289	1386	2695	564	262	698	726	346	384	581	881	268	134	406	332	580	417	623	1205
3	2022_adultblood_stdseq	2475	1428	343	1420	2639	1106	463	1556	1557	787	282	1017	871	849	255	1090	3082	770	392	1643	1377	986	470	1357	1004	667	171	840	891	1168	233	1792	10506	5578	14726	7107	5600	4641	6954	9829	3722	4711	6636	6559	3186	3633	4370	3845	1297	1430	1400	1361	782	824	1112	1136	543	506	577	786	830	724	596	1402	5157	1291	3997	5124	1472	772	1662	1594	1371	707	1101	1910	1935	1104	1360	2783	447	128	474	468	207	196	458	367	169	66	245	182	435	252	492	735
3	2129_adultblood_stdseq	4049	2068	445	1973	4507	1675	477	2388	2563	1238	326	1421	1311	1315	359	1308	4067	1155	464	2259	1779	1364	341	1786	1451	930	221	1217	1161	1544	266	2304	12623	7456	18281	9552	7717	7941	8717	15875	5486	8112	8849	12685	3996	5560	5908	6166	1660	2347	1904	1713	1130	1223	1608	1444	813	859	919	1206	1137	1010	794	1962	6779	2400	5721	7700	2258	2381	2711	2602	2139	1614	1971	3388	2613	1988	1909	4356	749	450	1132	909	440	717	1126	930	364	256	771	497	733	651	959	1433
3	2181_adultblood_stdseq	2520	1197	277	1138	2714	1024	343	1356	1548	731	256	863	824	820	233	813	2462	681	231	1388	1231	884	206	1198	918	626	143	805	716	930	165	1465	7866	4729	10919	5786	4877	4971	5269	10078	3497	4822	5581	7658	2575	3331	3593	3983	1007	1347	1204	1079	622	733	997	848	498	491	543	596	668	597	492	1121	4613	1625	4096	5391	1509	1572	1937	1743	1561	1069	1400	2515	1912	1221	1298	2924	538	323	878	631	330	516	759	651	300	191	598	356	569	490	718	1002
3	2133_adultblood_stdseq	2897	1273	301	1454	3152	1055	353	1632	1838	761	174	992	896	775	174	970	2780	645	262	1436	1069	803	187	1057	947	556	142	711	637	889	151	1204	8034	4406	10461	6213	4426	4053	4885	9378	3069	4111	5043	6479	2397	2841	3259	3601	1061	1291	1176	1050	612	676	967	822	500	486	537	654	657	581	506	1113	3722	1296	3393	4141	1286	1249	1607	1447	1183	871	1139	1800	1464	1159	1059	2289	515	235	794	607	270	421	669	513	262	141	452	303	423	349	597	833
3	ARJ_colonies_stdseq	2480	1026	253	1131	2612	1000	307	1597	1497	702	194	991	969	768	194	1010	2007	522	213	1083	805	551	170	738	724	465	144	580	517	629	127	961	5939	3392	7542	4585	3324	3200	3589	7145	3083	3773	4129	5242	1784	2214	2444	2834	817	1012	866	856	509	601	837	717	426	398	438	541	568	492	382	872	2791	1019	2496	3087	1050	1262	1506	1356	931	772	909	1458	1198	991	956	1758	389	193	611	436	201	298	574	465	201	120	366	234	299	282	505	654
4	PD34200a_coloniccryptS nanoseq	14.25349837	6.117189527	0	3.888688817	11.94124645	12.77752716	0	11.29059356	15.08813485	4.289433515	0	4.106378051	9.30850122	4.006295837	0	10.63031599	0.950233225	2.039063176	0	2.916516613	0	7.45355751	0	13.34342876	0	4.289433515	0	2.053189025	0	0	2.411795682	6.764746538	19.0046645	12.23437905	160.6381891	13.61041086	8.955934836	22.36067253	78.28616898	20.52835193	36.21152364	12.86830055	89.86555299	3.079783538	9.30850122	15.02360939	59.08899421	11.59670835	8.467010321	2.892046945	7.318537326	8.666867749	4.655479843	0	10.92132658	5.928662239	1.846104723	0	0	8.99501117	4.417422672	1.847120094	1.010415929	13.63914519	9.407789245	0.964015648	7.318537326	12.51880897	2.793287906	4.108003013	6.55279595	2.964331119	0	4.901638184	2.228579397	13.9922396	3.533938137	0.923560047	3.031247786	8.768021909	0.940778925	2.892046945	5.227526661	2.888955916	0	0	9.829193925	0	0	6.862293457	0	0.999445686	2.650453603	0	3.031247786	1.948449313
4	PD34200aR2_coloniccryptM nanoseq	26.69624448	12.37983028	2.410464568	8.776513643	11.08823532	10.89459629	4.158670959	16.66056789	32.07987469	6.57450589	1.445775284	10.39563818	14.02941426	12.1820083	6.158571288	19.42614075	6.67406112	3.09495757	1.205232284	4.875840913	6.048128355	1.089459629	0	4.165141972	6.110452322	1.095750982	0	3.118691455	2.805882853	1.015167358	0	5.827842226	35.27718021	12.37983028	153.0645001	16.5778591	17.13636367	20.69973295	67.924959	32.27985028	35.13510085	28.48952552	104.0958205	15.59345727	14.02941426	25.37918396	48.03685605	19.42614075	10.1790508	2.891388122	3.113838525	3.7729474	3.703830654	1.039640762	6.603338996	6.84856577	0	2.963685222	1.120429026	4.925380446	9.60417139	1.846806506	2.010654641	18.17989836	19.43273335	6.746572285	17.64508498	25.46739495	8.333618971	6.237844572	6.603338996	8.805298847	6.421108799	2.963685222	8.963432204	4.925380446	8.7310649	13.8510488	8.042618563	13.39571458	2.776104764	0.963796041	6.227677051	8.489131651	1.851915327	3.118922286	3.301669498	0.978366539	0.917301257	1.975790148	1.120429026	0	3.49242596	0.923403253	2.010654641	9.568367558
4	PD34201a_coloniccryptS nanoseq	5.773490642	0	1.236366743	2.964625507	6.141292533	4.355417276	0	3.165465227	3.075173975	2.246029732	3.078426286	5.248617466	8.572051469	3.068426836	2.513615692	4.891464259	0.96224844	2.103401079	0	2.964625507	0	0	0	3.165465227	0	0	0	1.049723493	3.809800653	1.022808945	0	0	14.43372661	3.155101618	42.03646926	3.95283401	5.117743777	5.444271595	26.39865936	13.71701598	18.45104385	5.615074331	32.323476	3.14917048	4.762250816	9.205280508	11.31127061	1.956585704	0.918907713	0.974595604	6.128162846	4.611473382	0	1.052266523	1.098024295	0.949100802	0.926581399	0	0	4.753431376	1.756746245	2.795977223	0	1.869316077	8.270169419	1.949191209	5.106802371	3.689178706	0.929351899	1.052266523	3.294072885	3.796403206	1.853162797	0.985691093	2.231160135	0	6.148611859	3.727969631	0	10.28123842	2.75672314	0	2.042720949	0.922294676	0.929351899	1.052266523	2.19604859	1.898201603	0	0.985691093	0	1.901372551	1.756746245	0	1.999432955	4.673290193
4	PD34201aR2_coloniccryptM nanoseq	11.48268848	5.177978237	4.852678791	5.873278799	10.10682149	9.84267745	0	5.223028182	9.158780139	4.392112277	1.457655825	5.202423168	6.575521794	4.073937717	0	6.827353381	0.956890706	0	1.213169698	0	3.032046447	2.187261656	1.398726595	3.133816909	1.526463356	1.098028069	0	0	2.818080769	0	0	2.926008592	8.612016357	9.320360827	70.36384248	6.852158599	11.11750364	8.749046622	26.57580531	14.62447891	16.79109692	3.294084207	36.44139562	13.52630024	5.636161538	14.25878201	33.4845787	3.901344789	2.776704315	2.897154586	5.167338322	3.749068139	1.850904469	0	0	1.94490608	0.918142793	0.989755207	3.350986108	0.977649748	4.367880388	4.628463531	2.004268224	7.616856355	9.25568105	2.897154586	11.36814431	10.30993738	3.701808938	6.2587382	5.490739549	4.8622652	0	3.959020829	3.350986108	7.821197986	4.367880388	4.628463531	1.002134112	7.616856355	0.925568105	0.965718195	3.100402993	0	0.925452235	1.043123033	1.09814791	2.91735912	1.836285586	0.989755207	0	3.910598993	3.49430431	0	1.002134112	5.712642266
4	PD37449b_coloniccryptS nanoseq	7.71838534	3.133631561	0	14.77794359	7.143282097	4.369634177	4.263520916	4.203366494	7.72747664	7.804125765	1.490728405	7.351221166	5.684205916	6.128838851	0	8.790451516	4.823990837	1.044543854	0	0.985196239	2.040937742	5.462042722	0	5.254208117	4.636485984	0	2.98145681	1.050174452	0	0	0	1.95343367	16.40156885	10.44543854	55.13011152	10.83715863	12.24562645	12.01649399	55.42577191	11.55925786	17.00044861	10.03387598	56.64767939	14.70244233	17.9999854	9.193258277	32.39417632	18.55761987	47.65227513	24.20782819	19.53936896	63.81127118	1.849079675	3.145244212	2.203807977	5.750292633	9.199078272	5.942592389	1.120275093	19.21031768	19.22021484	17.61363493	1.002371075	60.29697294	70.56202279	45.51071699	17.48259328	148.8929661	2.773619512	4.193658949	0	5.750292633	6.43935479	3.96172826	8.96220074	33.61805594	9.61010742	9.270334173	10.02371075	91.38759961	3.665559625	0	0	8.323209285	0	1.048414737	2.203807977	3.833528422	8.279170445	3.96172826	0	11.52619061	7.862815162	4.635167087	1.002371075	96.09830062
4	PD37449bR2_coloniccryptS nanoseq	11.48722601	15.44116049	0	10.76248631	14.08592271	12.93710798	1.364238599	4.150630491	22.89067643	8.719335112	1.423403153	4.150181742	29.11055492	2.024510304	0	20.42262506	3.829075338	2.058821399	2.401112914	7.827262769	0	4.312369326	4.092715796	5.188288113	3.05209019	0	0	1.037545436	7.512401269	1.012255152	1.223090676	6.807541687	12.44449485	7.205874896	152.4706701	12.719302	14.08592271	2.156184663	72.30464573	11.41423385	28.99485681	8.719335112	81.13397975	22.82599958	9.390501587	12.14706182	73.38544058	17.5051072	51.05008682	43.49577419	8.308282789	86.9012882	1.852622407	9.331299193	10.969776	10.73393329	10.11388015	2.95794146	3.350831945	13.7374649	29.8721904	18.52847157	6.038003348	135.1175068	105.8129072	51.22835627	16.61656558	209.6965868	7.410489629	3.110433064	8.775820801	8.782309053	10.11388015	7.887843893	3.350831945	44.15613717	34.26515958	16.67562441	7.044337239	137.0340672	20.42003473	6.766009319	1.038535349	17.94700517	1.852622407	1.036811021	4.3879104	1.951624234	0	4.929902433	3.350831945	10.79372242	20.20765821	11.11708294	4.025335565	140.867188
4	PD37449bR3_coloniccryptM nanoseq	17.07036417	4.066174062	2.359901072	5.826018252	13.88753047	2.130481299	0	6.150829606	19.55595363	6.410117125	0	9.223664372	8.359538728	4.00613278	4.825503646	9.670153593	7.586828521	3.049630546	1.179950536	0.971003042	3.967865847	0	0	1.025138268	3.008608251	2.136705708	0	0	1.857675273	1.001533195	0	5.802092156	17.07036417	5.082717577	79.05668591	15.53604867	10.91163108	8.521925196	51.70893417	8.201106141	22.56456188	16.02529281	56.53865329	19.47218034	13.00372691	12.01839834	34.98490144	12.57119967	49.91983238	41.43053061	5.236252981	48.24901868	0.931234125	1.026220617	3.28067337	7.933191299	7.378312276	2.941762566	0	10.02217606	19.46212493	12.92613982	1.01000208	67.34670495	63.1062032	31.79552349	15.70875894	156.3268205	0	4.104882467	10.9355779	11.89978695	2.766867104	4.902937609	2.227408878	22.04878732	7.961778381	11.07954841	3.030006239	80.03521458	6.593185409	3.854002847	5.236252981	3.859921495	0.931234125	1.026220617	0	3.966595649	3.689156138	0.980587522	1.113704439	13.02882887	11.50034655	5.539774206	3.030006239	71.25086176
4	PD40840b_coloniccryptS nanoseq	26.08836301	14.44923529	0	10.84388839	34.25181184	11.76270973	2.740697063	11.40217054	24.46400438	20.65998707	0	20.75071088	28.44406044	21.26564975	11.00495789	25.41588304	12.56106367	2.064176471	1.20528114	6.900656245	2.014812461	0	0	8.292487667	0	11.96104514	0	5.18767772	7.585082784	4.050599952	0	8.797805667	23.18965601	29.93055883	121.7333952	21.68777677	30.22218692	31.01078019	80.85056335	20.73121917	42.81200767	46.75681284	86.05671377	24.90085306	18.96270696	28.35419967	39.12873915	19.55067926	2.806243591	11.67005452	7.238928685	10.32617114	19.48896003	11.41166906	11.97504608	42.34670818	0	0	3.337284165	2.900474767	3.544479389	8.388825913	8.041977488	12.35487475	24.32077779	12.64255906	12.40959203	30.0397706	5.568274295	6.22454676	2.177281105	27.91033039	5.554801549	5.910025692	5.562140274	9.668249222	10.63343817	5.592550609	8.041977488	7.602999849	8.418730774	0	2.068265338	12.20365681	0.928045716	2.07484892	7.620483869	32.72245632	1.851600516	4.92502141	8.899424439	11.60189907	7.975078625	2.796275304	4.020988744	10.45412479
4	PD40840bR2_coloniccryptS nanoseq	16.36399731	15.39982493	3.581978965	11.78825467	29.06525915	12.80719412	1.345761401	34.09131736	39.59498371	16.18007175	4.215486254	6.199374455	22.63589216	20.19870743	1.214028041	20.4814364	9.625880771	9.239894959	0	8.841191002	3.006750946	6.403597062	4.037284202	8.264561783	12.18307191	6.4720287	4.215486254	3.099687227	9.431621733	3.029806114	0	25.35796887	17.32658539	20.53309991	146.8611376	27.50592756	14.03150442	35.21978384	68.63383144	20.66140446	42.64075168	37.75350075	77.28391466	22.73103967	25.46537868	17.16890131	76.48376658	24.38266238	5.637862845	8.735319825	8.303577174	16.07312237	7.429812788	11.37424528	16.32901587	28.15236548	0.924715166	13.78628906	1.112405863	0	6.205131463	2.792632716	3.018897977	9.567923989	17.85323234	8.735319825	16.60715435	20.80051131	9.287265985	1.034022298	7.620207407	21.35696692	12.02129715	1.969469866	5.562029314	19.52307033	14.18315763	12.10140844	5.031496629	19.13584798	3.75857523	0	0	8.509300079	1.857453197	2.068044596	2.177202116	17.47388202	3.698860663	0	3.337217588	6.833074616	7.978026167	0	9.056693932	11.48150879
4	PD40840bR3_coloniccryptM nanoseq	28.81566822	20.37372565	4.715096231	16.66746651	26.84370971	20.14398608	3.944274669	28.71310289	31.64998652	34.99766682	5.475833613	19.46475352	14.11615835	26.14158881	3.603310125	33.19229593	5.763133643	4.07474513	0	8.823952857	2.982634412	2.120419587	1.314758223	7.178275723	7.535711076	4.242141433	0	7.171224979	7.528617786	3.01633717	1.201103375	21.47736795	27.85514594	16.29898052	120.2349539	21.56966254	22.86686383	30.74608401	68.3674276	31.78950677	43.70712424	13.78695966	93.08917142	20.48921423	22.58585336	24.13069736	51.64744513	22.45361195	13.28915444	8.725960238	3.127116174	13.39381279	14.87932394	13.33481459	15.13464589	33.25077889	2.774933918	10.78363302	1.106115208	7.882967183	13.37646695	2.794038672	6.04437622	17.4243623	15.18760507	9.695511375	18.76269705	17.22061645	5.579746477	12.30905962	9.729415215	21.51520987	5.549867836	6.862311924	4.424460831	7.882967183	8.917644631	5.588077343	2.014792073	11.61624153	1.898450634	2.908653413	5.211860291	5.740205482	0.929957746	10.25754968	6.48627681	25.42706621	2.774933918	2.940990825	7.742806455	7.882967183	4.458822316	1.862692448	3.02218811	8.71218115
4	PD47737b_coloniccryptM nanoseq	13.31342258	2.046520131	2.375385609	4.877526737	4.992733057	6.440921525	4.028191043	6.193746354	6.079186675	3.244611019	2.806744124	2.069355948	11.19672581	8.050773906	3.64521068	12.59608463	3.803835023	1.023260065	0	0.975505347	0.998546611	1.073486921	0	2.064582118	0	0	0	3.104033923	0.933060484	3.019040215	1.215070227	8.720366283	10.46054631	13.30238085	80.76311072	14.63258021	10.98401272	7.514408445	49.68102286	17.548948	13.67817002	8.652296052	54.73151041	7.24274582	6.531423391	12.07616086	41.31238771	8.720366283	2.798151766	6.745573137	5.220908171	4.780915078	0.931360448	4.121815429	1.09845359	4.937245449	4.607860585	2.944888814	2.227975609	8.952966352	2.641262003	0.922891864	5.042896459	6.743482078	24.25064864	5.781919832	6.265089805	22.94839237	4.656802238	5.152269286	3.295360771	4.937245449	5.529432702	0	2.227975609	8.952966352	5.282524006	4.614459318	4.034317167	9.633545826	3.730869021	0	1.044181634	4.780915078	1.862720895	3.091361572	4.393814362	7.899592718	1.843144234	0	0	0.994774039	5.282524006	0	9.077213626	13.48696416
4	PD34200ai22_coloniccrypts_stdseq	25	21	6	13	18	7	1	10	18	11	3	18	24	13	3	23	8	7	3	5	4	1	2	4	4	4	2	4	10	5	2	11	37	28	254	37	21	30	118	31	18	31	143	28	20	30	102	22	7	5	9	13	7	6	5	6	3	3	2	6	8	3	3	14	30	21	22	30	7	4	11	15	12	9	7	16	11	11	15	15	4	2	1	5	3	0	5	2	1	0	4	4	1	3	3	9
4	PD34200at23_coloniccrypts_stdseq	36	32	5	26	29	16	8	15	38	10	9	27	31	37	4	49	10	10	2	18	5	9	2	4	7	4	3	5	9	8	1	13	46	29	338	48	17	28	172	53	35	59	191	44	28	36	105	32	10	13	11	21	8	3	12	22	2	3	4	7	11	11	3	27	40	15	31	44	13	11	17	19	17	6	12	18	14	20	12	30	6	3	5	9	6	1	5	8	3	2	5	2	8	4	2	21
4	PD34200at15_coloniccrypts_stdseq	30	26	3	16	38	17	3	18	31	17	2	23	36	24	8	46	14	7	1	14	4	3	2	11	7	1	1	6	10	2	2	12	38	24	311	30	34	30	128	38	36	41	167	39	31	39	115	38	11	11	4	9	4	11	7	7	3	3	2	3	13	6	6	24	50	16	17	37	13	13	15	13	23	13	13	18	10	22	18	29	6	4	6	9	3	5	4	3	2	3	3	4	4	3	7	10
4	PD34200ai21_coloniccrypts_stdseq	28	17	5	15	11	6	4	13	28	11	1	11	16	11	8	30	8	4	2	7	8	4	2	7	3	4	1	3	3	1	4	10	23	24	242	32	23	28	113	34	26	33	129	20	29	29	85	29	4	8	13	11	1	2	6	6	1	2	4	3	8	4	5	9	34	9	9	23	5	5	11	10	12	3	8	13	14	13	11	12	4	1	3	5	3	1	5	2	2	1	3	0	2	5	6	7
4	PD34200at28_coloniccrypts_stdseq	29	23	4	18	11	13	3	13	25	19	5	21	21	17	5	40	11	6	2	8	5	5	1	6	4	3	2	4	4	8	0	17	49	28	214	29	26	34	136	36	27	34	135	38	23	33	83	27	12	7	8	16	8	5	11	14	5	4	3	7	11	3	4	21	34	14	26	35	12	14	15	14	13	5	8	15	11	15	9	22	5	4	4	6	2	8	4	7	4	3	2	4	7	2	1	9
4	PD34200ac24_coloniccrypts_stdseq	41	25	5	28	26	23	6	20	44	17	8	26	32	33	9	39	11	10	4	12	3	6	4	5	5	0	1	6	14	3	3	12	37	37	362	49	32	44	177	42	34	55	230	42	27	43	137	38	17	10	9	17	6	4	7	12	1	4	5	5	11	6	2	22	36	14	27	34	10	11	18	21	17	15	12	24	29	19	13	24	5	2	5	7	5	2	4	9	4	2	2	6	4	7	7	11
4	PD34200at12_coloniccrypts_stdseq	34	19	3	18	25	13	3	15	41	7	2	26	29	26	5	40	12	4	3	10	5	2	4	2	3	7	3	5	6	4	5	10	31	27	260	32	28	25	147	31	20	30	164	31	31	47	112	17	11	7	4	6	10	7	10	11	2	2	4	6	14	4	2	26	35	16	19	38	6	11	9	15	20	13	7	16	9	14	15	22	2	3	2	2	3	4	0	2	3	1	4	3	3	3	5	13
4	PD34200as18_coloniccrypts_stdseq	28	16	2	9	19	11	1	9	16	11	2	16	18	19	4	16	13	13	0	6	5	2	3	3	0	5	0	4	2	4	3	11	44	23	166	33	20	33	72	29	23	24	112	45	24	25	55	24	12	12	5	12	4	5	6	11	3	3	2	7	11	3	3	10	30	11	18	39	8	13	10	7	12	5	9	13	14	10	7	19	3	3	4	4	1	4	4	3	2	3	3	1	3	4	7	7
4	PD34200ac7_coloniccrypts_stdseq	37	32	6	21	28	14	5	20	47	23	12	20	27	32	7	48	12	2	3	9	4	7	6	8	8	6	2	3	3	7	2	23	42	35	401	46	36	46	202	40	44	45	247	40	43	59	152	36	12	14	7	25	1	6	10	11	3	3	1	8	16	9	6	28	41	20	28	44	12	13	13	13	22	10	11	20	18	12	13	25	8	2	8	11	1	5	3	6	3	4	1	2	5	7	8	18
4	PD34200ac33_coloniccrypts_stdseq	46	33	4	25	33	23	2	26	46	19	7	28	35	27	11	58	10	5	0	12	9	5	3	4	3	5	0	5	7	6	1	13	52	39	427	42	38	42	221	43	24	41	240	38	24	40	161	35	10	9	15	17	11	7	7	17	5	7	0	7	8	6	2	19	44	18	17	48	8	16	14	19	21	9	5	23	20	17	17	31	3	3	7	10	4	3	2	8	4	3	1	8	3	4	10	17
4	PD34201at31_coloniccrypts_stdseq	17	17	5	9	18	11	1	5	14	12	3	9	12	22	6	22	8	8	0	9	5	5	2	6	1	2	1	2	8	1	0	7	33	18	172	18	32	20	91	31	14	21	111	19	19	28	69	16	10	9	10	8	4	4	7	4	5	3	1	7	5	4	4	9	29	9	12	27	8	8	10	6	9	10	5	16	15	8	5	12	5	3	3	2	2	4	2	4	1	2	2	5	4	1	6	10
4	PD34201as45_coloniccrypts_stdseq	16	18	3	13	9	8	2	9	15	7	2	6	15	13	2	19	5	9	2	6	2	6	2	5	7	4	1	3	4	4	2	12	25	12	176	19	15	26	83	32	18	46	98	27	17	26	65	20	12	11	7	7	2	4	4	5	3	4	0	2	14	1	10	9	34	19	17	39	8	9	10	11	11	7	4	21	24	8	5	31	1	1	2	1	2	2	4	7	2	1	1	4	5	2	4	17
4	PD34201at30_coloniccrypts_stdseq	27	11	3	13	10	11	1	3	24	2	4	10	16	12	2	19	5	5	0	5	3	5	0	8	3	6	0	3	10	6	1	10	30	23	165	20	21	17	90	22	16	25	89	21	14	18	58	27	5	7	5	13	5	5	7	6	1	5	3	4	11	0	1	7	14	6	13	17	12	9	9	4	6	11	8	10	11	9	6	13	1	1	4	3	1	1	2	2	0	1	1	2	5	3	4	9
4	PD34201at19_coloniccrypts_stdseq	25	8	2	12	5	11	3	9	19	11	5	8	14	16	4	22	8	7	0	6	3	4	1	1	1	1	0	2	6	4	2	12	33	21	188	35	19	29	109	28	16	26	116	16	17	23	77	33	4	2	3	7	2	5	2	5	1	6	0	2	7	2	2	15	19	7	21	17	5	3	7	12	9	8	8	11	6	8	4	13	2	0	1	8	2	2	2	4	1	1	2	2	0	3	2	7
4	PD34201at32_coloniccrypts_stdseq	18	14	4	13	16	5	1	4	23	7	1	11	9	15	7	17	12	7	0	4	3	6	2	7	5	2	1	1	4	1	1	6	25	17	165	27	18	15	99	26	14	20	121	19	21	21	58	18	5	11	7	5	6	4	6	4	5	4	2	3	5	2	4	8	19	12	7	21	5	5	8	7	10	11	7	21	12	9	4	13	5	1	6	4	2	5	1	1	0	2	2	2	1	0	5	8
4	PD34201as20_coloniccrypts_stdseq	11	8	3	6	9	9	2	9	11	6	1	9	8	13	2	11	5	3	0	3	3	0	1	5	3	4	1	6	1	2	1	13	33	12	98	19	17	17	59	22	14	31	62	27	10	20	35	15	9	6	4	8	5	2	4	13	1	2	2	1	6	3	5	10	32	6	7	26	4	2	4	6	18	5	8	13	9	7	4	24	4	0	1	5	1	3	2	2	0	3	2	0	2	1	4	8
4	PD34201as22_coloniccrypts_stdseq	17	18	2	9	5	2	4	8	11	2	3	7	12	10	1	18	7	4	1	5	6	3	3	2	3	2	2	2	7	3	1	9	30	17	133	17	13	20	66	25	21	25	97	21	20	25	60	10	5	14	5	17	4	6	2	7	1	2	3	6	7	4	3	5	30	8	17	29	5	6	8	6	4	8	9	15	11	6	2	11	5	1	2	2	0	2	2	6	2	1	0	2	4	4	4	11
4	PD34201as44_coloniccrypts_stdseq	24	9	2	8	13	2	2	8	14	12	2	9	9	13	4	23	12	7	0	8	6	3	0	10	3	2	0	2	7	6	4	5	41	26	151	21	14	32	100	46	18	26	116	23	26	32	77	20	8	4	9	14	5	5	6	4	1	1	3	4	9	8	1	12	43	15	9	32	5	6	12	14	11	10	5	12	14	8	4	21	3	4	3	3	0	2	2	5	0	0	3	2	5	2	5	11
4	PD34201ac40_coloniccrypts_stdseq	21	11	3	10	14	6	2	8	9	10	2	11	6	11	3	16	5	6	2	4	0	1	1	4	2	2	0	4	3	4	0	6	22	18	199	18	19	22	100	17	14	26	115	20	20	18	71	25	3	2	3	12	5	4	5	5	3	1	1	1	5	5	4	8	22	15	22	23	9	5	8	5	11	8	5	13	12	8	10	14	0	1	3	2	0	0	2	1	1	0	1	0	6	4	2	11
4	PD34201ac10_coloniccrypts_stdseq	11	13	1	11	11	6	0	8	15	4	7	3	11	17	3	9	5	3	0	5	3	2	1	4	2	2	0	2	8	2	1	9	22	14	157	23	23	20	70	21	21	24	83	20	22	15	56	14	7	3	6	15	2	2	2	6	3	0	3	4	4	2	0	14	19	5	17	19	12	5	4	9	10	5	3	12	11	8	8	14	4	0	4	7	1	1	1	1	1	0	1	1	1	1	1	7
5	PD39461_smoothmuscleU_nanoseq	7.634773991	2.154329481	0	5.81745368	6.416332522	2.410321829	1.591410125	0	1.61611651	2.423880472	0	2.18192931	1.892077183	1.070172152	0	1.937392587	3.817386995	0	0	0	0	0	0	0	1.61611651	0	0	0	0	1.070172152	1.326068743	0	15.26954798	5.385823703	17.92547159	6.787029293	5.346943768	3.615482744	11.13987088	1.104729942	9.69669906	1.211940236	6.603599425	2.18192931	6.622270142	3.210516456	3.97820623	0.968696293	2.584229451	1.967064099	4.073254245	2.594809968	0.901780037	0	2.323173418	0	0.900201763	0	1.194290404	0	1.642408849	0.922784544	0	1.760510687	6.891278536	2.950596149	2.036627122	6.054556592	1.803560073	2.275501701	2.323173418	0	1.800403526	2.130430916	0	0	3.284817697	0.922784544	0.987548678	0	0	0	1.018313561	0.864936656	3.607120146	0	0	0	0.900201763	0	2.388580809	0	0	0.922784544	0	2.64076603
5	PD39462j_smoothmuscleU_nanoseq	12.42431538	7.551633798	1.287895818	8.765998394	11.76249948	1.203660296	3.213866449	3.31965333	3.226807038	1.211776261	0	1.091775361	3.788574391	1.071175617	0	1.947159555	2.867149704	1.078804828	0	2.921999465	0	2.407320592	0	6.63930666	0	1.211776261	0	2.183550723	1.894287196	1.071175617	0	3.89431911	22.93719763	6.47282897	19.31843727	8.765998394	13.90113574	1.203660296	4.820799674	8.85240888	8.067017595	2.423552523	10.02541808	9.825978252	0.947143598	3.213526851	5.335429759	9.735797775	4.295033987	0.979511289	1.014942451	1.730514187	1.805977368	6.792249399	2.320027337	0.943623085	1.79623443	0	2.371795709	3.796256968	0.82246863	2.768468767	0.986630892	5.296804207	11.16708837	0	11.16436696	8.652570936	1.805977368	5.660207832	6.96008201	6.605361592	0	2.114675958	5.929489273	3.796256968	4.934811779	4.614114611	3.946523567	5.296804207	3.436027189	0	5.074712256	2.595771281	0.902988684	2.264083133	4.640054674	3.774492338	4.490586074	0	2.371795709	0	1.64493726	0.922822922	3.946523567	3.531202804
5	PD40794D1_smoothmuscleU_nanoseq	5.724121527	0	0	2.921011843	4.294039219	1.215204947	0	4.449343198	8.069815429	2.438486049	0	1.095927778	3.784373906	0	0	1.946754113	3.816081018	0	1.290952363	0.973670614	2.147019609	0	0	2.224671599	1.613963086	0	3.337003042	2.191855557	0.946093477	2.152082685	0	1.946754113	14.31030382	5.413616827	20.65523781	8.76303553	5.367549023	3.645614841	6.454526905	6.674014796	8.069815429	2.438486049	6.674006083	3.287783335	10.40702824	7.532289396	6.668731245	4.866885283	0.855239794	1.955596422	0	1.724477924	0.902574047	1.133709474	4.656225476	0.946264791	1.792829771	1.058608329	1.188124592	0.949496086	2.456020759	0.921805608	1.971589468	0	12.82859691	4.888991054	8.1181746	8.622389621	3.61029619	6.802256841	2.328112738	3.785059164	1.792829771	4.234433316	5.940622961	6.646472604	2.456020759	1.843611216	4.92897367	5.276054491	0.855239794	0.977798211	3.044315475	1.724477924	0	1.133709474	0	2.838794373	0	2.117216658	2.376249184	0	0.818673586	0.921805608	0	2.638027245
5	PD40842_smoothmuscleU_nanoseq	4.776575245	1.076860195	2.554903495	1.94502599	5.337929812	3.609223329	1.574142106	2.208124631	4.825793272	1.202943888	0	2.175401193	1.896043884	0	0	0	2.865945147	2.15372039	0	0.972512995	2.135171925	0	0	2.208124631	0	0	0	0	2.844065826	0	0	2.917025443	11.46378059	3.230580584	12.77451748	5.835077969	4.27034385	3.609223329	4.722426319	6.624373893	9.651586545	3.608831663	3.246474826	5.438502981	6.636153594	0	5.274807223	3.889367257	0.856840344	1.967074738	1.019132717	1.731912178	0.903356966	1.129821039	1.157665274	0	0.899166615	1.060465263	2.375292711	0	0	0	1.978609704	1.766190728	4.284201719	0.983537369	4.076530866	6.927648711	1.806713933	1.129821039	0	1.894827126	0	1.060465263	2.375292711	1.906931725	0	0.926189774	1.978609704	3.532381455	0.856840344	0	1.019132717	0.865956089	0	0	0	0	0.899166615	0	1.187646355	0	0	0	0.989304852	0.883095364
5	PD40843_smoothmuscleU_nanoseq	12.35029775	4.318842663	1.287711935	4.833323678	11.82563486	8.52776059	0	4.442454168	8.062825192	1.221899748	0	3.275790407	1.891364976	5.382395848	0	5.81944128	6.65016033	3.239131997	0	3.866658942	2.150115429	2.436503026	0	4.442454168	3.225130077	0	0	3.275790407	0.945682488	5.382395848	0	8.72916192	19.95048099	9.717395992	38.63135805	10.63331209	12.90069257	10.96426362	6.483420179	16.65920313	17.73821542	8.553298236	11.77336707	6.551580813	12.29387235	6.458875017	13.42046051	15.51851008	3.412764877	0	8.119125316	0.859198658	5.38949742	1.155049648	1.167142486	2.827348655	3.588238261	3.234320595	0	2.862631537	2.440758102	1.846189449	1.9665357	3.508156757	14.50425073	3.952900021	13.19357864	12.88797987	3.59299828	2.310099297	3.501427457	4.712247758	0.897059565	3.234320595	7.243005956	8.587894611	4.06793017	3.692378898	3.933071401	7.016313514	1.706382438	0.988225005	3.044671993	6.873589264	0.89824957	3.465148945	1.167142486	1.884899103	0.897059565	0	2.414335319	1.908421025	1.627172068	1.846189449	0.98326785	7.016313514
5	PD41525_smoothmuscleU_nanoseq	11.48622891	5.384525557	1.279358671	5.84625852	7.463785107	0	1.575172487	8.814217169	6.41993399	0	0	4.35307984	1.896616466	2.13533224	0	1.944797889	5.743114456	0	0	4.8718821	1.066255015	1.194971737	0	2.203554292	8.024917487	0	1.630417902	0	1.896616466	1.06766612	0	5.834393666	15.31497188	4.307620445	20.46973874	7.795011361	9.596295137	5.974858683	7.875862433	5.50888573	9.629900984	4.813051694	6.521671609	4.35307984	7.586465865	2.13533224	10.54111891	4.861994722	1.725336477	2.938115298	4.069954676	2.609378557	3.617816114	0	2.30810434	0.945739267	0	1.051641704	1.180257973	1.901153271	1.653886043	0	3.95950856	4.433306923	9.489350623	1.958743532	11.19237536	18.2656499	1.808908057	0	3.462156509	2.837217801	2.699789152	1.051641704	2.360515946	4.752883177	1.653886043	0.923963069	2.96963142	3.546645538	2.588004715	0	1.017488669	1.739585705	0	1.1212584	1.15405217	1.891478534	0	0	1.180257973	0	0.826943021	0.923963069	0.98987714	0.886661385
5	PD42031_smoothmuscleU_nanoseq	11.3602622	2.181231012	0	7.677377536	6.55365505	2.478506428	0	5.597623187	11.47213799	2.545614413	0	3.31360442	2.836965076	1.075520407	0	0.959788415	4.733442583	2.181231012	0	5.758033152	3.276827525	2.478506428	0	6.717147824	1.638876856	3.81842162	0	1.104534807	0.945655025	1.075520407	0	2.879365246	17.0403933	8.724924046	39.70025076	16.31442726	12.01503426	12.39253214	19.134818	14.55382029	6.555507423	10.18245765	27.39611659	15.46348729	4.728275126	9.679683661	16.62737291	9.597884154	6.678407939	5.955281007	2.02611065	2.547007819	0	1.179590375	3.563037373	1.861516118	0.897627991	0	1.238245937	0.949022007	2.40830941	0	0.976876051	0	11.68721389	2.977640503	8.1044426	9.33902867	3.579205281	4.718361498	3.563037373	4.653790296	2.692883973	4.374337128	2.476491874	4.745110037	4.013849017	1.825792577	1.953752103	7.83448528	0.834800992	0.992546834	2.02611065	3.396010425	0.89480132	0	1.187679124	1.861516118	0	1.093584282	2.476491874	1.898044015	0.802769803	0.912896288	0	2.611495093
5	PD34200aR2_smoothmuscleC_nanoseq	11.39977763	1.004732021	0	7.771556019	6.8564022	2.081035097	1.263279648	6.059348468	8.835711571	1.038660693	0	3.02500824	1.859835357	0	1.176341046	3.869956575	4.749907347	3.014196064	0	2.914333507	0	3.121552645	0	3.029674234	1.472618595	3.11598208	0	4.033344319	0.929917679	0.991671543	0	2.902467431	17.09966645	10.04732021	26.48270593	5.828667014	6.8564022	3.121552645	16.42263542	8.07913129	11.78094876	3.11598208	18.28952236	6.050016479	12.08892982	3.966686174	5.881705232	5.804934862	2.905914106	0	5.268278074	1.963313737	2.815161476	1.014830956	2.153804641	1.990591169	0	1.950174284	2.20658907	1.008764299	2.701644652	0	0	3.951085458	10.65501839	4.848740821	14.75117861	10.79822555	4.691935793	6.088985734	3.230706962	6.967069091	1.863694847	1.950174284	4.41317814	8.07011439	2.701644652	0.92874599	1.012767971	5.926628187	0	0.969748164	3.160966844	1.963313737	1.876774317	0	0	1.990591169	2.79554227	0	2.20658907	0	1.801096435	0.92874599	3.038303914	0.987771364
5	PD34200a_smoothmuscleC_nanoseq	8.567865713	1.992260393	0	7.787768047	4.84377262	2.033958251	1.216237833	3.989875925	10.18359193	6.100289389	3.779650623	0.99777912	1.860974676	0.980800795	1.153211907	4.841678122	3.807940317	0.996130196	0	5.840826035	4.84377262	1.016979125	2.432475667	2.992406944	2.909597695	5.083574491	0	0.99777912	2.791462014	0	2.306423815	2.905006873	25.70359714	9.961301963	28.24346739	17.52247811	9.687545241	8.135833004	9.729902667	12.96709676	4.364396542	9.150434084	15.11860249	4.988895599	12.09633539	10.78880874	9.225695259	4.841678122	2.959823718	0.971645811	7.410455806	2.992564595	0.943660306	2.004477869	4.256582078	2.99808166	2.814763598	0.966381195	1.09351921	2.032600314	1.827632651	1.861070767	3.050623898	3.007209472	19.73215812	4.858229057	10.58636544	11.97025838	0.943660306	2.004477869	2.128291039	4.996802767	1.876509066	1.93276239	2.187038419	4.065200629	2.741448977	3.722141535	4.067498531	5.012015786	3.946431624	0.971645811	2.117273087	3.990086127	0	1.002238935	2.128291039	0	0.938254533	0	3.280557629	1.016300157	2.741448977	0	3.050623898	7.016822101
5	PD40840bR2_smoothmuscleC_nanoseq	4.951591238	3.855722939	1.031659632	5.036648362	4.651442223	4.497207743	0.999807689	3.771201312	9.904460422	1.829332354	0	0.957346715	0.963976063	0.942561094	0	1.980031139	3.961272991	2.891792204	0	4.02931869	0.930288445	1.798883097	1.999615378	4.71400164	4.244768752	0	0	0.957346715	2.89192819	0.942561094	2.066105582	11.88018683	14.85477372	3.855722939	29.91812933	3.021989017	9.302884447	1.798883097	11.99769227	12.25640426	21.22384376	3.658664708	13.50781151	3.829386862	5.78385638	10.36817203	12.39663349	6.930108986	2.147991468	4.025934771	5.424216899	3.136715151	0.974673971	1.913743721	3.995400265	1.977975021	1.964823893	3.747203555	3.139852369	2.014805832	1.969813909	0.966813643	4.164900623	1.033144351	12.88794881	2.012967386	8.678747039	9.410145453	4.873369856	3.827487441	2.996550199	0.988987511	3.929647787	1.873601778	5.233087281	1.007402916	2.954720863	2.90044093	1.041225156	6.198866108	1.073995734	2.012967386	2.16968676	0	0	0.95687186	0.998850066	1.977975021	0	0	2.093234912	0	2.954720863	0	2.082450311	4.132577406
5	PD40840b_smoothmuscleC_nanoseq	2.901149551	2.07712473	1.21774689	0.989556018	4.04581914	1.069786493	1.41258951	3.124788428	4.577779543	1.098629176	0	1.040827689	3.806211371	3.042845325	0	1.955444962	3.868199402	0	0	4.94778009	2.02290957	0	0	2.083192285	1.525926514	2.197258352	0	1.040827689	0.951552843	1.014281775	0	2.933167443	7.736398803	2.07712473	20.70169712	3.958224072	6.06872871	3.20935948	11.30071608	12.49915371	13.73333863	5.49314588	4.438806362	5.204138446	4.757764214	12.1713813	6.178226554	4.888612406	4.674460353	1.951321831	1.026710817	1.865684339	0.930771056	1.041582702	2.175259711	1.905765429	0	1.966418565	1.108900918	0	0.890528874	0	2.005256228	0	21.50251762	0.975660916	7.186975719	8.395579526	3.723084224	1.041582702	4.350519423	3.811530857	0.930577198	0	1.108900918	6.695346575	5.343173245	2.803175765	6.015768683	1.887878697	0	0	1.026710817	0	0.930771056	2.083165403	1.087629856	0.952882714	0.930577198	0	1.108900918	0	1.781057748	0	0	2.831818045
5	PD47737b_smoothmuscleC_nanoseq	3.829058685	2.108083584	0	6.882138925	5.148120559	3.338658307	2.985145853	4.255894258	4.672280615	1.142826437	1.570787528	4.24717719	2.836506095	3.087328413	0	2.920679322	5.743588027	0	0	3.932650814	1.029624112	2.225772205	0	2.127947129	3.114853743	0	1.570787528	3.185382893	0.945502032	0	0	0	9.572646711	12.6485015	28.74360495	7.865301628	5.148120559	5.564430512	16.41830219	6.383841387	1.557426872	3.42847931	12.56630022	4.24717719	1.891004063	4.116437885	10.20445843	6.814918419	1.805951965	2.900668053	8.178880689	2.751100281	1.84709791	1.059502785	3.351934833	1.914314721	1.836055689	1.98268994	5.633234172	1.912674865	5.192428476	0.923504142	2.997414308	2.789456126	10.83571179	0.966889351	10.22360086	7.336267417	0.923548955	2.119005569	1.117311611	3.828629442	1.836055689	3.96537988	2.253293669	4.781687164	4.32702373	1.847008285	1.998276205	3.719274835	0.902975983	1.933778702	1.022360086	1.834066854	0	1.059502785	1.117311611	2.871472081	1.836055689	0.99134497	1.126646834	0.956337433	2.596214238	0	1.998276205	1.859637418
6	PD43272_neuronsFC_nanoseq	12.3413855	6.120042274	1.168916075	5.862362599	10.07245797	8.75919418	1.306433419	6.301440149	7.670542122	6.569059004	1.340746033	1.043424555	3.767694489	6.135012428	3.613858112	4.866893564	6.645361424	3.060021137	2.337832149	1.954120866	7.050720582	7.664294908	2.612866839	6.301440149	6.136433697	3.284529502	1.340746033	5.217122775	6.593465355	4.090008285	2.409238741	10.70716584	45.56819262	10.20007046	31.56073402	13.67884606	24.17389914	13.13879127	18.29006787	28.35648067	19.94340952	10.94843167	28.15566669	13.56451922	10.36115984	8.18001657	14.45543245	5.840272277	6.48488247	0.962976654	11.49316689	5.701474785	4.611415896	6.222924413	5.551965317	1.992438687	7.261364856	2.949399124	4.484702884	6.920570829	5.247391986	0.913222297	5.015923623	4.732503547	38.90929482	9.62976654	25.07600049	39.91032349	11.06739815	3.111462207	9.993537571	10.95841278	7.261364856	0.983133041	10.09058149	6.920570829	13.11847996	4.566111484	9.028662521	12.30450922	0	1.925953308	3.134500062	4.751228987	2.766849538	4.148616275	4.441572254	6.973535404	1.815341214	1.966266083	4.484702884	3.954611902	0.874565331	3.652889187	3.009554174	12.30450922
6	PD43273_neuronsFC_nanoseq	9.525024709	11.19166243	1.16238153	5.871131019	8.044392039	3.257808118	3.866478337	2.094894636	7.629915342	6.528357674	1.320776729	2.080626424	1.894368643	4.082259613	2.394004989	3.904417292	3.810009884	4.069695428	1.16238153	2.935565509	8.044392039	4.343744157	1.288826112	7.332131226	1.525983068	4.352238449	0	3.120939636	6.630290249	4.082259613	2.394004989	15.61766917	33.33758648	9.156814714	30.22191979	12.72078387	17.09433308	11.94529643	28.35417447	14.66426245	9.15589841	7.616417286	15.84932075	5.201566061	17.99650211	8.164519227	23.94004989	12.6893562	7.460019962	2.898683576	8.343115685	6.655181216	2.775742405	6.210481615	4.417428605	4.956361459	1.822736503	2.947113699	4.450361356	0.983451095	1.763509961	7.343447004	3.015106639	5.680282952	47.55762726	8.696050728	30.24379436	43.73404799	10.17772215	8.280642154	8.834857211	12.88653979	6.379577761	4.911856165	17.80144542	18.68557081	13.22632471	5.507585253	10.05035546	18.93427651	2.797507486	0	4.171557843	1.901480348	2.775742405	3.105240808	3.313071454	7.930178334	0.911368252	2.947113699	5.562951695	2.950353286	3.527019923	1.835861751	4.020142186	8.520424427
6	PD43274_neuronsFC_nanoseq	1.903112938	4.05722049	2.318903475	1.956515413	8.006421065	1.081190691	6.409565535	9.391414591	3.059658329	1.081106894	1.313266179	2.076363751	2.833078231	4.071015699	1.19203945	6.822159383	9.515564692	0	0	7.826061653	2.001605266	5.405953455	1.281913107	3.13047153	3.059658329	4.324427574	2.626532359	2.076363751	4.721797052	2.035507849	3.576118349	4.872970988	25.69202467	6.085830735	18.5512278	14.6738656	17.01364476	6.487144146	20.51060971	9.391414591	4.589487494	4.324427574	17.07246033	2.076363751	6.610515873	9.159785322	13.11243395	12.66972457	5.608035171	3.858399019	6.28358146	0	4.62403775	2.062983212	5.522031194	2.98924843	0.910471013	0.980132843	4.461576957	0.988862547	0.882907767	3.666843628	3.01285415	3.801796006	20.56279563	0.964599755	19.89800796	38.2358382	3.6992302	5.157458029	1.104406239	5.978496859	6.373297094	2.94039853	17.84630783	7.910900374	5.297446599	2.750132721	5.021423584	13.30628602	3.738690114	0.964599755	3.14179073	0.955895955	1.8496151	5.157458029	1.104406239	4.982080716	2.73141304	0.980132843	6.692365436	2.96658764	2.6487233	1.833421814	4.017138867	10.45493902
6	PD43275_neuronsFC_nanoseq	4.798027434	5.038587038	1.138529008	2.959525534	3.967069068	4.212443556	2.457675675	1.031234296	3.039569476	1.060501941	2.527158506	3.093180642	1.899398498	2.01715841	0	1.953950279	2.87881646	4.03086963	1.138529008	2.959525534	0.991767267	1.053110889	1.228837837	6.187405777	1.519784738	1.060501941	1.263579253	1.031060214	3.798796996	5.042896024	2.334039702	5.861850838	23.03053168	9.069456668	25.04763818	12.82461065	7.934138136	3.159332667	14.74605405	7.218640073	3.039569476	3.181505823	13.89937178	6.186361284	3.798796996	5.042896024	12.83721836	4.884875699	2.834529912	2.918276755	4.205152253	0.961323016	2.791188483	3.078708359	4.372174971	2.9803012	1.837480263	0.9784901	2.21323529	1.971005301	5.36687436	2.777115986	1.010615938	0	25.51076921	1.945517837	14.71803289	22.11042936	2.791188483	4.104944478	5.465218713	6.954036133	7.34992105	0.9784901	9.959558807	4.927513252	8.05031154	4.628526643	1.010615938	11.44645602	2.834529912	1.945517837	2.102576126	3.845292062	1.860792322	2.052472239	1.093043743	0	0.918740131	1.9569802	3.319852936	0	4.4723953	3.702821314	2.021231876	2.861614004
6	PD43276_neuronsFC_nanoseq	9.507665142	5.138944965	2.363745548	1.954984991	5.076667226	0	1.326689677	2.115609797	1.546515231	3.33506605	2.726108719	2.103538049	2.828462677	1.026906166	0	2.921227135	2.852299542	3.083366979	0	3.909969982	1.015333445	0	2.653379354	5.289024493	3.093030463	0	1.36305436	1.051769025	0	5.134530828	1.218074298	4.868711891	20.91686331	6.166733958	24.81932826	7.819939964	9.138001006	9.936662299	15.92027613	6.346829392	7.732576156	1.111688683	6.815271798	11.56945927	7.542567137	6.161436993	12.18074298	9.737423782	4.574175282	0.962333817	12.48400071	0.939796226	0.920425334	3.141576168	4.474021175	5.938155731	1.810316253	1.978100895	2.249509399	1.963570852	3.471449903	1.824912247	1.003080781	3.761530031	16.46703102	7.698670537	18.72600107	19.73572074	1.840850669	1.047192056	7.829537056	6.927848353	7.241265013	0.989050448	8.998037597	5.890712557	10.41434971	3.649824493	6.018484687	13.16535511	1.829670113	0.962333817	2.080666785	1.879592451	0	0	4.474021175	0.989692622	0.905158127	0	2.249509399	0.981785426	0.867862476	0.912456123	4.012323125	2.821147524
6	PD43277_neuronsFC_nanoseq	12.41330311	5.055948751	5.756624058	11.78034497	6.967991922	4.256347918	3.735392954	5.184832259	1.524755472	8.577132705	3.827580306	2.068384794	9.458451684	5.052515395	4.716644695	7.792306195	8.593825233	2.0223795	3.453974435	3.926781657	4.977137087	5.320434898	3.735392954	3.110899355	0	3.216424764	1.275860102	3.102577191	3.783380673	4.042012316	1.179161174	3.896153097	37.23990934	10.1118975	34.53974435	8.835258729	16.9222661	4.256347918	32.3734056	17.62842968	7.62377736	8.577132705	6.379300509	3.102577191	6.620916178	6.063018474	17.68741761	7.792306195	3.762284743	2.901067719	9.436661795	1.92357972	7.429456795	3.083242431	6.58798135	2.98381257	1.833662543	0	6.657836503	3.955243211	2.67190761	4.595672996	3.023320978	5.730486399	31.97942032	5.802135437	28.30998538	29.81548567	10.21550309	11.30522225	10.97996892	4.973020951	6.417818901	11.73216547	17.75423067	12.85454043	8.906358701	5.514807595	13.10105757	10.50589173	2.821713558	3.868090291	7.33962584	1.92357972	0	2.055494954	5.489984458	9.946041901	0.916831272	0.977680456	5.548197086	2.966432408	0.89063587	2.757403798	6.046641956	5.730486399
6	PD43279_neuronsFC_nanoseq	10.49375395	11.25470983	9.392066884	9.798855762	10.09757324	3.286994548	3.926780875	9.483422605	9.258537805	8.778959381	4.025189945	6.277157052	9.476599426	8.203635821	2.414297956	5.858964292	6.677843424	6.138932634	4.696033442	9.798855762	2.019514648	4.382659398	6.544634791	4.214854491	3.086179268	6.584219536	2.683459963	4.184771368	5.685959656	7.178181344	4.828595912	9.764940487	41.02103818	19.43995334	36.39425918	20.5775971	32.31223437	9.860983645	43.19458962	21.07427245	15.43089634	13.16843907	21.46767971	18.83147115	17.05787897	4.101817911	16.90008569	11.71792858	10.15970814	3.863652455	15.61982583	3.767921661	0	4.168812826	9.991642559	8.889888282	5.454670825	3.947085739	11.17744914	3.912968619	6.133529413	3.673514863	6.022734467	8.454676663	43.40966206	14.48869671	62.47930333	62.17070741	11.07687106	8.337625651	17.7629201	19.75530729	13.63667706	2.960314304	17.88391862	14.67363232	15.77193278	7.347029725	8.030312623	19.72757888	3.694439324	3.863652455	9.3718955	5.651882492	2.769217765	5.211016032	11.10182507	5.926592188	0.909111804	0.986771435	2.235489827	7.825937238	3.50487395	5.510272294	4.015156311	15.03053629
6	PD43280_neuronsFC_nanoseq	12.26944847	3.068094469	3.525853979	4.868002852	12.1393175	2.223125011	5.326101244	5.299136284	7.735884024	2.22302726	1.364002597	4.209609908	4.700305807	1.027713875	2.427230565	4.865319115	5.662822372	2.045396313	3.525853979	3.894402282	2.023219584	3.334687517	5.326101244	7.418790798	1.547176805	4.44605452	0	4.209609908	3.760244646	2.05542775	3.640845848	7.784510584	26.4265044	11.24967972	25.85626251	8.762405134	13.1509273	2.223125011	25.29898091	18.01706337	12.37741444	4.44605452	12.27602337	4.209609908	5.640366969	10.27713875	12.13615283	5.838382938	6.41803109	5.749820871	9.364979511	4.728802235	4.597550987	5.232622319	6.731013648	2.993477199	2.705891321	0.987370942	6.752351968	0	3.473966811	2.727697028	0.998538035	7.534328992	32.09015545	9.583034786	13.52719263	29.31857386	2.758530592	6.279146782	6.731013648	4.989128664	12.62749283	1.974741885	7.877743963	8.88301124	7.816425325	5.455394056	8.986842312	7.534328992	2.750584753	0	2.081106558	5.674562682	5.517061185	2.093048927	8.974684864	6.98478013	4.509818869	4.936854712	1.125391995	0.987001249	3.473966811	1.818464685	2.995614104	8.476120116
6	PD43281_neuronsFC-AD_nanoseqv	10.29961233	4.050592588	1.146229065	4.85025135	7.970091424	2.175137132	2.565010253	5.23022259	4.536763474	2.166696909	0	2.076516294	4.645199642	1.012563557	3.544774263	1.942669063	4.681641967	4.050592588	0	1.94010054	1.992522856	2.175137132	2.565010253	2.092089036	0	2.166696909	0	0	4.645199642	1.012563557	1.181591421	3.885338126	19.66289626	8.101185176	18.33966503	5.82030162	5.977568568	10.87568566	21.80258715	7.322311626	9.073526949	4.333393818	19.64851196	7.267807029	11.14847914	10.12563557	12.99750563	11.65601438	2.7809714	1.918273619	5.234706051	1.938228938	1.853343975	2.059302898	6.639324271	2.027054081	0.90712149	0	1.115149116	4.048205859	7.863540142	0.914674974	2.011294854	4.831331628	26.88272353	12.46877852	19.891883	25.19697619	3.70668795	8.237211591	9.958986406	5.067635201	6.349850431	5.855437544	8.921192926	7.084360253	4.368633412	2.744024921	5.028237136	7.730130605	4.634952333	1.918273619	4.187764841	3.876457876	1.853343975	1.029651449	2.21310809	3.040581121	1.81424298	1.951812515	3.345447347	5.060257324	4.368633412	1.829349947	2.011294854	3.865065302
6	PD43282_neuronsFC-AD_nanoseqv	6.574054287	4.113736894	1.182071873	2.916885749	6.074057949	3.357976719	0	5.348414908	6.160786616	1.119225147	1.391613219	3.176271531	5.607000671	4.128131546	2.43679285	2.926593311	5.634903675	4.113736894	1.182071873	3.889180998	3.037028975	0	2.717899991	9.627146834	1.540196654	5.596125737	0	2.117514354	5.607000671	7.224230206	1.218396425	10.73084214	32.87027144	8.227473789	16.54900622	9.722952495	18.22217385	6.715953438	19.02529994	9.627146834	7.70098327	1.119225147	16.69935863	6.352543063	12.14850145	5.160164433	9.747171399	6.828717725	1.810725952	2.871546038	10.30391948	4.706291374	0.923414868	5.247427863	2.239702305	5.980114826	1.804390055	0	6.697195679	2.960884385	1.733587547	6.430193523	4.991840528	7.553556396	30.78234118	7.6574561	26.79019065	34.82655617	6.463904074	7.346399009	11.19851153	8.970172239	4.510975137	3.947914053	16.7429892	12.830499	10.40152528	4.592995373	2.995104317	10.38614004	1.810725952	2.871546038	10.30391948	7.530066199	3.693659471	3.148456718	4.47940461	2.990057413	0.902195027	1.973957027	3.34859784	0.986961462	3.467175094	5.511594448	2.995104317	6.609361847
6	PD43283_neuronsFC-AD_nanoseqv	10.45712502	5.118129678	0	7.828910112	14.17624491	9.905335228	2.6337113	7.429347627	7.693074822	4.41525315	0	2.102052791	0	4.118885398	4.848319207	7.824946004	4.753238644	2.047251871	0	11.74336517	4.05035569	4.402371212	2.6337113	5.306676876	3.077229929	3.311439862	0	3.153079187	2.841140106	8.237770795	1.212079802	15.64989201	32.32202278	4.094503742	21.18778371	13.7005927	11.13847815	11.00592803	19.75283475	11.67468913	3.077229929	5.519066437	6.731905834	4.204105582	6.629326914	10.29721349	13.33287782	14.67177376	8.258714652	0.963140721	24.84256078	6.57511448	2.770297293	2.092966015	3.337512834	0	0.907468929	2.962470527	3.339331299	3.904568215	2.630776077	1.840564585	2.000705123	8.457305792	44.9641131	11.55768865	32.08830767	36.63278068	9.234324311	7.325381051	11.12504278	17.77744404	3.629875715	0.987490176	14.47043563	2.928426161	12.27695503	6.441976047	6.00211537	7.517605149	2.752904884	0	3.105320097	3.757208274	1.846864862	7.325381051	5.56252139	4.9381789	2.722406786	3.949960702	1.113110433	4.880710269	1.753850718	5.521693754	6.00211537	10.33670708
6	PD43284_neuronsFC-AD_nanoseqv	13.19405246	13.38999054	0	4.857210371	14.27416852	7.870100628	8.227223669	3.201367651	17.03870896	1.129647419	1.407971817	6.344706793	3.7542198	6.198453673	0	5.827087927	5.654593911	3.089997818	1.190360982	5.828652445	3.058750396	6.745800539	4.113611834	8.536980402	4.646920626	2.259294839	2.815943634	2.114902264	3.7542198	8.264604897	3.692517296	5.827087927	36.75486042	15.44998909	32.13974652	12.62874696	24.47000317	11.2430009	23.31046706	12.8054706	20.13665605	6.777884517	23.93552089	5.28725566	9.3855495	15.49613418	18.46258648	16.51008246	3.628003272	7.660672142	11.41081794	5.62467938	4.586574185	4.218585114	9.03151251	6.949387393	1.798060443	4.959732669	2.260240786	3.931326067	4.311448891	3.632557223	2.997499101	6.56257672	51.69904663	16.2789283	53.94204845	45.9348816	9.173148369	9.491816507	14.67620783	14.89154441	6.293211552	2.975839602	15.8216855	20.63946185	18.97037512	2.724417918	1.998332734	21.56275208	0.907000818	2.872752053	7.261429599	5.62467938	0	3.163938836	2.257878127	6.949387393	1.798060443	1.983893068	3.390361179	3.931326067	5.173738669	2.724417918	7.993330935	9.3751096
6	PD43285_neuronsFC-AD_nanoseqv	9.470977175	2.03125681	1.156120673	6.830760539	8.020239028	5.416380838	6.375362301	6.283979221	3.044913533	0	1.304990035	5.200668697	3.769018704	3.052486467	3.571411106	5.840085953	2.841293152	4.062513619	1.156120673	2.927468802	1.002529879	4.33310467	1.27507246	6.283979221	1.522456767	1.090026353	1.304990035	1.040133739	5.653528056	5.087477445	4.761881475	5.840085953	31.25422468	5.078142024	25.43465481	6.830760539	16.04047806	8.666209341	36.97710134	13.61528831	12.17965413	4.360105412	6.524950175	4.160534958	18.84509352	11.19245038	9.523762949	6.813433612	5.580905335	1.926633058	10.44770955	7.66032267	0.925140501	3.109640102	7.759805908	0.998201351	1.819185978	1.963532881	6.688787579	1.982005805	0.880935567	3.657296	8.035846905	3.807440106	35.34573379	15.41306446	31.34312864	38.30161335	8.326264506	7.255826905	12.19398071	9.982013507	5.457557935	7.854131522	13.37757516	11.89203483	14.09496907	5.485944	13.05825122	26.65208074	1.860301778	0.963316529	4.179083818	4.787701669	2.775421502	5.182733503	8.86834961	5.989208104	0.909592989	0.98176644	1.11479793	0.991002903	6.166548969	3.657296	3.013442589	8.566740238
6	PD43287_neuronsFC-AD_nanoseqv	8.470530481	6.166333975	3.535788808	1.948193553	1.013677248	3.352018261	4.040535323	1.069104429	1.539948074	2.234058908	1.372271166	3.171924147	4.694249427	3.095486226	1.216575929	3.913576223	1.882340107	1.027722329	4.714385077	2.922290329	6.082063486	3.352018261	2.693690216	4.276417716	0	0	0	6.343848294	7.510799084	8.254629935	1.216575929	10.76233461	24.47042139	6.166333975	7.071577615	16.5596452	8.109417982	4.469357681	18.85583151	6.414626573	12.3195846	4.468117815	15.09498283	9.515772441	15.02159817	10.31828742	14.59891115	10.76233461	2.712135413	0	11.34643554	3.766888502	2.760114512	1.049580159	3.354615216	1.992162443	0.900211671	0	6.699944923	2.96281256	4.326757841	2.755118305	0	7.549815956	33.44967009	11.50440315	31.97631834	33.90199652	6.440267195	6.297480953	14.53666594	5.976487329	9.902328385	3.952885332	11.16657487	5.925625119	9.518867249	2.755118305	2.995416874	10.38099694	1.808090275	2.876100788	4.12597656	4.708610628	1.840076341	4.198320635	5.591025361	1.992162443	0.900211671	0	4.466629948	0	5.192109409	3.673491073	9.984722913	7.549815956
6	PD43288_neuronsFC-AD_nanoseqv	13.34173006	6.112124568	1.169918137	3.915068173	15.0833328	1.093095011	7.86519164	6.30532355	3.067764369	3.28930862	2.688249655	6.265944012	5.685589686	2.044570402	3.616320566	6.840130282	0.952980719	6.112124568	2.339836275	1.957534087	6.033333118	3.279285033	5.243461094	7.356210809	1.533882184	4.385744827	0	3.132972006	8.528384529	8.178281607	3.616320566	14.65742203	31.44836372	8.149499424	31.58778971	12.72397156	18.09999935	4.372380044	30.14990129	22.06863243	13.80493966	3.28930862	18.81774759	7.310268014	17.05676906	10.22285201	14.46528226	10.74877616	8.391772988	3.857426246	11.41115216	5.682622135	10.13189798	4.161667919	7.745036088	5.913492172	2.723536176	2.955752259	2.22289912	2.929073868	6.186007379	3.673131903	4.004280838	5.671831001	42.89128416	22.18020091	41.49509876	58.72042873	9.210816349	9.363752818	8.851469815	9.855820286	10.8941447	6.896755272	17.78319296	13.66901139	17.6743068	5.509697854	7.007491467	28.359155	4.662096105	0.964356561	7.261642282	3.788414757	0.921081635	4.161667919	8.851469815	11.82698434	3.631381567	0	3.33434868	4.88178978	6.186007379	1.836565951	5.005351048	8.507746501
6	PD43289_neuronsFC-AD_nanoseqv	8.431252548	4.045992439	1.146968163	2.908720515	1.990869693	2.174098971	2.55430685	5.226602885	4.537275881	3.242361766	0	5.183502961	1.859986278	3.040141072	1.181444582	1.944005038	0.936805839	3.03449433	1.146968163	3.878294019	2.98630454	5.435247428	0	7.317244039	3.024850587	0	1.301556846	4.146802369	0.929993139	2.026760715	1.181444582	5.832015114	13.11528174	4.045992439	13.76361796	7.756588039	9.954348466	2.174098971	10.2172274	9.407885192	4.537275881	4.323149022	6.507784228	3.110101776	9.29993139	4.05352143	12.99589041	9.72002519	9.270068963	3.841031963	6.284045266	1.937002888	3.707116483	2.061393558	5.533206398	4.052582877	0	2.934685114	3.345696253	1.011082516	4.376512097	1.832911869	1.006053853	4.823433135	28.73721379	15.36412785	18.8521358	35.83455342	5.560674724	2.061393558	6.639847678	5.065728596	2.721708543	2.934685114	16.72848127	6.066495094	7.002419354	3.665823738	9.054484681	13.50561278	1.854013793	0.960257991	4.189363511	3.874005775	0.926779121	4.122787116	1.10664128	5.065728596	0.907236181	0	4.460928338	2.022165031	1.750604839	7.331647476	1.006053853	4.823433135
6	PD43290_neuronsFC-AD_nanoseqv	3.760459044	4.090655132	0	5.835431003	5.037415759	4.430479707	2.662433411	5.302752613	3.061520575	0	0	5.253619736	4.673718805	5.123934178	3.621542871	4.872819378	3.760459044	3.067991349	1.170341856	4.862859169	3.022449455	0	5.324866822	8.484404181	1.530760288	3.322733807	0	1.050723947	7.477950087	3.074360507	1.207180957	7.796511004	29.14355759	4.090655132	23.40683712	14.58857751	13.09728097	3.32285978	11.98095035	7.423853659	9.184561725	6.645467613	13.62196738	9.456515526	9.347437609	9.22308152	9.657447655	10.72020263	5.476999656	2.877429857	6.219132412	5.703822124	3.685116712	3.126849731	5.571039596	3.00131825	0.902133335	0.984581549	4.466930437	0.995193046	5.21298197	1.834169097	4.004621632	8.561439052	33.77483121	11.50971943	27.98609585	35.17356976	5.527675067	3.126849731	8.913663353	14.00615184	10.82560002	2.953744647	17.86772175	5.971158274	5.21298197	6.41959184	7.008087855	18.07414911	1.825666552	2.877429857	5.182610343	7.605096165	4.606395889	3.126849731	2.228415838	6.002636501	1.804266669	1.969163098	5.583663046	3.980772183	2.606490985	5.502507292	6.006932447	6.65889704
7	PD39462_urothelium_nanoseq	7.702301494	6.074258935	0	14.72013003	15.80035388	11.48126601	1.277050791	8.136427558	23.9277366	3.142355052	1.32758713	4.066584499	11.29165705	6.98690786	1.1801344	12.68092876	9.627876867	3.037129467	4.635032747	9.813420022	8.887699057	3.131254368	1.277050791	7.119374114	5.981934149	4.189806736	0	3.049938375	15.05554274	1.996259388	0	26.33731359	25.03247985	13.16089436	37.08026197	15.70147204	26.66309717	19.83127766	26.81806661	39.66508435	17.94580245	30.37609884	26.5517426	29.48273762	21.64234269	22.95698297	17.702016	22.43548935	8.682086349	6.831337139	9.423433397	15.40385199	3.744374124	4.104406845	4.306401898	6.836016828	0.934506564	3.92766788	4.425984026	4.933864166	5.395105717	5.599421728	6.049296051	10.65437028	39.5517267	4.879526528	30.3643965	46.21155597	17.78577709	10.26101711	15.07240664	11.71888599	15.88661159	7.855335759	19.91692812	11.841274	26.0763443	12.13208041	10.08216009	19.37158232	2.894028783	2.927715917	10.47048155	23.10577798	3.744374124	6.156610268	3.229801423	8.789164493	1.869013128	0.98191697	7.745472045	0.986772833	3.596737145	2.799710864	6.049296051	10.65437028
7	PD40794_urothelium_nanoseq	21.2316419	14.88700778	3.318216607	7.896722478	20.2906501	20.96050044	4.696890017	13.89958773	10.20458591	11.96650547	3.645094415	13.91551749	18.92552342	8.817026463	5.632755444	16.66774381	11.58089558	4.962335926	1.106072202	10.85799341	8.695992898	5.98871441	2.348445008	12.90676004	2.915595975	2.991626367	2.430062944	7.951724283	15.14041873	2.939008821	2.253102178	33.33548763	50.18388086	22.82674526	25.43966065	40.4707027	57.97328599	72.86269199	25.83289509	67.51228327	32.07155572	28.91905488	24.30062944	28.82500053	45.4212562	46.04447153	12.39206198	52.944598	19.01988827	3.91066033	14.85446842	9.972850976	15.19947091	10.93011543	20.98669705	12.88452018	12.30080059	5.753641107	14.02655615	13.01464259	19.46327305	8.458015517	13.22784244	16.90994804	183.1915555	17.59797148	98.67611165	50.86153998	65.5477183	5.961881145	35.67738498	35.68020973	24.60160118	2.876820553	17.26345372	28.03153788	64.87757684	10.33757452	34.59589561	39.78811304	7.007327258	0.977665082	4.244133834	5.983710585	0	1.987293715	6.296009114	3.964467748	1.89243086	0	3.236897573	1.001126353	5.560935158	1.879559004	4.070105366	5.968216955
7	PD40842_urothelium_nanoseq	9.625146753	0.986185936	1.096072345	5.915446953	6.68572588	1.96243723	1.141012033	1.964905813	4.346700793	1.969067494	1.182968991	0.98746312	2.812431527	6.777088313	1.111543472	6.815218608	1.925029351	0	1.096072345	0	0.955103697	1.96243723	0	0	1.448900264	0.984533747	0	0	0	0.968155473	0	3.894410633	7.700117403	2.958557808	24.11359159	7.887262605	2.865311092	10.79340477	6.846072199	9.824529063	14.48900264	3.938134988	11.82968991	3.949852479	8.43729458	5.80893284	6.669260833	3.894410633	3.041510377	3.906383408	3.20044237	0	0	0.983884211	2.091941353	2.002501516	2.851926815	1.906793912	2.15730311	1.017471629	3.736516912	0	3.062094435	1.010328626	3.041510377	1.953191704	4.267256493	6.098421818	0	1.967768423	5.229853383	3.003752275	1.901284544	0.953396956	6.471909329	4.069886517	4.67064614	2.810710507	2.04139629	4.041314505	3.041510377	0	1.066814123	0	0.951827369	1.967768423	1.045970677	4.005003033	0	0	0	1.017471629	4.67064614	0.936903502	0	0
7	PD40843_urothelium_nanoseq	8.514399961	7.118752671	3.518053143	5.806884187	13.96195604	8.579874854	5.325792534	4.120370209	16.48479563	6.416680891	1.378301044	6.132456285	10.25696164	3.016058035	0	6.779827358	11.35253328	5.084823336	0	3.871256125	7.978260593	4.289937427	1.331448133	3.090277657	2.99723557	3.208340446	1.378301044	6.132456285	6.527157408	3.016058035	0	13.55965472	16.08275548	12.20357601	17.59026572	10.64595434	13.96195604	24.6671402	15.9773776	41.20370209	20.98064899	9.625021337	20.67451567	26.57397724	18.64902116	13.06958482	7.250518238	19.37093531	9.472905122	5.812520696	11.48288027	9.601484463	7.43489133	6.238406528	4.366692429	9.834112351	4.626328185	1.9798724	3.370011648	0	1.765141199	2.766288234	5.011776828	6.788394429	38.838911	7.750027594	31.31694619	26.8841565	10.22297558	5.198672106	13.10007729	5.90046741	10.17792201	1.9798724	7.863360511	5.996613203	17.65141199	8.298864702	8.018842925	11.63724759	4.736452561	1.937506899	1.043898206	7.681187571	1.858722833	6.238406528	1.091673107	3.93364494	0.925265637	0	1.123337216	2.998306601	2.647711798	2.766288234	4.009421463	5.818623796
7	PD40845_bladdertum_nanoseq	30.4837374	16.44183526	0	18.43608181	31.48661222	17.45464551	3.365188645	15.76851438	34.24019068	21.14281638	6.968304875	14.34290404	183.1884679	73.95540349	17.7509349	94.33384512	44.7729893	10.96122351	5.256418354	66.95208657	36.91533846	26.18196826	5.047782968	50.68451051	27.7182496	11.19325573	3.484152438	28.68580809	1372.969239	144.6480686	60.08008735	1448.073148	49.53607327	18.63407996	24.96798718	28.13928276	78.17365792	34.90929102	30.28669781	60.82141262	71.7413519	21.14281638	29.61529572	33.09900933	1363.526534	253.4060149	136.5456531	593.233459	8.371760042	7.801777402	14.1230317	23.75477887	7.181231586	11.49087186	8.219736549	36.75837784	6.2309274	4.269514894	9.603739798	6.611180135	17.72211884	2.759683792	10.83437568	12.31619197	75.34584038	18.52922133	38.33394318	32.23862847	26.92961845	32.1744412	32.8789462	41.47099038	20.47304717	13.8759234	28.81121939	22.66690332	45.11084795	21.15757574	22.65369459	38.7080319	6.697408033	1.950444351	10.08787979	21.20962399	4.488269741	20.68356934	7.04548847	158.3437815	4.450662429	9.606408511	12.00467475	45.33380664	20.94432226	6.439262182	5.909659459	73.01742382
7	PD39462jlo0021_urothelium_stdseq	22	27	14	22	45	34	8	34	20	22	6	16	57	29	6	38	23	9	0	21	24	12	3	25	13	9	1	12	217	50	9	278	47	45	61	40	66	64	59	106	33	44	32	69	201	77	46	124	41	22	35	87	6	8	17	7	7	1	13	8	25	6	17	42	169	24	98	111	38	11	29	26	54	17	38	39	85	18	44	46	13	13	9	64	3	3	6	7	7	2	4	7	17	9	12	29
7	PD39462jlo0023_urothelium_stdseq	20	15	8	23	20	21	7	16	15	9	2	11	10	19	6	11	12	7	1	10	16	8	4	14	4	10	1	5	5	6	5	16	33	25	42	35	42	45	30	60	19	30	28	50	22	29	28	28	24	8	12	60	5	3	9	7	5	6	8	10	15	6	7	31	134	15	101	78	26	12	26	16	38	13	24	21	45	25	20	48	7	8	5	61	1	1	5	9	2	4	2	4	8	8	5	30
7	PD39462klo0023_urothelium_stdseq	29	15	2	18	27	22	5	16	19	18	3	10	14	19	2	19	14	8	4	10	10	14	2	14	7	7	1	8	13	5	3	19	45	35	54	37	61	58	51	83	26	31	31	55	26	34	19	39	22	11	17	53	5	8	13	10	6	3	6	5	21	10	2	23	135	30	78	92	28	14	29	21	44	14	31	32	58	20	25	41	6	7	7	63	1	5	6	11	5	4	4	2	9	6	10	27
7	PD39462klo0026_urothelium_stdseq	19	5	4	8	16	16	2	6	4	12	6	3	8	10	3	7	5	4	5	11	11	8	2	4	3	4	1	4	8	9	0	7	24	19	30	23	31	31	22	46	13	20	21	34	16	18	6	27	9	5	8	45	6	2	3	3	1	0	7	0	14	1	5	10	69	12	53	32	11	4	16	12	19	4	12	17	28	7	19	27	5	3	2	33	2	1	4	7	2	1	2	1	6	3	6	19
7	PD39462klo0057_urothelium_stdseq	22	9	6	14	33	20	4	16	16	10	2	10	27	23	5	26	19	8	5	22	11	12	5	23	6	7	3	4	75	22	6	96	53	37	37	38	51	48	44	71	27	21	30	49	128	52	25	86	42	20	19	73	6	10	12	5	5	2	12	2	23	12	8	37	159	23	104	69	30	10	19	26	42	17	25	23	58	24	32	40	12	12	18	101	7	5	12	7	4	4	4	4	7	14	6	43
7	PD39462klo0058_urothelium_stdseq	26	17	9	16	35	25	8	15	15	16	3	9	23	31	5	29	19	6	2	11	10	10	6	18	4	6	2	10	10	9	4	22	47	49	65	53	64	103	48	107	30	61	30	94	56	49	27	57	27	9	21	57	6	11	12	12	6	3	6	5	24	9	3	22	124	28	88	79	25	14	16	24	42	15	22	20	63	12	28	39	10	10	11	48	11	7	6	13	4	1	7	2	8	6	8	23
7	PD40794ilo0056_urothelium_stdseq	45	32	12	19	56	40	22	36	33	23	12	26	61	45	41	40	22	18	5	14	23	14	2	37	5	13	6	5	16	14	5	38	109	70	87	104	179	175	93	246	69	83	43	102	96	94	42	113	45	18	20	33	32	30	46	39	20	13	20	20	44	17	34	53	401	30	170	163	148	15	57	80	130	12	42	56	146	18	43	77	7	3	7	10	7	6	5	6	4	2	7	4	13	4	13	13
7	PD40794ilo0067_urothelium_stdseq	20	17	9	20	45	32	12	31	22	19	6	16	37	27	5	29	12	7	1	25	17	12	3	30	14	7	1	10	14	18	5	30	68	55	66	45	88	111	79	168	28	39	35	67	64	53	24	98	31	17	30	21	39	23	42	39	18	5	24	17	42	14	27	46	330	26	143	122	129	13	52	60	97	18	35	42	120	15	40	77	8	2	7	4	4	6	10	6	2	3	4	4	7	2	14	18
7	PD40794ilo0076_urothelium_stdseq	54	41	15	35	56	62	18	37	29	27	17	24	56	46	25	46	24	10	8	25	24	12	4	26	9	11	2	5	24	24	3	45	123	85	87	93	188	209	131	255	63	86	50	110	90	94	47	115	28	26	30	38	53	24	62	54	19	11	29	21	61	22	30	63	433	24	213	165	168	21	54	100	144	13	48	54	159	17	58	63	8	1	3	8	7	6	7	3	3	4	5	3	6	6	12	19
7	PD40794ilo0111_urothelium_stdseq	42	32	9	32	56	37	11	50	14	40	14	32	39	35	14	35	20	11	4	17	11	12	5	24	10	6	4	8	24	20	3	32	97	71	91	85	137	161	103	220	39	59	52	91	76	87	30	95	44	13	32	30	43	16	55	61	27	5	23	15	51	19	31	62	431	23	200	158	167	15	53	82	124	14	30	51	155	19	61	75	6	2	6	12	7	5	9	10	4	2	10	5	10	6	10	18
7	PD40794ilo0122_urothelium_stdseq	32	25	8	30	60	45	12	30	17	22	13	30	50	41	17	34	16	7	5	14	21	12	2	23	5	3	0	9	23	6	3	26	92	59	65	78	143	138	77	200	53	55	46	101	72	66	34	84	21	10	27	35	42	27	46	50	28	8	21	17	51	7	26	51	375	22	167	133	153	13	53	71	120	12	32	66	118	18	58	61	10	2	5	7	3	5	7	2	3	1	5	1	7	1	7	11
7	PD40842elo0010_urothelium_stdseq	7	5	2	6	4	4	2	2	8	6	1	3	1	8	0	5	0	2	0	5	2	2	0	4	2	3	1	0	1	4	1	4	12	10	11	8	10	12	17	27	11	7	15	17	9	10	6	9	0	4	6	11	1	6	4	3	2	0	1	2	7	1	2	6	21	6	12	8	4	3	3	4	9	4	5	4	6	0	5	7	2	1	0	1	1	1	0	0	0	0	3	0	1	1	4	5
7	PD40842elo0022_urothelium_stdseq	3	2	1	3	5	4	1	2	0	3	1	2	8	2	1	2	3	2	0	3	3	0	1	6	2	1	0	4	2	1	0	2	8	4	18	5	3	13	7	13	6	6	6	8	7	4	6	7	3	2	3	4	1	4	3	1	0	0	0	3	7	0	1	8	11	1	4	9	2	4	1	2	6	2	3	3	2	0	5	2	1	1	0	0	2	0	1	3	0	0	0	1	2	1	1	4
7	PD40843flo0026_urothelium_stdseq	11	8	5	9	22	12	3	13	13	12	4	5	15	6	5	9	10	2	2	6	10	12	2	11	5	8	1	2	13	12	1	29	19	15	36	16	30	25	17	36	24	17	17	22	26	16	15	28	17	5	11	45	4	4	9	11	3	1	4	5	20	4	6	25	62	12	40	32	17	6	15	6	19	5	7	17	29	7	14	21	4	2	9	33	2	3	4	4	2	1	2	8	9	2	3	11
7	PD40843flo0028_urothelium_stdseq	16	16	5	15	21	9	1	12	12	10	3	6	10	14	3	20	11	4	2	8	5	5	5	10	7	3	1	7	6	4	0	12	28	16	32	20	30	17	32	58	6	27	20	42	21	22	11	29	17	5	8	43	2	0	10	8	7	6	1	4	10	7	5	14	64	11	52	29	5	0	8	6	22	8	14	22	34	2	9	22	8	5	3	35	0	2	2	7	2	0	4	1	3	2	7	24
7	PD40843flo0086_urothelium_stdseq	13	7	1	7	15	11	1	15	14	16	6	9	12	9	3	15	8	7	2	9	10	5	2	6	2	9	1	2	6	13	0	20	37	17	32	39	35	41	25	61	25	26	29	52	19	20	16	44	12	5	21	49	10	4	9	3	1	4	6	4	12	6	5	12	73	8	49	49	20	5	12	14	19	8	12	13	33	8	14	21	4	4	6	27	0	6	5	3	1	3	2	2	2	7	7	16
7	PD40843clo0006_urothelium_stdseq	41	28	9	36	40	28	4	34	36	31	8	34	40	23	5	65	21	13	4	17	8	6	7	15	11	9	1	10	14	14	3	17	56	29	94	40	38	44	53	69	37	47	63	56	29	53	43	41	40	25	37	71	15	15	17	21	15	22	13	20	50	11	30	45	56	25	36	64	21	44	28	37	33	31	22	33	33	30	14	45	48	7	15	34	36	8	24	53	11	7	19	24	77	15	15	73
