CHROM	POS	ID	REF	ALT	QUAL	FILTER	INFO
14	29365206	NA	C	CT	30.4183	PASS;GTATTTTTCTTTTTGTAT	INDEL;IDV=4;IMF=1;DP=4;VDB=0.0058656;SGB=-0.556411;MQ0F=0;AC=2;AN=2;DP4=0,0,4,0;MQ=60;RB=14,29365170,29365744,CGT,TAT
14	29365276	NA	TCA	T	71	PASS;TGATACCATCACTTTTTT	INDEL;IDV=4;IMF=1;DP=4;VDB=0.0058656;SGB=-0.556411;MQ0F=0;AC=2;AN=2;DP4=0,0,4,0;MQ=60;RB=14,29365170,29365744,CGT,TAT
14	29365660	NA	TG	T	45.4146	PASS;GTAACAGCTGGGGACACT	INDEL;IDV=4;IMF=1;DP=4;VDB=0.0058656;SGB=-0.556411;MQ0F=0;AC=2;AN=2;DP4=0,0,0,4;MQ=60;RB=14,29365170,29365744,CGT,TAT
3	96037572	NA	TGA	T	146	MASKED;TGTGTGTGTGAGTGTGTG	INDEL;IDV=5;IMF=1;DP=5;VDB=0.00187095;SGB=-0.590765;MQ0F=0;AC=2;AN=2;DP4=0,0,5,0;MQ=60;RB=3,96037553,96038159,GCC,TTG
4	133603470	NA	CAT	C	199	MASKED;TACACACACATATATATC	INDEL;IDV=10;IMF=1;DP=10;VDB=5.49461e-06;SGB=-0.670168;MQ0F=0;AC=2;AN=2;DP4=0,0,10,0;MQ=60;RB=4,133603448,133603963,GGA,TTT
4	133603522	NA	TTATA	T	194	NEI_IND[41/287];CTGTATGTTTATATATAT	INDEL;IDV=9;IMF=0.9;DP=10;VDB=5.52906e-06;SGB=-0.662043;MQ0F=0;AC=2;AN=2;DP4=0,0,9,0;MQ=60;RB=4,133603448,133603963,GGA,TTT
4	133603470	NA	CAT	C	135	MASKED;TACACACACATATATATC	INDEL;IDV=6;IMF=1;DP=6;VDB=0.00187095;SGB=-0.590765;MQ0F=0;AC=2;AN=2;DP4=0,0,5,0;MQ=60;RB=4,133603448,133603963,TAT,TGT
4	133603522	NA	TTATATA	TTA,T	168	NEI_IND[41/287];CTGTATGTTTATATATAT	INDEL;IDV=6;IMF=1;DP=6;VDB=0.000411984;SGB=-0.616816;MQ0F=0;AC=1,1;AN=2;DP4=0,0,6,0;MQ=60;RB=4,133603448,133603963,TAT,TGT
12	17413807	NA	C	CACAT	129	NEI_IND[26/330];TACATACACATATGTACA	INDEL;IDV=11;IMF=1;DP=11;VDB=6.99472e-07;SGB=-0.670168;MQ0F=0;AC=2;AN=2;DP4=0,0,10,0;MQ=60;RB=12,17413729,17413973,GAT,GTT
18	38797711	NA	CATGT	C	94	NEI_IND[6/304];TGTGTGTGCATGTGTGTG	INDEL;IDV=7;IMF=1;DP=7;VDB=0.000411984;SGB=-0.616816;MQ0F=0;AC=2;AN=2;DP4=0,0,6,0;MQ=60;RB=18,38797701,38798057,GAT,TGA
8	77075588	NA	TTA	T	225	PASS;ACTATAATTTATGTCATA	INDEL;IDV=12;IMF=1;DP=12;VDB=6.32133e-08;SGB=-0.680642;MQ0F=0;AC=2;AN=2;DP4=0,0,12,0;MQ=60;RB=8,77075466,77076092,TTT,ACG
8	90149865	NA	AG	A	130	MASKED;ACAGACAGAGTAGATAGA	INDEL;IDV=8;IMF=1;DP=8;VDB=1.33331e-05;SGB=-0.651104;MQ0F=0;AC=2;AN=2;DP4=0,0,8,0;MQ=60;RB=8,90149731,90150015,CCG,TTT
13	98044731	NA	GAA	G	95	PASS;ACAGCATGGAAAAAAATA	INDEL;IDV=8;IMF=1;DP=8;VDB=1.33331e-05;SGB=-0.651104;MQ0F=0;AC=2;AN=2;DP4=0,0,8,0;MQ=60;RB=13,98044726,98045003,ATA,CCG
13	98044878	NA	C	CT	39.4149	PASS;GTTGTTTACTTTTTTAAA	INDEL;IDV=8;IMF=1;DP=8;VDB=1.33331e-05;SGB=-0.651104;MQ0F=0;AC=2;AN=2;DP4=0,0,0,8;MQ=60;RB=13,98044726,98045003,ATA,CCG
12	17413807	NA	C	CACAT	91	NEI_IND[26/330];TACATACACATATGTACA	INDEL;IDV=5;IMF=1;DP=5;VDB=0.00187095;SGB=-0.590765;MQ0F=0;AC=2;AN=2;DP4=0,0,5,0;MQ=60;RB=12,17413729,17413973,GGT,CCT
8	90149865	NA	AG	A	91	MASKED;ACAGACAGAGTAGATAGA	INDEL;IDV=5;IMF=1;DP=5;VDB=0.00187095;SGB=-0.590765;MQ0F=0;AC=2;AN=2;DP4=0,0,5,0;MQ=60;RB=8,90149731,90150015,CAC,GTT
8	30518679	NA	TCTCA	T	159	NEI_IND[16/339];TCTCTCTCTCTCACACAC	INDEL;IDV=5;IMF=1;DP=5;VDB=0.00215942;SGB=-0.590765;MQ0F=0;AC=2;AN=2;DP4=0,0,5,0;MQ=60;RB=8,30518650,30518930,ACA,GTG
1	188562687	NA	T	TAGGTA	168	MASKED;ATGATAGATGATAGATAG	INDEL;IDV=9;IMF=1;DP=9;VDB=5.52906e-06;SGB=-0.662043;MQ0F=0;AC=2;AN=2;DP4=0,0,0,9;MQ=60;RB=1,188562381,188562805,AAT,GGC
8	90149865	NA	AG	A	95	PASS;ACAGACAGAGTAGATAGA	INDEL;IDV=5;IMF=1;DP=5;VDB=0.00187095;SGB=-0.590765;MQ0F=0;AC=2;AN=2;DP4=0,0,5,0;MQ=60;RB=8,90149730,90150014,TTT,GGG
3	99387981	NA	ATATATATATAGAGG	A	205	NEI_IND[8/266];ATATATATATATATATAT	INDEL;IDV=6;IMF=0.857143;DP=6;VDB=0.000411984;SGB=-0.616816;MQ0F=0;AC=2;AN=2;DP4=0,0,6,0;MQ=60;RB=3,99387866,99388253,AAT,CCC
5	31042954	NA	GATAT	G	201	NEI_IND[4/282];GAAAATGTGATATATATA	INDEL;IDV=6;IMF=1;DP=6;VDB=0.000411984;SGB=-0.616816;MQ0F=0;AC=2;AN=2;DP4=0,0,6,0;MQ=60;RB=5,31042835,31043125,GAC,CAT
5	31043032	NA	C	CATAT	193	NEI_IND[13/388];CGCATACACATTTATGTA	INDEL;IDV=6;IMF=1;DP=6;VDB=0.000411984;SGB=-0.616816;MQ0F=0;AC=2;AN=2;DP4=0,0,0,6;MQ=60;RB=5,31042835,31043125,GAC,CAT
17	33276123	NA	AAG	A	161	MASKED;GAAAAGAAAAGAGAAAAG	INDEL;IDV=6;IMF=1;DP=6;VDB=0.000411984;SGB=-0.616816;MQ0F=0;AC=2;AN=2;DP4=0,0,6,0;MQ=60;RB=17,33275996,33276439,TTT,TTG
18	38797711	NA	CATGT	C	82	NEI_IND[6/304];TGTGTGTGCATGTGTGTG	INDEL;IDV=6;IMF=1;DP=6;VDB=0.00187095;SGB=-0.590765;MQ0F=0;AC=2;AN=2;DP4=0,0,5,0;MQ=60;RB=18,38797701,38798057,CTT,TGA
18	64185467	NA	C	CATAT	154	PASS;ATTCATTACTTATTTATT	INDEL;IDV=4;IMF=1;DP=4;VDB=0.0058656;SGB=-0.556411;MQ0F=0;AC=2;AN=2;DP4=0,0,0,4;MQ=60;RB=18,64185173,64185521,CTA,GGC
9	451871	NA	GTA	G	109	MASKED;ATGTGTGTGTATATATAT	INDEL;IDV=4;IMF=1;DP=4;VDB=0.0058656;SGB=-0.556411;MQ0F=0;AC=2;AN=2;DP4=0,0,0,4;MQ=60;RB=9,451565,451892,TCT,CCC
13	31949946	NA	TA	T	45.4146	MASKED;AATTTAAATAAAATTTTT	INDEL;IDV=4;IMF=1;DP=4;VDB=0.0058656;SGB=-0.556411;MQ0F=0;AC=2;AN=2;DP4=0,0,0,4;MQ=60;RB=13,31949662,31949960,TTT,AAC
16	10213035	NA	AGG	A	184	PASS;CGAAGCTAAGGGAAAAAA	INDEL;IDV=7;IMF=1;DP=7;VDB=6.71664e-05;SGB=-0.636426;MQ0F=0;AC=2;AN=2;DP4=0,0,7,0;MQ=60;RB=16,10212900,10213464,ACC,CTT
18	38797711	NA	CATGT	C	123	NEI_IND[6/304];TGTGTGTGCATGTGTGTG	INDEL;IDV=8;IMF=1;DP=8;VDB=1.60207e-05;SGB=-0.651104;MQ0F=0;AC=2;AN=2;DP4=0,0,8,0;MQ=57;RB=18,38797701,38798057,GCT,ATT
1	188562687	NA	T	TAGGTA	140	MASKED;ATGATAGATGATAGATAG	INDEL;IDV=6;IMF=1;DP=6;VDB=0.000411984;SGB=-0.616816;MQ0F=0;AC=2;AN=2;DP4=0,0,0,6;MQ=60;RB=1,188562381,188562805,GCA,CTG
12	18211642	NA	GAA	G	45.4146	NEI_IND[36/427];AATTGAAAGAAAAAAAAA	INDEL;IDV=5;IMF=1;DP=5;VDB=0.00187095;SGB=-0.590765;MQ0F=0;AC=2;AN=2;DP4=0,0,5,0;MQ=60;RB=12,18211554,18211894,TTA,GTT
12	16763398	NA	A	ATC	122	PASS;ATCAAAGTATCTCTCACC	INDEL;IDV=8;IMF=1;DP=8;VDB=6.71664e-05;SGB=-0.636426;MQ0F=0;AC=2;AN=2;DP4=0,0,0,7;MQ=60;RB=12,16763100,16763494,TTG,TGT
5	96713145	NA	C	CT	20.4535	NEI_IND[14/435];CTATCTATCATCTATCTA	INDEL;IDV=7;IMF=1;DP=7;VDB=0.00187095;SGB=-0.590765;MQ0F=0;AC=2;AN=2;DP4=0,0,5,0;MQ=60;RB=5,96713029,96713544,TGA,GGC
17	33276123	NA	AAG	A	150	MASKED;GAAAAGAAAAGAGAAAAG	INDEL;IDV=7;IMF=1;DP=7;VDB=9.50611e-05;SGB=-0.636426;MQ0F=0;AC=2;AN=2;DP4=0,0,7,0;MQ=60;RB=17,33275996,33276440,AAT,TGT
21	22153503	NA	GA	G	32.4168	PASS;TCTGTCCCGAAAAAAGGA	INDEL;IDV=6;IMF=1;DP=6;VDB=0.000411984;SGB=-0.616816;MQ0F=0;AC=2;AN=2;DP4=0,0,0,6;MQ=60;RB=21,22153314,22153596,TTC,GAC
9	451871	NA	GTA	G	188	MASKED;ATGTGTGTGTATATATAT	INDEL;IDV=10;IMF=1;DP=10;VDB=9.87746e-07;SGB=-0.670168;MQ0F=0;AC=2;AN=2;DP4=0,0,0,10;MQ=60;RB=9,451566,451892,GGC,GGG
13	86963140	NA	AAT	A	120	PASS;CTTTGTCAAATATAAGTT	INDEL;IDV=5;IMF=1;DP=5;VDB=0.00187095;SGB=-0.590765;MQ0F=0;AC=2;AN=2;DP4=0,0,5,0;MQ=60;RB=13,86963040,86963583,TGG,TGA
9	7198174	NA	TC	T	12.6563	NEI_IND[25/293];TTTTCTTTTCCTTTCTTT	INDEL;IDV=4;IMF=0.8;DP=4;VDB=0.1;SGB=-0.453602;MQ0F=0;AC=2;AN=2;DP4=0,0,2,0;MQ=60;RB=9,7198089,7198376,AGT,GGG
1	106281587	NA	CT	C	116	PASS;CTATCTATCTATCTATCT	INDEL;IDV=7;IMF=1;DP=7;VDB=6.71664e-05;SGB=-0.636426;MQ0F=0;AC=2;AN=2;DP4=0,0,0,7;MQ=60;RB=1,106281060,106281597,AAT,GGG
4	141054073	NA	TA	T	126	PASS;AAACTTCCTATTTCATTT	INDEL;IDV=8;IMF=1;DP=8;VDB=1.33331e-05;SGB=-0.651104;MQ0F=0;AC=2;AN=2;DP4=0,0,8,0;MQ=60;RB=4,141054008,141054642,TGG,AAA
2	22916913	NA	AC	A	91	PASS;CTACGAAAACAATGCCAG	INDEL;IDV=5;IMF=1;DP=5;VDB=0.00187095;SGB=-0.590765;MQ0F=0;AC=2;AN=2;DP4=0,0,5,0;MQ=60;RB=2,22916808,22917063,TGC,GCA
18	38797711	NA	CATGT	C	89	NEI_IND[6/304];TGTGTGTGCATGTGTGTG	INDEL;IDV=5;IMF=1;DP=5;VDB=0.00187095;SGB=-0.590765;MQ0F=0;AC=2;AN=2;DP4=0,0,5,0;MQ=60;RB=18,38797702,38798057,CAC,AAA
7	120151078	NA	TCA	T	32.3331	NEI_IND[7/391];TCTCTCTCTCACACACAC	INDEL;IDV=2;IMF=0.5;DP=4;VDB=0.0058656;SGB=-0.453602;MQ0F=0;ICB=1;HOB=0.5;AC=1;AN=2;DP4=2,0,2,0;MQ=60;RB=7,120151028,120151582,TTT,AGT
7	120151546	NA	AG	A	83	PASS;ATCCAAAAAGAACTGTAC	INDEL;IDV=4;IMF=1;DP=4;VDB=0.0058656;SGB=-0.556411;MQ0F=0;AC=2;AN=2;DP4=0,0,0,4;MQ=60;RB=7,120151028,120151582,TTT,AGT
4	5771437	NA	CT	C	85	PASS;CTGTTTCTCTTGAAAGGC	INDEL;IDV=5;IMF=1;DP=5;VDB=0.00187095;SGB=-0.590765;MQ0F=0;AC=2;AN=2;DP4=0,0,5,0;MQ=60;RB=4,5771310,5771638,TAT,CCA
3	99387981	NA	ATATATATATAGAGG	A	205	NEI_IND[8/266];ATATATATATATATATAT	INDEL;IDV=6;IMF=1;DP=6;VDB=0.000411984;SGB=-0.616816;MQ0F=0;AC=2;AN=2;DP4=0,0,6,0;MQ=60;RB=3,99387866,99388254,ATA,ACA
2	58358668	NA	TG	T	50	MASKED;AGAGGCCATGGGGATCAA	INDEL;IDV=6;IMF=1;DP=6;VDB=0.000411984;SGB=-0.616816;MQ0F=0;AC=2;AN=2;DP4=0,0,6,0;MQ=60;RB=2,58358582,58358845,CTT,ATG
2	58358743	NA	TTCAA	T	145	PASS;CCCTTACTTTCAACAGCA	INDEL;IDV=6;IMF=1;DP=6;VDB=0.000411984;SGB=-0.616816;MQ0F=0;AC=2;AN=2;DP4=0,0,0,6;MQ=60;RB=2,58358582,58358845,CTT,ATG
7	89630573	NA	T	TA	62	PASS;TATATATATTGTGTATAT	INDEL;IDV=8;IMF=1;DP=8;VDB=6.71664e-05;SGB=-0.636426;MQ0F=0;AC=2;AN=2;DP4=0,0,7,0;MQ=60;RB=7,89630444,89630930,TAG,TGA
6	65988260	NA	AT	A	64	PASS;GAATATATATTATATATA	INDEL;IDV=13;IMF=1;DP=13;VDB=2.26006e-08;SGB=-0.676189;MQ0F=0;AC=2;AN=2;DP4=0,0,11,0;MQ=60;RB=6,65988126,65988402,AAT,TGA
6	65988284	NA	A	ATT	225	NEI_IND[25/319];AGAAATGTATTTTATATA	INDEL;IDV=13;IMF=1;DP=13;VDB=2.26006e-08;SGB=-0.683931;MQ0F=0;AC=2;AN=2;DP4=0,0,0,13;MQ=60;RB=6,65988126,65988402,AAT,TGA
1	193834773	NA	T	TTCTAGAAGAC	76	NEI_IND[28/383];TGTTTTTGTTATGTTAAT	INDEL;IDV=6;IMF=1;DP=6;VDB=0.000411984;SGB=-0.616816;MQ0F=0;AC=2;AN=2;DP4=0,0,6,0;MQ=60;RB=1,193834681,193835042,GGA,GAT
1	188562687	NA	T	TAGGTA	165	MASKED;ATGATAGATGATAGATAG	INDEL;IDV=8;IMF=1;DP=8;VDB=1.33331e-05;SGB=-0.651104;MQ0F=0;AC=2;AN=2;DP4=0,0,0,8;MQ=60;RB=1,188562382,188562805,ATC,CTG
13	31949870	NA	G	GTATA	18.4941	NEI_IND[16/415];GTGTGCGTGTATATATAT	INDEL;IDV=2;IMF=0.5;DP=4;VDB=0.00766117;SGB=-0.453602;MQ0F=0;ICB=1;HOB=0.5;AC=1;AN=2;DP4=0,2,0,2;MQ=60;RB=13,31949662,31949960,CCT,CTG
13	31949946	NA	TA	T	45.4146	MASKED;AATTTAAATAAAATTTTT	INDEL;IDV=4;IMF=1;DP=4;VDB=0.0058656;SGB=-0.556411;MQ0F=0;AC=2;AN=2;DP4=0,0,0,4;MQ=60;RB=13,31949662,31949960,CCT,CTG
11	133852209	NA	CAGATCAGAGGG	C	205	PASS;AGAGAGGGCAGATCAGAG	INDEL;IDV=6;IMF=1;DP=6;VDB=0.000411984;SGB=-0.616816;MQ0F=0;AC=2;AN=2;DP4=0,0,6,0;MQ=60;RB=11,133852158,133852502,ACC,ACC
8	30875634	NA	TTTAA	T	182	PASS;ACTAGTCATTTAATTAAT	INDEL;IDV=5;IMF=1;DP=5;VDB=0.00187095;SGB=-0.590765;MQ0F=0;AC=2;AN=2;DP4=0,0,0,5;MQ=60;RB=8,30875339,30875683,GTA,CTT
19	39564791	NA	GGA	G	153	MASKED;GAGAGAGAGGAAGGAAGG	INDEL;IDV=5;IMF=1;DP=5;VDB=0.00187095;SGB=-0.590765;MQ0F=0;AC=2;AN=2;DP4=0,0,5,0;MQ=60;RB=19,39564660,39565006,GGG,ATG
4	142954045	NA	GTAGTGTACCCA	G	182	PASS;ACATCTTGGTAGTGTACC	INDEL;IDV=5;IMF=1;DP=5;VDB=0.00187095;SGB=-0.590765;MQ0F=0;AC=2;AN=2;DP4=0,0,0,5;MQ=60;RB=4,142953303,142954126,GTC,ATA
1	144919573	NA	C	CT	19.4636	PASS;TAATATTTCTTTTTTTTG	INDEL;IDV=12;IMF=1;DP=12;VDB=2.26006e-08;SGB=-0.680642;MQ0F=0;AC=2;AN=2;DP4=0,0,0,12;MQ=60;RB=1,144918976,144919615,CCT,CTT
5	31042954	NA	GATAT	G	194	NEI_IND[4/282];GAAAATGTGATATATATA	INDEL;IDV=9;IMF=1;DP=9;VDB=5.52906e-06;SGB=-0.662043;MQ0F=0;AC=2;AN=2;DP4=0,0,9,0;MQ=60;RB=5,31042835,31043125,CTC,GTT
5	31043032	NA	C	CATAT	225	NEI_IND[13/388];CGCATACACATTTATGTA	INDEL;IDV=9;IMF=1;DP=9;VDB=5.52906e-06;SGB=-0.662043;MQ0F=0;AC=2;AN=2;DP4=0,0,0,9;MQ=60;RB=5,31042835,31043125,CTC,GTT
11	127532342	NA	G	GA	15.5372	PASS;GAAGGACGGAAAAAAAAC	INDEL;IDV=7;IMF=1;DP=7;VDB=6.71664e-05;SGB=-0.636426;MQ0F=0;AC=2;AN=2;DP4=0,0,7,0;MQ=60;RB=11,127532295,127532923,CCC,TTG
9	6397603	NA	AG	A	79	PASS;AGAAAGAAAGAAAGAAAA	INDEL;IDV=4;IMF=1;DP=4;VDB=0.0058656;SGB=-0.556411;MQ0F=0;AC=2;AN=2;DP4=0,0,4,0;MQ=60;RB=9,6397468,6397995,CCG,TAT
14	94375023	NA	AGCGAGGGT	A	182	MASKED;CCAAAGTAAGCGAGGGTG	INDEL;IDV=5;IMF=1;DP=5;VDB=0.00187095;SGB=-0.590765;MQ0F=0;AC=2;AN=2;DP4=0,0,0,5;MQ=60;RB=14,94374727,94375049,CTG,TGT
9	29946637	NA	AC	A	88	PASS;ATTCATTCACCTATTGAA	INDEL;IDV=5;IMF=1;DP=5;VDB=0.00187095;SGB=-0.590765;MQ0F=0;AC=2;AN=2;DP4=0,0,0,5;MQ=60;RB=9,29946395,29946661,ATA,GTC
6	154513486	NA	GTATGCA	G	151	NEI_IND[12/386];GTGTGTGTGTATGCATGT	INDEL;IDV=4;IMF=1;DP=4;VDB=0.0058656;SGB=-0.556411;MQ0F=0;AC=2;AN=2;DP4=0,0,0,4;MQ=60;RB=6,154513241,154513502,CCT,CCT
7	123672537	NA	AG	A	104	PASS;AGCGCTTCAGGAACACTT	INDEL;IDV=6;IMF=1;DP=6;VDB=0.000411984;SGB=-0.616816;MQ0F=0;AC=2;AN=2;DP4=0,0,0,6;MQ=60;RB=7,123672314,123672571,TGG,CTC
1	106281587	NA	CT	C	96	PASS;CTATCTATCTATCTATCT	INDEL;IDV=5;IMF=1;DP=5;VDB=0.00187095;SGB=-0.590765;MQ0F=0;AC=2;AN=2;DP4=0,0,0,5;MQ=60;RB=1,106281060,106281597,AAT,TTC
18	10228248	NA	A	AT	149	PASS;AAAAAAAAACTTTGATCT	INDEL;IDV=11;IMF=1;DP=11;VDB=2.26006e-08;SGB=-0.676189;MQ0F=0;AC=2;AN=2;DP4=0,0,11,0;MQ=60;RB=18,10228174,10228544,GCT,ATA
1	193834773	NA	T	TTCTAGAAGAC	170	NEI_IND[28/383];TGTTTTTGTTATGTTAAT	INDEL;IDV=8;IMF=1;DP=8;VDB=1.33331e-05;SGB=-0.651104;MQ0F=0;AC=2;AN=2;DP4=0,0,8,0;MQ=60;RB=1,193834681,193835042,CTT,CTA
5	38514424	NA	GA	G	86	PASS;GTCCAGAAGAACAGATAA	INDEL;IDV=5;IMF=1;DP=5;VDB=0.00187095;SGB=-0.590765;MQ0F=0;AC=2;AN=2;DP4=0,0,0,5;MQ=60;RB=5,38514206,38514536,ACC,AAG
4	130249145	NA	AT	A	81	PASS;CTTAAAAGATTCTCTAAA	INDEL;IDV=5;IMF=1;DP=5;VDB=0.00187095;SGB=-0.590765;MQ0F=0;AC=2;AN=2;DP4=0,0,5,0;MQ=60;RB=4,130249115,130249441,TGC,AAA
3	96037572	NA	TGA	T	198	MASKED;TGTGTGTGTGAGTGTGTG	INDEL;IDV=8;IMF=1;DP=8;VDB=1.33331e-05;SGB=-0.651104;MQ0F=0;AC=2;AN=2;DP4=0,0,8,0;MQ=60;RB=3,96037552,96038159,GGA,GCC
22	25470555	NA	TGC	T	127	MASKED;TGTGTGTGTGCGTGTATA	INDEL;IDV=4;IMF=1;DP=4;VDB=0.0058656;SGB=-0.556411;MQ0F=0;AC=2;AN=2;DP4=0,0,4,0;MQ=60;RB=22,25470542,25470743,GGG,CGG
5	150776221	NA	AT	A	118	MASKED;TGAATGGGATTAAATATG	INDEL;IDV=8;IMF=1;DP=8;VDB=1.33331e-05;SGB=-0.651104;MQ0F=0;AC=2;AN=2;DP4=0,0,0,8;MQ=60;RB=5,150775825,150776237,CAG,TCC
11	14158242	NA	CT	C	66	PASS;AGAATGAGCTTATGTTTC	INDEL;IDV=4;IMF=1;DP=4;VDB=0.0058656;SGB=-0.556411;MQ0F=0;AC=2;AN=2;DP4=0,0,0,4;MQ=60;RB=11,14158058,14158319,GTT,TCG
11	55816691	NA	TGCAC	T	121	MASKED;TGTGTGTGTGCACGTGTG	INDEL;IDV=4;IMF=1;DP=4;VDB=0.0221621;SGB=-0.511536;MQ0F=0;AC=2;AN=2;DP4=0,0,0,3;MQ=60;RB=11,55816386,55816703,CGA,GTC
1	193834773	NA	T	TTCTAGAAGAC	85	NEI_IND[28/383];TGTTTTTGTTATGTTAAT	INDEL;IDV=4;IMF=1;DP=4;VDB=0.0058656;SGB=-0.556411;MQ0F=0;AC=2;AN=2;DP4=0,0,4,0;MQ=60;RB=1,193834681,193835041,CCT,GCC
16	10213035	NA	AGG	A	152	PASS;CGAAGCTAAGGGAAAAAA	INDEL;IDV=6;IMF=1;DP=6;VDB=0.00187095;SGB=-0.590765;MQ0F=0;AC=2;AN=2;DP4=0,0,5,0;MQ=60;RB=16,10212900,10213464,ATG,TGA
19	31965948	NA	ACGTG	A	161	PASS;ACACACACACGTGCACAC	INDEL;IDV=5;IMF=1;DP=5;VDB=0.00187095;SGB=-0.590765;MQ0F=0;AC=2;AN=2;DP4=0,0,0,5;MQ=60;RB=19,31965278,31965962,AAC,ATT
X	140031644	NA	GC	G	44.4146	PASS;CTCACTAAGCATTTCTGA	INDEL;IDV=4;IMF=1;DP=4;VDB=0.0221621;SGB=-0.511536;MQ0F=0;AC=2;AN=2;DP4=0,0,0,3;MQ=60;RB=X,140031473,140031725,GCA,AAT
1	188562687	NA	T	TAGGTA	122	MASKED;ATGATAGATGATAGATAG	INDEL;IDV=5;IMF=1;DP=5;VDB=0.00187095;SGB=-0.590765;MQ0F=0;AC=2;AN=2;DP4=0,0,0,5;MQ=60;RB=1,188562382,188562805,GTC,TCC
5	125167841	NA	GA	G	56	PASS;TAAATAATGAAAACATTC	INDEL;IDV=5;IMF=1;DP=5;VDB=0.00187095;SGB=-0.590765;MQ0F=0;AC=2;AN=2;DP4=0,0,5,0;MQ=60;RB=5,125167735,125168335,TTT,ACT
11	120126222	NA	G	GAGAAGAT	61	PASS;GGGAGGGGGAGAGGTCAT	INDEL;IDV=10;IMF=1;DP=10;VDB=6.71664e-05;SGB=-0.636426;MQ0F=0;AC=2;AN=2;DP4=0,0,7,0;MQ=60;RB=11,120126149,120126431,CCA,GTA
1	188562687	NA	T	TAGGTA	129	MASKED;ATGATAGATGATAGATAG	INDEL;IDV=6;IMF=1;DP=6;VDB=0.000411984;SGB=-0.616816;MQ0F=0;AC=2;AN=2;DP4=0,0,0,6;MQ=60;RB=1,188562381,188562806,CCT,GCT
12	17413807	NA	C	CACAT	73	NEI_IND[26/330];TACATACACATATGTACA	INDEL;IDV=4;IMF=1;DP=4;VDB=0.0058656;SGB=-0.556411;MQ0F=0;AC=2;AN=2;DP4=0,0,4,0;MQ=60;RB=12,17413729,17413973,TCA,AGT
8	90149865	NA	AG	A	96	MASKED;ACAGACAGAGTAGATAGA	INDEL;IDV=5;IMF=1;DP=5;VDB=0.00187095;SGB=-0.590765;MQ0F=0;AC=2;AN=2;DP4=0,0,5,0;MQ=60;RB=8,90149731,90150015,ACC,CGA
1	188562687	NA	T	TAGGTA	135	MASKED;ATGATAGATGATAGATAG	INDEL;IDV=6;IMF=1;DP=6;VDB=0.000411984;SGB=-0.616816;MQ0F=0;AC=2;AN=2;DP4=0,0,0,6;MQ=60;RB=1,188562381,188562805,ACT,ACG
17	52129433	NA	ATT	A	31.4175	MASKED;GAGATGTGATTTTTTTTT	INDEL;IDV=5;IMF=1;DP=5;VDB=0.00187095;SGB=-0.590765;MQ0F=0;AC=2;AN=2;DP4=0,0,5,0;MQ=60;RB=17,52129305,52129838,TGC,CTT
1	116265875	NA	A	ATATC	38.415	MASKED;ATCTCTCTATATCTATCT	INDEL;IDV=5;IMF=1;DP=5;VDB=0.0058656;SGB=-0.556411;MQ0F=0;AC=2;AN=2;DP4=0,0,4,0;MQ=60;RB=1,116265778,116266041,GTT,CCG
4	180755104	NA	CT	C	103	PASS;AACAGACTCTCCTTGGCC	INDEL;IDV=5;IMF=1;DP=5;VDB=0.00187095;SGB=-0.590765;MQ0F=0;AC=2;AN=2;DP4=0,0,0,5;MQ=60;RB=4,180754874,180755175,GAC,GAA
17	42634651	NA	T	TG	36.4154	PASS;ATCCCTTTTTTGGGGGGC	INDEL;IDV=7;IMF=1;DP=7;VDB=6.71664e-05;SGB=-0.636426;MQ0F=0;AC=2;AN=2;DP4=0,0,7,0;MQ=60;RB=17,42634620,42634935,AAC,ATT
13	24916030	NA	AGTGT	A	182	MASKED;AACAGGTGAGTGTGTGTG	INDEL;IDV=5;IMF=1;DP=5;VDB=0.00187095;SGB=-0.590765;MQ0F=0;AC=2;AN=2;DP4=0,0,5,0;MQ=60;RB=13,24915910,24916441,GAC,TTT
12	84794800	NA	AG	A	20.4535	NEI_IND[38/285];ATATATATAGTATATATA	INDEL;IDV=5;IMF=1;DP=5;VDB=0.0058656;SGB=-0.556411;MQ0F=0;AC=2;AN=2;DP4=0,0,4,0;MQ=60;RB=12,84794707,84795082,TTT,GGG
12	84794800	NA	AG	A	28.4205	NEI_IND[38/285];ATATATATAGTATATATA	INDEL;IDV=7;IMF=1;DP=7;VDB=0.00187095;SGB=-0.590765;MQ0F=0;AC=2;AN=2;DP4=0,0,5,0;MQ=60;RB=12,84794707,84795083,CCT,CGA
1	106281587	NA	CT	C	128	MASKED;CTATCTATCTATCTATCT	INDEL;IDV=8;IMF=1;DP=8;VDB=1.33331e-05;SGB=-0.651104;MQ0F=0;AC=2;AN=2;DP4=0,0,0,8;MQ=60;RB=1,106281060,106281598,TGA,TCT
6	137971217	NA	CAT	C	91	MASKED;TATCTATACATATATATA	INDEL;IDV=4;IMF=1;DP=4;VDB=0.00992398;SGB=-0.556411;MQ0F=0;AC=2;AN=2;DP4=0,0,0,4;MQ=60;RB=6,137970449,137971243,GCA,TTG
18	38797711	NA	CATGT	C	97	NEI_IND[6/304];TGTGTGTGCATGTGTGTG	INDEL;IDV=6;IMF=1;DP=6;VDB=0.000411984;SGB=-0.616816;MQ0F=0;AC=2;AN=2;DP4=0,0,6,0;MQ=60;RB=18,38797702,38798057,TGG,GTT
13	24916030	NA	AGTGT	A	190	MASKED;AACAGGTGAGTGTGTGTG	INDEL;IDV=6;IMF=1;DP=6;VDB=0.000411984;SGB=-0.616816;MQ0F=0;AC=2;AN=2;DP4=0,0,6,0;MQ=60;RB=13,24915909,24916441,GTA,TTT
4	133603470	NA	CAT	C	184	MASKED;TACACACACATATATATC	INDEL;IDV=9;IMF=1;DP=9;VDB=9.42694e-06;SGB=-0.662043;MQ0F=0;AC=2;AN=2;DP4=0,0,9,0;MQ=60;RB=4,133603448,133603962,CCT,CCG
4	133603522	NA	TTATA	T	206	NEI_IND[41/287];CTGTATGTTTATATATAT	INDEL;IDV=8;IMF=0.888889;DP=9;VDB=1.33331e-05;SGB=-0.651104;MQ0F=0;AC=2;AN=2;DP4=0,0,8,0;MQ=60;RB=4,133603448,133603962,CCT,CCG
17	80857226	NA	CGT	C	71	MASKED;CCTCAGTGCGTGTCCGCA	INDEL;IDV=9;IMF=1;DP=9;VDB=1.33331e-05;SGB=-0.651104;MQ0F=0;AC=2;AN=2;DP4=0,0,0,8;MQ=60;RB=17,80857008,80857358,TAT,ATT
X	145557712	NA	CGT	C	128	MASKED;TGTGTGTGCGTGTGTGTG	INDEL;IDV=5;IMF=1;DP=5;VDB=0.00187095;SGB=-0.590765;MQ0F=0;AC=2;AN=2;DP4=0,0,0,5;MQ=60;RB=X,145557295,145557732,GTT,GCC
17	52129433	NA	ATT	A	23.434	MASKED;GAGATGTGATTTTTTTTT	INDEL;IDV=4;IMF=1;DP=4;VDB=0.0058656;SGB=-0.556411;MQ0F=0;AC=2;AN=2;DP4=0,0,4,0;MQ=60;RB=17,52129305,52129838,GGG,AGT
1	193834773	NA	T	TTCTAGAAGAC	95	NEI_IND[28/383];TGTTTTTGTTATGTTAAT	INDEL;IDV=8;IMF=1;DP=8;VDB=1.33331e-05;SGB=-0.651104;MQ0F=0;AC=2;AN=2;DP4=0,0,8,0;MQ=60;RB=1,193834681,193835041,TGT,ACC
9	119760868	NA	CCATG	C	225	MASKED;CCATACATCCATGCATCC	INDEL;IDV=10;IMF=1;DP=10;VDB=6.99472e-07;SGB=-0.670168;MQ0F=0;AC=2;AN=2;DP4=0,0,0,10;MQ=60;RB=9,119760242,119760886,CGT,TCA
18	64185467	NA	C	CATAT	225	PASS;ATTCATTACTTATTTATT	INDEL;IDV=8;IMF=1;DP=8;VDB=1.33331e-05;SGB=-0.651104;MQ0F=0;AC=2;AN=2;DP4=0,0,0,8;MQ=60;RB=18,64185173,64185521,CCA,CCG
