CHROM	POS	ID	REF	ALT	QUAL	FILTER	INFO
17	59663573	NA	G	GC	70	PASS;AATCCTTAGCCCTTTTAT	INDEL;IDV=4;IMF=1;DP=4;VDB=0.0058656;SGB=-0.556411;MQ0F=0;AC=2;AN=2;DP4=0,0,4,0;MQ=60;RB=17,59663536,59663839,ACT,CTG
8	15322363	NA	C	CT	7.30725	PASS;CTTGAAGACTTTTTTTTT	INDEL;IDV=5;IMF=1;DP=5;VDB=0.00187095;SGB=-0.590765;MQ0F=0;AC=2;AN=2;DP4=0,0,0,5;MQ=60;RB=8,15321979,15322410,GTT,CGA
11	56225954	NA	GA	G	11.7169	PASS;CAGAATTAGAAAAAAACG	INDEL;IDV=4;IMF=1;DP=4;VDB=0.0058656;SGB=-0.556411;MQ0F=0;AC=2;AN=2;DP4=0,0,0,4;MQ=60;RB=11,56225745,56225978,TAT,TTT
8	71802229	NA	CA	C	81	PASS;GGAATCTACAAACTGCTT	INDEL;IDV=5;IMF=1;DP=5;VDB=0.00187095;SGB=-0.590765;MQ0F=0;AC=2;AN=2;DP4=0,0,5,0;MQ=60;RB=8,71802109,71802387,GGC,AGA
1	18800822	NA	C	CAAA	22.4433	NEI_IND[22/373];CTGTCTCACAAAAAAAAA	INDEL;IDV=5;IMF=0.833333;DP=6;VDB=0.00187095;SGB=-0.590765;MQ0F=0;AC=2;AN=2;DP4=0,0,5,0;MQ=60;RB=1,18800787,18801126,GTT,CCA
1	18801000	NA	CTCTCTCTG	C	205	NEI_IND[20/420];CTCTGTCTCTCTCTCTGT	INDEL;IDV=6;IMF=1;DP=6;VDB=0.000411984;SGB=-0.616816;MQ0F=0;AC=2;AN=2;DP4=0,0,0,6;MQ=60;RB=1,18800787,18801126,GTT,CCA
1	18801089	NA	T	TGTGTGGGTGTGC	205	NEI_IND[15/316];AGGTGAGATGTGTGGGTG	INDEL;IDV=6;IMF=1;DP=6;VDB=0.000411984;SGB=-0.616816;MQ0F=0;AC=2;AN=2;DP4=0,0,0,6;MQ=60;RB=1,18800787,18801126,GTT,CCA
4	124053770	NA	TGTGC	T	154	MASKED;TATATATATGTGCATATA	INDEL;IDV=5;IMF=1;DP=5;VDB=0.0058656;SGB=-0.556411;MQ0F=0;AC=2;AN=2;DP4=0,0,0,4;MQ=60;RB=4,124053298,124053782,GTC,TGG
10	16012285	NA	GATT	GT,G	61	NEI_IND[4/396];CATTAAGAGATTTTTTTT	INDEL;IDV=10;IMF=0.833333;DP=11;VDB=1.64442e-05;SGB=-0.636426;MQ0F=0;AC=1,1;AN=2;DP4=0,1,0,7;MQ=60;RB=10,16011916,16012337,GAC,AGA
13	62031876	NA	AC	A	102	PASS;GTTTAGCAACCATTTTTT	INDEL;IDV=6;IMF=1;DP=6;VDB=0.000411984;SGB=-0.616816;MQ0F=0;AC=2;AN=2;DP4=0,0,0,6;MQ=60;RB=13,62031585,62031923,GTT,TTA
12	17413807	NA	C	CACAT	111	NEI_IND[26/330];TACATACACATATGTACA	INDEL;IDV=7;IMF=1;DP=7;VDB=6.71664e-05;SGB=-0.636426;MQ0F=0;AC=2;AN=2;DP4=0,0,7,0;MQ=60;RB=12,17413729,17413972,GAA,GCC
18	38797711	NA	CATGT	C	69	NEI_IND[6/304];TGTGTGTGCATGTGTGTG	INDEL;IDV=4;IMF=1;DP=4;VDB=0.0058656;SGB=-0.556411;MQ0F=0;AC=2;AN=2;DP4=0,0,4,0;MQ=60;RB=18,38797701,38798057,GGA,CCT
9	1947015	NA	C	CT	137	PASS;CAATTTTCCTCCTTTCTT	INDEL;IDV=7;IMF=1;DP=7;VDB=6.71664e-05;SGB=-0.636426;MQ0F=0;AC=2;AN=2;DP4=0,0,7,0;MQ=60;RB=9,1946993,1947474,CTA,CTT
9	1947095	NA	G	GAGA	37.4152	PASS;GGGCTGTAGAAAAAAATA	INDEL;IDV=7;IMF=1;DP=7;VDB=0.00187095;SGB=-0.590765;MQ0F=0;AC=2;AN=2;DP4=0,0,5,0;MQ=60;RB=9,1946993,1947474,CTA,CTT
9	6397603	NA	AG	A	106	PASS;AGAAAGAAAGAAAGAAAA	INDEL;IDV=7;IMF=1;DP=7;VDB=0.000411984;SGB=-0.616816;MQ0F=0;AC=2;AN=2;DP4=0,0,6,0;MQ=60;RB=9,6397468,6397994,TAG,GTC
8	55712714	NA	GA	G	101	PASS;ACTTTGAAGAAGTCAATT	INDEL;IDV=6;IMF=1;DP=6;VDB=0.000411984;SGB=-0.616816;MQ0F=0;AC=2;AN=2;DP4=0,0,0,6;MQ=60;RB=8,55712400,55712737,ACC,GTT
3	11433953	NA	AC	A	131	MASKED;CAAAAAAAACAAAACAAA	INDEL;IDV=9;IMF=1;DP=9;VDB=5.52906e-06;SGB=-0.662043;MQ0F=0;AC=2;AN=2;DP4=0,0,9,0;MQ=60;RB=3,11433822,11434219,TGT,GCT
1	119334616	NA	CA	C	91	PASS;AATAAAATCAAAGCAGAA	INDEL;IDV=6;IMF=1;DP=6;VDB=0.000411984;SGB=-0.616816;MQ0F=0;AC=2;AN=2;DP4=0,0,6,0;MQ=60;RB=1,119334516,119334763,CAG,GAA
11	80231494	NA	ATT	A	70	PASS;GTGAAGTCATTTTTTTCC	INDEL;IDV=5;IMF=1;DP=5;VDB=0.00187095;SGB=-0.590765;MQ0F=0;AC=2;AN=2;DP4=0,0,5,0;MQ=60;RB=11,80231411,80231682,TTT,TCG
5	111146726	NA	AGAGCC	A	154	MASKED;GTAATTATAGAGCCTAAA	INDEL;IDV=4;IMF=1;DP=4;VDB=0.0058656;SGB=-0.556411;MQ0F=0;AC=2;AN=2;DP4=0,0,4,0;MQ=60;RB=5,111146652,111146919,TAT,TGT
18	36776677	NA	CT	C	39.4149	PASS;AATCTAACCTTTTTTCTT	INDEL;IDV=8;IMF=1;DP=8;VDB=1.33331e-05;SGB=-0.651104;MQ0F=0;AC=2;AN=2;DP4=0,0,0,8;MQ=60;RB=18,36776389,36776804,ATA,AAC
12	976992	NA	A	AT	146	PASS;TTTCACATATGAATGTAT	INDEL;IDV=8;IMF=1;DP=8;VDB=1.33331e-05;SGB=-0.651104;MQ0F=0;AC=2;AN=2;DP4=0,0,8,0;MQ=60;RB=12,976972,977337,GGA,AGG
X	145557712	NA	CGT	C	189	MASKED;TGTGTGTGCGTGTGTGTG	INDEL;IDV=11;IMF=1;DP=11;VDB=2.26006e-08;SGB=-0.676189;MQ0F=0;AC=2;AN=2;DP4=0,0,0,11;MQ=60;RB=X,145557295,145557732,GTA,CTC
11	55816691	NA	TGCAC	T	178	MASKED;TGTGTGTGTGCACGTGTG	INDEL;IDV=5;IMF=1;DP=5;VDB=0.00187095;SGB=-0.590765;MQ0F=0;AC=2;AN=2;DP4=0,0,0,5;MQ=60;RB=11,55816387,55816704,ACC,GTT
1	106281587	NA	CT	C	130	PASS;CTATCTATCTATCTATCT	INDEL;IDV=9;IMF=1;DP=9;VDB=5.52906e-06;SGB=-0.662043;MQ0F=0;AC=2;AN=2;DP4=0,0,0,9;MQ=60;RB=1,106281061,106281597,GGC,TTG
9	119760868	NA	CCATG	C	88	MASKED;CCATACATCCATGCATCC	INDEL;IDV=6;IMF=1;DP=6;VDB=0.000411984;SGB=-0.616816;MQ0F=0;AC=2;AN=2;DP4=0,0,0,6;MQ=60;RB=9,119760243,119760886,GGG,GTT
12	22884875	NA	CAT	C	177	PASS;TGTACGAGCATATTGCTG	INDEL;IDV=6;IMF=0.857143;DP=6;VDB=0.000411984;SGB=-0.616816;MQ0F=0;AC=2;AN=2;DP4=0,0,6,0;MQ=60;RB=12,22884765,22885186,TTC,GCC
15	34743039	NA	AG	A	99	PASS;TTAGAAAAAGAACCCTAC	INDEL;IDV=5;IMF=1;DP=5;VDB=0.00187095;SGB=-0.590765;MQ0F=0;AC=2;AN=2;DP4=0,0,0,5;MQ=60;RB=15,34742791,34743059,ACC,AAC
14	76864133	NA	AG	A	38.415	PASS;GGGCAAAAAGGGGGCTTC	INDEL;IDV=5;IMF=1;DP=5;VDB=0.00187095;SGB=-0.590765;MQ0F=0;AC=2;AN=2;DP4=0,0,0,5;MQ=60;RB=14,76863563,76864172,GAT,GTT
14	88637499	NA	GTA	G	152	PASS;CCTATCAAGTATCTTCTC	INDEL;IDV=5;IMF=1;DP=5;VDB=0.00187095;SGB=-0.590765;MQ0F=0;AC=2;AN=2;DP4=0,0,5,0;MQ=60;RB=14,88637419,88638020,ATG,GCA
5	150776221	NA	AT	A	116	MASKED;TGAATGGGATTAAATATG	INDEL;IDV=8;IMF=1;DP=8;VDB=1.33331e-05;SGB=-0.651104;MQ0F=0;AC=2;AN=2;DP4=0,0,0,8;MQ=60;RB=5,150775824,150776238,AAT,GTA
10	30502543	NA	AT	A	123	PASS;AAATATGGATGGTGCTGA	INDEL;IDV=7;IMF=1;DP=7;VDB=6.71664e-05;SGB=-0.636426;MQ0F=0;AC=2;AN=2;DP4=0,0,7,0;MQ=60;RB=10,30502494,30502862,CTT,CCG
12	97771632	NA	TTGTG	T	153	MASKED;TGGGTGTTTTGTGTGTGT	INDEL;IDV=6;IMF=0.857143;DP=6;VDB=0.000411984;SGB=-0.616816;MQ0F=0;AC=2;AN=2;DP4=0,0,6,0;MQ=60;RB=12,97771516,97771809,CCC,GTA
4	161384794	NA	TA	T	123	PASS;TCAAGTGTTAACAGCTTA	INDEL;IDV=8;IMF=1;DP=8;VDB=1.33331e-05;SGB=-0.651104;MQ0F=0;AC=2;AN=2;DP4=0,0,0,8;MQ=60;RB=4,161384466,161384828,AGT,GTA
8	90149865	NA	AG	A	128	MASKED;ACAGACAGAGTAGATAGA	INDEL;IDV=8;IMF=1;DP=8;VDB=1.33331e-05;SGB=-0.651104;MQ0F=0;AC=2;AN=2;DP4=0,0,8,0;MQ=60;RB=8,90149731,90150015,TTG,GGT
12	17413807	NA	C	CACAT	100	NEI_IND[26/330];TACATACACATATGTACA	INDEL;IDV=6;IMF=1;DP=6;VDB=0.000411984;SGB=-0.616816;MQ0F=0;AC=2;AN=2;DP4=0,0,6,0;MQ=60;RB=12,17413729,17413972,GGT,ATC
8	30518679	NA	TCTCA	T	182	NEI_IND[16/339];TCTCTCTCTCTCACACAC	INDEL;IDV=5;IMF=0.833333;DP=5;VDB=0.00187095;SGB=-0.590765;MQ0F=0;AC=2;AN=2;DP4=0,0,5,0;MQ=60;RB=8,30518651,30518930,TGG,TTC
9	6397603	NA	AG	A	115	PASS;AGAAAGAAAGAAAGAAAA	INDEL;IDV=7;IMF=1;DP=7;VDB=6.71664e-05;SGB=-0.636426;MQ0F=0;AC=2;AN=2;DP4=0,0,7,0;MQ=60;RB=9,6397468,6397994,GAC,CAC
4	133603470	NA	CAT	C	150	MASKED;TACACACACATATATATC	INDEL;IDV=6;IMF=1;DP=6;VDB=0.000411984;SGB=-0.616816;MQ0F=0;AC=2;AN=2;DP4=0,0,6,0;MQ=60;RB=4,133603448,133603962,ATT,TAG
4	133603522	NA	TTATA	T	203	NEI_IND[41/287];CTGTATGTTTATATATAT	INDEL;IDV=6;IMF=1;DP=6;VDB=0.000411984;SGB=-0.616816;MQ0F=0;AC=2;AN=2;DP4=0,0,6,0;MQ=60;RB=4,133603448,133603962,ATT,TAG
10	58252013	NA	TG	T	124	MASKED;ACTTTTTTTGTTGTTTTT	INDEL;IDV=7;IMF=1;DP=7;VDB=6.71664e-05;SGB=-0.636426;MQ0F=0;AC=2;AN=2;DP4=0,0,0,7;MQ=60;RB=10,58251733,58252055,AGA,TGA
1	6986749	NA	T	TTCCCTCCG	153	NEI_IND[7/315];TTCCTTCCTTCCCTCCTT	INDEL;IDV=4;IMF=1;DP=4;VDB=0.0058656;SGB=-0.556411;MQ0F=0;AC=2;AN=2;DP4=0,0,0,4;MQ=60;RB=1,6986319,6986841,TAT,TTC
1	106281587	NA	CT	C	80	MASKED;CTATCTATCTATCTATCT	INDEL;IDV=4;IMF=1;DP=4;VDB=0.0058656;SGB=-0.556411;MQ0F=0;AC=2;AN=2;DP4=0,0,0,4;MQ=60;RB=1,106281060,106281598,TCA,GAT
1	193834773	NA	T	TTCTAGAAGAC	45.4146	NEI_IND[28/383];TGTTTTTGTTATGTTAAT	INDEL;IDV=7;IMF=1;DP=7;VDB=0.000411984;SGB=-0.616816;MQ0F=0;AC=2;AN=2;DP4=0,0,6,0;MQ=60;RB=1,193834681,193835042,GTT,TAT
X	5317233	NA	G	GT	147	PASS;TAAACTAAGTGTTATGAT	INDEL;IDV=9;IMF=1;DP=9;VDB=5.52906e-06;SGB=-0.662043;MQ0F=0;AC=2;AN=2;DP4=0,0,0,9;MQ=60;RB=X,5316986,5317292,TTT,TGG
1	193834773	NA	T	TTCTAGAAGAC	77	NEI_IND[28/383];TGTTTTTGTTATGTTAAT	INDEL;IDV=7;IMF=1;DP=7;VDB=6.71664e-05;SGB=-0.636426;MQ0F=0;AC=2;AN=2;DP4=0,0,7,0;MQ=60;RB=1,193834681,193835042,GCT,GTA
X	145557712	NA	CGT	C	145	MASKED;TGTGTGTGCGTGTGTGTG	INDEL;IDV=6;IMF=1;DP=6;VDB=0.000411984;SGB=-0.616816;MQ0F=0;AC=2;AN=2;DP4=0,0,0,6;MQ=60;RB=X,145557295,145557733,TTA,GTT
5	31042954	NA	GATAT	G	225	NEI_IND[4/282];GAAAATGTGATATATATA	INDEL;IDV=12;IMF=0.923077;DP=13;VDB=2.26006e-08;SGB=-0.683931;MQ0F=0;AC=2;AN=2;DP4=0,0,13,0;MQ=60;RB=5,31042835,31043125,ATG,CTT
5	31043032	NA	C	CATAT	225	NEI_IND[13/388];CGCATACACATTTATGTA	INDEL;IDV=12;IMF=0.923077;DP=13;VDB=4.02748e-08;SGB=-0.683931;MQ0F=0;AC=2;AN=2;DP4=0,0,0,13;MQ=60;RB=5,31042835,31043125,ATG,CTT
12	17413807	NA	C	CACAT	118	NEI_IND[26/330];TACATACACATATGTACA	INDEL;IDV=8;IMF=1;DP=8;VDB=1.33331e-05;SGB=-0.651104;MQ0F=0;AC=2;AN=2;DP4=0,0,8,0;MQ=60;RB=12,17413729,17413972,ACT,CCC
8	90149865	NA	AG	A	136	PASS;ACAGACAGAGTAGATAGA	INDEL;IDV=10;IMF=1;DP=10;VDB=6.99472e-07;SGB=-0.670168;MQ0F=0;AC=2;AN=2;DP4=0,0,10,0;MQ=60;RB=8,90149730,90150015,GAT,ACT
1	188562687	NA	T	TAGGTA	93	MASKED;ATGATAGATGATAGATAG	INDEL;IDV=4;IMF=1;DP=4;VDB=0.0058656;SGB=-0.556411;MQ0F=0;AC=2;AN=2;DP4=0,0,0,4;MQ=60;RB=1,188562381,188562806,TGA,GTT
1	116265875	NA	A	ATATC	44.4146	PASS;ATCTCTCTATATCTATCT	INDEL;IDV=5;IMF=0.833333;DP=6;VDB=0.00187095;SGB=-0.590765;MQ0F=0;AC=2;AN=2;DP4=0,0,5,0;MQ=60;RB=1,116265778,116266042,GGA,GCT
2	89879576	NA	GAATCTACCTGTGTGC	G	205	NEI_IND[8/574];ATGGAATGGAATCTACCT	INDEL;IDV=6;IMF=1;DP=6;VDB=0.000481013;SGB=-0.616816;MQ0F=0;AC=2;AN=2;DP4=0,0,0,6;MQ=60;RB=2,89879273,89879617,TGT,AGC
5	31042954	NA	GATAT	G	225	NEI_IND[4/282];GAAAATGTGATATATATA	INDEL;IDV=8;IMF=1;DP=8;VDB=1.33331e-05;SGB=-0.651104;MQ0F=0;AC=2;AN=2;DP4=0,0,8,0;MQ=60;RB=5,31042834,31043124,GAT,AAC
5	31043032	NA	C	CATAT	220	NEI_IND[13/388];CGCATACACATTTATGTA	INDEL;IDV=7;IMF=1;DP=7;VDB=9.50611e-05;SGB=-0.636426;MQ0F=0;AC=2;AN=2;DP4=0,0,0,7;MQ=60;RB=5,31042834,31043124,GAT,AAC
1	82666458	NA	GA	G	32.4168	PASS;GAAAGGCAGAAAAAAGAA	INDEL;IDV=7;IMF=1;DP=7;VDB=0.000411984;SGB=-0.616816;MQ0F=0;AC=2;AN=2;DP4=0,0,6,0;MQ=60;RB=1,82666410,82666997,ATC,GAA
1	106281587	NA	CT	C	96	PASS;CTATCTATCTATCTATCT	INDEL;IDV=5;IMF=1;DP=5;VDB=0.00187095;SGB=-0.590765;MQ0F=0;AC=2;AN=2;DP4=0,0,0,5;MQ=60;RB=1,106281060,106281597,TCA,CGG
12	23263055	NA	T	TA	25.4267	NEI_IND[23/497];TAAATAAATAATAAATAA	INDEL;IDV=9;IMF=1;DP=9;VDB=1.33331e-05;SGB=-0.651104;MQ0F=0;AC=2;AN=2;DP4=0,0,8,0;MQ=60;RB=12,23262932,23263291,TTT,CTC
11	26320649	NA	AAAGAG	A	182	PASS;TAAGAAATAAAGAGAAGA	INDEL;IDV=5;IMF=1;DP=5;VDB=0.00187095;SGB=-0.590765;MQ0F=0;AC=2;AN=2;DP4=0,0,0,5;MQ=60;RB=11,26320037,26320684,TAA,AAC
6	65988260	NA	AT	A	63	PASS;GAATATATATTATATATA	INDEL;IDV=9;IMF=0.9;DP=10;VDB=5.52906e-06;SGB=-0.662043;MQ0F=0;AC=2;AN=2;DP4=0,0,9,0;MQ=60;RB=6,65988126,65988402,CGA,AAA
6	65988284	NA	A	ATT	207	NEI_IND[25/319];AGAAATGTATTTTATATA	INDEL;IDV=10;IMF=1;DP=10;VDB=6.99472e-07;SGB=-0.670168;MQ0F=0;AC=2;AN=2;DP4=0,0,0,10;MQ=60;RB=6,65988126,65988402,CGA,AAA
4	160280783	NA	AT	A	71	PASS;AGCTTCAAATTTTAAAAG	INDEL;IDV=13;IMF=1;DP=13;VDB=6.71664e-05;SGB=-0.636426;MQ0F=0;AC=2;AN=2;DP4=0,0,7,0;MQ=60;RB=4,160280655,160280922,CGC,CGG
8	5186525	NA	TC	T	68	NEI_IND[13/403];ATTTCTTTTCTTATTTTC	INDEL;IDV=4;IMF=1;DP=4;VDB=0.0058656;SGB=-0.556411;MQ0F=0;AC=2;AN=2;DP4=0,0,0,4;MQ=60;RB=8,5186155,5186660,TGT,CCG
7	52330403	NA	CA	C	94	PASS;TCAGCTATCACTCCTTTC	INDEL;IDV=8;IMF=1;DP=8;VDB=1.33331e-05;SGB=-0.651104;MQ0F=0;AC=2;AN=2;DP4=0,0,0,8;MQ=60;RB=7,52330244,52330518,CCG,CCT
12	121780666	NA	GA	G	45.4146	PASS;CTCAAAAAGAAAAGATCA	INDEL;IDV=4;IMF=1;DP=4;VDB=0.0058656;SGB=-0.556411;MQ0F=0;AC=2;AN=2;DP4=0,0,4,0;MQ=60;RB=12,121780629,121780862,GTC,TGG
1	106281587	NA	CT	C	109	MASKED;CTATCTATCTATCTATCT	INDEL;IDV=6;IMF=1;DP=6;VDB=0.000411984;SGB=-0.616816;MQ0F=0;AC=2;AN=2;DP4=0,0,0,6;MQ=60;RB=1,106281060,106281598,TTA,CCT
9	7198174	NA	TC	T	22.4391	NEI_IND[25/293];TTTTCTTTTCCTTTCTTT	INDEL;IDV=3;IMF=1;DP=3;VDB=0.02;SGB=-0.453602;MQ0F=0;AC=2;AN=2;DP4=0,0,2,0;MQ=60;RB=9,7198090,7198377,TCG,GTT
5	119054472	NA	CGTT	C	225	MASKED;AGCTGTGGCGTTGTGCCT	INDEL;IDV=9;IMF=1;DP=9;VDB=5.52906e-06;SGB=-0.662043;MQ0F=0;AC=2;AN=2;DP4=0,0,9,0;MQ=60;RB=5,119054363,119054727,AAT,CCC
1	188562687	NA	T	TAGGTA	72	MASKED;ATGATAGATGATAGATAG	INDEL;IDV=4;IMF=1;DP=4;VDB=0.0221621;SGB=-0.511536;MQ0F=0;AC=2;AN=2;DP4=0,0,0,3;MQ=60;RB=1,188562381,188562806,CCA,CCT
6	137971217	NA	CAT	C	109	MASKED;TATCTATACATATATATA	INDEL;IDV=4;IMF=1;DP=4;VDB=0.0058656;SGB=-0.556411;MQ0F=0;AC=2;AN=2;DP4=0,0,0,4;MQ=60;RB=6,137970450,137971243,AGG,GCG
3	16961752	NA	A	AG	120	PASS;GGCAACAGAGGATATTAT	INDEL;IDV=6;IMF=1;DP=6;VDB=0.000411984;SGB=-0.616816;MQ0F=0;AC=2;AN=2;DP4=0,0,6,0;MQ=60;RB=3,16961675,16962144,GTC,CGT
13	79713558	NA	A	AT	32.4168	PASS;TAGTTTAGATTTTTTAAT	INDEL;IDV=6;IMF=1;DP=6;VDB=0.000411984;SGB=-0.616816;MQ0F=0;AC=2;AN=2;DP4=0,0,6,0;MQ=60;RB=13,79713546,79713919,TTG,GGT
12	97771632	NA	TTGTG	T	164	MASKED;TGGGTGTTTTGTGTGTGT	INDEL;IDV=5;IMF=0.714286;DP=5;VDB=0.00187095;SGB=-0.590765;MQ0F=0;AC=2;AN=2;DP4=0,0,5,0;MQ=60;RB=12,97771516,97771808,TCG,CGC
11	132209937	NA	TG	T	120	PASS;CATTTGTTTGATTAGAAC	INDEL;IDV=7;IMF=1;DP=7;VDB=6.71664e-05;SGB=-0.636426;MQ0F=0;AC=2;AN=2;DP4=0,0,7,0;MQ=60;RB=11,132209814,132210202,TGA,TCT
8	90149865	NA	AG	A	135	MASKED;ACAGACAGAGTAGATAGA	INDEL;IDV=9;IMF=1;DP=9;VDB=5.52906e-06;SGB=-0.662043;MQ0F=0;AC=2;AN=2;DP4=0,0,9,0;MQ=60;RB=8,90149731,90150014,TCG,GCC
14	103403370	NA	C	CA	26.4242	PASS;AAAAAAAACAAAAAAATT	INDEL;IDV=8;IMF=1;DP=8;VDB=1.33331e-05;SGB=-0.651104;MQ0F=0;AC=2;AN=2;DP4=0,0,0,8;MQ=60;RB=14,103403168,103403425,AGC,CCT
12	17413807	NA	C	CACAT	117	NEI_IND[26/330];TACATACACATATGTACA	INDEL;IDV=8;IMF=1;DP=8;VDB=1.33331e-05;SGB=-0.651104;MQ0F=0;AC=2;AN=2;DP4=0,0,8,0;MQ=60;RB=12,17413729,17413973,CTT,CGT
2	71799356	NA	AGCACAT	A	205	NEI_IND[22/411];TCACACCCAGCACATGCA	INDEL;IDV=6;IMF=1;DP=6;VDB=0.000411984;SGB=-0.616816;MQ0F=0;AC=2;AN=2;DP4=0,0,6,0;MQ=60;RB=2,71799344,71799557,ATT,TTA
8	90149865	NA	AG	A	128	PASS;ACAGACAGAGTAGATAGA	INDEL;IDV=8;IMF=1;DP=8;VDB=1.33331e-05;SGB=-0.651104;MQ0F=0;AC=2;AN=2;DP4=0,0,8,0;MQ=60;RB=8,90149730,90150015,TTT,GGT
6	137971217	NA	CAT	C	171	MASKED;TATCTATACATATATATA	INDEL;IDV=8;IMF=1;DP=8;VDB=1.33331e-05;SGB=-0.651104;MQ0F=0;AC=2;AN=2;DP4=0,0,0,8;MQ=60;RB=6,137970449,137971243,CGT,TCG
13	24916030	NA	AGTGT	A	211	MASKED;AACAGGTGAGTGTGTGTG	INDEL;IDV=8;IMF=1;DP=8;VDB=1.33331e-05;SGB=-0.651104;MQ0F=0;AC=2;AN=2;DP4=0,0,8,0;MQ=60;RB=13,24915909,24916440,ACT,TGC
12	15564238	NA	CA	C	36.4154	PASS;TGTCTACACAAAAAACTT	INDEL;IDV=7;IMF=1;DP=7;VDB=6.71664e-05;SGB=-0.636426;MQ0F=0;AC=2;AN=2;DP4=0,0,0,7;MQ=60;RB=12,15563908,15564287,CAC,ATG
3	18259205	NA	TTA	T	45.4146	PASS;GAAAGTGTTTACACATAG	INDEL;IDV=7;IMF=1;DP=7;VDB=6.71664e-05;SGB=-0.636426;MQ0F=0;AC=2;AN=2;DP4=0,0,0,7;MQ=60;RB=3,18258996,18259266,GTG,CTC
X	145557712	NA	CGT	C	128	MASKED;TGTGTGTGCGTGTGTGTG	INDEL;IDV=5;IMF=1;DP=5;VDB=0.00187095;SGB=-0.590765;MQ0F=0;AC=2;AN=2;DP4=0,0,0,5;MQ=60;RB=X,145557295,145557733,GGT,GAA
2	22538020	NA	TC	T	112	PASS;TTTTCCTCTCTTTTTGCC	INDEL;IDV=6;IMF=1;DP=6;VDB=0.000411984;SGB=-0.616816;MQ0F=0;AC=2;AN=2;DP4=0,0,0,6;MQ=60;RB=2,22537804,22538038,GTT,GTG
2	71799356	NA	AGCACAT	A	182	NEI_IND[22/411];TCACACCCAGCACATGCA	INDEL;IDV=5;IMF=1;DP=5;VDB=0.00187095;SGB=-0.590765;MQ0F=0;AC=2;AN=2;DP4=0,0,5,0;MQ=60;RB=2,71799344,71799557,CCT,AAA
12	17413807	NA	C	CACAT	100	NEI_IND[26/330];TACATACACATATGTACA	INDEL;IDV=7;IMF=1;DP=7;VDB=0.000411984;SGB=-0.616816;MQ0F=0;AC=2;AN=2;DP4=0,0,6,0;MQ=60;RB=12,17413729,17413973,CTT,GTT
1	8193635	NA	CG	C	81	PASS;TTCTCTAACGGGTTCACA	INDEL;IDV=5;IMF=1;DP=5;VDB=0.00187095;SGB=-0.590765;MQ0F=0;AC=2;AN=2;DP4=0,0,5,0;MQ=60;RB=1,8193607,8194169,TGG,TAT
5	31042954	NA	GATAT	G	224	NEI_IND[4/282];GAAAATGTGATATATATA	INDEL;IDV=7;IMF=1;DP=7;VDB=6.71664e-05;SGB=-0.636426;MQ0F=0;AC=2;AN=2;DP4=0,0,7,0;MQ=60;RB=5,31042834,31043124,GCT,GGC
5	31043032	NA	C	CATAT	220	NEI_IND[13/388];CGCATACACATTTATGTA	INDEL;IDV=7;IMF=1;DP=7;VDB=6.71664e-05;SGB=-0.636426;MQ0F=0;AC=2;AN=2;DP4=0,0,0,7;MQ=60;RB=5,31042834,31043124,GCT,GGC
9	7198174	NA	TC	T	69	NEI_IND[25/293];TTTTCTTTTCCTTTCTTT	INDEL;IDV=7;IMF=1;DP=7;VDB=0.00328271;SGB=-0.590765;MQ0F=0;AC=2;AN=2;DP4=0,0,5,0;MQ=60;RB=9,7198089,7198377,GCT,GGA
9	7198174	NA	TC	T	65	NEI_IND[25/293];TTTTCTTTTCCTTTCTTT	INDEL;IDV=6;IMF=1;DP=6;VDB=0.00187095;SGB=-0.590765;MQ0F=0;AC=2;AN=2;DP4=0,0,5,0;MQ=60;RB=9,7198090,7198377,CTG,GAT
12	17413807	NA	C	CACAT	117	NEI_IND[26/330];TACATACACATATGTACA	INDEL;IDV=8;IMF=1;DP=8;VDB=1.33331e-05;SGB=-0.651104;MQ0F=0;AC=2;AN=2;DP4=0,0,8,0;MQ=60;RB=12,17413729,17413972,GCT,CCG
12	97771632	NA	TTGTGTG	TTG,T	182	MASKED;TGGGTGTTTTGTGTGTGT	INDEL;IDV=6;IMF=1;DP=6;VDB=0.000411984;SGB=-0.616816;MQ0F=0;AC=1,1;AN=2;DP4=0,0,6,0;MQ=60;RB=12,97771516,97771808,ACG,TCC
4	156628140	NA	GT	G	81	PASS;AAGAATAGGTTTCTTTCA	INDEL;IDV=6;IMF=1;DP=6;VDB=0.00187095;SGB=-0.590765;MQ0F=0;AC=2;AN=2;DP4=0,0,5,0;MQ=60;RB=4,156628131,156628461,CTC,TGA
12	17413807	NA	C	CACAT	113	NEI_IND[26/330];TACATACACATATGTACA	INDEL;IDV=7;IMF=1;DP=7;VDB=6.71664e-05;SGB=-0.636426;MQ0F=0;AC=2;AN=2;DP4=0,0,7,0;MQ=60;RB=12,17413729,17413973,TTA,GCT
18	4618225	NA	G	GT	131	PASS;AAAAATATGTAAATCATT	INDEL;IDV=8;IMF=1;DP=8;VDB=1.92178e-05;SGB=-0.651104;MQ0F=0;AC=2;AN=2;DP4=0,0,0,8;MQ=60;RB=18,4617897,4618321,AAT,TTG
6	154513486	NA	GTATGCA	G	154	NEI_IND[12/386];GTGTGTGTGTATGCATGT	INDEL;IDV=4;IMF=1;DP=4;VDB=0.0058656;SGB=-0.556411;MQ0F=0;AC=2;AN=2;DP4=0,0,0,4;MQ=60;RB=6,154513241,154513502,GGA,TTT
20	4380951	NA	TGTGTGTGTGTATACAC	T	182	MASKED;TGTATGTATGTGTGTGTG	INDEL;IDV=5;IMF=1;DP=5;VDB=0.00187095;SGB=-0.590765;MQ0F=0;AC=2;AN=2;DP4=0,0,0,5;MQ=60;RB=20,4380412,4381053,TCG,CGA
10	90768538	NA	T	TTGA	225	PASS;TGTGACTGTTGATATAAG	INDEL;IDV=8;IMF=1;DP=8;VDB=1.33331e-05;SGB=-0.651104;MQ0F=0;AC=2;AN=2;DP4=0,0,0,8;MQ=60;RB=10,90768192,90768566,CCA,CTG
5	77313129	NA	A	ACC	5.04449	PASS;GCCTTCCCACCCCCCTTT	INDEL;IDV=9;IMF=1;DP=9;SGB=-0.379885;MQ0F=0;AC=2;AN=2;DP4=0,0,0,1;MQ=60;RB=5,77312924,77313222,TTG,ACA
18	73583030	NA	AAAG	A	223	MASKED;AAAGAAAGAAAGAAAGAA	INDEL;IDV=8;IMF=1;DP=8;VDB=1.60207e-05;SGB=-0.651104;MQ0F=0;AC=2;AN=2;DP4=0,0,8,0;MQ=60;RB=18,73582897,73583317,TGC,TGC
18	31107825	NA	AG	A	136	PASS;TGCTGTAAAGAAACTCTT	INDEL;IDV=8;IMF=1;DP=8;VDB=1.33331e-05;SGB=-0.651104;MQ0F=0;AC=2;AN=2;DP4=0,0,0,8;MQ=60;RB=18,31107453,31107873,TAA,TAT
8	15340827	NA	TTG	T	96	NEI_IND[14/411];CACTGTTTTTGTTGTTGT	INDEL;IDV=6;IMF=1;DP=6;VDB=0.000411984;SGB=-0.616816;MQ0F=0;AC=2;AN=2;DP4=0,0,6,0;MQ=60;RB=8,15340701,15340994,AAA,GCC
7	122641276	NA	TAA	T	21.4454	NEI_IND[6/288];TATAATTATAAATTATGT	INDEL;IDV=9;IMF=1;DP=9;SGB=-0.379885;MQ0F=0;AC=2;AN=2;DP4=0,0,1,0;MQ=60;RB=7,122641182,122641561,CCG,CTT
1	193834773	NA	T	TTCTAGAAGAC	75	NEI_IND[28/383];TGTTTTTGTTATGTTAAT	INDEL;IDV=4;IMF=1;DP=4;VDB=0.0058656;SGB=-0.556411;MQ0F=0;AC=2;AN=2;DP4=0,0,4,0;MQ=60;RB=1,193834681,193835042,TAT,TCA
8	81387576	NA	TG	T	89	PASS;CTAGAACCTGGGAGGCGG	INDEL;IDV=6;IMF=1;DP=6;VDB=0.000411984;SGB=-0.616816;MQ0F=0;AC=2;AN=2;DP4=0,0,0,6;MQ=60;RB=8,81386892,81387589,TTT,CAT
1	193834773	NA	T	TTCTAGAAGAC	106	NEI_IND[28/383];TGTTTTTGTTATGTTAAT	INDEL;IDV=10;IMF=1;DP=10;VDB=0.00187095;SGB=-0.590765;MQ0F=0;AC=2;AN=2;DP4=0,0,5,0;MQ=60;RB=1,193834681,193835042,TAT,CCT
1	188562687	NA	T	TAGGTA	173	MASKED;ATGATAGATGATAGATAG	INDEL;IDV=11;IMF=1;DP=11;VDB=2.26006e-08;SGB=-0.676189;MQ0F=0;AC=2;AN=2;DP4=0,0,0,11;MQ=60;RB=1,188562381,188562806,TTA,GAT
1	188562687	NA	T	TAGGTA	115	MASKED;ATGATAGATGATAGATAG	INDEL;IDV=5;IMF=1;DP=5;VDB=0.00187095;SGB=-0.590765;MQ0F=0;AC=2;AN=2;DP4=0,0,0,5;MQ=60;RB=1,188562381,188562806,ATT,GCT
1	193834773	NA	T	TTCTAGAAGAC	72	NEI_IND[28/383];TGTTTTTGTTATGTTAAT	INDEL;IDV=6;IMF=1;DP=6;VDB=0.0058656;SGB=-0.556411;MQ0F=0;AC=2;AN=2;DP4=0,0,4,0;MQ=60;RB=1,193834681,193835042,AAT,GTT
5	7813919	NA	CT	C	124	PASS;AATAATTTCTCAAGGAGC	INDEL;IDV=7;IMF=1;DP=7;VDB=6.71664e-05;SGB=-0.636426;MQ0F=0;AC=2;AN=2;DP4=0,0,0,7;MQ=60;RB=5,7813527,7813940,GGT,ACC
2	133824604	NA	TTA	T	97	MASKED;TTTATTTTTTATTTTTTT	INDEL;IDV=6;IMF=1;DP=6;VDB=0.000411984;SGB=-0.616816;MQ0F=0;AC=2;AN=2;DP4=0,0,6,0;MQ=60;RB=2,133824474,133824781,CTG,CCT
4	60687082	NA	CAAAAAAAAAAAAAAA	C,CA	61	MASKED;CTTCCGCTCAAAAAAAAA	INDEL;IDV=6;IMF=1;DP=6;VDB=0.00104653;SGB=-0.616816;MQ0F=0;AC=1,1;AN=2;DP4=0,0,0,6;MQ=60;RB=4,60686816,60687185,AAT,CGT
10	10870669	NA	CT	C	86	MASKED;TTTGGTCACTCATTTATA	INDEL;IDV=4;IMF=1;DP=4;VDB=0.0058656;SGB=-0.556411;MQ0F=0;AC=2;AN=2;DP4=0,0,4,0;MQ=60;RB=10,10870588,10870818,GGT,CTG
2	32979132	NA	CT	C	132	PASS;AAGCAAGACTCCATCTCA	INDEL;IDV=8;IMF=1;DP=8;VDB=1.33331e-05;SGB=-0.651104;MQ0F=0;AC=2;AN=2;DP4=0,0,8,0;MQ=60;RB=2,32979106,32979458,ACT,ATG
18	72508917	NA	A	AG	96	PASS;GTTTGACAAGACCTGCTA	INDEL;IDV=5;IMF=1;DP=5;VDB=0.00187095;SGB=-0.590765;MQ0F=0;AC=2;AN=2;DP4=0,0,0,5;MQ=60;RB=18,72508684,72508939,GAT,TTA
4	124053770	NA	TGTGC	T	154	MASKED;TATATATATGTGCATATA	INDEL;IDV=4;IMF=1;DP=4;VDB=0.0058656;SGB=-0.556411;MQ0F=0;AC=2;AN=2;DP4=0,0,0,4;MQ=60;RB=4,124053297,124053785,GAA,CAA
1	106281587	NA	CT	C	96	PASS;CTATCTATCTATCTATCT	INDEL;IDV=5;IMF=1;DP=5;VDB=0.00187095;SGB=-0.590765;MQ0F=0;AC=2;AN=2;DP4=0,0,0,5;MQ=60;RB=1,106281060,106281597,TCA,TGG
18	38797711	NA	CATGT	C	69	NEI_IND[6/304];TGTGTGTGCATGTGTGTG	INDEL;IDV=4;IMF=1;DP=4;VDB=0.0058656;SGB=-0.556411;MQ0F=0;AC=2;AN=2;DP4=0,0,4,0;MQ=60;RB=18,38797701,38798056,GGA,AGG
3	96037572	NA	TGA	T	214	MASKED;TGTGTGTGTGAGTGTGTG	INDEL;IDV=10;IMF=1;DP=10;VDB=6.99472e-07;SGB=-0.670168;MQ0F=0;AC=2;AN=2;DP4=0,0,10,0;MQ=60;RB=3,96037552,96038159,TTT,GAG
1	188562687	NA	T	TAGGTA	127	MASKED;ATGATAGATGATAGATAG	INDEL;IDV=6;IMF=1;DP=6;VDB=0.000411984;SGB=-0.616816;MQ0F=0;AC=2;AN=2;DP4=0,0,0,6;MQ=60;RB=1,188562381,188562806,CTA,AAT
9	7198174	NA	TC	T	72	NEI_IND[25/293];TTTTCTTTTCCTTTCTTT	INDEL;IDV=10;IMF=1;DP=10;VDB=0.00291733;SGB=-0.616816;MQ0F=0;AC=2;AN=2;DP4=0,0,6,0;MQ=60;RB=9,7198089,7198377,GTT,ATT
1	183256442	NA	AC	A	124	PASS;AAGGTCATACAAACACAA	INDEL;IDV=7;IMF=1;DP=7;VDB=6.71664e-05;SGB=-0.636426;MQ0F=0;AC=2;AN=2;DP4=0,0,7,0;MQ=60;RB=1,183256413,183256685,ACC,TAC
21	19075836	NA	AATGT	AGT,A	70	NEI_IND[44/338];TAACACAGAATGTGTGTG	INDEL;IDV=3;IMF=0.75;DP=3;VDB=0.0588947;SGB=-0.511536;MQ0F=0;AC=1,1;AN=2;DP4=0,0,0,3;MQ=60;RB=21,19075353,19075941,CTA,TCA
9	7198174	NA	TC	T	62	NEI_IND[25/293];TTTTCTTTTCCTTTCTTT	INDEL;IDV=8;IMF=1;DP=8;VDB=0.0207102;SGB=-0.590765;MQ0F=0;AC=2;AN=2;DP4=0,0,5,0;MQ=60;RB=9,7198089,7198377,TTA,GCA
9	7198174	NA	TC	T	19.4636	NEI_IND[25/293];TTTTCTTTTCCTTTCTTT	INDEL;IDV=3;IMF=0.75;DP=4;VDB=0.02;SGB=-0.453602;MQ0F=0;AC=2;AN=2;DP4=0,0,2,0;MQ=60;RB=9,7198090,7198376,TTC,TCG
10	67087028	NA	CGCG	C	107	MASKED;TCTCCCCCCGCGCCCCCC	INDEL;IDV=4;IMF=1;DP=4;VDB=0.0058656;SGB=-0.556411;MQ0F=0;AC=2;AN=2;DP4=0,0,4,0;MQ=60;RB=10,67086897,67087420,CGT,ATT
8	90149865	NA	AG	A	90	PASS;ACAGACAGAGTAGATAGA	INDEL;IDV=5;IMF=1;DP=5;VDB=0.00187095;SGB=-0.590765;MQ0F=0;AC=2;AN=2;DP4=0,0,5,0;MQ=60;RB=8,90149730,90150015,TGT,ATT
9	7198174	NA	TC	T	61	NEI_IND[25/293];TTTTCTTTTCCTTTCTTT	INDEL;IDV=6;IMF=1;DP=6;VDB=0.0058656;SGB=-0.556411;MQ0F=0;AC=2;AN=2;DP4=0,0,4,0;MQ=58;RB=9,7198089,7198376,TTT,GCC
4	98059034	NA	AG	A	103	PASS;AGCTGAGAAGATCTGGGA	INDEL;IDV=5;IMF=1;DP=5;VDB=0.00187095;SGB=-0.590765;MQ0F=0;AC=2;AN=2;DP4=0,0,0,5;MQ=60;RB=4,98058774,98059133,CCC,AAG
8	5186525	NA	TC	T	111	NEI_IND[13/403];ATTTCTTTTCTTATTTTC	INDEL;IDV=7;IMF=1;DP=7;VDB=6.71664e-05;SGB=-0.636426;MQ0F=0;AC=2;AN=2;DP4=0,0,0,7;MQ=60;RB=8,5186155,5186660,TCT,GGC
8	90149865	NA	AG	A	80	MASKED;ACAGACAGAGTAGATAGA	INDEL;IDV=4;IMF=1;DP=4;VDB=0.0058656;SGB=-0.556411;MQ0F=0;AC=2;AN=2;DP4=0,0,4,0;MQ=60;RB=8,90149731,90150014,TCC,ATG
17	33276123	NA	AAG	A	120	MASKED;GAAAAGAAAAGAGAAAAG	INDEL;IDV=6;IMF=1;DP=6;VDB=0.0058656;SGB=-0.556411;MQ0F=0;AC=2;AN=2;DP4=0,0,4,0;MQ=60;RB=17,33275996,33276439,GCT,TGC
17	33276123	NA	AAG	A	3.22223	MASKED;GAAAAGAAAAGAGAAAAG	INDEL;IDV=8;IMF=1;DP=8;VDB=0.02;SGB=-0.453602;MQ0F=0;AC=2;AN=2;DP4=0,0,2,0;MQ=60;RB=17,33275997,33276439,CCG,TTG
12	84794800	NA	AG	A	22.4391	NEI_IND[38/285];ATATATATAGTATATATA	INDEL;IDV=5;IMF=1;DP=5;VDB=0.0058656;SGB=-0.556411;MQ0F=0;AC=2;AN=2;DP4=0,0,4,0;MQ=60;RB=12,84794707,84795082,ATA,TAC
18	2289668	NA	GT	G	11.7169	MASKED;TTTGTTTTGTTTTTTTGG	INDEL;IDV=4;IMF=1;DP=4;VDB=0.0058656;SGB=-0.556411;MQ0F=0;AC=2;AN=2;DP4=0,0,0,4;MQ=60;RB=18,2289480,2289687,TTG,TGA
5	14643812	NA	GT	G	15.5372	MASKED;GTTTGGGGGTTTTTTTTC	INDEL;IDV=7;IMF=1;DP=7;VDB=6.71664e-05;SGB=-0.636426;MQ0F=0;AC=2;AN=2;DP4=0,0,0,7;MQ=60;RB=5,14643480,14643900,CTT,CTG
1	193834773	NA	T	TTCTAGAAGAC	87	NEI_IND[28/383];TGTTTTTGTTATGTTAAT	INDEL;IDV=7;IMF=1;DP=7;VDB=0.00187095;SGB=-0.590765;MQ0F=0;AC=2;AN=2;DP4=0,0,5,0;MQ=60;RB=1,193834681,193835042,TGT,CTA
9	7198174	NA	TC	T	66	NEI_IND[25/293];TTTTCTTTTCCTTTCTTT	INDEL;IDV=9;IMF=1;DP=9;VDB=0.000287461;SGB=-0.636426;MQ0F=0;AC=2;AN=2;DP4=0,0,7,0;MQ=60;RB=9,7198090,7198377,TTG,AAT
5	96713145	NA	C	CT	24.4299	NEI_IND[14/435];CTATCTATCATCTATCTA	INDEL;IDV=7;IMF=1;DP=7;VDB=0.000411984;SGB=-0.616816;MQ0F=0;AC=2;AN=2;DP4=0,0,6,0;MQ=60;RB=5,96713029,96713544,TGA,TTG
