CHROM	POS	ID	REF	ALT	QUAL	FILTER	INFO
8	15340827	NA	TTG	T	51	NEI_IND[14/411];CACTGTTTTTGTTGTTGT	INDEL;IDV=4;IMF=1;DP=4;VDB=0.0058656;SGB=-0.556411;MQ0F=0;AC=2;AN=2;DP4=0,0,4,0;MQ=60;RB=8,15340701,15340995,GAT,ATA
4	163464948	NA	A	AT	20.4535	PASS;TATTCAGCATTTTTTCAT	INDEL;IDV=4;IMF=1;DP=4;VDB=0.0058656;SGB=-0.556411;MQ0F=0;AC=2;AN=2;DP4=0,0,4,0;MQ=60;RB=4,163464921,163465160,CCT,AAG
3	155370961	NA	TATAG	T	182	MASKED;GATATAGATATAGATATA	INDEL;IDV=5;IMF=1;DP=5;VDB=0.00187095;SGB=-0.590765;MQ0F=0;AC=2;AN=2;DP4=0,0,0,5;MQ=60;RB=3,155370785,155370980,AAA,CCC
12	23263055	NA	T	TA	29.4193	NEI_IND[23/497];TAAATAAATAATAAATAA	INDEL;IDV=11;IMF=0.916667;DP=12;VDB=6.99472e-07;SGB=-0.670168;MQ0F=0;AC=2;AN=2;DP4=0,0,10,0;MQ=60;RB=12,23262933,23263291,AAC,TCC
12	17413807	NA	C	CACAT	69	NEI_IND[26/330];TACATACACATATGTACA	INDEL;IDV=5;IMF=1;DP=5;VDB=0.0058656;SGB=-0.556411;MQ0F=0;AC=2;AN=2;DP4=0,0,4,0;MQ=60;RB=12,17413729,17413972,TAT,TCG
11	11201696	NA	TG	T	126	PASS;AGGAACCCTGCCCGAGGC	INDEL;IDV=8;IMF=1;DP=8;VDB=1.33331e-05;SGB=-0.651104;MQ0F=0;AC=2;AN=2;DP4=0,0,8,0;MQ=60;RB=11,11201668,11202006,GTA,GAA
8	15340827	NA	TTG	T	104	NEI_IND[14/411];CACTGTTTTTGTTGTTGT	INDEL;IDV=8;IMF=1;DP=8;VDB=6.71664e-05;SGB=-0.636426;MQ0F=0;AC=2;AN=2;DP4=0,0,7,0;MQ=60;RB=8,15340701,15340995,GTT,CCA
20	2297086	NA	TA	T	121	NEI_IND[41/451];GCACGCATTAACACCAGT	INDEL;IDV=8;IMF=1;DP=8;VDB=1.33331e-05;SGB=-0.651104;MQ0F=0;AC=2;AN=2;DP4=0,0,0,8;MQ=60;RB=20,2296594,2297145,CGT,ACT
1	106281587	NA	CT	C	140	PASS;CTATCTATCTATCTATCT	INDEL;IDV=10;IMF=1;DP=10;VDB=8.4981e-07;SGB=-0.670168;MQ0F=0;AC=2;AN=2;DP4=0,0,0,10;MQ=60;RB=1,106281061,106281597,TCC,TGG
6	44615913	NA	CCTT	C	225	NEI_IND[32/393];ATCTAGATCCTTCTCCTG	INDEL;IDV=9;IMF=1;DP=9;VDB=5.52906e-06;SGB=-0.662043;MQ0F=0;AC=2;AN=2;DP4=0,0,0,9;MQ=60;RB=6,44615613,44615923,TGT,GTG
1	106281587	NA	CT	C	80	MASKED;CTATCTATCTATCTATCT	INDEL;IDV=4;IMF=1;DP=4;VDB=0.0058656;SGB=-0.556411;MQ0F=0;AC=2;AN=2;DP4=0,0,0,4;MQ=60;RB=1,106281060,106281598,TCA,CAT
X	145557712	NA	CGT	C	120	MASKED;TGTGTGTGCGTGTGTGTG	INDEL;IDV=7;IMF=1;DP=7;VDB=6.71664e-05;SGB=-0.636426;MQ0F=0;AC=2;AN=2;DP4=0,0,0,7;MQ=60;RB=X,145557295,145557733,TTT,TGT
18	73583030	NA	AAAG	A	154	MASKED;AAAGAAAGAAAGAAAGAA	INDEL;IDV=6;IMF=1;DP=6;VDB=0.0058656;SGB=-0.556411;MQ0F=0;AC=2;AN=2;DP4=0,0,4,0;MQ=60;RB=18,73582896,73583317,CTT,TTG
12	17413807	NA	C	CACAT	55	NEI_IND[26/330];TACATACACATATGTACA	INDEL;IDV=4;IMF=1;DP=4;VDB=0.0221621;SGB=-0.511536;MQ0F=0;AC=2;AN=2;DP4=0,0,3,0;MQ=60;RB=12,17413729,17413972,ATA,ACG
2	133824604	NA	TTA	T	85	MASKED;TTTATTTTTTATTTTTTT	INDEL;IDV=5;IMF=1;DP=5;VDB=0.00187095;SGB=-0.590765;MQ0F=0;AC=2;AN=2;DP4=0,0,5,0;MQ=60;RB=2,133824473,133824781,TGA,GGT
8	90149865	NA	AG	A	126	PASS;ACAGACAGAGTAGATAGA	INDEL;IDV=8;IMF=1;DP=8;VDB=1.33331e-05;SGB=-0.651104;MQ0F=0;AC=2;AN=2;DP4=0,0,8,0;MQ=60;RB=8,90149730,90150015,ATT,TCA
2	145218531	NA	CACATA	C	225	MASKED;TGAGACAACACATAACAT	INDEL;IDV=8;IMF=1;DP=8;VDB=1.33331e-05;SGB=-0.651104;MQ0F=0;AC=2;AN=2;DP4=0,0,8,0;MQ=60;RB=2,145218488,145218760,AGT,TTA
18	35204361	NA	GA	G	45.4146	PASS;GGAAAAAAGAAAAGCCTA	INDEL;IDV=8;IMF=1;DP=8;VDB=0.0058656;SGB=-0.556411;MQ0F=0;AC=2;AN=2;DP4=0,0,4,0;MQ=60;RB=18,35204284,35204485,CTT,TTT
3	65421177	NA	GGAA	G	225	PASS;GGATGGATGGAAGATGGA	INDEL;IDV=8;IMF=1;DP=8;VDB=1.33331e-05;SGB=-0.651104;MQ0F=0;AC=2;AN=2;DP4=0,0,8,0;MQ=60;RB=3,65421042,65421492,TCG,TCT
X	121526332	NA	AT	A	47.4146	NEI_IND[4/281];AGGAAAAAATATATATAT	INDEL;IDV=4;IMF=1;DP=4;VDB=0.00671048;SGB=-0.556411;MQ0F=0;AC=2;AN=2;DP4=0,0,0,4;MQ=60;RB=X,121525518,121526349,CCC,CGG
11	117664568	NA	G	GA	49.4146	PASS;GATGCCCAGAAAAACGAA	INDEL;IDV=7;IMF=1;DP=7;VDB=6.71664e-05;SGB=-0.636426;MQ0F=0;AC=2;AN=2;DP4=0,0,7,0;MQ=60;RB=11,117664535,117664894,GCC,TAA
4	133603470	NA	CAT	C	197	MASKED;TACACACACATATATATC	INDEL;IDV=11;IMF=1;DP=11;VDB=2.26006e-08;SGB=-0.676189;MQ0F=0;AC=2;AN=2;DP4=0,0,11,0;MQ=54;RB=4,133603449,133603963,TTG,CCT
4	133603522	NA	TTATA	T	225	NEI_IND[41/287];CTGTATGTTTATATATAT	INDEL;IDV=11;IMF=1;DP=11;VDB=2.26006e-08;SGB=-0.676189;MQ0F=0;AC=2;AN=2;DP4=0,0,11,0;MQ=54;RB=4,133603449,133603963,TTG,CCT
4	124053770	NA	TGTGC	T	121	MASKED;TATATATATGTGCATATA	INDEL;IDV=4;IMF=1;DP=4;VDB=0.0221621;SGB=-0.511536;MQ0F=0;AC=2;AN=2;DP4=0,0,0,3;MQ=60;RB=4,124053298,124053782,ACC,ATG
1	106281587	NA	CT	C	128	PASS;CTATCTATCTATCTATCT	INDEL;IDV=8;IMF=1;DP=8;VDB=1.33331e-05;SGB=-0.651104;MQ0F=0;AC=2;AN=2;DP4=0,0,0,8;MQ=60;RB=1,106281061,106281597,GGC,TGG
2	173197241	NA	TACAC	T	205	MASKED;CCTGTAAATACACACACA	INDEL;IDV=6;IMF=1;DP=6;VDB=0.000411984;SGB=-0.616816;MQ0F=0;AC=2;AN=2;DP4=0,0,0,6;MQ=60;RB=2,173197049,173197268,GTT,CGT
5	31042954	NA	GATAT	G	220	NEI_IND[4/282];GAAAATGTGATATATATA	INDEL;IDV=7;IMF=1;DP=7;VDB=6.71664e-05;SGB=-0.636426;MQ0F=0;AC=2;AN=2;DP4=0,0,7,0;MQ=60;RB=5,31042834,31043125,TCA,AGA
5	31043032	NA	C	CATAT	221	NEI_IND[13/388];CGCATACACATTTATGTA	INDEL;IDV=7;IMF=1;DP=7;VDB=6.71664e-05;SGB=-0.636426;MQ0F=0;AC=2;AN=2;DP4=0,0,0,7;MQ=60;RB=5,31042834,31043125,TCA,AGA
4	133603470	NA	CAT	C	198	MASKED;TACACACACATATATATC	INDEL;IDV=11;IMF=0.916667;DP=12;VDB=4.42314e-08;SGB=-0.676189;MQ0F=0;AC=2;AN=2;DP4=0,0,11,0;MQ=60;RB=4,133603448,133603963,ATA,GTT
4	133603522	NA	TTATA	T	225	NEI_IND[41/287];CTGTATGTTTATATATAT	INDEL;IDV=11;IMF=0.916667;DP=12;VDB=1.3128e-07;SGB=-0.676189;MQ0F=0;AC=2;AN=2;DP4=0,0,11,0;MQ=60;RB=4,133603448,133603963,ATA,GTT
11	2209160	NA	CGCT	C	182	NEI_IND[4/368];ACACCACACGCTACACAC	INDEL;IDV=5;IMF=1;DP=5;VDB=0.00187095;SGB=-0.590765;MQ0F=0;AC=2;AN=2;DP4=0,0,0,5;MQ=60;RB=11,2208928,2209178,CTT,TAT
11	47575349	NA	GAA	G	45.4146	MASKED;CTTTTACCGAAAAAAAAA	INDEL;IDV=5;IMF=1;DP=5;VDB=0.00187095;SGB=-0.590765;MQ0F=0;AC=2;AN=2;DP4=0,0,5,0;MQ=60;RB=11,47575227,47575532,AAC,TCT
7	138253314	NA	TA	T	139	PASS;ATTTTTAGTAGAGACAGG	INDEL;IDV=9;IMF=1;DP=9;VDB=5.52906e-06;SGB=-0.662043;MQ0F=0;AC=2;AN=2;DP4=0,0,9,0;MQ=60;RB=7,138253212,138253592,GAT,ACC
7	138253491	NA	T	TAAAGTA	225	NEI_IND[20/307];CATTATCTTAAAGTTATC	INDEL;IDV=9;IMF=1;DP=9;VDB=5.52906e-06;SGB=-0.662043;MQ0F=0;AC=2;AN=2;DP4=0,0,0,9;MQ=60;RB=7,138253212,138253592,GAT,ACC
11	55816691	NA	TGCAC	T	139	MASKED;TGTGTGTGTGCACGTGTG	INDEL;IDV=4;IMF=1;DP=4;VDB=0.0058656;SGB=-0.556411;MQ0F=0;AC=2;AN=2;DP4=0,0,0,4;MQ=60;RB=11,55816386,55816704,GGT,CTT
4	87853207	NA	AAAAG	A	24.4299	NEI_IND[26/281];AAAAAAAAAAAAGATTTA	INDEL;IDV=3;IMF=0.75;DP=3;VDB=0.0221621;SGB=-0.511536;MQ0F=0;AC=2;AN=2;DP4=0,0,3,0;MQ=60;RB=4,87853154,87853568,ATG,GTT
8	15340827	NA	TTG	T	87	NEI_IND[14/411];CACTGTTTTTGTTGTTGT	INDEL;IDV=5;IMF=1;DP=5;VDB=0.00187095;SGB=-0.590765;MQ0F=0;AC=2;AN=2;DP4=0,0,5,0;MQ=60;RB=8,15340701,15340994,GCA,ACC
2	71799356	NA	AGCACAT	A	154	NEI_IND[22/411];TCACACCCAGCACATGCA	INDEL;IDV=4;IMF=1;DP=4;VDB=0.0058656;SGB=-0.556411;MQ0F=0;AC=2;AN=2;DP4=0,0,4,0;MQ=60;RB=2,71799344,71799557,TTT,CTT
16	10213035	NA	AGG	A	195	PASS;CGAAGCTAAGGGAAAAAA	INDEL;IDV=9;IMF=1;DP=9;VDB=5.52906e-06;SGB=-0.662043;MQ0F=0;AC=2;AN=2;DP4=0,0,9,0;MQ=60;RB=16,10212900,10213464,CGC,GAT
3	174799836	NA	GTA	G	188	NEI_IND[16/410];GTGTATGTGTATGTGTGT	INDEL;IDV=7;IMF=1;DP=7;VDB=6.71664e-05;SGB=-0.636426;MQ0F=0;AC=2;AN=2;DP4=0,0,0,7;MQ=60;RB=3,174799422,174799970,TTT,TCA
13	55217263	NA	C	CA	4.38292	NEI_IND[14/407];AAACTAACCAAAAAAAAA	INDEL;IDV=5;IMF=1;DP=5;VDB=0.00767611;SGB=-0.590765;MQ0F=0;AC=2;AN=2;DP4=0,0,5,0;MQ=60;RB=13,55217221,55217623,TAT,CTG
13	55217499	NA	CCTCT	C	137	NEI_IND[4/298];CCTCCCTCCCTCTCTCTC	INDEL;IDV=5;IMF=1;DP=5;VDB=0.00187095;SGB=-0.590765;MQ0F=0;AC=2;AN=2;DP4=0,0,0,5;MQ=60;RB=13,55217221,55217623,TAT,CTG
11	55816691	NA	TGCAC	T	186	MASKED;TGTGTGTGTGCACGTGTG	INDEL;IDV=6;IMF=1;DP=6;VDB=0.000411984;SGB=-0.616816;MQ0F=0;AC=2;AN=2;DP4=0,0,0,6;MQ=60;RB=11,55816387,55816704,GGG,TTA
4	108408279	NA	ATG	A	136	PASS;ACACACACATGCACACAC	INDEL;IDV=4;IMF=1;DP=4;VDB=0.0058656;SGB=-0.556411;MQ0F=0;AC=2;AN=2;DP4=0,0,0,4;MQ=60;RB=4,108407954,108408289,CTA,CCA
16	10213035	NA	AGG	A	141	PASS;CGAAGCTAAGGGAAAAAA	INDEL;IDV=5;IMF=1;DP=5;VDB=0.00187095;SGB=-0.590765;MQ0F=0;AC=2;AN=2;DP4=0,0,5,0;MQ=60;RB=16,10212900,10213464,CTG,TAT
13	54470466	NA	TA	T	102	PASS;TGAGGTGATAGATTTGTT	INDEL;IDV=5;IMF=1;DP=5;VDB=0.00187095;SGB=-0.590765;MQ0F=0;AC=2;AN=2;DP4=0,0,5,0;MQ=60;RB=13,54470366,54470638,CTT,GTA
12	84794800	NA	AG	A	43.4147	NEI_IND[38/285];ATATATATAGTATATATA	INDEL;IDV=9;IMF=1;DP=9;VDB=5.52906e-06;SGB=-0.662043;MQ0F=0;AC=2;AN=2;DP4=0,0,9,0;MQ=60;RB=12,84794707,84795083,ATT,ACT
20	45031094	NA	CAA	C	206	PASS;AGTGTTTACAAACCACTT	INDEL;IDV=9;IMF=1;DP=9;VDB=5.52906e-06;SGB=-0.662043;MQ0F=0;AC=2;AN=2;DP4=0,0,0,9;MQ=60;RB=20,45030905,45031189,GCT,ATT
15	95669024	NA	GA	G	9.88465	PASS;TCAAGGTTGAAAAAAAAT	INDEL;IDV=5;IMF=1;DP=5;VDB=0.00187095;SGB=-0.590765;MQ0F=0;AC=2;AN=2;DP4=0,0,5,0;MQ=60;RB=15,95668970,95669357,ATT,GTT
2	209817174	NA	TG	T	132	PASS;TGTTTATTTGTTTTGTAT	INDEL;IDV=8;IMF=1;DP=8;VDB=1.33331e-05;SGB=-0.651104;MQ0F=0;AC=2;AN=2;DP4=0,0,8,0;MQ=60;RB=2,209817143,209817490,CAA,TGA
9	130175468	NA	AAGAAAC	A	154	NEI_IND[22/482];GTCTCCAAAAGAAACAAA	INDEL;IDV=4;IMF=1;DP=4;VDB=0.0058656;SGB=-0.556411;MQ0F=0;AC=2;AN=2;DP4=0,0,4,0;MQ=60;RB=9,130175337,130175606,ATA,TAC
1	193834773	NA	T	TTCTAGAAGAC	120	NEI_IND[28/383];TGTTTTTGTTATGTTAAT	INDEL;IDV=9;IMF=1;DP=9;VDB=1.33331e-05;SGB=-0.651104;MQ0F=0;AC=2;AN=2;DP4=0,0,8,0;MQ=60;RB=1,193834681,193835042,GTA,GAA
5	150776221	NA	AT	A	120	MASKED;TGAATGGGATTAAATATG	INDEL;IDV=10;IMF=1;DP=10;VDB=5.52906e-06;SGB=-0.662043;MQ0F=0;AC=2;AN=2;DP4=0,0,0,9;MQ=60;RB=5,150775824,150776238,TCA,CCT
1	106281587	NA	CT	C	135	PASS;CTATCTATCTATCTATCT	INDEL;IDV=9;IMF=1;DP=9;VDB=5.52906e-06;SGB=-0.662043;MQ0F=0;AC=2;AN=2;DP4=0,0,0,9;MQ=60;RB=1,106281061,106281597,TGG,CGC
4	133603470	NA	CAT	C	193	MASKED;TACACACACATATATATC	INDEL;IDV=10;IMF=1;DP=10;VDB=8.49811e-07;SGB=-0.670168;MQ0F=0;AC=2;AN=2;DP4=0,0,10,0;MQ=60;RB=4,133603448,133603962,GTT,GTC
4	133603522	NA	TTATA	T	225	NEI_IND[41/287];CTGTATGTTTATATATAT	INDEL;IDV=10;IMF=1;DP=10;VDB=8.4981e-07;SGB=-0.670168;MQ0F=0;AC=2;AN=2;DP4=0,0,10,0;MQ=60;RB=4,133603448,133603962,GTT,GTC
5	45135308	NA	AC	A	101	PASS;CCAACCAAACAAAAACAA	INDEL;IDV=5;IMF=1;DP=5;VDB=0.00187095;SGB=-0.590765;MQ0F=0;AC=2;AN=2;DP4=0,0,0,5;MQ=60;RB=5,45135088,45135370,TGA,GGT
7	89630573	NA	T	TA	47.4146	PASS;TATATATATTGTGTATAT	INDEL;IDV=7;IMF=1;DP=7;VDB=6.71664e-05;SGB=-0.636426;MQ0F=0;AC=2;AN=2;DP4=0,0,7,0;MQ=60;RB=7,89630443,89630930,CAT,AGT
5	31042954	NA	GATAT	G	225	NEI_IND[4/282];GAAAATGTGATATATATA	INDEL;IDV=11;IMF=1;DP=11;VDB=2.26006e-08;SGB=-0.676189;MQ0F=0;AC=2;AN=2;DP4=0,0,11,0;MQ=60;RB=5,31042834,31043124,GCT,CCC
5	31043032	NA	C	CATAT	225	NEI_IND[13/388];CGCATACACATTTATGTA	INDEL;IDV=11;IMF=1;DP=11;VDB=2.26006e-08;SGB=-0.676189;MQ0F=0;AC=2;AN=2;DP4=0,0,0,11;MQ=60;RB=5,31042834,31043124,GCT,CCC
10	124750823	NA	TCC	T	173	PASS;AAAATTATTCCCAGTTAA	INDEL;IDV=6;IMF=1;DP=6;VDB=0.000411984;SGB=-0.616816;MQ0F=0;AC=2;AN=2;DP4=0,0,6,0;MQ=60;RB=10,124750698,124750969,CTG,AAA
10	124750873	NA	TTATC	T	96	PASS;GAGATAAATTATCTACCA	INDEL;IDV=6;IMF=1;DP=6;VDB=0.000411984;SGB=-0.616816;MQ0F=0;AC=2;AN=2;DP4=0,0,0,6;MQ=60;RB=10,124750698,124750969,CTG,AAA
12	17413807	NA	C	CACAT	72	NEI_IND[26/330];TACATACACATATGTACA	INDEL;IDV=6;IMF=1;DP=6;VDB=0.0058656;SGB=-0.556411;MQ0F=0;AC=2;AN=2;DP4=0,0,4,0;MQ=60;RB=12,17413729,17413973,TTT,GAT
1	202856465	NA	GAA	G	123	MASKED;AACATTATGAAAAATTTT	INDEL;IDV=6;IMF=1;DP=6;VDB=0.000411984;SGB=-0.616816;MQ0F=0;AC=2;AN=2;DP4=0,0,0,6;MQ=60;RB=1,202855935,202856481,AAT,CAG
4	133603470	NA	CAT	C	111	MASKED;TACACACACATATATATC	INDEL;IDV=5;IMF=1;DP=5;VDB=0.0058656;SGB=-0.556411;MQ0F=0;AC=2;AN=2;DP4=0,0,4,0;MQ=60;RB=4,133603448,133603962,TTA,GTG
4	133603522	NA	TTATA	T	154	NEI_IND[41/287];CTGTATGTTTATATATAT	INDEL;IDV=5;IMF=1;DP=5;VDB=0.0058656;SGB=-0.556411;MQ0F=0;AC=2;AN=2;DP4=0,0,4,0;MQ=60;RB=4,133603448,133603962,TTA,GTG
14	59630682	NA	TG	T	64	MASKED;CTGTTTTTTGTTTTGTTT	INDEL;IDV=5;IMF=1;DP=5;VDB=0.00187095;SGB=-0.590765;MQ0F=0;AC=2;AN=2;DP4=0,0,0,5;MQ=60;RB=14,59630514,59630743,TCA,TAG
13	31949870	NA	G	GTA	81	NEI_IND[16/415];GTGTGCGTGTATATATAT	INDEL;IDV=5;IMF=0.555556;DP=9;VDB=0.00121693;SGB=-0.616816;MQ0F=0;ICB=1;HOB=0.5;AC=1;AN=2;DP4=0,3,0,6;MQ=60;RB=13,31949663,31949960,CCG,GCC
13	31949946	NA	TA	T	80	MASKED;AATTTAAATAAAATTTTT	INDEL;IDV=9;IMF=1;DP=9;VDB=1.62053e-05;SGB=-0.662043;MQ0F=0;AC=2;AN=2;DP4=0,0,0,9;MQ=60;RB=13,31949663,31949960,CCG,GCC
16	62433868	NA	AT	A	15.5372	MASKED;GCAACACAATTTTTTTTA	INDEL;IDV=7;IMF=1;DP=7;VDB=6.71664e-05;SGB=-0.636426;MQ0F=0;AC=2;AN=2;DP4=0,0,0,7;MQ=60;RB=16,62433667,62433885,GTT,CAT
3	164850672	NA	AATG	A	225	PASS;AAATGTATAATGATCTCT	INDEL;IDV=14;IMF=1;DP=14;VDB=2.26006e-08;SGB=-0.686358;MQ0F=0;AC=2;AN=2;DP4=0,0,14,0;MQ=60;RB=3,164850596,164850895,GGC,TGG
16	48913984	NA	G	GCT	182	PASS;GCCCTGTAGGCTGTCGCC	INDEL;IDV=5;IMF=1;DP=5;VDB=0.00187095;SGB=-0.590765;MQ0F=0;AC=2;AN=2;DP4=0,0,0,5;MQ=60;RB=16,48913742,48913989,CGT,TTC
8	123329079	NA	CA	C	114	PASS;AACAATTGCAGTAAATAA	INDEL;IDV=6;IMF=0.857143;DP=6;VDB=0.000411984;SGB=-0.616816;MQ0F=0;AC=2;AN=2;DP4=0,0,0,6;MQ=60;RB=8,123328832,123329177,CTA,CCT
3	84973750	NA	CA	C	45.4146	PASS;ACATTTCTCAAAAGAAGA	INDEL;IDV=4;IMF=1;DP=4;VDB=0.0058656;SGB=-0.556411;MQ0F=0;AC=2;AN=2;DP4=0,0,0,4;MQ=60;RB=3,84973286,84973819,CCG,TAT
1	193834773	NA	T	TTCTAGAAGAC	72	NEI_IND[28/383];TGTTTTTGTTATGTTAAT	INDEL;IDV=5;IMF=1;DP=5;VDB=0.00187095;SGB=-0.590765;MQ0F=0;AC=2;AN=2;DP4=0,0,5,0;MQ=60;RB=1,193834681,193835041,CGA,TAG
3	96037572	NA	TGA	T	136	MASKED;TGTGTGTGTGAGTGTGTG	INDEL;IDV=8;IMF=1;DP=8;VDB=1.33331e-05;SGB=-0.651104;MQ0F=0;AC=2;AN=2;DP4=0,0,8,0;MQ=60;RB=3,96037552,96038159,CAT,TGG
11	92022700	NA	CACAT	C	172	MASKED;CACACACACACATATATA	INDEL;IDV=5;IMF=1;DP=5;VDB=0.00187095;SGB=-0.590765;MQ0F=0;AC=2;AN=2;DP4=0,0,0,5;MQ=60;RB=11,92022256,92022713,ATA,CTA
13	31949870	NA	G	GTA	166	NEI_IND[16/415];GTGTGCGTGTATATATAT	INDEL;IDV=7;IMF=0.7;DP=10;VDB=8.31707e-06;SGB=-0.636426;MQ0F=0;ICB=1;HOB=0.5;AC=1;AN=2;DP4=0,3,0,7;MQ=60;RB=13,31949663,31949960,GAC,CTC
13	31949946	NA	TA	T	84	MASKED;AATTTAAATAAAATTTTT	INDEL;IDV=10;IMF=1;DP=10;VDB=1.03095e-06;SGB=-0.670168;MQ0F=0;AC=2;AN=2;DP4=0,0,0,10;MQ=60;RB=13,31949663,31949960,GAC,CTC
12	97771632	NA	TTGTG	T	216	MASKED;TGGGTGTTTTGTGTGTGT	INDEL;IDV=7;IMF=1;DP=7;VDB=6.71664e-05;SGB=-0.636426;MQ0F=0;AC=2;AN=2;DP4=0,0,7,0;MQ=60;RB=12,97771516,97771808,GGG,CTC
8	15340827	NA	TTG	T	57	NEI_IND[14/411];CACTGTTTTTGTTGTTGT	INDEL;IDV=4;IMF=1;DP=4;VDB=0.0221621;SGB=-0.511536;MQ0F=0;AC=2;AN=2;DP4=0,0,3,0;MQ=60;RB=8,15340701,15340995,CCT,GCT
2	71799356	NA	AGCACAT	A	182	NEI_IND[22/411];TCACACCCAGCACATGCA	INDEL;IDV=5;IMF=1;DP=5;VDB=0.00187095;SGB=-0.590765;MQ0F=0;AC=2;AN=2;DP4=0,0,5,0;MQ=60;RB=2,71799344,71799557,ATA,GTA
1	193834773	NA	T	TTCTAGAAGAC	84	NEI_IND[28/383];TGTTTTTGTTATGTTAAT	INDEL;IDV=7;IMF=1;DP=7;VDB=0.000411984;SGB=-0.616816;MQ0F=0;AC=2;AN=2;DP4=0,0,6,0;MQ=60;RB=1,193834681,193835041,TCA,TTC
2	133824604	NA	TTA	T	125	MASKED;TTTATTTTTTATTTTTTT	INDEL;IDV=10;IMF=1;DP=10;VDB=6.99472e-07;SGB=-0.670168;MQ0F=0;AC=2;AN=2;DP4=0,0,10,0;MQ=60;RB=2,133824473,133824781,TAT,GCT
1	193834773	NA	T	TTCTAGAAGAC	153	NEI_IND[28/383];TGTTTTTGTTATGTTAAT	INDEL;IDV=9;IMF=1;DP=9;VDB=1.33331e-05;SGB=-0.651104;MQ0F=0;AC=2;AN=2;DP4=0,0,8,0;MQ=60;RB=1,193834681,193835041,TGA,ATC
3	106065983	NA	GT	G	80	PASS;GTGTGTGTGTTGTTGTTG	INDEL;IDV=6;IMF=1;DP=6;VDB=0.000411984;SGB=-0.616816;MQ0F=0;AC=2;AN=2;DP4=0,0,6,0;MQ=60;RB=3,106065848,106066413,TCA,CAA
12	130751931	NA	G	GAGTACTGTACCCATT	154	PASS;TTCCTAATGAGTACTGTA	INDEL;IDV=4;IMF=1;DP=4;VDB=0.0058656;SGB=-0.556411;MQ0F=0;AC=2;AN=2;DP4=0,0,0,4;MQ=60;RB=12,130751757,130751974,GGT,CCT
4	180695760	NA	GCTTTCTCTCTCTCTCTT	G	205	MASKED;CAGGCAATGCTTTCTCTC	INDEL;IDV=6;IMF=1;DP=6;VDB=0.00269412;SGB=-0.616816;MQ0F=0;AC=2;AN=2;DP4=0,0,0,6;MQ=60;RB=4,180695534,180695806,TTA,GTG
6	44615913	NA	CCTT	C	225	NEI_IND[32/393];ATCTAGATCCTTCTCCTG	INDEL;IDV=12;IMF=1;DP=12;VDB=2.26006e-08;SGB=-0.680642;MQ0F=0;AC=2;AN=2;DP4=0,0,0,12;MQ=60;RB=6,44615613,44615923,GGA,TGG
17	52129433	NA	ATT	A	50	MASKED;GAGATGTGATTTTTTTTT	INDEL;IDV=13;IMF=0.928571;DP=14;VDB=2.26006e-08;SGB=-0.680642;MQ0F=0;AC=2;AN=2;DP4=0,0,12,0;MQ=60;RB=17,52129305,52129838,TGG,GCT
4	133603470	NA	CAT	C	150	MASKED;TACACACACATATATATC	INDEL;IDV=6;IMF=1;DP=6;VDB=0.000411984;SGB=-0.616816;MQ0F=0;AC=2;AN=2;DP4=0,0,6,0;MQ=54;RB=4,133603449,133603962,GCC,TAC
4	133603522	NA	TTATA	T	165	NEI_IND[41/287];CTGTATGTTTATATATAT	INDEL;IDV=6;IMF=1;DP=6;VDB=0.000560625;SGB=-0.616816;MQ0F=0;AC=2;AN=2;DP4=0,0,6,0;MQ=54;RB=4,133603449,133603962,GCC,TAC
9	7198174	NA	TC	T	44.4146	NEI_IND[25/293];TTTTCTTTTCCTTTCTTT	INDEL;IDV=6;IMF=1;DP=6;VDB=0.0221621;SGB=-0.511536;MQ0F=0;AC=2;AN=2;DP4=0,0,3,0;MQ=60;RB=9,7198090,7198377,CCG,GTT
12	81741807	NA	CT	C	97	PASS;TTTACCTTCTTTGTATAC	INDEL;IDV=6;IMF=1;DP=6;VDB=0.000411984;SGB=-0.616816;MQ0F=0;AC=2;AN=2;DP4=0,0,6,0;MQ=60;RB=12,81741749,81742219,GGT,ACC
X	145557712	NA	CGT	C	170	MASKED;TGTGTGTGCGTGTGTGTG	INDEL;IDV=8;IMF=1;DP=8;VDB=1.33331e-05;SGB=-0.651104;MQ0F=0;AC=2;AN=2;DP4=0,0,0,8;MQ=60;RB=X,145557295,145557732,GAT,GTG
5	31042954	NA	GATAT	G	225	NEI_IND[4/282];GAAAATGTGATATATATA	INDEL;IDV=8;IMF=1;DP=8;VDB=1.60207e-05;SGB=-0.651104;MQ0F=0;AC=2;AN=2;DP4=0,0,8,0;MQ=60;RB=5,31042834,31043125,GTA,AAT
5	31043032	NA	C	CATAT	225	NEI_IND[13/388];CGCATACACATTTATGTA	INDEL;IDV=8;IMF=1;DP=8;VDB=1.33331e-05;SGB=-0.651104;MQ0F=0;AC=2;AN=2;DP4=0,0,0,8;MQ=60;RB=5,31042834,31043125,GTA,AAT
3	99387981	NA	ATATATATATAGAGG	A	205	NEI_IND[8/266];ATATATATATATATATAT	INDEL;IDV=6;IMF=1;DP=6;VDB=0.000411984;SGB=-0.616816;MQ0F=0;AC=2;AN=2;DP4=0,0,6,0;MQ=60;RB=3,99387866,99388254,TGT,TCT
6	76486037	NA	G	GT	88	PASS;CAGAGGTGGTAAGATTGG	INDEL;IDV=4;IMF=1;DP=4;VDB=0.0058656;SGB=-0.556411;MQ0F=0;AC=2;AN=2;DP4=0,0,4,0;MQ=60;RB=6,76485950,76486202,GTT,TAG
11	47575349	NA	GAA	G	63	MASKED;CTTTTACCGAAAAAAAAA	INDEL;IDV=8;IMF=1;DP=8;VDB=1.33331e-05;SGB=-0.651104;MQ0F=0;AC=2;AN=2;DP4=0,0,8,0;MQ=60;RB=11,47575227,47575532,AAG,CTA
3	99387981	NA	ATATATATATAGAGG	A	225	NEI_IND[8/266];ATATATATATATATATAT	INDEL;IDV=8;IMF=1;DP=8;VDB=1.33331e-05;SGB=-0.651104;MQ0F=0;AC=2;AN=2;DP4=0,0,8,0;MQ=60;RB=3,99387867,99388253,TGG,ATG
1	18801000	NA	CTCTCTCTG	C	182	NEI_IND[20/420];CTCTGTCTCTCTCTCTGT	INDEL;IDV=5;IMF=1;DP=5;VDB=0.00187095;SGB=-0.590765;MQ0F=0;AC=2;AN=2;DP4=0,0,0,5;MQ=60;RB=1,18800787,18801126,CTT,ACT
1	18801089	NA	T	TGTGTGGGTGTGC	182	NEI_IND[15/316];AGGTGAGATGTGTGGGTG	INDEL;IDV=5;IMF=1;DP=5;VDB=0.00187095;SGB=-0.590765;MQ0F=0;AC=2;AN=2;DP4=0,0,0,5;MQ=60;RB=1,18800787,18801126,CTT,ACT
X	145557712	NA	CGT	C	128	MASKED;TGTGTGTGCGTGTGTGTG	INDEL;IDV=5;IMF=1;DP=5;VDB=0.00187095;SGB=-0.590765;MQ0F=0;AC=2;AN=2;DP4=0,0,0,5;MQ=60;RB=X,145557296,145557732,GGC,TCC
9	7198174	NA	TC	T	30.4183	NEI_IND[25/293];TTTTCTTTTCCTTTCTTT	INDEL;IDV=8;IMF=1;DP=8;VDB=0.0389723;SGB=-0.511536;MQ0F=0;AC=2;AN=2;DP4=0,0,3,0;MQ=60;RB=9,7198090,7198376,ATG,GTG
20	3705260	NA	A	AAG	121	NEI_IND[17/463];GAAAAGAAAAGAGAGAGA	INDEL;IDV=3;IMF=0.6;DP=5;VDB=0.00187095;SGB=-0.590765;MQ0F=0;AC=2;AN=2;DP4=0,0,0,5;MQ=60;RB=20,3705080,3705397,CTA,GAG
1	193834773	NA	T	TTCTAGAAGAC	106	NEI_IND[28/383];TGTTTTTGTTATGTTAAT	INDEL;IDV=10;IMF=1;DP=10;VDB=5.52906e-06;SGB=-0.662043;MQ0F=0;AC=2;AN=2;DP4=0,0,9,0;MQ=60;RB=1,193834681,193835042,GTT,GAA
2	133824604	NA	TTA	T	124	MASKED;TTTATTTTTTATTTTTTT	INDEL;IDV=11;IMF=1;DP=11;VDB=6.99472e-07;SGB=-0.670168;MQ0F=0;AC=2;AN=2;DP4=0,0,10,0;MQ=60;RB=2,133824473,133824781,GTA,GGT
18	29037484	NA	CTCTT	C	155	MASKED;ATACTATTCTCTTTCTTT	INDEL;IDV=5;IMF=1;DP=5;VDB=0.00187095;SGB=-0.590765;MQ0F=0;AC=2;AN=2;DP4=0,0,5,0;MQ=60;RB=18,29037385,29037665,ATT,ACC
2	224938064	NA	GC	G	100	PASS;CATCGTGGGCCCTCGGAC	INDEL;IDV=7;IMF=1;DP=7;VDB=6.71664e-05;SGB=-0.636426;MQ0F=0;AC=2;AN=2;DP4=0,0,0,7;MQ=60;RB=2,224937605,224938154,TCT,CCG
11	47575349	NA	GAA	G	65	MASKED;CTTTTACCGAAAAAAAAA	INDEL;IDV=10;IMF=0.909091;DP=11;VDB=5.52906e-06;SGB=-0.662043;MQ0F=0;AC=2;AN=2;DP4=0,0,9,0;MQ=60;RB=11,47575227,47575531,GCG,AGG
8	79364558	NA	TAC	T	173	PASS;CACACACATACACCCACT	INDEL;IDV=6;IMF=1;DP=6;VDB=0.000411984;SGB=-0.616816;MQ0F=0;AC=2;AN=2;DP4=0,0,6,0;MQ=60;RB=8,79364513,79364865,ACC,GTA
3	174799836	NA	GTA	G	128	NEI_IND[16/410];GTGTATGTGTATGTGTGT	INDEL;IDV=4;IMF=1;DP=4;VDB=0.0058656;SGB=-0.556411;MQ0F=0;AC=2;AN=2;DP4=0,0,0,4;MQ=60;RB=3,174799423,174799969,GGG,GGG
X	6257808	NA	AG	A	82	PASS;TATGTAAAAGAATGGGTT	INDEL;IDV=4;IMF=1;DP=4;VDB=0.0058656;SGB=-0.556411;MQ0F=0;AC=2;AN=2;DP4=0,0,0,4;MQ=60;RB=X,6257580,6257928,GGG,ATG
11	47575349	NA	GAA	G	36.4154	MASKED;CTTTTACCGAAAAAAAAA	INDEL;IDV=4;IMF=1;DP=4;VDB=0.0058656;SGB=-0.556411;MQ0F=0;AC=2;AN=2;DP4=0,0,4,0;MQ=60;RB=11,47575227,47575532,CAC,GTT
5	150776221	NA	AT	A	137	MASKED;TGAATGGGATTAAATATG	INDEL;IDV=12;IMF=1;DP=12;VDB=2.78367e-08;SGB=-0.680642;MQ0F=0;AC=2;AN=2;DP4=0,0,0,12;MQ=60;RB=5,150775824,150776238,GCT,AAT
7	19167724	NA	AAAAT	A	83	PASS;AGAAAAAAAAAATAAAAC	INDEL;IDV=4;IMF=0.8;DP=5;VDB=0.0058656;SGB=-0.556411;MQ0F=0;AC=2;AN=2;DP4=0,0,0,4;MQ=60;RB=7,19167549,19167852,GGA,AAT
12	84794800	NA	AG	A	33.4163	NEI_IND[38/285];ATATATATAGTATATATA	INDEL;IDV=5;IMF=0.833333;DP=6;VDB=0.00429936;SGB=-0.590765;MQ0F=0;AC=2;AN=2;DP4=0,0,5,0;MQ=60;RB=12,84794707,84795083,AGA,GAT
