CHROM	POS	ID	REF	ALT	QUAL	FILTER	INFO
4	133603470	NA	CAT	C	150	MASKED;TACACACACATATATATC	INDEL;IDV=6;IMF=1;DP=6;VDB=0.000411984;SGB=-0.616816;MQ0F=0;AC=2;AN=2;DP4=0,0,6,0;MQ=60;RB=4,133603448,133603963,AAT,AGT
4	133603522	NA	TTATA	T	205	NEI_IND[41/287];CTGTATGTTTATATATAT	INDEL;IDV=6;IMF=1;DP=6;VDB=0.000411984;SGB=-0.616816;MQ0F=0;AC=2;AN=2;DP4=0,0,6,0;MQ=60;RB=4,133603448,133603963,AAT,AGT
1	106281587	NA	CT	C	100	PASS;CTATCTATCTATCTATCT	INDEL;IDV=6;IMF=1;DP=6;VDB=0.000411984;SGB=-0.616816;MQ0F=0;AC=2;AN=2;DP4=0,0,0,6;MQ=60;RB=1,106281060,106281597,CGT,CCG
18	63319373	NA	TTACAA	T	154	PASS;CAAATACTTTACAATACA	INDEL;IDV=4;IMF=0.8;DP=4;VDB=0.0058656;SGB=-0.556411;MQ0F=0;AC=2;AN=2;DP4=0,0,0,4;MQ=60;RB=18,63319036,63319488,ACC,ATA
7	586906	NA	TG	T	70	PASS;GCTGTGTGTGGTTTTTTT	INDEL;IDV=6;IMF=0.857143;DP=6;VDB=0.184775;SGB=-0.556411;MQSB=1;MQ0F=0;AC=2;AN=2;DP4=0,0,3,1;MQ=60;RB=7,586777,586971,CTT,CAC
17	60023661	NA	TAGC	T	51	PASS;ATGAAAAATAGCAGGGTT	INDEL;IDV=7;IMF=1;DP=7;VDB=0.00120872;SGB=-0.616816;MQ0F=0;AC=2;AN=2;DP4=0,0,0,6;MQ=60;RB=17,60023403,60023765,ATA,GGA
7	92767046	NA	AGT	A	15.4088	NEI_IND[28/425];GGAACCTAAGTTTTTTTT	INDEL;IDV=4;IMF=1;DP=4;VDB=0.0249187;SGB=-0.511536;MQ0F=0;AC=2;AN=2;DP4=0,0,0,3;MQ=60;RB=7,92766890,92767106,GTA,TTT
18	73583030	NA	AAAG	A	194	MASKED;AAAGAAAGAAAGAAAGAA	INDEL;IDV=6;IMF=1;DP=6;VDB=0.000411984;SGB=-0.616816;MQ0F=0;AC=2;AN=2;DP4=0,0,6,0;MQ=60;RB=18,73582896,73583318,CGT,GTA
3	52437236	NA	ACCT	A	203	PASS;CTTCCACGACCTCCTTCT	INDEL;IDV=6;IMF=1;DP=6;VDB=0.000411984;SGB=-0.616816;MQ0F=0;AC=2;AN=2;DP4=0,0,0,6;MQ=60;RB=3,52436910,52437346,GAG,CTG
6	98279814	NA	CA	C	118	PASS;TGGGACAGCAAAGGAAAA	INDEL;IDV=10;IMF=1;DP=10;VDB=6.99472e-07;SGB=-0.670168;MQ0F=0;AC=2;AN=2;DP4=0,0,0,10;MQ=60;RB=6,98279486,98279828,CGG,ATT
17	16441919	NA	T	TGG	182	PASS;CCTCCTCCTGGGTTCAAG	INDEL;IDV=5;IMF=1;DP=5;VDB=0.00187095;SGB=-0.590765;MQ0F=0;AC=2;AN=2;DP4=0,0,5,0;MQ=60;RB=17,16441907,16442131,CAA,AAG
9	7198174	NA	TC	T	67	NEI_IND[25/293];TTTTCTTTTCCTTTCTTT	INDEL;IDV=6;IMF=1;DP=6;VDB=0.000757574;SGB=-0.616816;MQ0F=0;AC=2;AN=2;DP4=0,0,6,0;MQ=60;RB=9,7198090,7198376,TGC,ATG
2	89879576	NA	GAATCTACCTGTGTGC	G	154	NEI_IND[8/574];ATGGAATGGAATCTACCT	INDEL;IDV=4;IMF=1;DP=4;VDB=0.0058656;SGB=-0.556411;MQ0F=0;AC=2;AN=2;DP4=0,0,0,4;MQ=60;RB=2,89879273,89879617,AAT,AAC
11	2209160	NA	CGCT	C	164	NEI_IND[4/368];ACACCACACGCTACACAC	INDEL;IDV=5;IMF=1;DP=5;VDB=0.00286036;SGB=-0.590765;MQ0F=0;AC=2;AN=2;DP4=0,0,0,5;MQ=59;RB=11,2208928,2209178,ATT,ACT
X	145557712	NA	CGT	C	144	MASKED;TGTGTGTGCGTGTGTGTG	INDEL;IDV=6;IMF=1;DP=6;VDB=0.000411984;SGB=-0.616816;MQ0F=0;AC=2;AN=2;DP4=0,0,0,6;MQ=60;RB=X,145557295,145557732,GAT,TTC
1	193834773	NA	T	TTCTAGAAGAC	41.4148	NEI_IND[28/383];TGTTTTTGTTATGTTAAT	INDEL;IDV=4;IMF=1;DP=4;VDB=0.02;SGB=-0.453602;MQ0F=0;AC=2;AN=2;DP4=0,0,2,0;MQ=60;RB=1,193834681,193835041,GAA,GTC
20	6667830	NA	CT	C	62	PASS;GCCCTGCTCTTTGTGGGC	INDEL;IDV=6;IMF=1;DP=6;VDB=0.000411984;SGB=-0.616816;MQ0F=0;AC=2;AN=2;DP4=0,0,6,0;MQ=60;RB=20,6667732,6668063,GTG,AGT
7	89630573	NA	T	TA	42.4147	PASS;TATATATATTGTGTATAT	INDEL;IDV=6;IMF=1;DP=6;VDB=0.000411984;SGB=-0.616816;MQ0F=0;AC=2;AN=2;DP4=0,0,6,0;MQ=60;RB=7,89630443,89630930,GGT,GAT
1	106281587	NA	CT	C	96	MASKED;CTATCTATCTATCTATCT	INDEL;IDV=5;IMF=1;DP=5;VDB=0.00187095;SGB=-0.590765;MQ0F=0;AC=2;AN=2;DP4=0,0,0,5;MQ=60;RB=1,106281061,106281598,GTG,TCA
6	154172736	NA	TAC	T	146	MASKED;GATAGATATACATATAGG	INDEL;IDV=5;IMF=1;DP=5;VDB=0.00187095;SGB=-0.590765;MQ0F=0;AC=2;AN=2;DP4=0,0,5,0;MQ=60;RB=6,154172605,154173296,TTA,GGA
8	99157543	NA	CA	C	96	PASS;CTAGCCATCAGACCCAGC	INDEL;IDV=5;IMF=1;DP=5;VDB=0.00187095;SGB=-0.590765;MQ0F=0;AC=2;AN=2;DP4=0,0,5,0;MQ=60;RB=8,99157410,99157699,TGT,GGT
4	56464629	NA	TG	T	111	PASS;TATTTCTGTGGTATAAAT	INDEL;IDV=7;IMF=1;DP=7;VDB=6.71664e-05;SGB=-0.636426;MQ0F=0;AC=2;AN=2;DP4=0,0,0,7;MQ=60;RB=4,56464410,56464646,CAC,CCG
1	193834773	NA	T	TTCTAGAAGAC	84	NEI_IND[28/383];TGTTTTTGTTATGTTAAT	INDEL;IDV=7;IMF=1;DP=7;VDB=0.000652271;SGB=-0.616816;MQ0F=0;AC=2;AN=2;DP4=0,0,6,0;MQ=60;RB=1,193834681,193835042,GTT,ATT
18	38797711	NA	CATGT	C	130	NEI_IND[6/304];TGTGTGTGCATGTGTGTG	INDEL;IDV=10;IMF=1;DP=10;VDB=6.99472e-07;SGB=-0.670168;MQ0F=0;AC=2;AN=2;DP4=0,0,10,0;MQ=60;RB=18,38797701,38798056,ATT,ACC
10	119311105	NA	T	TC	95	PASS;CGAGTCCTTCCTCCGCCT	INDEL;IDV=6;IMF=1;DP=6;VDB=0.000411984;SGB=-0.616816;MQ0F=0;AC=2;AN=2;DP4=0,0,6,0;MQ=60;RB=10,119311079,119311331,GCG,GGA
6	136634614	NA	TTCC	T	180	PASS;AATCGCTTTTCCTCCTCC	INDEL;IDV=5;IMF=1;DP=5;VDB=0.00187095;SGB=-0.590765;MQ0F=0;AC=2;AN=2;DP4=0,0,0,5;MQ=60;RB=6,136634415,136634718,TTA,AAT
17	33276123	NA	AAG	A	3.22223	MASKED;GAAAAGAAAAGAGAAAAG	INDEL;IDV=4;IMF=1;DP=4;VDB=0.02;SGB=-0.453602;MQ0F=0;AC=2;AN=2;DP4=0,0,2,0;MQ=60;RB=17,33275997,33276439,GTC,GTG
12	97771632	NA	TTGTG	T	182	MASKED;TGGGTGTTTTGTGTGTGT	INDEL;IDV=5;IMF=1;DP=5;VDB=0.00187095;SGB=-0.590765;MQ0F=0;AC=2;AN=2;DP4=0,0,5,0;MQ=60;RB=12,97771515,97771809,AAT,ATT
13	31949870	NA	G	GTA	58	NEI_IND[16/415];GTGTGCGTGTATATATAT	INDEL;IDV=2;IMF=0.5;DP=4;VDB=0.0249187;SGB=-0.453602;MQ0F=0;ICB=1;HOB=0.5;AC=1;AN=2;DP4=0,1,0,2;MQ=60;RB=13,31949663,31949960,GGG,ATG
13	31949946	NA	TA	T	45.4146	MASKED;AATTTAAATAAAATTTTT	INDEL;IDV=4;IMF=1;DP=4;VDB=0.0058656;SGB=-0.556411;MQ0F=0;AC=2;AN=2;DP4=0,0,0,4;MQ=60;RB=13,31949663,31949960,GGG,ATG
12	23263055	NA	T	TA	20.4535	NEI_IND[23/497];TAAATAAATAATAAATAA	INDEL;IDV=6;IMF=1;DP=6;VDB=0.000411984;SGB=-0.616816;MQ0F=0;AC=2;AN=2;DP4=0,0,6,0;MQ=60;RB=12,23262933,23263291,CCG,CTC
8	30518679	NA	TCTCA	T	204	NEI_IND[16/339];TCTCTCTCTCTCACACAC	INDEL;IDV=6;IMF=1;DP=6;VDB=0.000560625;SGB=-0.616816;MQ0F=0;AC=2;AN=2;DP4=0,0,6,0;MQ=60;RB=8,30518651,30518930,TGC,TAC
X	100354055	NA	C	CTT	225	NEI_IND[4/268];CTTTCTGTCTCTGTCTGT	INDEL;IDV=9;IMF=1;DP=9;VDB=5.52906e-06;SGB=-0.662043;MQ0F=0;AC=2;AN=2;DP4=0,0,9,0;MQ=60;RB=X,100353920,100354384,TAT,GTT
8	116397481	NA	AGAT	A	139	MASKED;TGATAGATAGATGATAGA	INDEL;IDV=4;IMF=1;DP=4;VDB=0.0058656;SGB=-0.556411;MQ0F=0;AC=2;AN=2;DP4=0,0,0,4;MQ=60;RB=8,116397096,116397610,GGG,GTG
12	23263055	NA	T	TA	28.4205	NEI_IND[23/497];TAAATAAATAATAAATAA	INDEL;IDV=10;IMF=0.909091;DP=11;VDB=6.99472e-07;SGB=-0.670168;MQ0F=0;AC=2;AN=2;DP4=0,0,10,0;MQ=60;RB=12,23262932,23263292,TTT,ATT
13	24916030	NA	AGTGT	A	189	MASKED;AACAGGTGAGTGTGTGTG	INDEL;IDV=7;IMF=1;DP=7;VDB=6.71664e-05;SGB=-0.636426;MQ0F=0;AC=2;AN=2;DP4=0,0,7,0;MQ=60;RB=13,24915909,24916441,TAT,CGT
X	145557712	NA	CGT	C	171	MASKED;TGTGTGTGCGTGTGTGTG	INDEL;IDV=8;IMF=1;DP=8;VDB=1.33331e-05;SGB=-0.651104;MQ0F=0;AC=2;AN=2;DP4=0,0,0,8;MQ=60;RB=X,145557295,145557733,GTA,GCT
1	15437033	NA	GTGCATA	G	154	NEI_IND[6/494];TTGTGTGTGTGCATATGT	INDEL;IDV=5;IMF=0.833333;DP=5;VDB=0.0058656;SGB=-0.556411;MQ0F=0;AC=2;AN=2;DP4=0,0,4,0;MQ=60;RB=1,15437018,15437481,CCT,CGT
8	90149865	NA	AG	A	91	PASS;ACAGACAGAGTAGATAGA	INDEL;IDV=5;IMF=1;DP=5;VDB=0.00187095;SGB=-0.590765;MQ0F=0;AC=2;AN=2;DP4=0,0,5,0;MQ=60;RB=8,90149730,90150015,TTT,CCT
12	97771632	NA	TTGTG	T	199	MASKED;TGGGTGTTTTGTGTGTGT	INDEL;IDV=6;IMF=1;DP=6;VDB=0.000411984;SGB=-0.616816;MQ0F=0;AC=2;AN=2;DP4=0,0,6,0;MQ=60;RB=12,97771515,97771809,CCA,ATA
1	18801000	NA	CTCTCTCTG	C	225	NEI_IND[20/420];CTCTGTCTCTCTCTCTGT	INDEL;IDV=9;IMF=1;DP=9;VDB=5.52906e-06;SGB=-0.662043;MQ0F=0;AC=2;AN=2;DP4=0,0,0,9;MQ=60;RB=1,18800787,18801126,TAT,GTT
1	18801089	NA	T	TGTGTGGGTGTGC	225	NEI_IND[15/316];AGGTGAGATGTGTGGGTG	INDEL;IDV=9;IMF=1;DP=9;VDB=5.52906e-06;SGB=-0.662043;MQ0F=0;AC=2;AN=2;DP4=0,0,0,9;MQ=60;RB=1,18800787,18801126,TAT,GTT
5	88129604	NA	T	TTTTCCC	18.4763	PASS;ATTTTTTTTAAGTAGAAA	INDEL;IDV=7;IMF=1;DP=7;VDB=0.02;SGB=-0.453602;MQ0F=0;AC=2;AN=2;DP4=0,0,2,0;MQ=60;RB=5,88129538,88129800,CAC,AAT
8	90149865	NA	AG	A	128	PASS;ACAGACAGAGTAGATAGA	INDEL;IDV=8;IMF=1;DP=8;VDB=1.33331e-05;SGB=-0.651104;MQ0F=0;AC=2;AN=2;DP4=0,0,8,0;MQ=60;RB=8,90149730,90150014,ACT,CCC
6	65988260	NA	AT	A	68	PASS;GAATATATATTATATATA	INDEL;IDV=6;IMF=1;DP=6;VDB=0.000411984;SGB=-0.616816;MQ0F=0;AC=2;AN=2;DP4=0,0,6,0;MQ=60;RB=6,65988126,65988402,TCA,TTT
6	65988284	NA	A	ATT	161	NEI_IND[25/319];AGAAATGTATTTTATATA	INDEL;IDV=6;IMF=1;DP=6;VDB=0.000411984;SGB=-0.616816;MQ0F=0;AC=2;AN=2;DP4=0,0,0,6;MQ=60;RB=6,65988126,65988402,TCA,TTT
3	106065983	NA	GT	G	74	PASS;GTGTGTGTGTTGTTGTTG	INDEL;IDV=5;IMF=1;DP=5;VDB=0.00187095;SGB=-0.590765;MQ0F=0;AC=2;AN=2;DP4=0,0,5,0;MQ=60;RB=3,106065848,106066413,AAA,GGT
1	202856465	NA	GAA	G	92	MASKED;AACATTATGAAAAATTTT	INDEL;IDV=4;IMF=1;DP=4;VDB=0.0058656;SGB=-0.556411;MQ0F=0;AC=2;AN=2;DP4=0,0,0,4;MQ=60;RB=1,202855936,202856481,GGC,AAG
11	47575349	NA	GAA	G	36.4154	MASKED;CTTTTACCGAAAAAAAAA	INDEL;IDV=4;IMF=1;DP=4;VDB=0.0058656;SGB=-0.556411;MQ0F=0;AC=2;AN=2;DP4=0,0,4,0;MQ=60;RB=11,47575227,47575531,GCC,TTC
12	56132703	NA	T	TA	86	PASS;AAAACCCTTAAGCCGTGC	INDEL;IDV=4;IMF=1;DP=4;VDB=0.0058656;SGB=-0.556411;MQ0F=0;AC=2;AN=2;DP4=0,0,4,0;MQ=60;RB=12,56132690,56133065,AAT,CGT
1	202856465	NA	GAA	G	88	MASKED;AACATTATGAAAAATTTT	INDEL;IDV=5;IMF=1;DP=5;VDB=0.0058656;SGB=-0.556411;MQ0F=0;AC=2;AN=2;DP4=0,0,0,4;MQ=60;RB=1,202855935,202856481,ACA,GGG
11	19132312	NA	GT	G	70	PASS;TTAAATTGGTCATGAGGA	INDEL;IDV=4;IMF=1;DP=4;VDB=0.0058656;SGB=-0.556411;MQ0F=0;AC=2;AN=2;DP4=0,0,0,4;MQ=60;RB=11,19132134,19132408,TCT,TTT
1	188562687	NA	T	TAGGTA	127	MASKED;ATGATAGATGATAGATAG	INDEL;IDV=6;IMF=1;DP=6;VDB=0.000411984;SGB=-0.616816;MQ0F=0;AC=2;AN=2;DP4=0,0,0,6;MQ=60;RB=1,188562381,188562806,CCT,CGA
6	75784341	NA	AC	A	83	PASS;GAAAAAAAACAATTCTAC	INDEL;IDV=4;IMF=1;DP=4;VDB=0.0058656;SGB=-0.556411;MQ0F=0;AC=2;AN=2;DP4=0,0,0,4;MQ=60;RB=6,75784039,75784443,ATA,ACT
3	174799836	NA	GTA	G	189	NEI_IND[16/410];GTGTATGTGTATGTGTGT	INDEL;IDV=7;IMF=1;DP=7;VDB=6.71664e-05;SGB=-0.636426;MQ0F=0;AC=2;AN=2;DP4=0,0,0,7;MQ=60;RB=3,174799422,174799970,GGA,GAT
1	106281587	NA	CT	C	96	MASKED;CTATCTATCTATCTATCT	INDEL;IDV=5;IMF=1;DP=5;VDB=0.00187095;SGB=-0.590765;MQ0F=0;AC=2;AN=2;DP4=0,0,0,5;MQ=60;RB=1,106281060,106281598,ATT,ACT
16	10213035	NA	AGG	A	184	PASS;CGAAGCTAAGGGAAAAAA	INDEL;IDV=7;IMF=1;DP=7;VDB=6.71664e-05;SGB=-0.636426;MQ0F=0;AC=2;AN=2;DP4=0,0,7,0;MQ=60;RB=16,10212900,10213464,CTC,GTT
1	193834773	NA	T	TTCTAGAAGAC	62	NEI_IND[28/383];TGTTTTTGTTATGTTAAT	INDEL;IDV=7;IMF=1;DP=7;VDB=0.0058656;SGB=-0.556411;MQ0F=0;AC=2;AN=2;DP4=0,0,4,0;MQ=60;RB=1,193834681,193835042,AAT,ACT
2	22795356	NA	AT	A	30.4183	PASS;TAAAATACATTTTTATTG	INDEL;IDV=4;IMF=1;DP=4;VDB=0.0058656;SGB=-0.556411;MQ0F=0;AC=2;AN=2;DP4=0,0,0,4;MQ=60;RB=2,22795074,22795453,TAC,TCA
11	72080969	NA	TG	T	82	PASS;ATTATTGTTGGGTTTTTT	INDEL;IDV=5;IMF=1;DP=5;VDB=0.00187095;SGB=-0.590765;MQ0F=0;AC=2;AN=2;DP4=0,0,5,0;MQ=60;RB=11,72080943,72081297,ACG,AAT
19	39564791	NA	GGA	G	188	MASKED;GAGAGAGAGGAAGGAAGG	INDEL;IDV=7;IMF=1;DP=7;VDB=6.71664e-05;SGB=-0.636426;MQ0F=0;AC=2;AN=2;DP4=0,0,7,0;MQ=60;RB=19,39564659,39565006,TTT,CTC
3	99387981	NA	ATATATATATAGAGG	A	205	NEI_IND[8/266];ATATATATATATATATAT	INDEL;IDV=6;IMF=1;DP=6;VDB=0.000411984;SGB=-0.616816;MQ0F=0;AC=2;AN=2;DP4=0,0,6,0;MQ=60;RB=3,99387866,99388254,GAA,TCT
2	71799356	NA	AGCACAT	A	182	NEI_IND[22/411];TCACACCCAGCACATGCA	INDEL;IDV=5;IMF=1;DP=5;VDB=0.00187095;SGB=-0.590765;MQ0F=0;AC=2;AN=2;DP4=0,0,5,0;MQ=60;RB=2,71799344,71799557,TGA,CTA
10	63168624	NA	CA	C	101	PASS;TAAAAACACAATTTGTCT	INDEL;IDV=6;IMF=1;DP=6;VDB=0.000411984;SGB=-0.616816;MQ0F=0;AC=2;AN=2;DP4=0,0,6,0;MQ=60;RB=10,63168606,63168989,TCA,GGA
9	7198174	NA	TC	T	81	NEI_IND[25/293];TTTTCTTTTCCTTTCTTT	INDEL;IDV=7;IMF=0.875;DP=8;VDB=0.0140756;SGB=-0.616816;MQ0F=0;AC=2;AN=2;DP4=0,0,6,0;MQ=60;RB=9,7198089,7198377,CAT,TAA
4	133291705	NA	CA	C	145	PASS;TTAAATATCATTGGTATT	INDEL;IDV=10;IMF=1;DP=10;VDB=6.99472e-07;SGB=-0.670168;MQ0F=0;AC=2;AN=2;DP4=0,0,0,10;MQ=60;RB=4,133291106,133291723,TCG,CTG
7	116146972	NA	AAAGAT	A	225	PASS;TGGAAATAAAAGATAAAA	INDEL;IDV=9;IMF=1;DP=9;VDB=5.52906e-06;SGB=-0.662043;MQ0F=0;AC=2;AN=2;DP4=0,0,9,0;MQ=60;RB=7,116146930,116147292,AAC,TCT
8	100336192	NA	TGGCAAA	T	88	PASS;CATAAAACTGGCAAAGGA	INDEL;IDV=5;IMF=1;DP=5;VDB=0.00187095;SGB=-0.590765;MQ0F=0;AC=2;AN=2;DP4=0,0,0,5;MQ=60;RB=8,100335965,100336237,CTT,TTG
12	84794800	NA	AG	A	31.4175	NEI_IND[38/285];ATATATATAGTATATATA	INDEL;IDV=6;IMF=1;DP=6;VDB=0.00187095;SGB=-0.590765;MQ0F=0;AC=2;AN=2;DP4=0,0,5,0;MQ=60;RB=12,84794707,84795083,GCT,GGT
3	176351404	NA	AC	A	70	PASS;TGCTAAGAACCCTGTCTG	INDEL;IDV=4;IMF=1;DP=4;VDB=0.0058656;SGB=-0.556411;MQ0F=0;AC=2;AN=2;DP4=0,0,0,4;MQ=60;RB=3,176351009,176351454,GAG,GTT
13	24916030	NA	AGTGT	A	154	MASKED;AACAGGTGAGTGTGTGTG	INDEL;IDV=4;IMF=1;DP=4;VDB=0.0058656;SGB=-0.556411;MQ0F=0;AC=2;AN=2;DP4=0,0,4,0;MQ=60;RB=13,24915909,24916441,TCT,CAA
12	17413807	NA	C	CACAT	98	NEI_IND[26/330];TACATACACATATGTACA	INDEL;IDV=7;IMF=1;DP=7;VDB=0.000411984;SGB=-0.616816;MQ0F=0;AC=2;AN=2;DP4=0,0,6,0;MQ=60;RB=12,17413729,17413973,TTT,GCT
4	56671936	NA	ATTTC	A	116	PASS;AATTCATTATTTCTTTAT	INDEL;IDV=8;IMF=1;DP=8;VDB=0.0221621;SGB=-0.511536;MQ0F=0;AC=2;AN=2;DP4=0,0,3,0;MQ=60;RB=4,56671863,56672067,TCC,GGC
3	99387981	NA	ATATATATATAGAGG	A	224	NEI_IND[8/266];ATATATATATATATATAT	INDEL;IDV=7;IMF=1;DP=7;VDB=6.71664e-05;SGB=-0.636426;MQ0F=0;AC=2;AN=2;DP4=0,0,7,0;MQ=60;RB=3,99387867,99388253,TCC,TCC
8	30518679	NA	TCTCA	T	181	NEI_IND[16/339];TCTCTCTCTCTCACACAC	INDEL;IDV=5;IMF=1;DP=5;VDB=0.00328271;SGB=-0.590765;MQ0F=0;AC=2;AN=2;DP4=0,0,5,0;MQ=60;RB=8,30518651,30518931,TAG,CCT
3	157802684	NA	A	AT	93	PASS;ATTTTGGAATTCTTACAG	INDEL;IDV=13;IMF=1;DP=13;VDB=2.26006e-08;SGB=-0.683931;MQ0F=0;AC=2;AN=2;DP4=0,0,13,0;MQ=60;RB=3,157802638,157802988,ATA,TAC
13	79659047	NA	A	AC	86	PASS;GCTTTAGAACTCCACTCT	INDEL;IDV=8;IMF=1;DP=8;VDB=0.0058656;SGB=-0.556411;MQ0F=0;AC=2;AN=2;DP4=0,0,4,0;MQ=60;RB=13,79658945,79659156,CTT,TAG
1	6155933	NA	CT	C	23.434	NEI_IND[14/234];CCCCCCCCCTGCCCCCAC	INDEL;IDV=5;IMF=1;DP=5;VDB=0.02;SGB=-0.453602;MQ0F=0;AC=2;AN=2;DP4=0,0,0,2;MQ=60;RB=1,6155793,6156049,ATA,TCT
8	90149865	NA	AG	A	128	PASS;ACAGACAGAGTAGATAGA	INDEL;IDV=8;IMF=1;DP=8;VDB=1.33331e-05;SGB=-0.651104;MQ0F=0;AC=2;AN=2;DP4=0,0,8,0;MQ=60;RB=8,90149730,90150015,ATT,ATT
11	7947853	NA	TTGGG	T	182	PASS;CATTCTTCTTGGGTGTGG	INDEL;IDV=5;IMF=1;DP=5;VDB=0.00187095;SGB=-0.590765;MQ0F=0;AC=2;AN=2;DP4=0,0,0,5;MQ=60;RB=11,7947656,7947886,GTA,CCT
5	172766135	NA	TC	T	27.4221	PASS;TCCCCCGTTCCCCCCGGT	INDEL;IDV=5;IMF=1;DP=5;VDB=0.00187095;SGB=-0.590765;MQ0F=0;AC=2;AN=2;DP4=0,0,0,5;MQ=60;RB=5,172765966,172766243,CTA,CAT
10	29001486	NA	TG	T	99	PASS;TGGCTTTTTGTAGAGATG	INDEL;IDV=5;IMF=1;DP=5;VDB=0.00187095;SGB=-0.590765;MQ0F=0;AC=2;AN=2;DP4=0,0,5,0;MQ=60;RB=10,29001467,29001692,CTG,TTT
5	96713145	NA	C	CT	24.4299	NEI_IND[14/435];CTATCTATCATCTATCTA	INDEL;IDV=8;IMF=1;DP=8;VDB=0.000411984;SGB=-0.616816;MQ0F=0;AC=2;AN=2;DP4=0,0,6,0;MQ=60;RB=5,96713029,96713545,ATA,GCT
8	30518679	NA	TCTCA	T	205	NEI_IND[16/339];TCTCTCTCTCTCACACAC	INDEL;IDV=6;IMF=1;DP=6;VDB=0.000411984;SGB=-0.616816;MQ0F=0;AC=2;AN=2;DP4=0,0,6,0;MQ=60;RB=8,30518651,30518930,GTC,TTG
4	92459843	NA	TATACAC	T	154	NEI_IND[8/332];ATATTATATATACACATA	INDEL;IDV=4;IMF=1;DP=4;VDB=0.0058656;SGB=-0.556411;MQ0F=0;AC=2;AN=2;DP4=0,0,0,4;MQ=60;RB=4,92459503,92459946,ACG,AAT
3	99387981	NA	ATATATATATAGAGG	A	182	NEI_IND[8/266];ATATATATATATATATAT	INDEL;IDV=5;IMF=1;DP=5;VDB=0.00187095;SGB=-0.590765;MQ0F=0;AC=2;AN=2;DP4=0,0,5,0;MQ=60;RB=3,99387866,99388254,GAA,TAT
1	220841432	NA	C	CA	10.7919	PASS;AAATGAAACAAAAAAACA	INDEL;IDV=4;IMF=1;DP=4;VDB=0.0058656;SGB=-0.556411;MQ0F=0;AC=2;AN=2;DP4=0,0,4,0;MQ=60;RB=1,220841381,220841760,AGT,TTC
3	78283322	NA	A	AT	10.7919	NEI_IND[13/274];AGTATAGTATAGTATAGT	INDEL;IDV=7;IMF=1;DP=7;SGB=-0.379885;MQ0F=0;AC=2;AN=2;DP4=0,0,0,1;MQ=60;RB=3,78283041,78283417,GTT,TTT
12	17413807	NA	C	CACAT	137	NEI_IND[26/330];TACATACACATATGTACA	INDEL;IDV=13;IMF=1;DP=13;VDB=2.26006e-08;SGB=-0.680642;MQ0F=0;AC=2;AN=2;DP4=0,0,12,0;MQ=60;RB=12,17413729,17413973,ATT,CCA
15	66760605	NA	TCC	T	168	PASS;GACAGACCTCCTTTTTTT	INDEL;IDV=5;IMF=1;DP=5;VDB=0.00187095;SGB=-0.590765;MQ0F=0;AC=2;AN=2;DP4=0,0,0,5;MQ=60;RB=15,66760322,66760636,TCT,AGA
2	133824604	NA	TTA	T	97	MASKED;TTTATTTTTTATTTTTTT	INDEL;IDV=6;IMF=1;DP=6;VDB=0.000411984;SGB=-0.616816;MQ0F=0;AC=2;AN=2;DP4=0,0,6,0;MQ=60;RB=2,133824473,133824781,AAT,ATA
5	31042954	NA	GATAT	G	215	NEI_IND[4/282];GAAAATGTGATATATATA	INDEL;IDV=7;IMF=1;DP=7;VDB=6.71664e-05;SGB=-0.636426;MQ0F=0;AC=2;AN=2;DP4=0,0,7,0;MQ=60;RB=5,31042834,31043124,AGA,GTC
5	31043032	NA	C	CATAT	207	NEI_IND[13/388];CGCATACACATTTATGTA	INDEL;IDV=7;IMF=1;DP=7;VDB=6.71664e-05;SGB=-0.636426;MQ0F=0;AC=2;AN=2;DP4=0,0,0,7;MQ=60;RB=5,31042834,31043124,AGA,GTC
6	54400979	NA	CT	C	13.6076	PASS;GAAATGGACTTTTTTTTA	INDEL;IDV=6;IMF=1;DP=6;VDB=0.000411984;SGB=-0.616816;MQ0F=0;AC=2;AN=2;DP4=0,0,6,0;MQ=60;RB=6,54400963,54401541,ATG,CGC
4	108408279	NA	ATG	A	151	PASS;ACACACACATGCACACAC	INDEL;IDV=6;IMF=1;DP=6;VDB=0.000411984;SGB=-0.616816;MQ0F=0;AC=2;AN=2;DP4=0,0,0,6;MQ=60;RB=4,108407955,108408289,TTG,GTT
9	6397603	NA	AG	A	67	PASS;AGAAAGAAAGAAAGAAAA	INDEL;IDV=4;IMF=1;DP=4;VDB=0.0058656;SGB=-0.556411;MQ0F=0;AC=2;AN=2;DP4=0,0,4,0;MQ=60;RB=9,6397468,6397994,TGC,TTC
5	31042954	NA	GATAT	G	225	NEI_IND[4/282];GAAAATGTGATATATATA	INDEL;IDV=8;IMF=1;DP=8;VDB=1.33331e-05;SGB=-0.651104;MQ0F=0;AC=2;AN=2;DP4=0,0,8,0;MQ=60;RB=5,31042834,31043125,AAT,TTT
5	31043032	NA	C	CATAT	224	NEI_IND[13/388];CGCATACACATTTATGTA	INDEL;IDV=7;IMF=0.875;DP=8;VDB=1.33331e-05;SGB=-0.651104;MQ0F=0;AC=2;AN=2;DP4=0,0,0,8;MQ=60;RB=5,31042834,31043125,AAT,TTT
1	44907348	NA	CTT	C	189	PASS;GCTGGAAACTTAGTGTAT	INDEL;IDV=6;IMF=1;DP=6;VDB=0.000411984;SGB=-0.616816;MQ0F=0;AC=2;AN=2;DP4=0,0,0,6;MQ=60;RB=1,44907127,44907387,TAT,AGG
X	145557712	NA	CGT	C	80	PASS;TGTGTGTGCGTGTGTGTG	INDEL;IDV=3;IMF=0.75;DP=3;VDB=0.0221621;SGB=-0.511536;MQ0F=0;AC=2;AN=2;DP4=0,0,0,3;MQ=60;RB=X,145557296,145557732,TGG,CTG
9	7198174	NA	TC	T	55	NEI_IND[25/293];TTTTCTTTTCCTTTCTTT	INDEL;IDV=6;IMF=1;DP=6;VDB=0.00317218;SGB=-0.590765;MQ0F=0;AC=2;AN=2;DP4=0,0,5,0;MQ=60;RB=9,7198089,7198377,TAT,ACA
1	114517815	NA	TG	T	68	PASS;CCTTAGGATGGACCAGCA	INDEL;IDV=4;IMF=1;DP=4;VDB=0.0058656;SGB=-0.556411;MQ0F=0;AC=2;AN=2;DP4=0,0,4,0;MQ=60;RB=1,114517689,114518099,ACG,TTT
3	174799836	NA	GTA	G	153	NEI_IND[16/410];GTGTATGTGTATGTGTGT	INDEL;IDV=5;IMF=1;DP=5;VDB=0.00187095;SGB=-0.590765;MQ0F=0;AC=2;AN=2;DP4=0,0,0,5;MQ=60;RB=3,174799423,174799969,AGG,TCG
13	24916030	NA	AGTGT	A	197	MASKED;AACAGGTGAGTGTGTGTG	INDEL;IDV=6;IMF=1;DP=6;VDB=0.000411984;SGB=-0.616816;MQ0F=0;AC=2;AN=2;DP4=0,0,6,0;MQ=60;RB=13,24915910,24916440,ACC,ATC
12	84794800	NA	AG	A	21.4454	NEI_IND[38/285];ATATATATAGTATATATA	INDEL;IDV=5;IMF=1;DP=5;VDB=0.0058656;SGB=-0.556411;MQ0F=0;AC=2;AN=2;DP4=0,0,4,0;MQ=60;RB=12,84794707,84795082,CGA,AGG
1	193834773	NA	T	TTCTAGAAGAC	154	NEI_IND[28/383];TGTTTTTGTTATGTTAAT	INDEL;IDV=8;IMF=1;DP=8;VDB=0.000411984;SGB=-0.616816;MQ0F=0;AC=2;AN=2;DP4=0,0,6,0;MQ=60;RB=1,193834681,193835041,AAT,TAG
