CHROM	POS	ID	REF	ALT	QUAL	FILTER	INFO
1	188371296	NA	CA	C	9.88465	MASKED;AACTTTACCAAAAAAAAT	INDEL;IDV=5;IMF=1;DP=5;VDB=0.00187095;SGB=-0.590765;MQ0F=0;AC=2;AN=2;DP4=0,0,5,0;MQ=60;RB=1,188371166,188371480,TTG,CTG
6	94097688	NA	G	GA	106	PASS;GATAGATAGATAGATAGA	INDEL;IDV=5;IMF=1;DP=5;VDB=0.00187095;SGB=-0.590765;MQ0F=0;AC=2;AN=2;DP4=0,0,5,0;MQ=60;RB=6,94097555,94097871,TTT,ATC
1	154672957	NA	TAA	T	209	PASS;TATAAATGTAAGTCTTGG	INDEL;IDV=8;IMF=1;DP=8;VDB=1.33331e-05;SGB=-0.651104;MQ0F=0;AC=2;AN=2;DP4=0,0,8,0;MQ=60;RB=1,154672886,154673192,TTC,CTA
11	30315940	NA	AAAAGCTAT	A	182	NEI_IND[14/464];AAACAGTAAAAAGCTATA	INDEL;IDV=5;IMF=1;DP=5;VDB=0.00187095;SGB=-0.590765;MQ0F=0;AC=2;AN=2;DP4=0,0,5,0;MQ=60;RB=11,30315814,30316035,AGG,CCG
16	50146187	NA	A	AG	145	PASS;AAAAAAAAAGAGAGTGAA	INDEL;IDV=9;IMF=0.9;DP=10;VDB=2.65032e-06;SGB=-0.670168;MQ0F=0;AC=2;AN=2;DP4=0,0,10,0;MQ=60;RB=16,50146074,50146347,CTC,CTC
5	150776221	NA	AT	A	94	MASKED;TGAATGGGATTAAATATG	INDEL;IDV=6;IMF=1;DP=6;VDB=0.000411984;SGB=-0.616816;MQ0F=0;AC=2;AN=2;DP4=0,0,0,6;MQ=60;RB=5,150775824,150776237,CCT,AAC
11	30315940	NA	AAAAGCTAT	A	225	NEI_IND[14/464];AAACAGTAAAAAGCTATA	INDEL;IDV=9;IMF=1;DP=9;VDB=5.52906e-06;SGB=-0.662043;MQ0F=0;AC=2;AN=2;DP4=0,0,9,0;MQ=60;RB=11,30315814,30316035,GCC,GCG
4	177905157	NA	CT	C	105	PASS;GGTCATTACTGTTATGAC	INDEL;IDV=6;IMF=1;DP=6;VDB=0.000411984;SGB=-0.616816;MQ0F=0;AC=2;AN=2;DP4=0,0,0,6;MQ=60;RB=4,177904939,177905274,CGT,GTC
6	132464960	NA	TA	T	81	PASS;AAGATTATTAAACCTGTT	INDEL;IDV=5;IMF=1;DP=5;VDB=0.00187095;SGB=-0.590765;MQ0F=0;AC=2;AN=2;DP4=0,0,0,5;MQ=60;RB=6,132464714,132464972,TCT,CCT
2	156837918	NA	AACTC	A	205	PASS;CTTGTGAGAACTCACTCA	INDEL;IDV=6;IMF=1;DP=6;VDB=0.000411984;SGB=-0.616816;MQ0F=0;AC=2;AN=2;DP4=0,0,6,0;MQ=60;RB=2,156837891,156838170,TAT,TCT
3	16277611	NA	CAAAAAAA	C	26.9379	NEI_IND[4/243];CTATGTCTCAAAAAAAAA	INDEL;IDV=5;IMF=1;DP=5;VDB=0.00187095;SGB=-0.590765;MQ0F=0;AC=2;AN=2;DP4=0,0,5,0;MQ=60;RB=3,16277579,16277844,AAC,TTC
3	162962886	NA	CT	C	56	PASS;TAAATTAACTTTTAATTT	INDEL;IDV=5;IMF=1;DP=5;VDB=0.00187095;SGB=-0.590765;MQ0F=0;AC=2;AN=2;DP4=0,0,0,5;MQ=60;RB=3,162962554,162963019,CAC,CTC
1	188371296	NA	CA	C	17.4922	MASKED;AACTTTACCAAAAAAAAT	INDEL;IDV=8;IMF=1;DP=8;VDB=1.33331e-05;SGB=-0.651104;MQ0F=0;AC=2;AN=2;DP4=0,0,8,0;MQ=60;RB=1,188371165,188371481,CAA,GCT
9	101712830	NA	TCC	T	121	NEI_IND[6/276];CCTTCCCTTCCCCTTCCT	INDEL;IDV=4;IMF=1;DP=4;VDB=0.0058656;SGB=-0.556411;MQ0F=0;AC=2;AN=2;DP4=0,0,0,4;MQ=60;RB=9,101712700,101712972,GAA,GCT
1	188371296	NA	CA	C	9.88465	MASKED;AACTTTACCAAAAAAAAT	INDEL;IDV=5;IMF=1;DP=5;VDB=0.00187095;SGB=-0.590765;MQ0F=0;AC=2;AN=2;DP4=0,0,5,0;MQ=60;RB=1,188371166,188371480,CTG,CTC
1	188562687	NA	T	TAGGTA	124	NEI_IND[18/560];ATGATAGATGATAGATAG	INDEL;IDV=6;IMF=1;DP=6;VDB=0.00187095;SGB=-0.590765;MQ0F=0;AC=2;AN=2;DP4=0,0,0,5;MQ=60;RB=1,188562382,188562805,TGC,CAC
12	97771632	NA	TTGTG	T	205	MASKED;TGGGTGTTTTGTGTGTGT	INDEL;IDV=6;IMF=0.857143;DP=6;VDB=0.000411984;SGB=-0.616816;MQ0F=0;AC=2;AN=2;DP4=0,0,6,0;MQ=60;RB=12,97771515,97771809,TGT,GTA
1	188371296	NA	CA	C	6.51141	MASKED;AACTTTACCAAAAAAAAT	INDEL;IDV=4;IMF=1;DP=4;VDB=0.0058656;SGB=-0.556411;MQ0F=0;AC=2;AN=2;DP4=0,0,4,0;MQ=60;RB=1,188371166,188371481,ACG,GGT
6	44615913	NA	CCTT	C	182	NEI_IND[48/582];ATCTAGATCCTTCTCCTG	INDEL;IDV=5;IMF=1;DP=5;VDB=0.00187095;SGB=-0.590765;MQ0F=0;AC=2;AN=2;DP4=0,0,0,5;MQ=60;RB=6,44615613,44615923,GAT,GGC
12	17413807	NA	C	CACAT	88	NEI_IND[24/335];TACATACACATATGTACA	INDEL;IDV=5;IMF=1;DP=5;VDB=0.00187095;SGB=-0.590765;MQ0F=0;AC=2;AN=2;DP4=0,0,5,0;MQ=60;RB=12,17413729,17413973,AAT,GTT
X	125151332	NA	CT	C	7.30725	PASS;AAAGATTTCTTTTTTTTT	INDEL;IDV=5;IMF=1;DP=5;VDB=0.00187095;SGB=-0.590765;MQ0F=0;AC=2;AN=2;DP4=0,0,5,0;MQ=60;RB=X,125151278,125151553,GTT,GTC
22	16857938	NA	GCAATC	G	182	NEI_IND[31/512];CTTCGAATGCAATCGAAT	INDEL;IDV=5;IMF=1;DP=5;VDB=0.00215942;SGB=-0.590765;MQ0F=0;AC=2;AN=2;DP4=0,0,5,0;MQ=60;RB=22,16857932,16858280,TTC,TTC
22	16857938	NA	GCAATC	G	224	NEI_IND[31/512];CTTCGAATGCAATCGAAT	INDEL;IDV=7;IMF=1;DP=7;VDB=6.71664e-05;SGB=-0.636426;MQ0F=0;AC=2;AN=2;DP4=0,0,7,0;MQ=60;RB=22,16857932,16858281,ATC,ATA
9	18925184	NA	CT	C	156	PASS;CATATACACTATCATTCA	INDEL;IDV=10;IMF=1;DP=10;VDB=0.984435;SGB=-0.662043;MQSB=0.974597;MQ0F=0;AC=2;AN=2;DP4=0,0,5,4;MQ=60;RB=9,18925054,18925295,GTC,TTC
6	94097688	NA	G	GA	111	PASS;GATAGATAGATAGATAGA	INDEL;IDV=6;IMF=1;DP=6;VDB=0.000411984;SGB=-0.616816;MQ0F=0;AC=2;AN=2;DP4=0,0,6,0;MQ=60;RB=6,94097556,94097872,TTG,AGT
3	170221103	NA	AGAGT	A	205	PASS;AAATTGTTAGAGTGAGTC	INDEL;IDV=6;IMF=1;DP=6;VDB=0.000411984;SGB=-0.616816;MQ0F=0;AC=2;AN=2;DP4=0,0,0,6;MQ=60;RB=3,170220802,170221179,TGT,AGA
12	17413807	NA	C	CACAT	101	NEI_IND[24/335];TACATACACATATGTACA	INDEL;IDV=6;IMF=1;DP=6;VDB=0.000411984;SGB=-0.616816;MQ0F=0;AC=2;AN=2;DP4=0,0,6,0;MQ=60;RB=12,17413729,17413973,TCA,GCA
1	193834773	NA	T	TTCTAGAAGAC	178	NEI_IND[30/459];TGTTTTTGTTATGTTAAT	INDEL;IDV=10;IMF=1;DP=10;VDB=5.52906e-06;SGB=-0.662043;MQ0F=0;AC=2;AN=2;DP4=0,0,9,0;MQ=60;RB=1,193834681,193835041,GCT,GCG
19	41655304	NA	CAAAAAAAAAAAAA	CA,C	172	NEI_IND[4/252];CTCCCACTCAAAAAAAAA	INDEL;IDV=8;IMF=1;DP=8;VDB=1.33331e-05;SGB=-0.651104;MQ0F=0;AC=1,1;AN=2;DP4=0,0,8,0;MQ=60;RB=19,41655271,41655560,TGA,TAC
9	101712830	NA	TCC	T	154	NEI_IND[6/276];CCTTCCCTTCCCCTTCCT	INDEL;IDV=6;IMF=1;DP=6;VDB=0.000411984;SGB=-0.616816;MQ0F=0;AC=2;AN=2;DP4=0,0,0,6;MQ=60;RB=9,101712701,101712972,GCC,GTT
18	2289668	NA	GT	G	11.7169	MASKED;TTTGTTTTGTTTTTTTGG	INDEL;IDV=4;IMF=1;DP=4;VDB=0.0058656;SGB=-0.556411;MQ0F=0;AC=2;AN=2;DP4=0,0,0,4;MQ=60;RB=18,2289479,2289687,GAT,GTT
X	119169231	NA	AAAG	A	182	PASS;TTCTAGACAAAGAACAGA	INDEL;IDV=5;IMF=1;DP=5;VDB=0.00187095;SGB=-0.590765;MQ0F=0;AC=2;AN=2;DP4=0,0,0,5;MQ=60;RB=X,119169042,119169273,ACG,CAG
22	16857938	NA	GCAATC	G	225	NEI_IND[31/512];CTTCGAATGCAATCGAAT	INDEL;IDV=15;IMF=1;DP=15;VDB=4.49525e-10;SGB=-0.688148;MQ0F=0;AC=2;AN=2;DP4=0,0,15,0;MQ=60;RB=22,16857932,16858281,TGG,GGA
9	21048798	NA	CTTTG	C	154	PASS;AAGTCATACTTTGTTTGG	INDEL;IDV=4;IMF=1;DP=4;VDB=0.0058656;SGB=-0.556411;MQ0F=0;AC=2;AN=2;DP4=0,0,0,4;MQ=60;RB=9,21048524,21048923,TAA,GAT
13	48804698	NA	ATAAAT	A	225	PASS;TATATAAAATAAATTAAA	INDEL;IDV=8;IMF=1;DP=8;VDB=1.33331e-05;SGB=-0.651104;MQ0F=0;AC=2;AN=2;DP4=0,0,8,0;MQ=60;RB=13,48804634,48805107,AAA,GTT
9	114374611	NA	ACACT	A	148	NEI_IND[24/446];GGCAGAACACACTCTCTC	INDEL;IDV=4;IMF=1;DP=4;VDB=0.0058656;SGB=-0.556411;MQ0F=0;AC=2;AN=2;DP4=0,0,0,4;MQ=60;RB=9,114374427,114374630,TCA,CTG
2	30917955	NA	AAGGC	A	182	PASS;TGCATAGAAAGGCAGATA	INDEL;IDV=5;IMF=1;DP=5;VDB=0.00187095;SGB=-0.590765;MQ0F=0;AC=2;AN=2;DP4=0,0,5,0;MQ=60;RB=2,30917869,30918179,GCC,GGG
6	33933228	NA	TTTCC	T	198	NEI_IND[54/390];TCCTTTTCTTTCCTTCCT	INDEL;IDV=6;IMF=1;DP=6;VDB=0.000411984;SGB=-0.616816;MQ0F=0;AC=2;AN=2;DP4=0,0,0,6;MQ=60;RB=6,33933031,33933340,ATA,CCT
6	33933290	NA	C	CTTCTTTCT	205	NEI_IND[8/364];TTCCTTTCCTTCTTTCTT	INDEL;IDV=6;IMF=1;DP=6;VDB=0.000411984;SGB=-0.616816;MQ0F=0;AC=2;AN=2;DP4=0,0,0,6;MQ=60;RB=6,33933031,33933340,ATA,CCT
12	10311925	NA	TGTCC	T	225	NEI_IND[4/329];TGTCTGTCTGTCCGTAAG	INDEL;IDV=10;IMF=1;DP=10;VDB=6.99472e-07;SGB=-0.670168;MQ0F=0;AC=2;AN=2;DP4=0,0,0,10;MQ=60;RB=12,10311555,10312051,ATC,TCT
3	16277611	NA	CAAAAAAA	C	11.1316	NEI_IND[4/243];CTATGTCTCAAAAAAAAA	INDEL;IDV=5;IMF=1;DP=5;VDB=0.0058656;SGB=-0.556411;MQ0F=0;AC=2;AN=2;DP4=0,0,4,0;MQ=60;RB=3,16277579,16277845,CCG,ATA
9	119760868	NA	CCATG	C	205	MASKED;CCATACATCCATGCATCC	INDEL;IDV=6;IMF=1;DP=6;VDB=0.000411984;SGB=-0.616816;MQ0F=0;AC=2;AN=2;DP4=0,0,0,6;MQ=60;RB=9,119760243,119760886,AGG,CAA
7	158661951	NA	GGGCCCGT	G	225	PASS;GACCCTCTGGGCCCGTGG	INDEL;IDV=8;IMF=1;DP=8;VDB=1.33331e-05;SGB=-0.651104;MQ0F=0;AC=2;AN=2;DP4=0,0,0,8;MQ=60;RB=7,158661609,158661970,GCC,TCA
22	16857938	NA	GCAATC	G	182	NEI_IND[31/512];CTTCGAATGCAATCGAAT	INDEL;IDV=5;IMF=1;DP=5;VDB=0.00187095;SGB=-0.590765;MQ0F=0;AC=2;AN=2;DP4=0,0,5,0;MQ=60;RB=22,16857932,16858280,TTC,CCG
20	7356702	NA	CGT	C	201	MASKED;ATTAATATCGTTTTTTTA	INDEL;IDV=7;IMF=1;DP=7;VDB=6.71664e-05;SGB=-0.636426;MQ0F=0;AC=2;AN=2;DP4=0,0,7,0;MQ=60;RB=20,7356581,7356992,ACG,AAA
21	25622420	NA	CAAAT	C	182	PASS;CATGTAAACAAATAAACA	INDEL;IDV=5;IMF=1;DP=5;VDB=0.00187095;SGB=-0.590765;MQ0F=0;AC=2;AN=2;DP4=0,0,0,5;MQ=60;RB=21,25622100,25622482,TAA,CTG
2	79852528	NA	TA	T	95	PASS;AGTCATATTAGGGGGCTG	INDEL;IDV=5;IMF=1;DP=5;VDB=0.00187095;SGB=-0.590765;MQ0F=0;AC=2;AN=2;DP4=0,0,0,5;MQ=60;RB=2,79852209,79852659,GAC,TGA
9	130175468	NA	AAGAAAC	A	201	NEI_IND[16/388];GTCTCCAAAAGAAACAAA	INDEL;IDV=6;IMF=1;DP=6;VDB=0.000411984;SGB=-0.616816;MQ0F=0;AC=2;AN=2;DP4=0,0,6,0;MQ=60;RB=9,130175338,130175606,TAG,TTC
15	46878350	NA	TGC	T	205	MASKED;TGTGTGTGTGCGTGTGTG	INDEL;IDV=11;IMF=0.916667;DP=12;VDB=2.26006e-08;SGB=-0.676189;MQ0F=0;AC=2;AN=2;DP4=1,0,11,0;MQ=60;RB=15,46878249,46878527,TGA,CCC
5	150776221	NA	AT	A	75	MASKED;TGAATGGGATTAAATATG	INDEL;IDV=5;IMF=1;DP=5;VDB=0.00187095;SGB=-0.590765;MQ0F=0;AC=2;AN=2;DP4=0,0,0,5;MQ=60;RB=5,150775816,150776237,CTT,CTG
12	85934507	NA	TA	T	38.415	PASS;TAGGAAGGTAAAAACTAT	INDEL;IDV=5;IMF=1;DP=5;VDB=0.00187095;SGB=-0.590765;MQ0F=0;AC=2;AN=2;DP4=0,0,5,0;MQ=60;RB=12,85934439,85934754,TAT,GTT
2	42303370	NA	AGAAGGAAG	A	217	NEI_IND[54/239];AGATGGAAAGAAGGAAGG	INDEL;IDV=8;IMF=1;DP=8;VDB=6.71664e-05;SGB=-0.636426;MQ0F=0;AC=2;AN=2;DP4=0,0,7,0;MQ=60;RB=2,42303314,42303611,CCT,TTG
2	42303491	NA	GAAAGAAAA	G	154	NEI_IND[13/437];GGAAGAAAGAAAGAAAAA	INDEL;IDV=4;IMF=1;DP=4;VDB=0.0058656;SGB=-0.556411;MQ0F=0;AC=2;AN=2;DP4=0,0,0,4;MQ=60;RB=2,42303314,42303611,CCT,TTG
1	188371296	NA	CA	C	13.6076	MASKED;AACTTTACCAAAAAAAAT	INDEL;IDV=6;IMF=1;DP=6;VDB=0.000411984;SGB=-0.616816;MQ0F=0;AC=2;AN=2;DP4=0,0,6,0;MQ=60;RB=1,188371166,188371480,CTG,GAG
3	37974149	NA	A	AAAT	205	PASS;GGCCATTAAGTCTCTGTC	INDEL;IDV=6;IMF=1;DP=6;VDB=0.000411984;SGB=-0.616816;MQ0F=0;AC=2;AN=2;DP4=0,0,6,0;MQ=60;RB=3,37974094,37974355,ACT,AAT
14	56045213	NA	AT	A	44.4146	PASS;TGATATAAATTTTTAATT	INDEL;IDV=6;IMF=1;DP=6;VDB=0.000411984;SGB=-0.616816;MQ0F=0;AC=2;AN=2;DP4=0,0,6,0;MQ=60;RB=14,56045150,56045502,ATT,CTC
6	135997547	NA	ATGT	A	224	PASS;GTCTGGAAATGTTGTGTT	INDEL;IDV=7;IMF=1;DP=7;VDB=6.71664e-05;SGB=-0.636426;MQ0F=0;AC=2;AN=2;DP4=0,0,0,7;MQ=60;RB=6,135997314,135997657,TCA,CTC
4	131959737	NA	TA	T	124	PASS;AAAAAATTTATTTCCTCA	INDEL;IDV=7;IMF=1;DP=7;VDB=6.71664e-05;SGB=-0.636426;MQ0F=0;AC=2;AN=2;DP4=0,0,7,0;MQ=60;RB=4,131959720,131959963,TTC,AGT
7	114886068	NA	AC	A	129	PASS;GACTCAAAACACAGTTCA	INDEL;IDV=16;IMF=1;DP=16;VDB=1.33331e-05;SGB=-0.651104;MQ0F=0;AC=2;AN=2;DP4=0,0,8,0;MQ=60;RB=7,114885965,114886193,GAG,TCA
15	71492143	NA	G	GTGTGTGTGC	182	NEI_IND[26/821];TGTGTGCTGTGTGTGTGT	INDEL;IDV=6;IMF=1;DP=6;VDB=0.00187095;SGB=-0.590765;MQ0F=0;AC=2;AN=2;DP4=0,0,0,5;MQ=60;RB=15,71491967,71492190,CTG,TGG
18	2289668	NA	GT	G	11.7169	MASKED;TTTGTTTTGTTTTTTTGG	INDEL;IDV=4;IMF=1;DP=4;VDB=0.0058656;SGB=-0.556411;MQ0F=0;AC=2;AN=2;DP4=0,0,0,4;MQ=60;RB=18,2289480,2289687,CGG,GTT
22	16857938	NA	GCAATC	G	182	NEI_IND[31/512];CTTCGAATGCAATCGAAT	INDEL;IDV=5;IMF=1;DP=5;VDB=0.00187095;SGB=-0.590765;MQ0F=0;AC=2;AN=2;DP4=0,0,5,0;MQ=60;RB=22,16857932,16858281,GAG,ATA
22	16857938	NA	GCAATC	G	205	NEI_IND[31/512];CTTCGAATGCAATCGAAT	INDEL;IDV=6;IMF=1;DP=6;VDB=0.000560625;SGB=-0.616816;MQ0F=0;AC=2;AN=2;DP4=0,0,6,0;MQ=60;RB=22,16857932,16858280,TGC,GTG
1	188371296	NA	CA	C	17.4922	MASKED;AACTTTACCAAAAAAAAT	INDEL;IDV=8;IMF=1;DP=8;VDB=1.33331e-05;SGB=-0.651104;MQ0F=0;AC=2;AN=2;DP4=0,0,8,0;MQ=60;RB=1,188371166,188371480,GGG,TCC
22	16857938	NA	GCAATC	G	205	NEI_IND[31/512];CTTCGAATGCAATCGAAT	INDEL;IDV=6;IMF=1;DP=6;VDB=0.000411984;SGB=-0.616816;MQ0F=0;AC=2;AN=2;DP4=0,0,6,0;MQ=60;RB=22,16857932,16858280,CCG,CCG
9	114374611	NA	ACACT	A	182	NEI_IND[24/446];GGCAGAACACACTCTCTC	INDEL;IDV=5;IMF=1;DP=5;VDB=0.00187095;SGB=-0.590765;MQ0F=0;AC=2;AN=2;DP4=0,0,0,5;MQ=60;RB=9,114374428,114374630,CGG,TTC
3	16277611	NA	CAAAAAAAAAA	C	5.38116	NEI_IND[4/243];CTATGTCTCAAAAAAAAA	INDEL;IDV=4;IMF=1;DP=4;VDB=0.0221621;SGB=-0.511536;MQ0F=0;AC=2;AN=2;DP4=0,0,3,0;MQ=60;RB=3,16277578,16277845,GGA,CAT
10	116056219	NA	AG	A	121	PASS;AGTAAATGAGTAAATGAT	INDEL;IDV=7;IMF=1;DP=7;VDB=6.71664e-05;SGB=-0.636426;MQ0F=0;AC=2;AN=2;DP4=0,0,7,0;MQ=60;RB=10,116056084,116056446,AAA,CCC
14	95858597	NA	CAACAATTT	C	224	PASS;TTATTTAACAACAATTTC	INDEL;IDV=7;IMF=1;DP=7;VDB=6.71664e-05;SGB=-0.636426;MQ0F=0;AC=2;AN=2;DP4=0,0,7,0;MQ=60;RB=14,95858552,95859011,AAT,AAT
14	30336314	NA	TG	T	103	PASS;ACTATACCTGCTCCTCAA	INDEL;IDV=5;IMF=1;DP=5;VDB=0.00187095;SGB=-0.590765;MQ0F=0;AC=2;AN=2;DP4=0,0,5,0;MQ=60;RB=14,30336268,30336477,ATT,TTC
2	214566171	NA	AC	A	113	PASS;CGGTGTCCACTCTGGCCA	INDEL;IDV=6;IMF=1;DP=6;VDB=0.000411984;SGB=-0.616816;MQ0F=0;AC=2;AN=2;DP4=0,0,0,6;MQ=60;RB=2,214565906,214566207,ATA,CAA
3	16277611	NA	CAAAAAAA	C	10.716	NEI_IND[4/243];CTATGTCTCAAAAAAAAA	INDEL;IDV=5;IMF=1;DP=5;VDB=0.00187095;SGB=-0.590765;MQ0F=0;AC=2;AN=2;DP4=0,0,5,0;MQ=60;RB=3,16277578,16277844,CAT,AAC
1	193834773	NA	T	TTCTAGAAGAC	56	NEI_IND[30/459];TGTTTTTGTTATGTTAAT	INDEL;IDV=4;IMF=1;DP=4;VDB=0.0221621;SGB=-0.511536;MQ0F=0;AC=2;AN=2;DP4=0,0,3,0;MQ=60;RB=1,193834681,193835042,GTT,CTT
16	11501382	NA	GGCCATCAAGCGTGGCC	G	129	PASS;TCAGGTTAGGCCATCAAG	INDEL;IDV=6;IMF=1;DP=6;VDB=0.000411984;SGB=-0.616816;MQ0F=0;AC=2;AN=2;DP4=0,0,0,6;MQ=60;RB=16,11501062,11501497,CCC,ATA
11	126638013	NA	ATCTG	A	182	MASKED;GTCCATCCATCTGTCTAT	INDEL;IDV=5;IMF=1;DP=5;VDB=0.00187095;SGB=-0.590765;MQ0F=0;AC=2;AN=2;DP4=0,0,0,5;MQ=60;RB=11,126637797,126638147,AAT,ATT
11	30315940	NA	AAAAGCTAT	A	225	NEI_IND[14/464];AAACAGTAAAAAGCTATA	INDEL;IDV=8;IMF=1;DP=8;VDB=1.33331e-05;SGB=-0.651104;MQ0F=0;AC=2;AN=2;DP4=0,0,8,0;MQ=60;RB=11,30315814,30316036,GAG,GGT
X	145557712	NA	CGT	C	140	MASKED;TGTGTGTGCGTGTGTGTG	INDEL;IDV=6;IMF=1;DP=6;VDB=0.000411984;SGB=-0.616816;MQ0F=0;AC=2;AN=2;DP4=0,0,0,6;MQ=60;RB=X,145557296,145557732,ACC,ACG
13	59262735	NA	TC	T	140	MASKED;AAAATTTTTCTTCAATCA	INDEL;IDV=10;IMF=1;DP=10;VDB=6.99472e-07;SGB=-0.670168;MQ0F=0;AC=2;AN=2;DP4=0,0,10,0;MQ=60;RB=13,59262725,59262978,TAT,CTT
1	188371296	NA	CA	C	17.4922	MASKED;AACTTTACCAAAAAAAAT	INDEL;IDV=8;IMF=1;DP=8;VDB=1.33331e-05;SGB=-0.651104;MQ0F=0;AC=2;AN=2;DP4=0,0,8,0;MQ=60;RB=1,188371165,188371480,GGT,GGG
1	72243857	NA	CATAT	C	168	MASKED;TATATATACATATATATA	INDEL;IDV=5;IMF=1;DP=5;VDB=0.00187095;SGB=-0.590765;MQ0F=0;AC=2;AN=2;DP4=0,0,5,0;MQ=60;RB=1,72243731,72244171,AAC,TAC
15	60280518	NA	GC	G	82	PASS;GCCAGCCAGCCCAGCCAG	INDEL;IDV=5;IMF=1;DP=5;VDB=0.00187095;SGB=-0.590765;MQ0F=0;AC=2;AN=2;DP4=0,0,5,0;MQ=60;RB=15,60280383,60280696,CCG,ATT
12	17413807	NA	C	CACAT	125	NEI_IND[24/335];TACATACACATATGTACA	INDEL;IDV=9;IMF=1;DP=9;VDB=5.52906e-06;SGB=-0.662043;MQ0F=0;AC=2;AN=2;DP4=0,0,9,0;MQ=60;RB=12,17413729,17413973,ATT,TCA
3	15060236	NA	T	TATA	180	PASS;GATATATATTTTTTGGCA	INDEL;IDV=7;IMF=1;DP=7;VDB=6.71664e-05;SGB=-0.636426;MQ0F=0;AC=2;AN=2;DP4=0,0,7,0;MQ=60;RB=3,15060101,15060459,TTG,TGA
1	188371296	NA	CA	C	15.5372	MASKED;AACTTTACCAAAAAAAAT	INDEL;IDV=7;IMF=1;DP=7;VDB=6.71664e-05;SGB=-0.636426;MQ0F=0;AC=2;AN=2;DP4=0,0,7,0;MQ=60;RB=1,188371166,188371480,GTG,GGC
8	133845148	NA	AT	A	70	PASS;GACAACTGATTTAAACAC	INDEL;IDV=6;IMF=1;DP=6;VDB=0.0058656;SGB=-0.556411;MQ0F=0;AC=2;AN=2;DP4=0,0,0,4;MQ=60;RB=8,133844891,133845242,GTT,GAT
7	101540781	NA	TAAAA	T	70	NEI_IND[17/449];TTGTCTCTTAAAAAAAAA	INDEL;IDV=4;IMF=1;DP=4;VDB=0.0058656;SGB=-0.556411;MQ0F=0;AC=2;AN=2;DP4=0,0,4,0;MQ=60;RB=7,101540656,101541210,ATG,GAC
17	26111190	NA	C	CACACACACA	182	PASS;ACACACTACCACCACCAC	INDEL;IDV=5;IMF=1;DP=5;VDB=0.00187095;SGB=-0.590765;MQ0F=0;AC=2;AN=2;DP4=0,0,5,0;MQ=60;RB=17,26111076,26111504,CAA,TGA
8	66031413	NA	AC	A	95	PASS;TTCTTAATACTTTATTTT	INDEL;IDV=5;IMF=1;DP=5;VDB=0.00187095;SGB=-0.590765;MQ0F=0;AC=2;AN=2;DP4=0,0,0,5;MQ=60;RB=8,66031121,66031483,GTA,TCA
2	31235633	NA	GA	G	18.4763	PASS;CACAGTATGAAAAAAAAT	INDEL;IDV=10;IMF=1;DP=10;VDB=6.99472e-07;SGB=-0.670168;MQ0F=0;AC=2;AN=2;DP4=0,0,10,0;MQ=60;RB=2,31235568,31235849,TGC,TGT
1	188562687	NA	T	TAGGTA	144	NEI_IND[18/560];ATGATAGATGATAGATAG	INDEL;IDV=7;IMF=0.777778;DP=9;VDB=6.71664e-05;SGB=-0.636426;MQ0F=0;AC=2;AN=2;DP4=0,0,0,7;MQ=60;RB=1,188562381,188562806,TGA,GTA
