CHROM	POS	ID	REF	ALT	QUAL	FILTER	INFO
1	72243857	NA	CATAT	C	225	MASKED;TATATATACATATATATA	INDEL;IDV=10;IMF=1;DP=10;VDB=6.99472e-07;SGB=-0.670168;MQ0F=0;AC=2;AN=2;DP4=0,0,10,0;MQ=60;RB=1,72243730,72244172,GGT,CGA
4	123288258	NA	C	CA	18.4763	PASS;ATGGAAAACAAAAAAAAG	INDEL;IDV=10;IMF=1;DP=10;VDB=6.99472e-07;SGB=-0.670168;MQ0F=0;AC=2;AN=2;DP4=0,0,0,10;MQ=60;RB=4,123287998,123288273,CTT,GTG
10	116056219	NA	AG	A	98	PASS;AGTAAATGAGTAAATGAT	INDEL;IDV=5;IMF=1;DP=5;VDB=0.00187095;SGB=-0.590765;MQ0F=0;AC=2;AN=2;DP4=0,0,5,0;MQ=60;RB=10,116056084,116056447,TGA,GGT
10	83912929	NA	CT	C	49.4146	PASS;AGCTGAAACTTTTTACCT	INDEL;IDV=7;IMF=1;DP=7;VDB=6.71664e-05;SGB=-0.636426;MQ0F=0;AC=2;AN=2;DP4=0,0,0,7;MQ=60;RB=10,83912703,83912950,AAC,TTA
10	97454425	NA	TAGA	T	154	NEI_IND[45/474];AATGGAAATAGAAGATTT	INDEL;IDV=4;IMF=1;DP=4;VDB=0.0058656;SGB=-0.556411;MQ0F=0;AC=2;AN=2;DP4=0,0,4,0;MQ=60;RB=10,97454291,97454572,AAA,CAT
12	14814389	NA	T	TTGAGACAGAG	224	PASS;TTTTCTTTTTGAGACAGA	INDEL;IDV=7;IMF=1;DP=7;VDB=6.71664e-05;SGB=-0.636426;MQ0F=0;AC=2;AN=2;DP4=0,0,0,7;MQ=60;RB=12,14813978,14814424,AAT,CGT
1	188371296	NA	CA	C	18.4763	MASKED;AACTTTACCAAAAAAAAT	INDEL;IDV=9;IMF=1;DP=9;VDB=5.52906e-06;SGB=-0.662043;MQ0F=0;AC=2;AN=2;DP4=0,0,9,0;MQ=60;RB=1,188371166,188371481,ACC,TAT
15	89397394	NA	GTA	G	89	PASS;AAGTCACTGTATGTTTAC	INDEL;IDV=6;IMF=1;DP=6;VDB=0.000411984;SGB=-0.616816;MQ0F=0;AC=2;AN=2;DP4=0,0,0,6;MQ=60;RB=15,89397247,89397448,TAA,GTG
1	46630310	NA	C	CA	9.88465	PASS;AACAACAACAAAAAAAAC	INDEL;IDV=5;IMF=1;DP=5;VDB=0.00187095;SGB=-0.590765;MQ0F=0;AC=2;AN=2;DP4=0,0,5,0;MQ=60;RB=1,46630268,46630557,GTG,ATC
1	188562687	NA	T	TAGGTA	163	NEI_IND[18/560];ATGATAGATGATAGATAG	INDEL;IDV=9;IMF=1;DP=9;VDB=5.52906e-06;SGB=-0.662043;MQ0F=0;AC=2;AN=2;DP4=0,0,0,9;MQ=60;RB=1,188562382,188562806,GTG,ATA
20	7356702	NA	CGT	C	137	MASKED;ATTAATATCGTTTTTTTA	INDEL;IDV=5;IMF=1;DP=5;VDB=0.00671048;SGB=-0.556411;MQ0F=0;AC=2;AN=2;DP4=0,0,4,0;MQ=60;RB=20,7356580,7356991,GAT,TTG
2	220871121	NA	AT	A	28.4205	PASS;CTGAGAACATTTTTTTCC	INDEL;IDV=10;IMF=1;DP=10;VDB=6.99472e-07;SGB=-0.670168;MQ0F=0;AC=2;AN=2;DP4=0,0,0,10;MQ=60;RB=2,220870816,220871139,GAA,AAA
1	99838867	NA	TGG	T	36.4154	NEI_IND[14/490];AGCAGGGTTGGGGGGGGG	INDEL;IDV=6;IMF=1;DP=6;VDB=0.000411984;SGB=-0.616816;MQ0F=0;AC=2;AN=2;DP4=0,0,6,0;MQ=60;RB=1,99838804,99839064,GAT,TAG
12	17413807	NA	C	CACAT	117	NEI_IND[24/335];TACATACACATATGTACA	INDEL;IDV=8;IMF=1;DP=8;VDB=1.33331e-05;SGB=-0.651104;MQ0F=0;AC=2;AN=2;DP4=0,0,8,0;MQ=60;RB=12,17413729,17413973,TAT,ATT
4	124053770	NA	TGTGC	T	121	PASS;TATATATATGTGCATATA	INDEL;IDV=4;IMF=1;DP=4;VDB=0.0221621;SGB=-0.511536;MQ0F=0;AC=2;AN=2;DP4=0,0,0,3;MQ=60;RB=4,124053297,124053780,ACT,AAG
15	24189750	NA	AAT	A	110	NEI_IND[35/386];GTCTCAAAAATAAATAAA	INDEL;IDV=5;IMF=1;DP=5;VDB=0.00187095;SGB=-0.590765;MQ0F=0;AC=2;AN=2;DP4=0,0,5,0;MQ=60;RB=15,24189713,24189968,AGT,CGA
6	121820457	NA	TTC	T	70	MASKED;TGGGACATTTCTCTCTCT	INDEL;IDV=4;IMF=1;DP=4;VDB=0.0279572;SGB=-0.511536;MQ0F=0;AC=2;AN=2;DP4=0,0,0,3;MQ=60;RB=6,121819844,121820521,ATA,AAA
X	145557712	NA	CGT	C	108	MASKED;TGTGTGTGCGTGTGTGTG	INDEL;IDV=4;IMF=1;DP=4;VDB=0.0058656;SGB=-0.556411;MQ0F=0;AC=2;AN=2;DP4=0,0,0,4;MQ=60;RB=X,145557296,145557732,GAG,TCG
13	80468305	NA	T	TTA	191	PASS;ATATATATTTATATATAT	INDEL;IDV=6;IMF=1;DP=6;VDB=0.000411984;SGB=-0.616816;MQ0F=0;AC=2;AN=2;DP4=0,0,6,0;MQ=60;RB=13,80468200,80468679,TAG,TCG
1	188371296	NA	CA	C	17.4922	MASKED;AACTTTACCAAAAAAAAT	INDEL;IDV=8;IMF=1;DP=8;VDB=1.33331e-05;SGB=-0.651104;MQ0F=0;AC=2;AN=2;DP4=0,0,8,0;MQ=60;RB=1,188371166,188371481,CAG,TTA
21	34481306	NA	ATTTCTTTTCT	A	225	MASKED;ATCAATATATTTCTTTTC	INDEL;IDV=9;IMF=1;DP=9;VDB=5.52906e-06;SGB=-0.662043;MQ0F=0;AC=2;AN=2;DP4=0,0,0,9;MQ=60;RB=21,34480976,34481370,CCG,CCT
13	19659504	NA	GC	G	51	PASS;CACAGACTGCCCACTCCT	INDEL;IDV=4;IMF=1;DP=4;VDB=0.0221621;SGB=-0.511536;MQ0F=0;AC=2;AN=2;DP4=0,0,0,3;MQ=60;RB=13,19659289,19659627,GTA,CTA
4	122898820	NA	CAA	C	164	NEI_IND[11/457];CCCTCTCTCAATCTCTCT	INDEL;IDV=5;IMF=1;DP=5;VDB=0.00187095;SGB=-0.590765;MQ0F=0;AC=2;AN=2;DP4=0,0,0,5;MQ=60;RB=4,122898643,122898952,ATA,AAC
8	84548528	NA	T	TA	82	PASS;CTCCCTCTTACTCCCCTA	INDEL;IDV=4;IMF=1;DP=4;VDB=0.0058656;SGB=-0.556411;MQ0F=0;AC=2;AN=2;DP4=0,0,0,4;MQ=60;RB=8,84548274,84548578,TAA,ACG
4	128297955	NA	C	CA	13.6076	PASS;CACAGAGACAAAAAAAAC	INDEL;IDV=6;IMF=1;DP=6;VDB=0.000411984;SGB=-0.616816;MQ0F=0;AC=2;AN=2;DP4=0,0,6,0;MQ=60;RB=4,128297844,128298223,TAG,TTG
2	138477882	NA	C	CATAT	68	NEI_IND[22/312];TACATATACATATATATA	INDEL;IDV=4;IMF=0.8;DP=5;VDB=0.0058656;SGB=-0.556411;MQ0F=0;AC=2;AN=2;DP4=0,0,4,0;MQ=60;RB=2,138477812,138478176,ATA,TCC
3	103560082	NA	TATC	T	224	MASKED;TATCTATCTATCATCTAT	INDEL;IDV=7;IMF=1;DP=7;VDB=6.71664e-05;SGB=-0.636426;MQ0F=0;AC=2;AN=2;DP4=0,0,7,0;MQ=60;RB=3,103559950,103560452,GTT,CCA
18	72339726	NA	T	TTC	146	NEI_IND[32/414];GTTCAGTTTTCTCTCTTT	INDEL;IDV=5;IMF=1;DP=5;VDB=0.00187095;SGB=-0.590765;MQ0F=0;AC=2;AN=2;DP4=0,0,5,0;MQ=60;RB=18,72339617,72339906,CTG,CGT
16	2780050	NA	C	CA	27.4221	PASS;AAACAAAACAAAAAAACC	INDEL;IDV=9;IMF=1;DP=9;VDB=5.52906e-06;SGB=-0.662043;MQ0F=0;AC=2;AN=2;DP4=0,0,9,0;MQ=60;RB=16,2779956,2780277,GAC,TCG
15	36813673	NA	GGAAAGAAAGAGA	G	182	NEI_IND[6/362];GGAAGGAAGGAAAGAAAG	INDEL;IDV=5;IMF=1;DP=5;VDB=0.00187095;SGB=-0.590765;MQ0F=0;AC=2;AN=2;DP4=0,0,5,0;MQ=60;RB=15,36813602,36814119,CCT,AAT
4	164699721	NA	A	AT	13.6076	PASS;CTTACACTATTTTTTTTA	INDEL;IDV=6;IMF=1;DP=6;VDB=0.000411984;SGB=-0.616816;MQ0F=0;AC=2;AN=2;DP4=0,0,0,6;MQ=60;RB=4,164699492,164699846,CCT,GTG
1	188371296	NA	CA	C	17.4922	MASKED;AACTTTACCAAAAAAAAT	INDEL;IDV=8;IMF=1;DP=8;VDB=1.33331e-05;SGB=-0.651104;MQ0F=0;AC=2;AN=2;DP4=0,0,8,0;MQ=60;RB=1,188371166,188371480,GAG,ATG
22	16857938	NA	GCAATC	G	225	NEI_IND[31/512];CTTCGAATGCAATCGAAT	INDEL;IDV=8;IMF=1;DP=8;VDB=1.33331e-05;SGB=-0.651104;MQ0F=0;AC=2;AN=2;DP4=0,0,8,0;MQ=60;RB=22,16857932,16858281,ATG,GAT
10	83912929	NA	CT	C	44.4146	PASS;AGCTGAAACTTTTTACCT	INDEL;IDV=6;IMF=1;DP=6;VDB=0.000411984;SGB=-0.616816;MQ0F=0;AC=2;AN=2;DP4=0,0,0,6;MQ=60;RB=10,83912703,83912949,GTC,GAG
1	188371296	NA	CA	C	18.4763	MASKED;AACTTTACCAAAAAAAAT	INDEL;IDV=9;IMF=1;DP=9;VDB=5.52906e-06;SGB=-0.662043;MQ0F=0;AC=2;AN=2;DP4=0,0,9,0;MQ=60;RB=1,188371165,188371481,AAA,GGT
1	188371296	NA	CA	C	13.6076	MASKED;AACTTTACCAAAAAAAAT	INDEL;IDV=6;IMF=1;DP=6;VDB=0.000411984;SGB=-0.616816;MQ0F=0;AC=2;AN=2;DP4=0,0,6,0;MQ=60;RB=1,188371165,188371480,AGA,ACC
1	188371296	NA	CA	C	13.6076	MASKED;AACTTTACCAAAAAAAAT	INDEL;IDV=6;IMF=1;DP=6;VDB=0.000411984;SGB=-0.616816;MQ0F=0;AC=2;AN=2;DP4=0,0,6,0;MQ=60;RB=1,188371165,188371481,GGT,GTA
12	97771632	NA	TTGTG	T	200	MASKED;TGGGTGTTTTGTGTGTGT	INDEL;IDV=6;IMF=1;DP=6;VDB=0.000411984;SGB=-0.616816;MQ0F=0;AC=2;AN=2;DP4=0,0,6,0;MQ=60;RB=12,97771515,97771808,AAT,CCG
10	83912929	NA	CT	C	38.415	PASS;AGCTGAAACTTTTTACCT	INDEL;IDV=5;IMF=1;DP=5;VDB=0.00187095;SGB=-0.590765;MQ0F=0;AC=2;AN=2;DP4=0,0,0,5;MQ=60;RB=10,83912703,83912949,CAC,GGC
6	134553565	NA	GAA	G	70	NEI_IND[5/303];GAAAGAAAGAAAGAAAGA	INDEL;IDV=7;IMF=1;DP=7;VDB=0.00187095;SGB=-0.590765;MQ0F=0;AC=2;AN=2;DP4=0,0,5,0;MQ=60;RB=6,134553465,134553927,GTT,TGA
15	60280518	NA	GC	G	82	PASS;GCCAGCCAGCCCAGCCAG	INDEL;IDV=5;IMF=1;DP=5;VDB=0.00187095;SGB=-0.590765;MQ0F=0;AC=2;AN=2;DP4=0,0,5,0;MQ=60;RB=15,60280383,60280696,GCC,CCA
4	128140628	NA	T	TA	6.51141	PASS;TTGGCATTTAAAAAAAAT	INDEL;IDV=4;IMF=1;DP=4;VDB=0.0058656;SGB=-0.556411;MQ0F=0;AC=2;AN=2;DP4=0,0,4,0;MQ=60;RB=4,128140603,128140851,GTG,TAG
16	52949707	NA	T	TGTTTTGTTTTGTTTA	154	PASS;TTTTGTTTTGTTTTGTTT	INDEL;IDV=4;IMF=1;DP=4;VDB=0.0058656;SGB=-0.556411;MQ0F=0;AC=2;AN=2;DP4=0,0,0,4;MQ=60;RB=16,52949456,52949760,TTT,TCG
17	69313199	NA	GA	G	20.4535	PASS;GCTTTTAGGAAAAAAACA	INDEL;IDV=6;IMF=1;DP=6;VDB=0.000411984;SGB=-0.616816;MQ0F=0;AC=2;AN=2;DP4=0,0,0,6;MQ=60;RB=17,69313011,69313239,ATT,GAT
8	131780798	NA	CTTTG	C	225	PASS;AGGAAACTCTTTGTTTGG	INDEL;IDV=11;IMF=1;DP=11;VDB=2.26006e-08;SGB=-0.676189;MQ0F=0;AC=2;AN=2;DP4=0,0,11,0;MQ=60;RB=8,131780683,131780998,ATC,CCC
12	17413807	NA	C	CACAT	87	NEI_IND[24/335];TACATACACATATGTACA	INDEL;IDV=5;IMF=1;DP=5;VDB=0.00187095;SGB=-0.590765;MQ0F=0;AC=2;AN=2;DP4=0,0,5,0;MQ=60;RB=12,17413729,17413972,GGT,GGG
8	67263358	NA	TAAA	T	56	NEI_IND[48/422];TTTTGCTTTAAAAAAAAA	INDEL;IDV=6;IMF=1;DP=6;VDB=0.000411984;SGB=-0.616816;MQ0F=0;AC=2;AN=2;DP4=0,0,0,6;MQ=60;RB=8,67263091,67263385,TTA,CCT
15	36813673	NA	GGAAAGAAAGAGA	G	224	NEI_IND[6/362];GGAAGGAAGGAAAGAAAG	INDEL;IDV=7;IMF=1;DP=7;VDB=0.000157941;SGB=-0.636426;MQ0F=0;AC=2;AN=2;DP4=0,0,7,0;MQ=60;RB=15,36813602,36814118,TTA,TAG
1	68581027	NA	CCCAAGG	C	154	PASS;CAGACAAACCCAAGGATA	INDEL;IDV=5;IMF=1;DP=5;VDB=0.0058656;SGB=-0.556411;MQ0F=0;AC=2;AN=2;DP4=0,0,4,0;MQ=60;RB=1,68580965,68581652,TAT,TCA
8	84548528	NA	T	TA	125	PASS;CTCCCTCTTACTCCCCTA	INDEL;IDV=6;IMF=1;DP=6;VDB=0.000411984;SGB=-0.616816;MQ0F=0;AC=2;AN=2;DP4=0,0,0,6;MQ=60;RB=8,84548275,84548578,TCC,TAG
8	84548528	NA	T	TA	92	PASS;CTCCCTCTTACTCCCCTA	INDEL;IDV=4;IMF=1;DP=4;VDB=0.0058656;SGB=-0.556411;MQ0F=0;AC=2;AN=2;DP4=0,0,0,4;MQ=60;RB=8,84548274,84548579,GTA,GGA
1	190490720	NA	GTATGCA	G	132	MASKED;GTGTGTGTGTATGCATGT	INDEL;IDV=4;IMF=1;DP=4;VDB=0.0058656;SGB=-0.556411;MQ0F=0;AC=2;AN=2;DP4=0,0,0,4;MQ=60;RB=1,190490387,190490736,TGA,TTT
1	15437033	NA	GTGCATATGTGTT	G	154	MASKED;TTGTGTGTGTGCATATGT	INDEL;IDV=4;IMF=1;DP=4;VDB=0.0058656;SGB=-0.556411;MQ0F=0;AC=2;AN=2;DP4=0,0,4,0;MQ=60;RB=1,15437019,15437481,GGC,TCT
1	193834773	NA	T	TTCTAGAAGAC	71	NEI_IND[30/459];TGTTTTTGTTATGTTAAT	INDEL;IDV=7;IMF=1;DP=7;VDB=0.00872848;SGB=-0.556411;MQ0F=0;AC=2;AN=2;DP4=0,0,4,0;MQ=60;RB=1,193834681,193835042,TAT,CAT
5	22389903	NA	CCCA	C	182	NEI_IND[87/319];TACAGGCGCCCACCACCA	INDEL;IDV=5;IMF=1;DP=5;VDB=0.00187095;SGB=-0.590765;MQ0F=0;AC=2;AN=2;DP4=0,0,5,0;MQ=60;RB=5,22389838,22390157,TCC,CTG
5	22390146	NA	ATG	A	160	PASS;ACACACACATGCACGCAC	INDEL;IDV=5;IMF=1;DP=5;VDB=0.00187095;SGB=-0.590765;MQ0F=0;AC=2;AN=2;DP4=0,0,0,5;MQ=60;RB=5,22389838,22390157,TCC,CTG
12	97771632	NA	TTGTG	T	224	MASKED;TGGGTGTTTTGTGTGTGT	INDEL;IDV=7;IMF=1;DP=7;VDB=6.71664e-05;SGB=-0.636426;MQ0F=0;AC=2;AN=2;DP4=0,0,7,0;MQ=60;RB=12,97771516,97771808,TTG,ACG
5	32973795	NA	CT	C	36.4154	PASS;AGAGTTCCCTTTTGCCTC	INDEL;IDV=4;IMF=1;DP=4;VDB=0.0058656;SGB=-0.556411;MQ0F=0;AC=2;AN=2;DP4=0,0,0,4;MQ=60;RB=5,32973637,32973852,TTG,CTA
11	129608090	NA	T	TA	15.5372	PASS;TACGACTTTAAAAAAAAT	INDEL;IDV=7;IMF=1;DP=7;VDB=6.71664e-05;SGB=-0.636426;MQ0F=0;AC=2;AN=2;DP4=0,0,7,0;MQ=60;RB=11,129607998,129608299,CGG,GTA
5	73513425	NA	C	CA	18.4763	PASS;TAGAGACACAAAAAAAAC	INDEL;IDV=9;IMF=0.9;DP=9;VDB=5.52906e-06;SGB=-0.662043;MQ0F=0;AC=2;AN=2;DP4=0,0,0,9;MQ=60;RB=5,73513109,73513560,ACC,CCT
5	62323871	NA	AT	A	16.5122	PASS;AGAAATTAATTTTTTTAC	INDEL;IDV=5;IMF=1;DP=5;VDB=0.00187095;SGB=-0.590765;MQ0F=0;AC=2;AN=2;DP4=0,0,5,0;MQ=60;RB=5,62323862,62324105,TAG,CTC
3	103560082	NA	TATC	T	205	MASKED;TATCTATCTATCATCTAT	INDEL;IDV=6;IMF=1;DP=6;VDB=0.000411984;SGB=-0.616816;MQ0F=0;AC=2;AN=2;DP4=0,0,6,0;MQ=60;RB=3,103559950,103560452,GTA,GCA
5	34787998	NA	ATTTTTTTTTTTTTTT	A	33.3483	NEI_IND[6/324];TACTACTGATTTTTTTTT	INDEL;IDV=4;IMF=0.666667;DP=4;VDB=0.00701511;SGB=-0.556411;MQ0F=0;AC=2;AN=2;DP4=0,0,0,4;MQ=60;RB=5,34787826,34788070,TTT,TCT
3	79294740	NA	TA	T	9.88465	PASS;AACGCAGTTAAAAAAAAA	INDEL;IDV=6;IMF=1;DP=6;VDB=0.000411984;SGB=-0.616816;MQ0F=0;AC=2;AN=2;DP4=0,0,0,6;MQ=60;RB=3,79294589,79294794,TTC,AGC
5	117053893	NA	TA	T	26.4242	PASS;ATTTCCCTTAAAAAAATG	INDEL;IDV=8;IMF=1;DP=8;VDB=1.33331e-05;SGB=-0.651104;MQ0F=0;AC=2;AN=2;DP4=0,0,8,0;MQ=60;RB=5,117053879,117054235,TAA,GAT
11	21235038	NA	CAATTG	C	216	MASKED;GACTGAATCAATTGAATT	INDEL;IDV=7;IMF=1;DP=7;VDB=6.71664e-05;SGB=-0.636426;MQ0F=0;AC=2;AN=2;DP4=0,0,7,0;MQ=60;RB=11,21234926,21235325,CCC,AAT
2	155994846	NA	AT	A	13.6076	MASKED;AGCTGACAATTTTTTTTT	INDEL;IDV=9;IMF=1;DP=9;VDB=5.52906e-06;SGB=-0.662043;MQ0F=0;AC=2;AN=2;DP4=0,0,0,9;MQ=60;RB=2,155994644,155994902,TTT,GGG
1	193834773	NA	T	TTCTAGAAGAC	68	NEI_IND[30/459];TGTTTTTGTTATGTTAAT	INDEL;IDV=5;IMF=1;DP=5;VDB=0.0058656;SGB=-0.556411;MQ0F=0;AC=2;AN=2;DP4=0,0,4,0;MQ=60;RB=1,193834681,193835042,GTT,TTT
6	167502639	NA	GT	G	13.6076	PASS;AATTGTCAGTTTTTTTTA	INDEL;IDV=6;IMF=1;DP=6;VDB=0.000411984;SGB=-0.616816;MQ0F=0;AC=2;AN=2;DP4=0,0,6,0;MQ=60;RB=6,167502605,167502925,CCG,AGA
22	16857938	NA	GCAATC	G	225	NEI_IND[31/512];CTTCGAATGCAATCGAAT	INDEL;IDV=9;IMF=1;DP=9;VDB=5.52906e-06;SGB=-0.662043;MQ0F=0;AC=2;AN=2;DP4=0,0,9,0;MQ=60;RB=22,16857932,16858280,TTG,CCG
4	188552035	NA	C	CA	17.4922	PASS;TGAAACCACAAAAAAAAG	INDEL;IDV=8;IMF=1;DP=8;VDB=1.33331e-05;SGB=-0.651104;MQ0F=0;AC=2;AN=2;DP4=0,0,8,0;MQ=60;RB=4,188551965,188552201,GAA,GAT
18	35134141	NA	TC	T	123	PASS;GGAGCCAGTCCGGGGGCC	INDEL;IDV=8;IMF=1;DP=8;VDB=1.33331e-05;SGB=-0.651104;MQ0F=0;AC=2;AN=2;DP4=0,0,0,8;MQ=60;RB=18,35133815,35134187,ATC,CCT
1	190490720	NA	GTATGCA	G	104	MASKED;GTGTGTGTGTATGCATGT	INDEL;IDV=2;IMF=0.5;DP=4;VDB=0.00701511;SGB=-0.556411;MQ0F=0;AC=2;AN=2;DP4=0,0,0,4;MQ=60;RB=1,190490387,190490736,CTT,CAT
1	190490721	NA	TATGC	T	80	MASKED;TGTGTGTGTATGCATGTG	INDEL;IDV=2;IMF=0.5;DP=2;VDB=0.02;SGB=-0.453602;MQ0F=0;AC=2;AN=2;DP4=0,0,0,2;MQ=60;RB=1,190490387,190490736,CTT,CAT
8	131780798	NA	CTTTG	C	205	PASS;AGGAAACTCTTTGTTTGG	INDEL;IDV=6;IMF=1;DP=6;VDB=0.000411984;SGB=-0.616816;MQ0F=0;AC=2;AN=2;DP4=0,0,6,0;MQ=60;RB=8,131780682,131780998,CTT,CTG
10	49785747	NA	GAATA	G	182	MASKED;TTCTCAGAGAATACATAC	INDEL;IDV=5;IMF=1;DP=5;VDB=0.00187095;SGB=-0.590765;MQ0F=0;AC=2;AN=2;DP4=0,0,5,0;MQ=60;RB=10,49785654,49785909,TGT,TGA
1	15437033	NA	GTGCATATGTGTT	G	205	MASKED;TTGTGTGTGTGCATATGT	INDEL;IDV=6;IMF=1;DP=6;VDB=0.000411984;SGB=-0.616816;MQ0F=0;AC=2;AN=2;DP4=0,0,6,0;MQ=60;RB=1,15437018,15437480,AAT,GTC
12	17413807	NA	C	CACAT	100	NEI_IND[24/335];TACATACACATATGTACA	INDEL;IDV=6;IMF=1;DP=6;VDB=0.000411984;SGB=-0.616816;MQ0F=0;AC=2;AN=2;DP4=0,0,6,0;MQ=60;RB=12,17413729,17413973,AAT,GGA
1	188371296	NA	CA	C	6.51141	MASKED;AACTTTACCAAAAAAAAT	INDEL;IDV=4;IMF=1;DP=4;VDB=0.0058656;SGB=-0.556411;MQ0F=0;AC=2;AN=2;DP4=0,0,4,0;MQ=60;RB=1,188371166,188371480,ATG,ACG
19	32565247	NA	AT	A	62	PASS;CACAAAGCATTTTTCATG	INDEL;IDV=14;IMF=1;DP=14;VDB=2.26006e-08;SGB=-0.686358;MQ0F=0;AC=2;AN=2;DP4=0,0,0,14;MQ=60;RB=19,32565054,32565379,TAA,ACT
2	36500541	NA	G	GA	13.6076	PASS;AAGAACAAGAAAAAAAAT	INDEL;IDV=6;IMF=1;DP=6;VDB=0.000411984;SGB=-0.616816;MQ0F=0;AC=2;AN=2;DP4=0,0,0,6;MQ=60;RB=2,36500352,36500589,GGC,CCT
15	98620090	NA	TG	T	100	PASS;CCGTGACCTGGTGAACTG	INDEL;IDV=6;IMF=1;DP=6;VDB=0.000411984;SGB=-0.616816;MQ0F=0;AC=2;AN=2;DP4=0,0,0,6;MQ=60;RB=15,98619893,98620224,ATA,TAT
13	19659504	NA	GC	G	102	PASS;CACAGACTGCCCACTCCT	INDEL;IDV=7;IMF=1;DP=7;VDB=6.71664e-05;SGB=-0.636426;MQ0F=0;AC=2;AN=2;DP4=0,0,0,7;MQ=60;RB=13,19659289,19659626,AAT,TTC
11	30315940	NA	AAAAGCTAT	A	205	NEI_IND[14/464];AAACAGTAAAAAGCTATA	INDEL;IDV=6;IMF=1;DP=6;VDB=0.000411984;SGB=-0.616816;MQ0F=0;AC=2;AN=2;DP4=0,0,6,0;MQ=60;RB=11,30315813,30316036,CAA,AGA
13	69456017	NA	TA	T	4.38292	MASKED;TATATGATTAAAAAAAAA	INDEL;IDV=4;IMF=1;DP=4;VDB=0.0058656;SGB=-0.556411;MQ0F=0;AC=2;AN=2;DP4=0,0,4,0;MQ=60;RB=13,69455983,69456255,GGA,TTA
13	69456017	NA	TA	T	14.5685	MASKED;TATATGATTAAAAAAAAA	INDEL;IDV=11;IMF=1;DP=11;VDB=2.26006e-08;SGB=-0.676189;MQ0F=0;AC=2;AN=2;DP4=0,0,11,0;MQ=60;RB=13,69455983,69456254,TTT,CAG
1	72243857	NA	CATAT	C	220	MASKED;TATATATACATATATATA	INDEL;IDV=7;IMF=1;DP=7;VDB=6.71664e-05;SGB=-0.636426;MQ0F=0;AC=2;AN=2;DP4=0,0,7,0;MQ=60;RB=1,72243730,72244171,GTA,CTG
4	128140628	NA	T	TA	13.6076	PASS;TTGGCATTTAAAAAAAAT	INDEL;IDV=6;IMF=1;DP=6;VDB=0.000411984;SGB=-0.616816;MQ0F=0;AC=2;AN=2;DP4=0,0,6,0;MQ=60;RB=4,128140603,128140852,ACG,GTA
1	193834773	NA	T	TTCTAGAAGAC	101	NEI_IND[30/459];TGTTTTTGTTATGTTAAT	INDEL;IDV=6;IMF=1;DP=6;VDB=0.00328272;SGB=-0.590765;MQ0F=0;AC=2;AN=2;DP4=0,0,5,0;MQ=60;RB=1,193834681,193835042,CCT,GTT
11	110182735	NA	C	CA	23.434	PASS;CACACACACAAAAAAAGA	INDEL;IDV=7;IMF=1;DP=7;VDB=6.71664e-05;SGB=-0.636426;MQ0F=0;AC=2;AN=2;DP4=0,0,0,7;MQ=60;RB=11,110182470,110182774,ACC,TCC
1	188371296	NA	CA	C	15.5372	MASKED;AACTTTACCAAAAAAAAT	INDEL;IDV=7;IMF=1;DP=7;VDB=6.71664e-05;SGB=-0.636426;MQ0F=0;AC=2;AN=2;DP4=0,0,7,0;MQ=60;RB=1,188371166,188371480,CCG,CGG
1	188562687	NA	T	TAGGTA	135	NEI_IND[18/560];ATGATAGATGATAGATAG	INDEL;IDV=6;IMF=1;DP=6;VDB=0.00286037;SGB=-0.590765;MQ0F=0;AC=2;AN=2;DP4=0,0,0,5;MQ=60;RB=1,188562381,188562806,AAT,CCT
1	193386137	NA	C	CT	18.4763	PASS;AGCCCCCCCTTTTTTTTC	INDEL;IDV=9;IMF=1;DP=9;VDB=5.52906e-06;SGB=-0.662043;MQ0F=0;AC=2;AN=2;DP4=0,0,9,0;MQ=60;RB=1,193386030,193386560,GTG,CTG
2	36500541	NA	G	GA	3.37541	PASS;AAGAACAAGAAAAAAAAT	INDEL;IDV=5;IMF=1;DP=5;VDB=0.00215942;SGB=-0.590765;MQ0F=0;AC=2;AN=2;DP4=0,0,0,5;MQ=60;RB=2,36500352,36500589,CAC,AAT
10	23456296	NA	TA	T	13.6076	PASS;TATAGTGTTAAAAAAAAA	INDEL;IDV=10;IMF=1;DP=10;VDB=6.99472e-07;SGB=-0.670168;MQ0F=0;AC=2;AN=2;DP4=0,0,10,0;MQ=60;RB=10,23456265,23456953,GCT,CTT
12	17413807	NA	C	CACAT	106	NEI_IND[24/335];TACATACACATATGTACA	INDEL;IDV=7;IMF=1;DP=7;VDB=6.71664e-05;SGB=-0.636426;MQ0F=0;AC=2;AN=2;DP4=0,0,7,0;MQ=60;RB=12,17413729,17413973,GAA,GCT
6	66886626	NA	T	TA	23.434	PASS;ACAAAGGATAAAAAAATA	INDEL;IDV=7;IMF=1;DP=7;VDB=6.71664e-05;SGB=-0.636426;MQ0F=0;AC=2;AN=2;DP4=0,0,7,0;MQ=60;RB=6,66886499,66887141,AAT,TAC
2	5380204	NA	ATTC	A	224	PASS;AATTGTTTATTCTTATTT	INDEL;IDV=7;IMF=1;DP=7;VDB=6.71664e-05;SGB=-0.636426;MQ0F=0;AC=2;AN=2;DP4=0,0,0,7;MQ=60;RB=2,5379976,5380265,TCA,TAT
16	52949707	NA	T	TGTTTTGTTTTGTTTA	205	PASS;TTTTGTTTTGTTTTGTTT	INDEL;IDV=6;IMF=1;DP=6;VDB=0.000411984;SGB=-0.616816;MQ0F=0;AC=2;AN=2;DP4=0,0,0,6;MQ=60;RB=16,52949456,52949761,TCT,ATA
6	94097688	NA	G	GA	68	PASS;GATAGATAGATAGATAGA	INDEL;IDV=4;IMF=1;DP=4;VDB=0.0058656;SGB=-0.556411;MQ0F=0;AC=2;AN=2;DP4=0,0,4,0;MQ=60;RB=6,94097556,94097871,GTG,AAC
5	62323871	NA	AT	A	28.4205	PASS;AGAAATTAATTTTTTTAC	INDEL;IDV=10;IMF=1;DP=10;VDB=6.99472e-07;SGB=-0.670168;MQ0F=0;AC=2;AN=2;DP4=0,0,10,0;MQ=60;RB=5,62323862,62324105,TGG,GGC
6	66886626	NA	T	TA	16.5122	PASS;ACAAAGGATAAAAAAATA	INDEL;IDV=5;IMF=1;DP=5;VDB=0.00187095;SGB=-0.590765;MQ0F=0;AC=2;AN=2;DP4=0,0,5,0;MQ=60;RB=6,66886499,66887141,TCT,TGG
8	84548528	NA	T	TA	135	PASS;CTCCCTCTTACTCCCCTA	INDEL;IDV=7;IMF=1;DP=7;VDB=6.71664e-05;SGB=-0.636426;MQ0F=0;AC=2;AN=2;DP4=0,0,0,7;MQ=60;RB=8,84548274,84548578,TAA,TGG
5	92569958	NA	A	AG	5.7555	PASS;AAAAAAAAAAGAGAGAGA	INDEL;IDV=9;IMF=1;DP=9;VDB=5.52906e-06;SGB=-0.662043;MQ0F=0;AC=2;AN=2;DP4=0,0,0,9;MQ=60;RB=5,92569692,92570030,CGC,TGG
1	188371296	NA	CA	C	15.5372	MASKED;AACTTTACCAAAAAAAAT	INDEL;IDV=7;IMF=1;DP=7;VDB=6.71664e-05;SGB=-0.636426;MQ0F=0;AC=2;AN=2;DP4=0,0,7,0;MQ=60;RB=1,188371166,188371481,TGG,ATA
20	62315319	NA	TGCCGAC	T	225	MASKED;GGATCCCATGCCGACATA	INDEL;IDV=8;IMF=1;DP=8;VDB=1.33331e-05;SGB=-0.651104;MQ0F=0;AC=2;AN=2;DP4=0,0,8,0;MQ=60;RB=20,62315186,62315471,ATT,TCT
20	62315399	NA	C	CTTG	225	NEI_IND[13/466];CATGTTTCCTTGTCAGAT	INDEL;IDV=8;IMF=1;DP=8;VDB=1.33331e-05;SGB=-0.651104;MQ0F=0;AC=2;AN=2;DP4=0,0,0,8;MQ=60;RB=20,62315186,62315471,ATT,TCT
2	42303370	NA	AGAAGGAAG	A	225	NEI_IND[54/239];AGATGGAAAGAAGGAAGG	INDEL;IDV=11;IMF=1;DP=11;VDB=8.4981e-07;SGB=-0.670168;MQ0F=0;AC=2;AN=2;DP4=0,0,10,0;MQ=60;RB=2,42303315,42303612,TCC,TTT
2	42303491	NA	GAAAGAAAA	G	225	NEI_IND[13/437];GGAAGAAAGAAAGAAAAA	INDEL;IDV=10;IMF=0.909091;DP=11;VDB=1.24888e-06;SGB=-0.670168;MQ0F=0;AC=2;AN=2;DP4=0,0,0,10;MQ=60;RB=2,42303315,42303612,TCC,TTT
15	22581368	NA	GT	G	13.6076	MASKED;TGAGTAGTGTTTTTTTTT	INDEL;IDV=9;IMF=1;DP=9;VDB=5.52906e-06;SGB=-0.662043;MQ0F=0;AC=2;AN=2;DP4=0,0,0,9;MQ=60;RB=15,22581186,22581416,AAG,ATT
12	10311925	NA	TGTCC	T	154	NEI_IND[4/329];TGTCTGTCTGTCCGTAAG	INDEL;IDV=4;IMF=1;DP=4;VDB=0.0058656;SGB=-0.556411;MQ0F=0;AC=2;AN=2;DP4=0,0,0,4;MQ=60;RB=12,10311554,10312050,TGT,GCC
