CHROM	POS	ID	REF	ALT	QUAL	FILTER	INFO
13	59262735	NA	TC	T	80	MASKED;AAAATTTTTCTTCAATCA	INDEL;IDV=4;IMF=1;DP=4;VDB=0.0058656;SGB=-0.556411;MQ0F=0;AC=2;AN=2;DP4=0,0,4,0;MQ=60;RB=13,59262725,59262977,TTT,GAC
14	49077156	NA	G	GA	11.7169	PASS;AAAACCTTGAAAAAAATT	INDEL;IDV=4;IMF=1;DP=4;VDB=0.0058656;SGB=-0.556411;MQ0F=0;AC=2;AN=2;DP4=0,0,0,4;MQ=60;RB=14,49076829,49077256,ATG,GTA
11	30315940	NA	AAAAGCTAT	A	205	NEI_IND[14/464];AAACAGTAAAAAGCTATA	INDEL;IDV=6;IMF=1;DP=6;VDB=0.000411984;SGB=-0.616816;MQ0F=0;AC=2;AN=2;DP4=0,0,6,0;MQ=60;RB=11,30315814,30316035,ACG,GAC
8	135171100	NA	GA	G	17.4922	PASS;AAAATTAAGAAAAAAAAG	INDEL;IDV=8;IMF=1;DP=8;VDB=1.33331e-05;SGB=-0.651104;MQ0F=0;AC=2;AN=2;DP4=0,0,8,0;MQ=60;RB=8,135171063,135171389,TTT,AGT
5	122143438	NA	TC	T	86	PASS;TCTTTCAATCATTGTAAA	INDEL;IDV=8;IMF=1;DP=8;VDB=0.0058656;SGB=-0.556411;MQ0F=0;AC=2;AN=2;DP4=0,0,4,0;MQ=60;RB=5,122143342,122143487,GAA,AAA
2	138477882	NA	C	CATATAT	105	NEI_IND[22/312];TACATATACATATATATA	INDEL;IDV=4;IMF=1;DP=4;VDB=0.0058656;SGB=-0.556411;MQ0F=0;AC=2;AN=2;DP4=0,0,4,0;MQ=60;RB=2,138477813,138478177,CAC,AAT
8	19691953	NA	C	CT	137	PASS;ACTTAACTCTAAGTTTTA	INDEL;IDV=7;IMF=1;DP=7;VDB=6.71664e-05;SGB=-0.636426;MQ0F=0;AC=2;AN=2;DP4=0,0,0,7;MQ=60;RB=8,19691713,19692041,CTA,GGC
3	16277611	NA	CAAAAAAA	C	55	NEI_IND[4/243];CTATGTCTCAAAAAAAAA	INDEL;IDV=6;IMF=1;DP=6;VDB=0.000411984;SGB=-0.616816;MQ0F=0;AC=2;AN=2;DP4=0,0,6,0;MQ=60;RB=3,16277578,16277844,TAT,ATG
5	129346513	NA	C	CA	16.5122	PASS;AACACACACAAAAAAATA	INDEL;IDV=5;IMF=1;DP=5;VDB=0.00187095;SGB=-0.590765;MQ0F=0;AC=2;AN=2;DP4=0,0,0,5;MQ=60;RB=5,129346209,129346593,TAA,GTC
5	130306954	NA	AGAAG	A	172	NEI_IND[4/316];GGAAGGAAAGAAGGAAGG	INDEL;IDV=5;IMF=1;DP=5;VDB=0.00187095;SGB=-0.590765;MQ0F=0;AC=2;AN=2;DP4=0,0,5,0;MQ=60;RB=5,130306855,130307127,ACA,GGT
7	10502713	NA	TC	T	168	PASS;CAGACACTTCACAAAATA	INDEL;IDV=17;IMF=1;DP=17;VDB=1.29641e-11;SGB=-0.690438;MQ0F=0;AC=2;AN=2;DP4=0,0,17,0;MQ=60;RB=7,10502646,10502978,TTG,TCT
22	16857938	NA	GCAATC	G	225	NEI_IND[31/512];CTTCGAATGCAATCGAAT	INDEL;IDV=9;IMF=1;DP=9;VDB=5.52906e-06;SGB=-0.662043;MQ0F=0;AC=2;AN=2;DP4=0,0,9,0;MQ=60;RB=22,16857932,16858280,GAC,GAG
4	105114602	NA	TC	T	100	PASS;TGTTTTTTTCCATATGAA	INDEL;IDV=7;IMF=1;DP=7;VDB=0.000411984;SGB=-0.616816;MQ0F=0;AC=2;AN=2;DP4=0,0,0,6;MQ=60;RB=4,105114322,105114726,CGG,TAA
22	49207352	NA	TCTATCTATCTATCTAC	T	225	MASKED;TCTATCTATCTATCTATC	INDEL;IDV=9;IMF=1;DP=9;VDB=5.52906e-06;SGB=-0.662043;MQ0F=0;AC=2;AN=2;DP4=0,0,0,9;MQ=60;RB=22,49206905,49207457,AAA,TCT
8	74088826	NA	C	CA	26.4242	PASS;AAAACAAACAAAAAAACA	INDEL;IDV=8;IMF=1;DP=8;VDB=1.33331e-05;SGB=-0.651104;MQ0F=0;AC=2;AN=2;DP4=0,0,8,0;MQ=60;RB=8,74088760,74089083,TTC,CAC
11	123146409	NA	CT	C	26.4242	PASS;AGAGTTATCTTTTTTTAT	INDEL;IDV=8;IMF=1;DP=8;VDB=1.33331e-05;SGB=-0.651104;MQ0F=0;AC=2;AN=2;DP4=0,0,0,8;MQ=60;RB=11,123146209,123146431,TCC,TCA
20	7356702	NA	CGT	C	225	MASKED;ATTAATATCGTTTTTTTA	INDEL;IDV=9;IMF=1;DP=9;VDB=5.52906e-06;SGB=-0.662043;MQ0F=0;AC=2;AN=2;DP4=0,0,9,0;MQ=60;RB=20,7356581,7356992,GGG,GTT
16	59950678	NA	AATCT	A	225	PASS;CGACAGATAATCTATCTA	INDEL;IDV=8;IMF=1;DP=8;VDB=1.33331e-05;SGB=-0.651104;MQ0F=0;AC=2;AN=2;DP4=0,0,8,0;MQ=60;RB=16,59950611,59951045,TAA,CTG
14	67470933	NA	GA	G	45.4146	PASS;TATGTTTAGAAAACATAC	INDEL;IDV=4;IMF=1;DP=4;VDB=0.0058656;SGB=-0.556411;MQ0F=0;AC=2;AN=2;DP4=0,0,4,0;MQ=60;RB=14,67470887,67471148,CCA,TGT
1	96832960	NA	C	CA	18.4763	PASS;AAAGTATACAAAAAAAAC	INDEL;IDV=11;IMF=1;DP=11;VDB=6.99472e-07;SGB=-0.670168;MQ0F=0;AC=2;AN=2;DP4=0,0,0,10;MQ=60;RB=1,96832814,96833063,GAG,ATA
1	158812494	NA	GA	G	9.88465	PASS;CAGAAAATGAAAAAAAAA	INDEL;IDV=6;IMF=1;DP=6;VDB=0.000411984;SGB=-0.616816;MQ0F=0;AC=2;AN=2;DP4=0,0,0,6;MQ=60;RB=1,158812229,158812553,CCT,CTG
7	148655484	NA	T	TG	154	PASS;CTTAAAGATGCATCGTTT	INDEL;IDV=9;IMF=1;DP=9;VDB=5.52906e-06;SGB=-0.662043;MQ0F=0;AC=2;AN=2;DP4=0,0,0,9;MQ=60;RB=7,148655183,148655598,TGA,TTC
12	117149923	NA	G	GA	105	PASS;AGTCCTGAGAAAAAATAA	INDEL;IDV=16;IMF=1;DP=16;VDB=0.971206;SGB=-0.688148;MQSB=1;MQ0F=0;AC=2;AN=2;DP4=0,0,8,7;MQ=60;RB=12,117149791,117150021,ATT,GTT
1	188562687	NA	T	TAGGTA	179	NEI_IND[18/560];ATGATAGATGATAGATAG	INDEL;IDV=10;IMF=1;DP=10;VDB=6.99472e-07;SGB=-0.670168;MQ0F=0;AC=2;AN=2;DP4=0,0,0,10;MQ=60;RB=1,188562381,188562805,TGT,ATG
6	94097688	NA	G	GA	149	PASS;GATAGATAGATAGATAGA	INDEL;IDV=9;IMF=1;DP=9;VDB=5.52906e-06;SGB=-0.662043;MQ0F=0;AC=2;AN=2;DP4=0,0,9,0;MQ=60;RB=6,94097555,94097871,CGT,CCG
7	121938682	NA	A	AT	18.4763	PASS;CTTCATCAATTTTTTTTC	INDEL;IDV=10;IMF=1;DP=10;VDB=6.99472e-07;SGB=-0.670168;MQ0F=0;AC=2;AN=2;DP4=0,0,10,0;MQ=60;RB=7,121938579,121938932,CCT,AAT
12	17413807	NA	C	CACAT	123	NEI_IND[24/335];TACATACACATATGTACA	INDEL;IDV=9;IMF=1;DP=9;VDB=5.52906e-06;SGB=-0.662043;MQ0F=0;AC=2;AN=2;DP4=0,0,9,0;MQ=60;RB=12,17413729,17413972,TCA,CAC
10	97454425	NA	TAGA	T	194	NEI_IND[45/474];AATGGAAATAGAAGATTT	INDEL;IDV=6;IMF=0.857143;DP=6;VDB=0.000411984;SGB=-0.616816;MQ0F=0;AC=2;AN=2;DP4=0,0,6,0;MQ=60;RB=10,97454291,97454571,TTA,CTG
6	94097688	NA	G	GA	116	PASS;GATAGATAGATAGATAGA	INDEL;IDV=6;IMF=1;DP=6;VDB=0.000411984;SGB=-0.616816;MQ0F=0;AC=2;AN=2;DP4=0,0,6,0;MQ=60;RB=6,94097556,94097872,GAC,AAT
12	92145995	NA	C	CA	76	PASS;TTCCGTAGCATAATGTTC	INDEL;IDV=4;IMF=1;DP=4;VDB=0.0058656;SGB=-0.556411;MQ0F=0;AC=2;AN=2;DP4=0,0,0,4;MQ=60;RB=12,92145813,92146023,TGA,CTG
4	77135168	NA	AGCCAGGCCC	A	205	PASS;GGCGCCTGAGCCAGGCCC	INDEL;IDV=6;IMF=1;DP=6;VDB=0.000411984;SGB=-0.616816;MQ0F=0;AC=2;AN=2;DP4=0,0,0,6;MQ=60;RB=4,77134982,77135199,CTG,CGT
9	124259141	NA	C	CA	15.5372	PASS;CAAACAAACAAAAAAAAG	INDEL;IDV=7;IMF=1;DP=7;VDB=6.71664e-05;SGB=-0.636426;MQ0F=0;AC=2;AN=2;DP4=0,0,7,0;MQ=60;RB=9,124259082,124259338,TTG,GTT
7	112613781	NA	AGTGTGT	A	225	NEI_IND[6/208];TATAAGATAGTGTGTGTG	INDEL;IDV=9;IMF=0.9;DP=10;VDB=5.52906e-06;SGB=-0.662043;MQ0F=0;AC=2;AN=2;DP4=0,0,9,0;MQ=60;RB=7,112613678,112613937,TTA,TCA
22	16857938	NA	GCAATC	G	205	NEI_IND[31/512];CTTCGAATGCAATCGAAT	INDEL;IDV=6;IMF=1;DP=6;VDB=0.000481013;SGB=-0.616816;MQ0F=0;AC=2;AN=2;DP4=0,0,6,0;MQ=60;RB=22,16857932,16858280,TAG,CCG
5	41630010	NA	AT	A	63	PASS;AACTGTAAATTTTGGCTT	INDEL;IDV=6;IMF=1;DP=6;VDB=0.000411984;SGB=-0.616816;MQ0F=0;AC=2;AN=2;DP4=0,0,6,0;MQ=60;RB=5,41629929,41630510,TGA,CCG
2	138477882	NA	C	CATAT	93	NEI_IND[22/312];TACATATACATATATATA	INDEL;IDV=8;IMF=1;DP=8;VDB=6.71664e-05;SGB=-0.636426;MQ0F=0;AC=2;AN=2;DP4=0,0,7,0;MQ=60;RB=2,138477812,138478177,CTA,GGA
16	62535135	NA	CTT	C	103	MASKED;ACAATGACCTTTTTTTTA	INDEL;IDV=10;IMF=1;DP=10;VDB=0.00170145;SGB=-0.662043;MQSB=0.974597;MQ0F=0;AC=2;AN=2;DP4=0,0,5,4;MQ=60;RB=16,62535021,62535187,TGC,ACC
12	73356661	NA	ACT	A	149	PASS;TCCCAAAAACTCTAATTG	INDEL;IDV=5;IMF=1;DP=5;VDB=0.00187095;SGB=-0.590765;MQ0F=0;AC=2;AN=2;DP4=0,0,5,0;MQ=60;RB=12,73356646,73357088,GAG,GGA
18	2289668	NA	GT	G	11.7169	MASKED;TTTGTTTTGTTTTTTTGG	INDEL;IDV=4;IMF=1;DP=4;VDB=0.0058656;SGB=-0.556411;MQ0F=0;AC=2;AN=2;DP4=0,0,0,4;MQ=60;RB=18,2289479,2289687,CTT,CAT
1	182956450	NA	CTT	C	44.4146	MASKED;TAATGATGCTTTTTTTTT	INDEL;IDV=6;IMF=1;DP=6;VDB=0.000411984;SGB=-0.616816;MQ0F=0;AC=2;AN=2;DP4=0,0,0,6;MQ=60;RB=1,182956253,182956525,CTG,CTG
15	60280518	NA	GC	G	110	PASS;GCCAGCCAGCCCAGCCAG	INDEL;IDV=8;IMF=1;DP=8;VDB=1.33331e-05;SGB=-0.651104;MQ0F=0;AC=2;AN=2;DP4=0,0,8,0;MQ=60;RB=15,60280383,60280695,CTC,CCC
1	18801000	NA	CTCTCTCTG	C	225	NEI_IND[10/419];CTCTGTCTCTCTCTCTGT	INDEL;IDV=8;IMF=1;DP=8;VDB=1.33331e-05;SGB=-0.651104;MQ0F=0;AC=2;AN=2;DP4=0,0,0,8;MQ=60;RB=1,18800788,18801126,ACG,AAT
1	18801089	NA	T	TGTGTGGGTGTGC	225	NEI_IND[12/502];AGGTGAGATGTGTGGGTG	INDEL;IDV=8;IMF=1;DP=8;VDB=1.33331e-05;SGB=-0.651104;MQ0F=0;AC=2;AN=2;DP4=0,0,0,8;MQ=60;RB=1,18800788,18801126,ACG,AAT
20	7356702	NA	CGT	C	184	MASKED;ATTAATATCGTTTTTTTA	INDEL;IDV=6;IMF=1;DP=6;VDB=0.000411984;SGB=-0.616816;MQ0F=0;AC=2;AN=2;DP4=0,0,6,0;MQ=60;RB=20,7356580,7356992,TCA,GGT
18	36149913	NA	T	TTAG	225	PASS;ATTTATTATAATAATTTA	INDEL;IDV=12;IMF=1;DP=12;VDB=2.26006e-08;SGB=-0.680642;MQ0F=0;AC=2;AN=2;DP4=0,0,0,12;MQ=60;RB=18,36149702,36149960,ACG,GCT
2	155215067	NA	TA	T	75	PASS;ATAACTTCTAAAATGGGA	INDEL;IDV=8;IMF=1;DP=8;VDB=1.33331e-05;SGB=-0.651104;MQ0F=0;AC=2;AN=2;DP4=0,0,8,0;MQ=60;RB=2,155214956,155215220,TCA,AGT
11	30315940	NA	AAAAGCTAT	A	182	NEI_IND[14/464];AAACAGTAAAAAGCTATA	INDEL;IDV=5;IMF=1;DP=5;VDB=0.00187095;SGB=-0.590765;MQ0F=0;AC=2;AN=2;DP4=0,0,5,0;MQ=60;RB=11,30315813,30316036,GTT,TTT
4	164974752	NA	T	TA	16.5122	PASS;TCAGCCCATAAAAAAACA	INDEL;IDV=9;IMF=0.9;DP=10;VDB=0.00187095;SGB=-0.590765;MQ0F=0;AC=2;AN=2;DP4=0,0,5,0;MQ=60;RB=4,164974645,164974879,CAG,TCG
13	59262735	NA	TC	T	128	MASKED;AAAATTTTTCTTCAATCA	INDEL;IDV=8;IMF=1;DP=8;VDB=2.30147e-05;SGB=-0.651104;MQ0F=0;AC=2;AN=2;DP4=0,0,8,0;MQ=60;RB=13,59262725,59262978,AGT,TTT
7	152721310	NA	TAA	T	58	NEI_IND[33/453];AATAATAATAAAAAAAAA	INDEL;IDV=7;IMF=1;DP=7;VDB=6.71664e-05;SGB=-0.636426;MQ0F=0;AC=2;AN=2;DP4=0,0,7,0;MQ=60;RB=7,152721275,152721859,GTA,GTT
6	33933228	NA	TTTCC	T	205	NEI_IND[54/390];TCCTTTTCTTTCCTTCCT	INDEL;IDV=6;IMF=1;DP=6;VDB=0.000411984;SGB=-0.616816;MQ0F=0;AC=2;AN=2;DP4=0,0,0,6;MQ=60;RB=6,33933031,33933339,ATT,ACC
6	33933290	NA	C	CTTCTTTCT	205	NEI_IND[8/364];TTCCTTTCCTTCTTTCTT	INDEL;IDV=6;IMF=1;DP=6;VDB=0.000411984;SGB=-0.616816;MQ0F=0;AC=2;AN=2;DP4=0,0,0,6;MQ=60;RB=6,33933031,33933339,ATT,ACC
4	31778247	NA	G	GT	12.6683	PASS;TGGCTACTGTTTTTTTTC	INDEL;IDV=9;IMF=1;DP=9;VDB=5.52906e-06;SGB=-0.662043;MQ0F=0;AC=2;AN=2;DP4=0,0,9,0;MQ=60;RB=4,31778224,31778481,CCT,CTG
4	159232820	NA	CTAT	C	224	PASS;GTCTCCCACTATTATTGT	INDEL;IDV=7;IMF=1;DP=7;VDB=6.71664e-05;SGB=-0.636426;MQ0F=0;AC=2;AN=2;DP4=0,0,7,0;MQ=60;RB=4,159232711,159233051,TCA,CAC
2	141896777	NA	T	TA	28.4205	PASS;GAATCCTCTAAAAAAAGA	INDEL;IDV=10;IMF=1;DP=10;VDB=6.99472e-07;SGB=-0.670168;MQ0F=0;AC=2;AN=2;DP4=0,0,10,0;MQ=60;RB=2,141896718,141897179,TTA,GTG
8	87261191	NA	TAG	T	120	MASKED;AGATTTAGTAGAGATTTA	INDEL;IDV=4;IMF=1;DP=4;VDB=0.0058656;SGB=-0.556411;MQ0F=0;AC=2;AN=2;DP4=0,0,4,0;MQ=60;RB=8,87261068,87261448,TCT,TCT
1	28738933	NA	G	GT	114	PASS;ATATTTCTGTTTCATCAT	INDEL;IDV=8;IMF=1;DP=8;VDB=1.33331e-05;SGB=-0.651104;MQ0F=0;AC=2;AN=2;DP4=0,0,8,0;MQ=60;RB=1,28738860,28739158,CCG,AGT
1	193834773	NA	T	TTCTAGAAGAC	44.4146	NEI_IND[30/459];TGTTTTTGTTATGTTAAT	INDEL;IDV=7;IMF=1;DP=7;VDB=6.71664e-05;SGB=-0.636426;MQ0F=0;AC=2;AN=2;DP4=0,0,7,0;MQ=60;RB=1,193834681,193835041,GGA,AAC
5	147486229	NA	GT	G	39.4149	PASS;TTAAGCATGTTTTTTCTC	INDEL;IDV=16;IMF=1;DP=16;VDB=1.33331e-05;SGB=-0.651104;MQ0F=0;AC=2;AN=2;DP4=0,0,8,0;MQ=60;RB=5,147486148,147486369,CCT,GCG
X	145557712	NA	CGT	C	128	MASKED;TGTGTGTGCGTGTGTGTG	INDEL;IDV=5;IMF=1;DP=5;VDB=0.00215942;SGB=-0.590765;MQ0F=0;AC=2;AN=2;DP4=0,0,0,5;MQ=60;RB=X,145557296,145557732,TGG,CCG
5	115630263	NA	AT	A	49.4146	PASS;TCATGATTATTTTTATTT	INDEL;IDV=9;IMF=1;DP=9;VDB=1.33331e-05;SGB=-0.651104;MQ0F=0;AC=2;AN=2;DP4=0,0,0,8;MQ=60;RB=5,115630114,115630363,AAC,TCT
2	138477882	NA	C	CATAT	82	NEI_IND[22/312];TACATATACATATATATA	INDEL;IDV=6;IMF=1;DP=6;VDB=0.00187095;SGB=-0.590765;MQ0F=0;AC=2;AN=2;DP4=0,0,5,0;MQ=60;RB=2,138477812,138478177,TAT,ATT
11	30315940	NA	AAAAGCTAT	A	182	NEI_IND[14/464];AAACAGTAAAAAGCTATA	INDEL;IDV=5;IMF=0.714286;DP=7;VDB=0.00187095;SGB=-0.590765;MQ0F=0;AC=2;AN=2;DP4=0,0,5,0;MQ=60;RB=11,30315814,30316036,AGG,AAT
20	7356702	NA	CGT	C	225	MASKED;ATTAATATCGTTTTTTTA	INDEL;IDV=9;IMF=1;DP=9;VDB=7.90256e-06;SGB=-0.662043;MQ0F=0;AC=2;AN=2;DP4=0,0,9,0;MQ=60;RB=20,7356580,7356992,GAT,CCA
20	7356702	NA	CGT	C	225	MASKED;ATTAATATCGTTTTTTTA	INDEL;IDV=10;IMF=1;DP=10;VDB=1.03095e-06;SGB=-0.670168;MQ0F=0;AC=2;AN=2;DP4=0,0,10,0;MQ=60;RB=20,7356581,7356992,TTC,GCT
4	91615019	NA	GAAGA	G	56	PASS;GAGGAAAAGAAGAAAGAG	INDEL;IDV=6;IMF=1;DP=6;VDB=0.000411984;SGB=-0.616816;MQ0F=0;AC=2;AN=2;DP4=0,0,6,0;MQ=60;RB=4,91614999,91615272,TTA,ATT
1	188371296	NA	CA	C	18.4763	MASKED;AACTTTACCAAAAAAAAT	INDEL;IDV=10;IMF=1;DP=10;VDB=6.99472e-07;SGB=-0.670168;MQ0F=0;AC=2;AN=2;DP4=0,0,10,0;MQ=60;RB=1,188371165,188371480,GGA,CAG
5	150776221	NA	AT	A	136	MASKED;TGAATGGGATTAAATATG	INDEL;IDV=12;IMF=1;DP=12;VDB=2.26006e-08;SGB=-0.680642;MQ0F=0;AC=2;AN=2;DP4=0,0,0,12;MQ=60;RB=5,150775824,150776237,CTA,ACC
20	7356702	NA	CGT	C	225	MASKED;ATTAATATCGTTTTTTTA	INDEL;IDV=10;IMF=1;DP=10;VDB=6.99472e-07;SGB=-0.670168;MQ0F=0;AC=2;AN=2;DP4=0,0,10,0;MQ=60;RB=20,7356580,7356992,GGT,GGT
6	33933228	NA	TTTCC	T	205	NEI_IND[54/390];TCCTTTTCTTTCCTTCCT	INDEL;IDV=6;IMF=1;DP=6;VDB=0.000411984;SGB=-0.616816;MQ0F=0;AC=2;AN=2;DP4=0,0,0,6;MQ=60;RB=6,33933031,33933339,AAT,GTG
6	33933290	NA	C	CTTCTTTCT	205	NEI_IND[8/364];TTCCTTTCCTTCTTTCTT	INDEL;IDV=6;IMF=1;DP=6;VDB=0.000411984;SGB=-0.616816;MQ0F=0;AC=2;AN=2;DP4=0,0,0,6;MQ=60;RB=6,33933031,33933339,AAT,GTG
6	94097688	NA	G	GA	149	PASS;GATAGATAGATAGATAGA	INDEL;IDV=9;IMF=0.9;DP=10;VDB=5.52906e-06;SGB=-0.662043;MQ0F=0;AC=2;AN=2;DP4=0,0,9,0;MQ=60;RB=6,94097556,94097871,CTG,TTC
18	53737482	NA	T	TA	13.6076	PASS;GATGGCATTAAAAAAAAT	INDEL;IDV=6;IMF=1;DP=6;VDB=0.000411984;SGB=-0.616816;MQ0F=0;AC=2;AN=2;DP4=0,0,0,6;MQ=60;RB=18,53737177,53737496,CTA,GGA
17	27112565	NA	AT	A	30.4183	PASS;ATGATATTATTTTTGAGA	INDEL;IDV=4;IMF=1;DP=4;VDB=0.0058656;SGB=-0.556411;MQ0F=0;AC=2;AN=2;DP4=0,0,0,4;MQ=60;RB=17,27112383,27112605,GAA,ACA
6	82394257	NA	G	GA	53	PASS;GTAGACTAGAAAAATTTT	INDEL;IDV=8;IMF=1;DP=8;VDB=1.33331e-05;SGB=-0.651104;MQ0F=0;AC=2;AN=2;DP4=0,0,0,8;MQ=60;RB=6,82394034,82394278,TGC,TCA
3	98014843	NA	CAAAAAAAAAA	C	133	MASKED;CTCCATCTCAAAAAAAAA	INDEL;IDV=6;IMF=1;DP=6;VDB=0.000411984;SGB=-0.616816;MQ0F=0;AC=2;AN=2;DP4=0,0,6,0;MQ=60;RB=3,98014811,98015363,TCC,TTC
22	16857938	NA	GCAATC	G	225	NEI_IND[31/512];CTTCGAATGCAATCGAAT	INDEL;IDV=11;IMF=1;DP=11;VDB=2.8314e-08;SGB=-0.676189;MQ0F=0;AC=2;AN=2;DP4=0,0,11,0;MQ=60;RB=22,16857932,16858280,TCG,AGC
1	18801000	NA	CTCTCTCTG	C	205	NEI_IND[10/419];CTCTGTCTCTCTCTCTGT	INDEL;IDV=6;IMF=1;DP=6;VDB=0.000411984;SGB=-0.616816;MQ0F=0;AC=2;AN=2;DP4=0,0,0,6;MQ=60;RB=1,18800787,18801126,GGA,TTA
1	18801089	NA	T	TGTGTGGGTGTGC	205	NEI_IND[12/502];AGGTGAGATGTGTGGGTG	INDEL;IDV=6;IMF=1;DP=6;VDB=0.000411984;SGB=-0.616816;MQ0F=0;AC=2;AN=2;DP4=0,0,0,6;MQ=60;RB=1,18800787,18801126,GGA,TTA
X	93918495	NA	AT	A	56	PASS;TTATGTTTATTTTGTGAT	INDEL;IDV=5;IMF=1;DP=5;VDB=0.00187095;SGB=-0.590765;MQ0F=0;AC=2;AN=2;DP4=0,0,0,5;MQ=60;RB=X,93918300,93918519,GTA,CCC
3	170617187	NA	A	AT	3.37541	PASS;CTGTTGGGATTTTTTTTA	INDEL;IDV=5;IMF=1;DP=5;VDB=0.00187095;SGB=-0.590765;MQ0F=0;AC=2;AN=2;DP4=0,0,5,0;MQ=60;RB=3,170617099,170617341,ATA,GTA
5	20573152	NA	G	GT	36.4154	PASS;TGTGAAGTGTTTTTTAAA	INDEL;IDV=7;IMF=1;DP=7;VDB=6.71664e-05;SGB=-0.636426;MQ0F=0;AC=2;AN=2;DP4=0,0,7,0;MQ=60;RB=5,20573115,20573471,CCT,AAA
7	105743741	NA	AT	A	108	PASS;AAAACAAAATAAAAACCA	INDEL;IDV=6;IMF=1;DP=6;VDB=0.000411984;SGB=-0.616816;MQ0F=0;AC=2;AN=2;DP4=0,0,0,6;MQ=60;RB=7,105743293,105743752,ACT,GGC
4	180716559	NA	GA	G	16.5122	MASKED;TTTGTAATGAAAAAAAGT	INDEL;IDV=6;IMF=1;DP=6;VDB=0.00187095;SGB=-0.590765;MQ0F=0;AC=2;AN=2;DP4=0,0,5,0;MQ=60;RB=4,180716525,180716940,CTG,AGC
22	16857938	NA	GCAATC	G	225	NEI_IND[31/512];CTTCGAATGCAATCGAAT	INDEL;IDV=9;IMF=1;DP=9;VDB=5.52906e-06;SGB=-0.662043;MQ0F=0;AC=2;AN=2;DP4=0,0,9,0;MQ=60;RB=22,16857932,16858280,CGG,GGG
17	74182610	NA	C	CA	28.4205	PASS;AAACGAAACAAAAAAACC	INDEL;IDV=10;IMF=1;DP=10;VDB=6.99472e-07;SGB=-0.670168;MQ0F=0;AC=2;AN=2;DP4=0,0,10,0;MQ=60;RB=17,74182554,74182887,TAT,CTC
8	135171100	NA	GA	G	6.51141	PASS;AAAATTAAGAAAAAAAAG	INDEL;IDV=4;IMF=1;DP=4;VDB=0.0058656;SGB=-0.556411;MQ0F=0;AC=2;AN=2;DP4=0,0,4,0;MQ=60;RB=8,135171063,135171389,AGA,TCT
18	44435066	NA	TAAAAAAAAAAA	T	106	NEI_IND[12/428];TGTCTCTTTAAAAAAAAA	INDEL;IDV=5;IMF=1;DP=5;VDB=0.00187095;SGB=-0.590765;MQ0F=0;AC=2;AN=2;DP4=0,0,5,0;MQ=60;RB=18,44434967,44435234,TAA,TAA
9	101712830	NA	TCC	T	203	NEI_IND[6/276];CCTTCCCTTCCCCTTCCT	INDEL;IDV=10;IMF=1;DP=10;VDB=6.99472e-07;SGB=-0.670168;MQ0F=0;AC=2;AN=2;DP4=0,0,0,10;MQ=60;RB=9,101712700,101712972,TGT,AGT
11	30315940	NA	AAAAGCTAT	A	225	NEI_IND[14/464];AAACAGTAAAAAGCTATA	INDEL;IDV=11;IMF=1;DP=11;VDB=2.26006e-08;SGB=-0.676189;MQ0F=0;AC=2;AN=2;DP4=0,0,11,0;MQ=60;RB=11,30315814,30316036,AGC,TTT
8	26560417	NA	GA	G	114	PASS;AAATATAAGAAGGAATTC	INDEL;IDV=8;IMF=1;DP=8;VDB=1.33331e-05;SGB=-0.651104;MQ0F=0;AC=2;AN=2;DP4=0,0,0,8;MQ=60;RB=8,26560227,26560477,TTT,ACT
11	30315940	NA	AAAAGCTAT	A	225	NEI_IND[14/464];AAACAGTAAAAAGCTATA	INDEL;IDV=10;IMF=1;DP=10;VDB=6.99472e-07;SGB=-0.670168;MQ0F=0;AC=2;AN=2;DP4=0,0,10,0;MQ=60;RB=11,30315814,30316035,AAC,TAC
8	135171100	NA	GA	G	9.88465	PASS;AAAATTAAGAAAAAAAAG	INDEL;IDV=5;IMF=1;DP=5;VDB=0.00187095;SGB=-0.590765;MQ0F=0;AC=2;AN=2;DP4=0,0,5,0;MQ=60;RB=8,135171064,135171388,CCG,GCC
12	17413807	NA	C	CACAT	124	NEI_IND[24/335];TACATACACATATGTACA	INDEL;IDV=9;IMF=1;DP=9;VDB=5.52906e-06;SGB=-0.662043;MQ0F=0;AC=2;AN=2;DP4=0,0,9,0;MQ=60;RB=12,17413729,17413972,AAT,TCG
20	7356702	NA	CGT	C	160	MASKED;ATTAATATCGTTTTTTTA	INDEL;IDV=6;IMF=1;DP=6;VDB=0.00215942;SGB=-0.590765;MQ0F=0;AC=2;AN=2;DP4=0,0,5,0;MQ=60;RB=20,7356580,7356991,GTT,CGG
12	126896671	NA	A	AT	141	PASS;CCATATTCATAACACCTA	INDEL;IDV=8;IMF=1;DP=8;VDB=1.33331e-05;SGB=-0.651104;MQ0F=0;AC=2;AN=2;DP4=0,0,8,0;MQ=60;RB=12,126896644,126897059,TTT,TAT
15	55232247	NA	TA	T	141	PASS;TGGTTTTTTACAACTTCT	INDEL;IDV=8;IMF=1;DP=8;VDB=0.874002;SGB=-0.651104;MQSB=0.992367;MQ0F=0;AC=2;AN=2;DP4=0,0,4,4;MQ=60;RB=15,55232108,55232333,TTC,CAA
12	126896671	NA	A	AT	92	PASS;CCATATTCATAACACCTA	INDEL;IDV=4;IMF=1;DP=4;VDB=0.0058656;SGB=-0.556411;MQ0F=0;AC=2;AN=2;DP4=0,0,4,0;MQ=60;RB=12,126896644,126897059,AAA,CCT
20	7356702	NA	CGT	C	167	MASKED;ATTAATATCGTTTTTTTA	INDEL;IDV=6;IMF=1;DP=6;VDB=0.000481013;SGB=-0.616816;MQ0F=0;AC=2;AN=2;DP4=0,0,6,0;MQ=60;RB=20,7356580,7356991,TTT,TCC
1	193834773	NA	T	TTCTAGAAGAC	86	NEI_IND[30/459];TGTTTTTGTTATGTTAAT	INDEL;IDV=7;IMF=1;DP=7;VDB=0.000133588;SGB=-0.636426;MQ0F=0;AC=2;AN=2;DP4=0,0,7,0;MQ=60;RB=1,193834681,193835041,ATA,ATG
1	193834773	NA	T	TTCTAGAAGAC	79	NEI_IND[30/459];TGTTTTTGTTATGTTAAT	INDEL;IDV=6;IMF=1;DP=6;VDB=0.000411984;SGB=-0.616816;MQ0F=0;AC=2;AN=2;DP4=0,0,6,0;MQ=60;RB=1,193834681,193835042,GTA,TAT
17	566013	NA	GAGAAAGAAAGAAAA	G	182	NEI_IND[28/405];GAAAGAAAGAGAAAGAAA	INDEL;IDV=5;IMF=1;DP=5;VDB=0.00187095;SGB=-0.590765;MQ0F=0;AC=2;AN=2;DP4=0,0,5,0;MQ=60;RB=17,565895,566279,CTA,TAT
6	82867674	NA	A	AT	26.4242	PASS;TGGCGATCATTTTTTTAA	INDEL;IDV=8;IMF=1;DP=8;VDB=1.33331e-05;SGB=-0.651104;MQ0F=0;AC=2;AN=2;DP4=0,0,8,0;MQ=60;RB=6,82867626,82867883,TAG,GAA
5	37124382	NA	AC	A	95	NEI_IND[65/426];TAATCTAAACTGTAATCT	INDEL;IDV=5;IMF=1;DP=5;VDB=0.00187095;SGB=-0.590765;MQ0F=0;AC=2;AN=2;DP4=0,0,5,0;MQ=60;RB=5,37124247,37124706,GGA,ATA
14	29181750	NA	AG	A	84	PASS;TTCAACAAAGGGATAGAT	INDEL;IDV=5;IMF=1;DP=5;VDB=0.00187095;SGB=-0.590765;MQ0F=0;AC=2;AN=2;DP4=0,0,5,0;MQ=60;RB=14,29181701,29181905,CCC,TTT
10	50633765	NA	AGCTGTAGACT	A	224	NEI_IND[61/430];ACGCTGGGAGCTGTAGAC	INDEL;IDV=7;IMF=1;DP=7;VDB=6.71664e-05;SGB=-0.636426;MQ0F=0;AC=2;AN=2;DP4=0,0,7,0;MQ=60;RB=10,50633751,50634159,GTA,ATC
10	50634144	NA	AG	A	23.434	PASS;GTCTGGAGAGGGGGGGTC	INDEL;IDV=7;IMF=1;DP=7;VDB=6.71664e-05;SGB=-0.636426;MQ0F=0;AC=2;AN=2;DP4=0,0,0,7;MQ=60;RB=10,50633751,50634159,GTA,ATC
22	49207352	NA	TCTATCTATCTATCTAC	T	225	MASKED;TCTATCTATCTATCTATC	INDEL;IDV=9;IMF=1;DP=9;VDB=5.52906e-06;SGB=-0.662043;MQ0F=0;AC=2;AN=2;DP4=0,0,0,9;MQ=60;RB=22,49206906,49207457,CAC,CTT
13	82278555	NA	GA	G	20.4535	PASS;CTATGAAAGAAAAAATAA	INDEL;IDV=4;IMF=1;DP=4;VDB=0.0058656;SGB=-0.556411;MQ0F=0;AC=2;AN=2;DP4=0,0,0,4;MQ=60;RB=13,82278379,82278613,TAT,GGC
11	82600434	NA	GGAA	G	171	PASS;AAAAAAGAGGAAGAAGAA	INDEL;IDV=10;IMF=1;DP=10;VDB=0.00187095;SGB=-0.590765;MQ0F=0;AC=2;AN=2;DP4=0,0,5,0;MQ=60;RB=11,82600372,82600571,CTT,TGT
8	135171100	NA	GA	G	18.4763	PASS;AAAATTAAGAAAAAAAAG	INDEL;IDV=9;IMF=1;DP=9;VDB=5.52906e-06;SGB=-0.662043;MQ0F=0;AC=2;AN=2;DP4=0,0,9,0;MQ=60;RB=8,135171063,135171388,CAA,TAG
10	50633765	NA	AGCTGTAGACT	A	205	NEI_IND[61/430];ACGCTGGGAGCTGTAGAC	INDEL;IDV=6;IMF=1;DP=6;VDB=0.000411984;SGB=-0.616816;MQ0F=0;AC=2;AN=2;DP4=0,0,6,0;MQ=60;RB=10,50633752,50634160,AAG,TTA
10	50634144	NA	AG	A	20.4535	PASS;GTCTGGAGAGGGGGGGTC	INDEL;IDV=6;IMF=1;DP=6;VDB=0.000411984;SGB=-0.616816;MQ0F=0;AC=2;AN=2;DP4=0,0,0,6;MQ=60;RB=10,50633752,50634160,AAG,TTA
5	9988140	NA	G	GTCC	225	PASS;CCTTTACTGTCCTGCCTC	INDEL;IDV=8;IMF=1;DP=8;VDB=1.33331e-05;SGB=-0.651104;MQ0F=0;AC=2;AN=2;DP4=0,0,0,8;MQ=60;RB=5,9987856,9988264,GGT,CCG
1	190490720	NA	GTATGCA	G	136	MASKED;GTGTGTGTGTATGCATGT	INDEL;IDV=3;IMF=0.6;DP=5;VDB=0.00671048;SGB=-0.556411;MQ0F=0;AC=2;AN=2;DP4=0,0,0,4;MQ=60;RB=1,190490387,190490736,ATA,GCA
X	145557712	NA	CGT	C	107	MASKED;TGTGTGTGCGTGTGTGTG	INDEL;IDV=4;IMF=1;DP=4;VDB=0.0058656;SGB=-0.556411;MQ0F=0;AC=2;AN=2;DP4=0,0,0,4;MQ=60;RB=X,145557296,145557732,TCG,TTC
1	188371296	NA	CA	C	18.4763	MASKED;AACTTTACCAAAAAAAAT	INDEL;IDV=10;IMF=1;DP=10;VDB=6.99472e-07;SGB=-0.670168;MQ0F=0;AC=2;AN=2;DP4=0,0,10,0;MQ=60;RB=1,188371165,188371481,TGA,ATT
1	196365419	NA	G	GT	137	PASS;TACACAGTGTAAGTTTTG	INDEL;IDV=7;IMF=1;DP=7;VDB=6.71664e-05;SGB=-0.636426;MQ0F=0;AC=2;AN=2;DP4=0,0,0,7;MQ=60;RB=1,196365217,196365514,GTC,ACC
13	66776678	NA	ATG	A	70	PASS;ACACACACATGCACACAC	INDEL;IDV=5;IMF=1;DP=5;VDB=0.00215942;SGB=-0.590765;MQ0F=0;AC=2;AN=2;DP4=0,0,0,5;MQ=60;RB=13,66776512,66776688,TTT,GTT
2	34390531	NA	CT	C	149	PASS;CAAAAATACTGTTAAGTC	INDEL;IDV=10;IMF=1;DP=10;VDB=9.87747e-07;SGB=-0.670168;MQ0F=0;AC=2;AN=2;DP4=0,0,10,0;MQ=60;RB=2,34390468,34390852,AAC,CCC
5	34787998	NA	ATTTTTTTTTTTTTT	A	30.6122	NEI_IND[6/324];TACTACTGATTTTTTTTT	INDEL;IDV=3;IMF=0.6;DP=3;VDB=0.0249187;SGB=-0.511536;MQ0F=0;AC=2;AN=2;DP4=0,0,0,3;MQ=60;RB=5,34787826,34788070,TAA,CCT
11	130541991	NA	AG	A	120	PASS;CTAGAAAAAGGGTCTCAT	INDEL;IDV=10;IMF=1;DP=10;VDB=6.99472e-07;SGB=-0.670168;MQ0F=0;AC=2;AN=2;DP4=0,0,10,0;MQ=60;RB=11,130541975,130542261,ACT,CAT
9	6397603	NA	AG	A	135	NEI_IND[5/298];AGAAAGAAAGAAAGAAAA	INDEL;IDV=9;IMF=0.9;DP=10;VDB=5.52906e-06;SGB=-0.662043;MQ0F=0;AC=2;AN=2;DP4=0,0,9,0;MQ=60;RB=9,6397468,6397994,CTC,TCG
12	63117515	NA	C	CTG	225	PASS;GACTAAGGCTGTGTGTGT	INDEL;IDV=12;IMF=1;DP=12;VDB=2.26006e-08;SGB=-0.680642;MQ0F=0;AC=2;AN=2;DP4=0,0,0,12;MQ=60;RB=12,63117245,63117545,CGG,CCG
7	146809920	NA	T	TTTGTTG	205	PASS;CCCGAAGTTTTGTTGTTG	INDEL;IDV=6;IMF=1;DP=6;VDB=0.000411984;SGB=-0.616816;MQ0F=0;AC=2;AN=2;DP4=0,0,6,0;MQ=60;RB=7,146809890,146810083,TCG,AAT
11	39661472	NA	CT	C	43.4147	PASS;TAAACAAACTTTTTTGTG	INDEL;IDV=10;IMF=1;DP=10;VDB=6.99472e-07;SGB=-0.670168;MQ0F=0;AC=2;AN=2;DP4=0,0,0,10;MQ=60;RB=11,39661107,39661550,ACG,TCT
20	7356702	NA	CGT	C	157	MASKED;ATTAATATCGTTTTTTTA	INDEL;IDV=5;IMF=1;DP=5;VDB=0.00187095;SGB=-0.590765;MQ0F=0;AC=2;AN=2;DP4=0,0,5,0;MQ=60;RB=20,7356580,7356992,CGT,CGT
9	71811833	NA	T	TTA	46.4146	PASS;TGCTTGTTTTATATATAT	INDEL;IDV=5;IMF=1;DP=5;VDB=0.00187095;SGB=-0.590765;MQ0F=0;AC=2;AN=2;DP4=0,0,0,5;MQ=60;RB=9,71811671,71811936,ATA,GTA
22	16857938	NA	GCAATC	G	154	NEI_IND[31/512];CTTCGAATGCAATCGAAT	INDEL;IDV=4;IMF=1;DP=4;VDB=0.0058656;SGB=-0.556411;MQ0F=0;AC=2;AN=2;DP4=0,0,4,0;MQ=60;RB=22,16857932,16858280,TGC,TAG
11	30315940	NA	AAAAGCTAT	A	225	NEI_IND[14/464];AAACAGTAAAAAGCTATA	INDEL;IDV=8;IMF=1;DP=8;VDB=1.33331e-05;SGB=-0.651104;MQ0F=0;AC=2;AN=2;DP4=0,0,8,0;MQ=60;RB=11,30315814,30316035,TCG,GGG
5	37124382	NA	AC	A	131	NEI_IND[65/426];TAATCTAAACTGTAATCT	INDEL;IDV=9;IMF=1;DP=9;VDB=5.52906e-06;SGB=-0.662043;MQ0F=0;AC=2;AN=2;DP4=0,0,9,0;MQ=60;RB=5,37124247,37124705,ACT,CCG
12	17413807	NA	C	CACAT	118	NEI_IND[24/335];TACATACACATATGTACA	INDEL;IDV=8;IMF=1;DP=8;VDB=1.33331e-05;SGB=-0.651104;MQ0F=0;AC=2;AN=2;DP4=0,0,8,0;MQ=60;RB=12,17413729,17413973,GTA,CCT
13	94001014	NA	C	CT	11.7169	PASS;CATACTAACTTTTTTTCT	INDEL;IDV=4;IMF=1;DP=4;VDB=0.0058656;SGB=-0.556411;MQ0F=0;AC=2;AN=2;DP4=0,0,4,0;MQ=60;RB=13,94000963,94001404,GCG,CGA
4	91615019	NA	GAAGA	G	76	PASS;GAGGAAAAGAAGAAAGAG	INDEL;IDV=15;IMF=1;DP=15;VDB=4.49525e-10;SGB=-0.688148;MQ0F=0;AC=2;AN=2;DP4=0,0,15,0;MQ=60;RB=4,91615000,91615272,TTG,TGA
15	55134872	NA	G	GA	29.4193	PASS;TCTTGGCAGAAAAAAACA	INDEL;IDV=11;IMF=1;DP=11;VDB=2.26006e-08;SGB=-0.676189;MQ0F=0;AC=2;AN=2;DP4=0,0,11,0;MQ=60;RB=15,55134817,55135081,TTG,TTT
11	30151904	NA	TC	T	99	PASS;CTTATTAATCATGTTTTC	INDEL;IDV=6;IMF=1;DP=6;VDB=0.00187095;SGB=-0.590765;MQ0F=0;AC=2;AN=2;DP4=0,0,0,5;MQ=60;RB=11,30151707,30152021,AAT,TGA
5	130306954	NA	AGAAG	A	178	NEI_IND[4/316];GGAAGGAAAGAAGGAAGG	INDEL;IDV=5;IMF=1;DP=5;VDB=0.00187095;SGB=-0.590765;MQ0F=0;AC=2;AN=2;DP4=0,0,5,0;MQ=60;RB=5,130306855,130307127,GGA,CAT
18	67096433	NA	CT	C	124	PASS;GTTTACCCCTGTGACTCT	INDEL;IDV=7;IMF=1;DP=7;VDB=6.71664e-05;SGB=-0.636426;MQ0F=0;AC=2;AN=2;DP4=0,0,0,7;MQ=60;RB=18,67096191,67096454,AGT,TAC
10	6817706	NA	CGTCT	C	182	PASS;CTGGAGAGCGTCTGTCAT	INDEL;IDV=5;IMF=1;DP=5;VDB=0.00187095;SGB=-0.590765;MQ0F=0;AC=2;AN=2;DP4=0,0,0,5;MQ=60;RB=10,6817159,6817812,ATA,CGT
3	154179840	NA	TATC	T	225	PASS;AACATACTTATCATCAAA	INDEL;IDV=10;IMF=1;DP=10;VDB=6.99472e-07;SGB=-0.670168;MQ0F=0;AC=2;AN=2;DP4=0,0,0,10;MQ=60;RB=3,154179361,154179874,TAC,AAA
4	63237414	NA	ACT	A	150	PASS;AAACTCTGACTCTGTGTG	INDEL;IDV=5;IMF=1;DP=5;VDB=0.00187095;SGB=-0.590765;MQ0F=0;AC=2;AN=2;DP4=0,0,0,5;MQ=60;RB=4,63237150,63237463,GGT,TGA
9	6397603	NA	AG	A	91	NEI_IND[5/298];AGAAAGAAAGAAAGAAAA	INDEL;IDV=5;IMF=1;DP=5;VDB=0.00187095;SGB=-0.590765;MQ0F=0;AC=2;AN=2;DP4=0,0,5,0;MQ=60;RB=9,6397468,6397994,GTC,TAG
22	47850394	NA	AT	A	11.7169	MASKED;CAAAGAGGATTTTTTTTT	INDEL;IDV=7;IMF=1;DP=7;VDB=6.71664e-05;SGB=-0.636426;MQ0F=0;AC=2;AN=2;DP4=0,0,7,0;MQ=60;RB=22,47850319,47850697,GAG,TCT
3	103560082	NA	TATC	T	205	MASKED;TATCTATCTATCATCTAT	INDEL;IDV=6;IMF=1;DP=6;VDB=0.000411984;SGB=-0.616816;MQ0F=0;AC=2;AN=2;DP4=0,0,6,0;MQ=60;RB=3,103559951,103560451,ACG,GCC
7	66777721	NA	T	TG	107	NEI_IND[16/510];AAATGAAATAAATAAATA	INDEL;IDV=8;IMF=1;DP=8;VDB=1.33331e-05;SGB=-0.651104;MQ0F=0;AC=2;AN=2;DP4=0,0,8,0;MQ=60;RB=7,66777584,66777861,CAC,GTT
21	17430423	NA	TA	T	122	PASS;TTCCTGAATATCTGTACA	INDEL;IDV=7;IMF=1;DP=7;VDB=6.71664e-05;SGB=-0.636426;MQ0F=0;AC=2;AN=2;DP4=0,0,0,7;MQ=60;RB=21,17430001,17430455,CCC,CCT
16	60861223	NA	T	TA	13.6076	PASS;TAGAGAGGTAAAAAAAAT	INDEL;IDV=6;IMF=1;DP=6;VDB=0.000411984;SGB=-0.616816;MQ0F=0;AC=2;AN=2;DP4=0,0,0,6;MQ=60;RB=16,60860985,60861339,GTT,TGA
9	119760868	NA	CCATG	C	205	MASKED;CCATACATCCATGCATCC	INDEL;IDV=6;IMF=1;DP=6;VDB=0.000411984;SGB=-0.616816;MQ0F=0;AC=2;AN=2;DP4=0,0,0,6;MQ=60;RB=9,119760242,119760886,ACT,GTT
1	72243857	NA	CATAT	C	206	MASKED;TATATATACATATATATA	INDEL;IDV=7;IMF=1;DP=7;VDB=6.71664e-05;SGB=-0.636426;MQ0F=0;AC=2;AN=2;DP4=0,0,7,0;MQ=60;RB=1,72243730,72244172,ACT,TAA
5	34787998	NA	ATTTTTTTTTTTTTTTT	A	92	NEI_IND[6/324];TACTACTGATTTTTTTTT	INDEL;IDV=4;IMF=1;DP=4;VDB=0.0058656;SGB=-0.556411;MQ0F=0;AC=2;AN=2;DP4=0,0,0,4;MQ=60;RB=5,34787827,34788070,CTC,GTT
1	188371296	NA	CA	C	18.4763	MASKED;AACTTTACCAAAAAAAAT	INDEL;IDV=10;IMF=0.909091;DP=11;VDB=6.99472e-07;SGB=-0.670168;MQ0F=0;AC=2;AN=2;DP4=0,0,10,0;MQ=60;RB=1,188371165,188371480,GGA,AGG
5	130306954	NA	AGAAG	A	202	NEI_IND[4/316];GGAAGGAAAGAAGGAAGG	INDEL;IDV=6;IMF=1;DP=6;VDB=0.000411984;SGB=-0.616816;MQ0F=0;AC=2;AN=2;DP4=0,0,6,0;MQ=60;RB=5,130306856,130307126,GCG,TTG
8	73254782	NA	A	AT	60	PASS;CTCAAGGCATTTTTCTGG	INDEL;IDV=11;IMF=1;DP=11;VDB=2.26006e-08;SGB=-0.676189;MQ0F=0;AC=2;AN=2;DP4=0,0,11,0;MQ=60;RB=8,73254763,73255138,GTC,AGT
9	18703573	NA	GCCAGTGAGGCTGTTTTAC	G	225	PASS;GGAGATAAGCCAGTGAGG	INDEL;IDV=10;IMF=1;DP=10;VDB=0.272308;SGB=-0.670168;MQSB=0.952347;MQ0F=0;AC=2;AN=2;DP4=0,0,5,5;MQ=60;RB=9,18703466,18703684,GCA,GAT
18	36149913	NA	T	TTAG	205	PASS;ATTTATTATAATAATTTA	INDEL;IDV=6;IMF=1;DP=6;VDB=0.000411984;SGB=-0.616816;MQ0F=0;AC=2;AN=2;DP4=0,0,0,6;MQ=60;RB=18,36149702,36149960,GAG,TAT
1	195821921	NA	TA	T	26.4242	PASS;AATTAGGGTAAAAAAATA	INDEL;IDV=8;IMF=1;DP=8;VDB=1.33331e-05;SGB=-0.651104;MQ0F=0;AC=2;AN=2;DP4=0,0,0,8;MQ=60;RB=1,195821457,195821961,ACC,GCC
1	73801514	NA	AATAG	A	225	PASS;GGTAAAGAAATAGATAGT	INDEL;IDV=10;IMF=1;DP=10;VDB=6.99472e-07;SGB=-0.670168;MQ0F=0;AC=2;AN=2;DP4=0,0,0,10;MQ=60;RB=1,73801317,73801597,AAC,AAA
2	197684964	NA	CTTAT	C	225	PASS;AAGCAGTTCTTATTTATT	INDEL;IDV=11;IMF=1;DP=11;VDB=2.26006e-08;SGB=-0.676189;MQ0F=0;AC=2;AN=2;DP4=0,0,0,11;MQ=60;RB=2,197684683,197685025,AAT,TGT
8	132599150	NA	G	GA	9.88465	PASS;ACTTAATTGAAAAAAAAT	INDEL;IDV=5;IMF=1;DP=5;VDB=0.00187095;SGB=-0.590765;MQ0F=0;AC=2;AN=2;DP4=0,0,5,0;MQ=60;RB=8,132599095,132599344,CAC,GGA
22	16857938	NA	GCAATC	G	182	NEI_IND[31/512];CTTCGAATGCAATCGAAT	INDEL;IDV=5;IMF=1;DP=5;VDB=0.00187095;SGB=-0.590765;MQ0F=0;AC=2;AN=2;DP4=0,0,5,0;MQ=60;RB=22,16857932,16858281,TAC,GAT
7	124682985	NA	AG	A	105	PASS;GACACAACAGGATGAAGG	INDEL;IDV=6;IMF=1;DP=6;VDB=0.000411984;SGB=-0.616816;MQ0F=0;AC=2;AN=2;DP4=0,0,0,6;MQ=60;RB=7,124682712,124683025,CAT,TAA
13	83608433	NA	CT	C	7.30725	MASKED;TTATTTGGCTTTTTTTTT	INDEL;IDV=5;IMF=1;DP=5;VDB=0.00187095;SGB=-0.590765;MQ0F=0;AC=2;AN=2;DP4=0,0,0,5;MQ=60;RB=13,83608200,83608505,GTA,CAT
18	53737482	NA	T	TA	17.4922	PASS;GATGGCATTAAAAAAAAT	INDEL;IDV=8;IMF=1;DP=8;VDB=1.33331e-05;SGB=-0.651104;MQ0F=0;AC=2;AN=2;DP4=0,0,0,8;MQ=60;RB=18,53737177,53737496,AGA,TCT
12	10311925	NA	TGTCC	T	182	NEI_IND[4/329];TGTCTGTCTGTCCGTAAG	INDEL;IDV=5;IMF=1;DP=5;VDB=0.00187095;SGB=-0.590765;MQ0F=0;AC=2;AN=2;DP4=0,0,0,5;MQ=60;RB=12,10311554,10312050,TCT,AGC
13	31949870	NA	G	GTA	162	NEI_IND[11/357];GTGTGCGTGTATATATAT	INDEL;IDV=7;IMF=0.777778;DP=9;VDB=7.55993e-06;SGB=-0.636426;MQ0F=0;ICB=1;HOB=0.5;AC=1;AN=2;DP4=0,2,0,7;MQ=60;RB=13,31949662,31949960,AAT,CTC
13	31949946	NA	TA	T	81	MASKED;AATTTAAATAAAATTTTT	INDEL;IDV=9;IMF=1;DP=9;VDB=5.52906e-06;SGB=-0.662043;MQ0F=0;AC=2;AN=2;DP4=0,0,0,9;MQ=60;RB=13,31949662,31949960,AAT,CTC
2	172656973	NA	C	CA	38.415	PASS;ATTACTATCAAAAACACT	INDEL;IDV=5;IMF=1;DP=5;VDB=0.00187095;SGB=-0.590765;MQ0F=0;AC=2;AN=2;DP4=0,0,5,0;MQ=60;RB=2,172656923,172657369,ATA,GTA
13	53341177	NA	TCATATATGA	T	205	PASS;TGCCTGGGTCATATATGA	INDEL;IDV=6;IMF=1;DP=6;VDB=0.000411984;SGB=-0.616816;MQ0F=0;AC=2;AN=2;DP4=0,0,6,0;MQ=60;RB=13,53341080,53341335,GGT,GTT
11	30315940	NA	AAAAGCTAT	A	225	NEI_IND[14/464];AAACAGTAAAAAGCTATA	INDEL;IDV=8;IMF=1;DP=8;VDB=1.33331e-05;SGB=-0.651104;MQ0F=0;AC=2;AN=2;DP4=0,0,8,0;MQ=60;RB=11,30315813,30316035,ACA,TAC
22	49189266	NA	TTTTTTTC	T	205	NEI_IND[65/416];ATTCTGATTTTTTTTCTT	INDEL;IDV=6;IMF=1;DP=6;VDB=0.000411984;SGB=-0.616816;MQ0F=0;AC=2;AN=2;DP4=0,0,6,0;MQ=60;RB=22,49189171,49189445,TTC,CGG
3	16277611	NA	CAAAAAAAA	CA,C	42.2422	NEI_IND[4/243];CTATGTCTCAAAAAAAAA	INDEL;IDV=7;IMF=1;DP=7;VDB=6.71664e-05;SGB=-0.636426;MQ0F=0;AC=1,1;AN=2;DP4=0,0,7,0;MQ=60;RB=3,16277579,16277845,CCG,AAT
12	97771632	NA	TTGTGTG	TTG,T	156	MASKED;TGGGTGTTTTGTGTGTGT	INDEL;IDV=6;IMF=0.75;DP=6;VDB=0.000411984;SGB=-0.616816;MQ0F=0;AC=1,1;AN=2;DP4=0,0,6,0;MQ=60;RB=12,97771515,97771809,AGA,AGA
13	82278555	NA	GA	G	27.4221	PASS;CTATGAAAGAAAAAATAA	INDEL;IDV=5;IMF=1;DP=5;VDB=0.00187095;SGB=-0.590765;MQ0F=0;AC=2;AN=2;DP4=0,0,0,5;MQ=60;RB=13,82278379,82278613,AGT,AAG
