CHROM	POS	ID	REF	ALT	QUAL	FILTER	INFO
10	97454425	NA	TAGA	T	213	NEI_IND[45/474];AATGGAAATAGAAGATTT	INDEL;IDV=7;IMF=1;DP=7;VDB=6.71664e-05;SGB=-0.636426;MQ0F=0;AC=2;AN=2;DP4=0,0,7,0;MQ=60;RB=10,97454291,97454572,CCT,CTT
8	87261191	NA	TAG	T	144	MASKED;AGATTTAGTAGAGATTTA	INDEL;IDV=5;IMF=1;DP=5;VDB=0.00187095;SGB=-0.590765;MQ0F=0;AC=2;AN=2;DP4=0,0,5,0;MQ=60;RB=8,87261068,87261447,ATA,CCC
10	58282239	NA	CT	C	99	PASS;AGCCCTTTCTGGAACTGG	INDEL;IDV=5;IMF=1;DP=5;VDB=0.00187095;SGB=-0.590765;MQ0F=0;AC=2;AN=2;DP4=0,0,5,0;MQ=60;RB=10,58282120,58282489,AAT,ATC
1	188371296	NA	CA	C	15.5372	MASKED;AACTTTACCAAAAAAAAT	INDEL;IDV=7;IMF=1;DP=7;VDB=6.71664e-05;SGB=-0.636426;MQ0F=0;AC=2;AN=2;DP4=0,0,7,0;MQ=60;RB=1,188371166,188371481,AGG,TTT
1	72243857	NA	CATAT	C	225	MASKED;TATATATACATATATATA	INDEL;IDV=10;IMF=1;DP=10;VDB=6.99472e-07;SGB=-0.670168;MQ0F=0;AC=2;AN=2;DP4=0,0,10,0;MQ=60;RB=1,72243730,72244172,ACT,TGA
2	60007301	NA	AG	A	88	PASS;TTATGTAAAGGAGATATT	INDEL;IDV=5;IMF=1;DP=5;VDB=0.00187095;SGB=-0.590765;MQ0F=0;AC=2;AN=2;DP4=0,0,0,5;MQ=60;RB=2,60006739,60007329,AAT,GAT
8	87261191	NA	TAG	T	143	MASKED;AGATTTAGTAGAGATTTA	INDEL;IDV=5;IMF=1;DP=5;VDB=0.00187095;SGB=-0.590765;MQ0F=0;AC=2;AN=2;DP4=0,0,5,0;MQ=60;RB=8,87261068,87261447,GCT,TCG
18	20703629	NA	TG	T	145	PASS;TCAGGGCTTGCACATAAA	INDEL;IDV=9;IMF=1;DP=9;VDB=5.52906e-06;SGB=-0.662043;MQ0F=0;AC=2;AN=2;DP4=0,0,9,0;MQ=60;RB=18,20703537,20703853,AGA,TTG
8	56443849	NA	AC	A	148	MASKED;GCTACTGTACCGAATACT	INDEL;IDV=10;IMF=1;DP=10;VDB=0.992312;SGB=-0.670168;MQSB=0.952347;MQ0F=0;AC=2;AN=2;DP4=0,0,5,5;MQ=60;RB=8,56443718,56443959,TCG,CTC
20	7356702	NA	CGT	C	185	MASKED;ATTAATATCGTTTTTTTA	INDEL;IDV=6;IMF=1;DP=6;VDB=0.000411984;SGB=-0.616816;MQ0F=0;AC=2;AN=2;DP4=0,0,6,0;MQ=60;RB=20,7356580,7356992,AGT,AAA
9	118360666	NA	CA	C	67	PASS;CAGATTGGCAAATGAGTC	INDEL;IDV=4;IMF=1;DP=4;VDB=0.0058656;SGB=-0.556411;MQ0F=0;AC=2;AN=2;DP4=0,0,0,4;MQ=60;RB=9,118360395,118360685,CTC,CAT
1	62770402	NA	C	CT	134	NEI_IND[41/538];CAGCCTCCCTTTCAGGAG	INDEL;IDV=13;IMF=1;DP=13;VDB=2.26006e-08;SGB=-0.683931;MQ0F=0;AC=2;AN=2;DP4=0,0,13,0;MQ=60;RB=1,62770335,62770727,TGA,TTT
18	51576319	NA	CTTTTTTTTTTTT	C,CT	83	NEI_IND[21/324];TGAAGGCTCTTTTTTTTT	INDEL;IDV=5;IMF=1;DP=5;VDB=0.00231828;SGB=-0.590765;MQ0F=0;AC=1,1;AN=2;DP4=0,0,0,5;MQ=60;RB=18,51576066,51576383,TTA,GAA
5	37124382	NA	AC	A	98	NEI_IND[65/426];TAATCTAAACTGTAATCT	INDEL;IDV=6;IMF=1;DP=6;VDB=0.00187095;SGB=-0.590765;MQ0F=0;AC=2;AN=2;DP4=0,0,5,0;MQ=60;RB=5,37124247,37124621,GGT,AAA
20	62315319	NA	TGCCGAC	T	182	MASKED;GGATCCCATGCCGACATA	INDEL;IDV=5;IMF=1;DP=5;VDB=0.00187095;SGB=-0.590765;MQ0F=0;AC=2;AN=2;DP4=0,0,5,0;MQ=60;RB=20,62315186,62315471,TCT,CTT
20	62315399	NA	C	CTTG	182	NEI_IND[13/466];CATGTTTCCTTGTCAGAT	INDEL;IDV=5;IMF=1;DP=5;VDB=0.00187095;SGB=-0.590765;MQ0F=0;AC=2;AN=2;DP4=0,0,0,5;MQ=60;RB=20,62315186,62315471,TCT,CTT
19	31543416	NA	G	GT	129	PASS;TTGTTGTTGTTGTTTGTT	INDEL;IDV=8;IMF=1;DP=8;VDB=1.33331e-05;SGB=-0.651104;MQ0F=0;AC=2;AN=2;DP4=0,0,8,0;MQ=60;RB=19,31543281,31543672,GTG,ATT
2	177645788	NA	TA	T	56	PASS;CAGTGATATAAAATTACC	INDEL;IDV=6;IMF=1;DP=6;VDB=0.00187095;SGB=-0.590765;MQ0F=0;AC=2;AN=2;DP4=0,0,0,5;MQ=60;RB=2,177645575,177645907,GTT,CTT
19	9241687	NA	TAA	T	45.4146	NEI_IND[5/232];TTTAAAATTAAAAAAAAT	INDEL;IDV=4;IMF=1;DP=4;VDB=0.0058656;SGB=-0.556411;MQ0F=0;AC=2;AN=2;DP4=0,0,0,4;MQ=60;RB=19,9241313,9241707,ACC,TCG
3	342730	NA	TC	T	73	PASS;GATTTTGATCCATGTTCT	INDEL;IDV=4;IMF=1;DP=4;VDB=0.0058656;SGB=-0.556411;MQ0F=0;AC=2;AN=2;DP4=0,0,4,0;MQ=60;RB=3,342712,342924,ATT,TAA
14	39460272	NA	CA	C	92	PASS;AACACACCCAAGCTTACC	INDEL;IDV=5;IMF=1;DP=5;VDB=0.00187095;SGB=-0.590765;MQ0F=0;AC=2;AN=2;DP4=0,0,5,0;MQ=60;RB=14,39460186,39460612,AAA,GGT
22	16857938	NA	GCAATC	G	182	NEI_IND[31/512];CTTCGAATGCAATCGAAT	INDEL;IDV=5;IMF=1;DP=5;VDB=0.00187095;SGB=-0.590765;MQ0F=0;AC=2;AN=2;DP4=0,0,5,0;MQ=60;RB=22,16857932,16858280,TCC,CAC
5	130306954	NA	AGAAG	A	193	NEI_IND[4/316];GGAAGGAAAGAAGGAAGG	INDEL;IDV=6;IMF=1;DP=6;VDB=0.000411984;SGB=-0.616816;MQ0F=0;AC=2;AN=2;DP4=0,0,6,0;MQ=60;RB=5,130306855,130307126,AAA,GTC
6	33933228	NA	TTTCC	T	224	NEI_IND[54/390];TCCTTTTCTTTCCTTCCT	INDEL;IDV=7;IMF=1;DP=7;VDB=6.71664e-05;SGB=-0.636426;MQ0F=0;AC=2;AN=2;DP4=0,0,0,7;MQ=60;RB=6,33933031,33933339,ATA,TAC
6	33933290	NA	C	CTTCTTTCT	224	NEI_IND[8/364];TTCCTTTCCTTCTTTCTT	INDEL;IDV=7;IMF=1;DP=7;VDB=6.71664e-05;SGB=-0.636426;MQ0F=0;AC=2;AN=2;DP4=0,0,0,7;MQ=60;RB=6,33933031,33933339,ATA,TAC
1	158449487	NA	AG	A	85	PASS;TAATCATAAGGGTTCTTA	INDEL;IDV=5;IMF=1;DP=5;VDB=0.00187095;SGB=-0.590765;MQ0F=0;AC=2;AN=2;DP4=0,0,5,0;MQ=60;RB=1,158449416,158449663,ATA,GTG
6	34788591	NA	ATTTTT	A	45.4146	NEI_IND[48/245];CATGCCTAATTTTTTTTT	INDEL;IDV=4;IMF=1;DP=4;VDB=0.0058656;SGB=-0.556411;MQ0F=0;AC=2;AN=2;DP4=0,0,4,0;MQ=60;RB=6,34788580,34788785,ACG,GGA
3	103560082	NA	TATC	T	216	MASKED;TATCTATCTATCATCTAT	INDEL;IDV=7;IMF=1;DP=7;VDB=6.71664e-05;SGB=-0.636426;MQ0F=0;AC=2;AN=2;DP4=0,0,7,0;MQ=60;RB=3,103559951,103560452,ACC,CGT
12	97771632	NA	TTGTG	T	213	MASKED;TGGGTGTTTTGTGTGTGT	INDEL;IDV=7;IMF=0.875;DP=7;VDB=6.71664e-05;SGB=-0.636426;MQ0F=0;AC=2;AN=2;DP4=0,0,7,0;MQ=60;RB=12,97771516,97771808,TAG,CTC
5	162428862	NA	AG	A	15.5372	MASKED;AAAAAAAAAGTAATGGTC	INDEL;IDV=2;IMF=0.5;DP=2;VDB=0.02;SGB=-0.453602;MQ0F=0;AC=2;AN=2;DP4=0,0,2,0;MQ=60;RB=5,162428797,162429331,GAA,GTC
1	188371296	NA	CA	C	15.5372	MASKED;AACTTTACCAAAAAAAAT	INDEL;IDV=7;IMF=1;DP=7;VDB=6.71664e-05;SGB=-0.636426;MQ0F=0;AC=2;AN=2;DP4=0,0,7,0;MQ=60;RB=1,188371165,188371480,CAT,TAG
11	77091551	NA	AC	A	115	PASS;AACAAAAAACAATAAAAT	INDEL;IDV=6;IMF=1;DP=6;VDB=0.000481013;SGB=-0.616816;MQ0F=0;AC=2;AN=2;DP4=0,0,6,0;MQ=60;RB=11,77091505,77091776,GCG,GAT
6	33933228	NA	TTTCC	T	176	NEI_IND[54/390];TCCTTTTCTTTCCTTCCT	INDEL;IDV=5;IMF=1;DP=5;VDB=0.00187095;SGB=-0.590765;MQ0F=0;AC=2;AN=2;DP4=0,0,0,5;MQ=60;RB=6,33933031,33933340,TCT,GGT
6	33933290	NA	C	CTTCTTTCT	182	NEI_IND[8/364];TTCCTTTCCTTCTTTCTT	INDEL;IDV=5;IMF=1;DP=5;VDB=0.00187095;SGB=-0.590765;MQ0F=0;AC=2;AN=2;DP4=0,0,0,5;MQ=60;RB=6,33933031,33933340,TCT,GGT
6	94097688	NA	G	GA	101	PASS;GATAGATAGATAGATAGA	INDEL;IDV=5;IMF=1;DP=5;VDB=0.00187095;SGB=-0.590765;MQ0F=0;AC=2;AN=2;DP4=0,0,5,0;MQ=60;RB=6,94097556,94097871,ATC,TTG
X	145557712	NA	CGT	C	170	MASKED;TGTGTGTGCGTGTGTGTG	INDEL;IDV=8;IMF=1;DP=8;VDB=1.33331e-05;SGB=-0.651104;MQ0F=0;AC=2;AN=2;DP4=0,0,0,8;MQ=60;RB=X,145557296,145557732,AAG,TGG
8	126306958	NA	CAT	C	165	PASS;TGAAAAAACATAAAGTAA	INDEL;IDV=6;IMF=1;DP=6;VDB=0.000411984;SGB=-0.616816;MQ0F=0;AC=2;AN=2;DP4=0,0,6,0;MQ=60;RB=8,126306853,126307339,GCT,AAA
1	188371296	NA	CA	C	6.51141	MASKED;AACTTTACCAAAAAAAAT	INDEL;IDV=5;IMF=1;DP=5;VDB=0.0058656;SGB=-0.556411;MQ0F=0;AC=2;AN=2;DP4=0,0,4,0;MQ=60;RB=1,188371165,188371480,GTT,GTG
1	72243857	NA	CATAT	C	205	MASKED;TATATATACATATATATA	INDEL;IDV=6;IMF=1;DP=6;VDB=0.000411984;SGB=-0.616816;MQ0F=0;AC=2;AN=2;DP4=0,0,6,0;MQ=60;RB=1,72243730,72244171,TGT,CCC
7	66777721	NA	T	TG	81	NEI_IND[16/510];AAATGAAATAAATAAATA	INDEL;IDV=6;IMF=1;DP=6;VDB=0.00187095;SGB=-0.590765;MQ0F=0;AC=2;AN=2;DP4=0,0,5,0;MQ=60;RB=7,66777583,66777861,CGA,GAT
1	174915172	NA	TC	T	112	NEI_IND[20/532];TCTCTCTCTCTTTTTTTT	INDEL;IDV=9;IMF=1;DP=9;VDB=5.52906e-06;SGB=-0.662043;MQ0F=0;AC=2;AN=2;DP4=0,0,0,9;MQ=60;RB=1,174914854,174915303,CCG,TAA
15	36020862	NA	GA	G	20.4535	PASS;GAGGAGGGGAAAAAAAGG	INDEL;IDV=7;IMF=1;DP=7;VDB=0.000411984;SGB=-0.616816;MQ0F=0;AC=2;AN=2;DP4=0,0,0,6;MQ=60;RB=15,36020712,36020973,TTG,CTT
10	116056219	NA	AG	A	111	PASS;AGTAAATGAGTAAATGAT	INDEL;IDV=6;IMF=1;DP=6;VDB=0.000411984;SGB=-0.616816;MQ0F=0;AC=2;AN=2;DP4=0,0,6,0;MQ=60;RB=10,116056084,116056446,TTA,CCC
7	158979655	NA	GA	G	118	PASS;CCATCAGAGAATATTATG	INDEL;IDV=8;IMF=1;DP=8;VDB=1.33331e-05;SGB=-0.651104;MQ0F=0;AC=2;AN=2;DP4=0,0,0,8;MQ=60;RB=7,158979294,158979674,CGT,GTT
11	30315940	NA	AAAAGCTAT	A	154	NEI_IND[14/464];AAACAGTAAAAAGCTATA	INDEL;IDV=4;IMF=1;DP=4;VDB=0.0058656;SGB=-0.556411;MQ0F=0;AC=2;AN=2;DP4=0,0,4,0;MQ=60;RB=11,30315814,30316036,GCC,CTT
3	118252546	NA	GTGT	G	225	PASS;AGTCCCCAGTGTTCTGGG	INDEL;IDV=8;IMF=1;DP=8;VDB=1.33331e-05;SGB=-0.651104;MQ0F=0;AC=2;AN=2;DP4=0,0,8,0;MQ=60;RB=3,118252443,118252739,AAT,TAC
20	7356702	NA	CGT	C	214	MASKED;ATTAATATCGTTTTTTTA	INDEL;IDV=9;IMF=1;DP=9;VDB=5.52906e-06;SGB=-0.662043;MQ0F=0;AC=2;AN=2;DP4=0,0,9,0;MQ=60;RB=20,7356581,7356992,CAC,GCA
3	103560082	NA	TATC	T	225	MASKED;TATCTATCTATCATCTAT	INDEL;IDV=8;IMF=1;DP=8;VDB=1.33331e-05;SGB=-0.651104;MQ0F=0;AC=2;AN=2;DP4=0,0,8,0;MQ=60;RB=3,103559951,103560451,CTG,GGC
5	93718599	NA	CATGACTGA	C	225	PASS;CAGCAATTCATGACTGAA	INDEL;IDV=8;IMF=1;DP=8;VDB=1.33331e-05;SGB=-0.651104;MQ0F=0;AC=2;AN=2;DP4=0,0,8,0;MQ=60;RB=5,93718486,93718816,CTG,CTG
11	30315940	NA	AAAAGCTAT	A	224	NEI_IND[14/464];AAACAGTAAAAAGCTATA	INDEL;IDV=7;IMF=1;DP=7;VDB=6.71664e-05;SGB=-0.636426;MQ0F=0;AC=2;AN=2;DP4=0,0,7,0;MQ=60;RB=11,30315814,30316036,GCC,TTT
1	72243857	NA	CATAT	C	201	MASKED;TATATATACATATATATA	INDEL;IDV=6;IMF=1;DP=6;VDB=0.000411984;SGB=-0.616816;MQ0F=0;AC=2;AN=2;DP4=0,0,6,0;MQ=60;RB=1,72243731,72244172,GGC,TGA
11	104755884	NA	AAAAG	A	225	MASKED;AAAAAAGAAAAAGAAAGA	INDEL;IDV=9;IMF=1;DP=9;VDB=6.61497e-06;SGB=-0.662043;MQ0F=0;AC=2;AN=2;DP4=0,0,9,0;MQ=60;RB=11,104755817,104756083,TGG,GAT
22	16857938	NA	GCAATC	G	205	NEI_IND[31/512];CTTCGAATGCAATCGAAT	INDEL;IDV=6;IMF=1;DP=6;VDB=0.000411984;SGB=-0.616816;MQ0F=0;AC=2;AN=2;DP4=0,0,6,0;MQ=60;RB=22,16857932,16858281,ATG,CCT
18	48533515	NA	G	GC	32.4168	PASS;TGATTATAGCCCCCCGGG	INDEL;IDV=6;IMF=1;DP=6;VDB=0.000411984;SGB=-0.616816;MQ0F=0;AC=2;AN=2;DP4=0,0,6,0;MQ=60;RB=18,48533450,48533895,CGT,TGA
17	80581279	NA	AC	A	61	PASS;AAAAAAAAACAAACAAAA	INDEL;IDV=3;IMF=0.6;DP=3;VDB=0.0221621;SGB=-0.511536;MQ0F=0;AC=2;AN=2;DP4=0,0,3,0;MQ=60;RB=17,80581229,80581511,TGA,TAA
5	119665056	NA	T	TA	225	PASS;TAATGGTGTAATGAACAT	INDEL;IDV=14;IMF=1;DP=14;VDB=1;SGB=-0.686358;MQSB=0.966012;MQ0F=0;AC=2;AN=2;DP4=0,0,7,7;MQ=60;RB=5,119664924,119665194,CTG,TGA
4	132978116	NA	TCTG	T	205	MASKED;GTATTTTATCTGTTTTTT	INDEL;IDV=6;IMF=1;DP=6;VDB=0.000411984;SGB=-0.616816;MQ0F=0;AC=2;AN=2;DP4=0,0,6,0;MQ=60;RB=4,132977984,132978351,GTA,AAG
19	9241687	NA	TAA	T	56	NEI_IND[5/232];TTTAAAATTAAAAAAAAT	INDEL;IDV=5;IMF=1;DP=5;VDB=0.00187095;SGB=-0.590765;MQ0F=0;AC=2;AN=2;DP4=0,0,0,5;MQ=60;RB=19,9241313,9241707,TTG,TCG
6	33933228	NA	TTTCC	T	205	NEI_IND[54/390];TCCTTTTCTTTCCTTCCT	INDEL;IDV=6;IMF=1;DP=6;VDB=0.000411984;SGB=-0.616816;MQ0F=0;AC=2;AN=2;DP4=0,0,0,6;MQ=60;RB=6,33933031,33933340,GAT,ACT
6	33933290	NA	C	CTTCTTTCT	205	NEI_IND[8/364];TTCCTTTCCTTCTTTCTT	INDEL;IDV=6;IMF=1;DP=6;VDB=0.000411984;SGB=-0.616816;MQ0F=0;AC=2;AN=2;DP4=0,0,0,6;MQ=60;RB=6,33933031,33933340,GAT,ACT
16	10213035	NA	AGG	A	184	PASS;CGAAGCTAAGGGAAAAAA	INDEL;IDV=8;IMF=1;DP=8;VDB=6.71664e-05;SGB=-0.636426;MQ0F=0;AC=2;AN=2;DP4=0,0,7,0;MQ=60;RB=16,10212900,10213464,TAG,GGA
12	80457994	NA	GAC	G	190	PASS;GGGAGGGAGACACACGAC	INDEL;IDV=8;IMF=1;DP=8;VDB=1.33331e-05;SGB=-0.651104;MQ0F=0;AC=2;AN=2;DP4=0,0,0,8;MQ=60;RB=12,80457753,80458038,CTG,TCT
12	97771632	NA	TTGTG	T	225	MASKED;TGGGTGTTTTGTGTGTGT	INDEL;IDV=10;IMF=1;DP=10;VDB=6.99472e-07;SGB=-0.670168;MQ0F=0;AC=2;AN=2;DP4=0,0,10,0;MQ=60;RB=12,97771515,97771809,TAT,TTT
17	15366841	NA	GCAGGCCTGA	G	225	PASS;CCCAGGCAGCAGGCCTGA	INDEL;IDV=9;IMF=1;DP=9;VDB=5.52906e-06;SGB=-0.662043;MQ0F=0;AC=2;AN=2;DP4=0,0,0,9;MQ=60;RB=17,15366621,15366938,ATT,GAC
7	109070509	NA	AT	A	67	PASS;GTCATCCTATTTAGGTAG	INDEL;IDV=5;IMF=1;DP=5;VDB=0.0058656;SGB=-0.556411;MQ0F=0;AC=2;AN=2;DP4=0,0,4,0;MQ=60;RB=7,109070487,109071182,CCT,TTG
18	40254920	NA	TCTAA	T	154	PASS;AGAAGGTATCTAACTAAC	INDEL;IDV=4;IMF=1;DP=4;VDB=0.0058656;SGB=-0.556411;MQ0F=0;AC=2;AN=2;DP4=0,0,0,4;MQ=60;RB=18,40254742,40254963,GGA,GTA
6	106144633	NA	T	TA	99	PASS;ATGCTGACTACTAGAAGT	INDEL;IDV=5;IMF=1;DP=5;VDB=0.00187095;SGB=-0.590765;MQ0F=0;AC=2;AN=2;DP4=0,0,5,0;MQ=60;RB=6,106144499,106145213,ATA,TCG
6	45231114	NA	AG	A	123	PASS;ATTAACAAAGGAACAGTG	INDEL;IDV=8;IMF=1;DP=8;VDB=1.33331e-05;SGB=-0.651104;MQ0F=0;AC=2;AN=2;DP4=0,0,8,0;MQ=60;RB=6,45231083,45231319,TTC,CTG
19	17254056	NA	AAC	A	44.4146	PASS;AAAAAAAAAACAAACAAA	INDEL;IDV=6;IMF=1;DP=6;VDB=0.000411984;SGB=-0.616816;MQ0F=0;AC=2;AN=2;DP4=0,0,6,0;MQ=60;RB=19,17253921,17254324,CCA,TCT
6	77571743	NA	C	CT	26.4242	PASS;GCACATCTCTTTTTTTAC	INDEL;IDV=9;IMF=1;DP=9;VDB=1.33331e-05;SGB=-0.651104;MQ0F=0;AC=2;AN=2;DP4=0,0,8,0;MQ=60;RB=6,77571620,77571985,GAT,GCA
20	7356702	NA	CGT	C	199	MASKED;ATTAATATCGTTTTTTTA	INDEL;IDV=8;IMF=1;DP=8;VDB=1.33331e-05;SGB=-0.651104;MQ0F=0;AC=2;AN=2;DP4=0,0,8,0;MQ=60;RB=20,7356580,7356992,GGT,GAT
8	61372384	NA	CTTCCTTCT	C	180	MASKED;CTTCCTTCCTTCCTTCTT	INDEL;IDV=5;IMF=1;DP=5;VDB=0.00187095;SGB=-0.590765;MQ0F=0;AC=2;AN=2;DP4=0,0,5,0;MQ=60;RB=8,61372279,61372636,CTT,GCT
8	87261191	NA	TAG	T	203	MASKED;AGATTTAGTAGAGATTTA	INDEL;IDV=9;IMF=0.9;DP=10;VDB=5.52906e-06;SGB=-0.662043;MQ0F=0;AC=2;AN=2;DP4=0,0,9,0;MQ=60;RB=8,87261068,87261448,GCT,AAT
2	109233830	NA	TC	T	99	PASS;GGTACTGTTCAACTCCAC	INDEL;IDV=10;IMF=1;DP=10;VDB=0.00187095;SGB=-0.590765;MQ0F=0;AC=2;AN=2;DP4=0,0,5,0;MQ=60;RB=2,109233726,109233946,AAT,TGC
8	61372384	NA	CTTCCTTCT	C	154	MASKED;CTTCCTTCCTTCCTTCTT	INDEL;IDV=4;IMF=1;DP=4;VDB=0.0058656;SGB=-0.556411;MQ0F=0;AC=2;AN=2;DP4=0,0,4,0;MQ=60;RB=8,61372279,61372635,CCT,AAC
10	2945944	NA	CT	C	124	PASS;AATTGCCCCTGCTCCCTC	INDEL;IDV=7;IMF=1;DP=7;VDB=6.71664e-05;SGB=-0.636426;MQ0F=0;AC=2;AN=2;DP4=0,0,0,7;MQ=60;RB=10,2945600,2945970,TGG,GGA
9	114334005	NA	AAACTCCT	A	154	PASS;CTGGTTTGAAACTCCTGG	INDEL;IDV=5;IMF=1;DP=5;VDB=0.0058656;SGB=-0.556411;MQ0F=0;AC=2;AN=2;DP4=0,0,4,0;MQ=60;RB=9,114333907,114334184,CCG,GAT
1	236068805	NA	AAC	A	45.4146	MASKED;GAAAAAAAAACAACAACA	INDEL;IDV=5;IMF=1;DP=5;VDB=0.00187095;SGB=-0.590765;MQ0F=0;AC=2;AN=2;DP4=0,0,5,0;MQ=60;RB=1,236068672,236069154,GTA,GCT
17	70050074	NA	TA	T	71	PASS;AAATTCCCTAAAAGGAAC	INDEL;IDV=7;IMF=1;DP=7;VDB=6.71664e-05;SGB=-0.636426;MQ0F=0;AC=2;AN=2;DP4=0,0,7,0;MQ=60;RB=17,70049997,70050244,ATG,TTT
11	92022700	NA	CACAT	C	139	MASKED;CACACACACACATATATA	INDEL;IDV=4;IMF=1;DP=4;VDB=0.0058656;SGB=-0.556411;MQ0F=0;AC=2;AN=2;DP4=0,0,0,4;MQ=60;RB=11,92022256,92022713,CAT,GTT
22	16857938	NA	GCAATC	G	205	NEI_IND[31/512];CTTCGAATGCAATCGAAT	INDEL;IDV=6;IMF=1;DP=6;VDB=0.000411984;SGB=-0.616816;MQ0F=0;AC=2;AN=2;DP4=0,0,6,0;MQ=60;RB=22,16857932,16858281,ATG,GAA
6	74772938	NA	CT	C	15.5372	MASKED;ACTATGTACTTTTTTTTA	INDEL;IDV=7;IMF=1;DP=7;VDB=6.71664e-05;SGB=-0.636426;MQ0F=0;AC=2;AN=2;DP4=0,0,7,0;MQ=60;RB=6,74772915,74773290,TGT,CTA
5	140164446	NA	AT	A	127	PASS;CCTTTAGAATGTTTCCAA	INDEL;IDV=8;IMF=1;DP=8;VDB=6.71664e-05;SGB=-0.636426;MQ0F=0;AC=2;AN=2;DP4=0,0,7,0;MQ=60;RB=5,140164402,140164882,GTT,CTG
14	89635870	NA	CACTCACAAA	C	154	NEI_IND[6/365];CACACACACACTCACAAA	INDEL;IDV=2;IMF=0.5;DP=4;VDB=0.0058656;SGB=-0.556411;MQ0F=0;AC=2;AN=2;DP4=0,0,4,0;MQ=60;RB=14,89635752,89636328,TCC,GCA
1	188371296	NA	CA	C	9.88465	MASKED;AACTTTACCAAAAAAAAT	INDEL;IDV=5;IMF=1;DP=5;VDB=0.00187095;SGB=-0.590765;MQ0F=0;AC=2;AN=2;DP4=0,0,5,0;MQ=60;RB=1,188371166,188371481,ATC,CGT
2	42303370	NA	AGAAGGAAG	A	182	NEI_IND[54/239];AGATGGAAAGAAGGAAGG	INDEL;IDV=5;IMF=1;DP=5;VDB=0.00187095;SGB=-0.590765;MQ0F=0;AC=2;AN=2;DP4=0,0,5,0;MQ=60;RB=2,42303315,42303612,CCG,CGT
2	42303491	NA	GAAAGAAAA	G	84	NEI_IND[13/437];GGAAGAAAGAAAGAAAAA	INDEL;IDV=4;IMF=1;DP=4;VDB=0.00766117;SGB=-0.556411;MQ0F=0;AC=2;AN=2;DP4=0,0,0,4;MQ=60;RB=2,42303315,42303612,CCG,CGT
20	62315319	NA	TGCCGAC	T	225	MASKED;GGATCCCATGCCGACATA	INDEL;IDV=10;IMF=1;DP=10;VDB=6.99472e-07;SGB=-0.670168;MQ0F=0;AC=2;AN=2;DP4=0,0,10,0;MQ=60;RB=20,62315187,62315470,TTC,TTC
20	62315399	NA	C	CTTG	225	NEI_IND[13/466];CATGTTTCCTTGTCAGAT	INDEL;IDV=10;IMF=1;DP=10;VDB=6.99472e-07;SGB=-0.670168;MQ0F=0;AC=2;AN=2;DP4=0,0,0,10;MQ=60;RB=20,62315187,62315470,TTC,TTC
9	101712830	NA	TCC	T	157	NEI_IND[6/276];CCTTCCCTTCCCCTTCCT	INDEL;IDV=6;IMF=1;DP=6;VDB=0.000411984;SGB=-0.616816;MQ0F=0;AC=2;AN=2;DP4=0,0,0,6;MQ=60;RB=9,101712701,101712972,TTG,GCT
2	43744774	NA	ATT	A	114	PASS;AGTTTCTCATTTTTTCAT	INDEL;IDV=8;IMF=1;DP=8;VDB=1.33331e-05;SGB=-0.651104;MQ0F=0;AC=2;AN=2;DP4=0,0,0,8;MQ=60;RB=2,43744445,43744803,GCA,TCC
5	150776221	NA	AT	A	84	MASKED;TGAATGGGATTAAATATG	INDEL;IDV=5;IMF=1;DP=5;VDB=0.00187095;SGB=-0.590765;MQ0F=0;AC=2;AN=2;DP4=0,0,0,5;MQ=60;RB=5,150775825,150776238,CTC,GAT
12	42073846	NA	CTT	C	225	NEI_IND[31/452];CTCTTTCTCTTTCTCTCT	INDEL;IDV=11;IMF=1;DP=11;VDB=2.26006e-08;SGB=-0.676189;MQ0F=0;AC=2;AN=2;DP4=0,0,0,11;MQ=60;RB=12,42073679,42073982,GAT,ATA
1	188371296	NA	CA	C	9.88465	MASKED;AACTTTACCAAAAAAAAT	INDEL;IDV=5;IMF=1;DP=5;VDB=0.00187095;SGB=-0.590765;MQ0F=0;AC=2;AN=2;DP4=0,0,5,0;MQ=60;RB=1,188371165,188371481,GGA,AGT
10	27028228	NA	T	TA	30.4183	PASS;CCTACTCTTAAAAACAGC	INDEL;IDV=4;IMF=1;DP=4;VDB=0.0058656;SGB=-0.556411;MQ0F=0;AC=2;AN=2;DP4=0,0,0,4;MQ=60;RB=10,27028078,27028273,ACC,ATA
