CHROM	POS	ID	REF	ALT	QUAL	FILTER	INFO
12	101666718	NA	AT	A	89	MASKED;CTAAAAAAATTGATCTCA	INDEL;IDV=5;IMF=1;DP=5;VDB=0.00187095;SGB=-0.590765;MQ0F=0;AC=2;AN=2;DP4=0,0,5,0;MQ=60;RB=12,101666617,101666887,TTG,GTC
1	238058675	NA	TG	T	108	PASS;TTTAGTTTTGGGAAAGGC	INDEL;IDV=8;IMF=1;DP=8;VDB=1.33331e-05;SGB=-0.651104;MQ0F=0;AC=2;AN=2;DP4=0,0,0,8;MQ=60;RB=1,238058469,238058784,CTA,ACA
21	25517334	NA	TA	T	9.88465	PASS;TAGGACTATAAAAAAAAT	INDEL;IDV=10;IMF=1;DP=10;VDB=0.00187095;SGB=-0.590765;MQ0F=0;AC=2;AN=2;DP4=0,0,5,0;MQ=60;RB=21,25517297,25517457,CAG,CAT
6	110612719	NA	CT	C	18.4763	PASS;GTGTTTCTCTTTTTTTTC	INDEL;IDV=9;IMF=1;DP=9;VDB=5.52906e-06;SGB=-0.662043;MQ0F=0;AC=2;AN=2;DP4=0,0,0,9;MQ=60;RB=6,110612472,110612732,ATC,CCG
7	114189843	NA	T	TA	14.5685	PASS;TTTCAAATTAAAAAAAAA	INDEL;IDV=11;IMF=1;DP=11;VDB=2.26006e-08;SGB=-0.676189;MQ0F=0;AC=2;AN=2;DP4=0,0,11,0;MQ=60;RB=7,114189740,114190030,GGT,TCT
12	101666718	NA	AT	A	123	MASKED;CTAAAAAAATTGATCTCA	INDEL;IDV=9;IMF=1;DP=9;VDB=1.33331e-05;SGB=-0.651104;MQ0F=0;AC=2;AN=2;DP4=0,0,8,0;MQ=60;RB=12,101666617,101666887,AAC,TGG
1	46012434	NA	AT	A	44.4146	PASS;CCCAGTTAATTTTTTGTA	INDEL;IDV=12;IMF=1;DP=12;VDB=2.26006e-08;SGB=-0.676189;MQ0F=0;AC=2;AN=2;DP4=0,0,11,0;MQ=60;RB=1,46012418,46012685,TCA,AAA
6	166239984	NA	CCT	C	225	MASKED;CCTCTGTCCCTGTGTCCC	INDEL;IDV=9;IMF=1;DP=9;VDB=5.52906e-06;SGB=-0.662043;MQ0F=0;AC=2;AN=2;DP4=0,0,9,0;MQ=60;RB=6,166239862,166240207,CCC,TCC
13	73858315	NA	GA	G	110	PASS;CCAAAGCAGAAATTTGTC	INDEL;IDV=9;IMF=1;DP=9;VDB=1.33331e-05;SGB=-0.651104;MQ0F=0;AC=2;AN=2;DP4=0,0,0,8;MQ=60;RB=13,73857955,73858344,GAC,AAG
12	89437197	NA	CTAAA	C	224	NEI_IND[60/425];TTAACTAACTAAATAAAT	INDEL;IDV=7;IMF=1;DP=7;VDB=6.71664e-05;SGB=-0.636426;MQ0F=0;AC=2;AN=2;DP4=0,0,7,0;MQ=60;RB=12,89437125,89437343,GTT,GGC
12	89437323	NA	CA	C	104	PASS;AAACAAGCCAAATTTTCT	INDEL;IDV=7;IMF=1;DP=7;VDB=6.71664e-05;SGB=-0.636426;MQ0F=0;AC=2;AN=2;DP4=0,0,0,7;MQ=60;RB=12,89437125,89437343,GTT,GGC
10	116507807	NA	ATAAAAT	A	225	PASS;AAAATAAAATAAAATAAA	INDEL;IDV=10;IMF=1;DP=10;VDB=6.99472e-07;SGB=-0.670168;MQ0F=0;AC=2;AN=2;DP4=0,0,10,0;MQ=60;RB=10,116507742,116508100,GAG,AAT
12	101275589	NA	CACTG	C	225	PASS;ATACATAACACTGTTTCT	INDEL;IDV=11;IMF=1;DP=11;VDB=2.26006e-08;SGB=-0.676189;MQ0F=0;AC=2;AN=2;DP4=0,0,0,11;MQ=60;RB=12,101275419,101275712,ATA,GTA
1	104775992	NA	AT	A	71	PASS;TATTTGAAATTTTACTTT	INDEL;IDV=7;IMF=1;DP=7;VDB=6.71664e-05;SGB=-0.636426;MQ0F=0;AC=2;AN=2;DP4=0,0,7,0;MQ=60;RB=1,104775929,104776151,CTT,CAT
15	60280518	NA	GC	G	102	PASS;GCCAGCCAGCCCAGCCAG	INDEL;IDV=7;IMF=1;DP=7;VDB=6.71664e-05;SGB=-0.636426;MQ0F=0;AC=2;AN=2;DP4=0,0,7,0;MQ=60;RB=15,60280383,60280695,CAC,GGG
10	22100817	NA	AT	A	44.4146	PASS;ACAGGAGTATTTTTCCAA	INDEL;IDV=6;IMF=1;DP=6;VDB=0.000411984;SGB=-0.616816;MQ0F=0;AC=2;AN=2;DP4=0,0,0,6;MQ=60;RB=10,22100450,22100855,GCT,CAG
6	1252473	NA	T	TGGAG	225	NEI_IND[22/518];GATGTTAGTTTAGTTAGG	INDEL;IDV=15;IMF=1;DP=15;VDB=4.49525e-10;SGB=-0.688148;MQ0F=0;AC=2;AN=2;DP4=0,0,15,0;MQ=60;RB=6,1252340,1252657,CTC,CCT
4	127044682	NA	G	GA	11.7169	PASS;ATACATTGGAAAAAAAGG	INDEL;IDV=8;IMF=1;DP=8;VDB=0.0058656;SGB=-0.556411;MQ0F=0;AC=2;AN=2;DP4=0,0,4,0;MQ=60;RB=4,127044589,127044810,TGG,ATG
X	6155913	NA	GA	G	122	PASS;TGTTAATGGATTTTTTAA	INDEL;IDV=7;IMF=1;DP=7;VDB=6.71664e-05;SGB=-0.636426;MQ0F=0;AC=2;AN=2;DP4=0,0,7,0;MQ=60;RB=X,6155877,6156170,GGA,ATG
3	176977279	NA	TA	T	110	PASS;TGCCTGGCTAATTTTAAC	INDEL;IDV=7;IMF=1;DP=7;VDB=6.71664e-05;SGB=-0.636426;MQ0F=0;AC=2;AN=2;DP4=0,0,7,0;MQ=60;RB=3,176977171,176977463,GTT,CTA
13	47257315	NA	AT	A	90	PASS;GATGCCTGATTTTAATTA	INDEL;IDV=13;IMF=1;DP=13;VDB=2.26006e-08;SGB=-0.683931;MQ0F=0;AC=2;AN=2;DP4=0,0,0,13;MQ=60;RB=13,47257068,47257333,TTG,CCA
1	157700184	NA	T	TA	18.4763	PASS;TGTGGTATTAAAAAAAAG	INDEL;IDV=9;IMF=1;DP=9;VDB=5.52906e-06;SGB=-0.662043;MQ0F=0;AC=2;AN=2;DP4=0,0,0,9;MQ=60;RB=1,157699770,157700283,GAC,GGA
5	11033225	NA	TA	T	81	PASS;AATTTTTTTAAAGTTAAA	INDEL;IDV=5;IMF=1;DP=5;VDB=0.00187095;SGB=-0.590765;MQ0F=0;AC=2;AN=2;DP4=0,0,5,0;MQ=60;RB=5,11033200,11033800,CCT,CAG
12	23263055	NA	T	TA	29.4193	NEI_IND[7/300];TAAATAAATAATAAATAA	INDEL;IDV=12;IMF=0.923077;DP=13;VDB=2.26006e-08;SGB=-0.676189;MQ0F=0;AC=2;AN=2;DP4=0,0,11,0;MQ=60;RB=12,23262933,23263292,CAC,AAT
4	172315652	NA	TG	T	141	PASS;GAAGGAATTGCTGGTGGA	INDEL;IDV=9;IMF=1;DP=9;VDB=5.52906e-06;SGB=-0.662043;MQ0F=0;AC=2;AN=2;DP4=0,0,9,0;MQ=60;RB=4,172315578,172315944,TTG,AAA
11	30315940	NA	AAAAGCTAT	A	225	MASKED;AAACAGTAAAAAGCTATA	INDEL;IDV=9;IMF=1;DP=9;VDB=5.52906e-06;SGB=-0.662043;MQ0F=0;AC=2;AN=2;DP4=0,0,9,0;MQ=60;RB=11,30315813,30316036,AAA,GTT
13	63411215	NA	C	CA	131	PASS;ATACATTTCATCACAATG	INDEL;IDV=10;IMF=1;DP=10;VDB=6.99472e-07;SGB=-0.670168;MQ0F=0;AC=2;AN=2;DP4=0,0,0,10;MQ=60;RB=13,63411056,63411326,TGG,CCT
X	94376296	NA	AT	A	90	PASS;AATAAATAATTACCAGGA	INDEL;IDV=5;IMF=1;DP=5;VDB=0.00187095;SGB=-0.590765;MQ0F=0;AC=2;AN=2;DP4=0,0,0,5;MQ=60;RB=X,94376227,94376438,GGC,ATA
8	70591450	NA	GA	G	49.4146	PASS;CCAACAGGGAAAAATCCC	INDEL;IDV=7;IMF=1;DP=7;VDB=6.71664e-05;SGB=-0.636426;MQ0F=0;AC=2;AN=2;DP4=0,0,0,7;MQ=60;RB=8,70591222,70591494,CCT,TCC
16	201309	NA	AT	A	76	PASS;AAGACAATATTAAGAGAA	INDEL;IDV=4;IMF=1;DP=4;VDB=0.0058656;SGB=-0.556411;MQ0F=0;AC=2;AN=2;DP4=0,0,0,4;MQ=60;RB=16,200825,201352,TAC,TTA
X	13860851	NA	AG	A	139	PASS;TTTTTAAAAGAAAAAAAA	INDEL;IDV=9;IMF=1;DP=9;VDB=5.52906e-06;SGB=-0.662043;MQ0F=0;AC=2;AN=2;DP4=0,0,0,9;MQ=60;RB=X,13860559,13860917,TTG,TAG
11	106192312	NA	CA	C	44.4146	PASS;CTCCATCTCAAAAAACAA	INDEL;IDV=11;IMF=1;DP=11;VDB=2.26006e-08;SGB=-0.676189;MQ0F=0;AC=2;AN=2;DP4=0,0,11,0;MQ=60;RB=11,106192279,106192550,TTT,GTG
9	129001521	NA	GA	G	147	PASS;TTTAAGAAGAATTTAGGC	INDEL;IDV=15;IMF=1;DP=15;VDB=4.49525e-10;SGB=-0.688148;MQ0F=0;AC=2;AN=2;DP4=0,0,15,0;MQ=60;RB=9,129001461,129001744,TAT,TTG
6	19872806	NA	AT	A	90	PASS;CTCAGTTAATTTTCTATT	INDEL;IDV=13;IMF=1;DP=13;VDB=2.26006e-08;SGB=-0.683931;MQ0F=0;AC=2;AN=2;DP4=0,0,13,0;MQ=60;RB=6,19872748,19873121,GCT,TTA
4	61070659	NA	CA	C	64	PASS;CAAAAGCCCAAAATTTCT	INDEL;IDV=6;IMF=1;DP=6;VDB=0.000411984;SGB=-0.616816;MQ0F=0;AC=2;AN=2;DP4=0,0,0,6;MQ=60;RB=4,61070483,61070753,TGA,TCC
14	58823346	NA	CA	C	123	PASS;TTCAACTTCAATTTTTTT	INDEL;IDV=9;IMF=1;DP=9;VDB=5.52906e-06;SGB=-0.662043;MQ0F=0;AC=2;AN=2;DP4=0,0,0,9;MQ=60;RB=14,58823155,58823384,AAT,GAA
4	29750493	NA	CTGAAAATT	C	182	PASS;AAGAACCACTGAAAATTT	INDEL;IDV=5;IMF=1;DP=5;VDB=0.00187095;SGB=-0.590765;MQ0F=0;AC=2;AN=2;DP4=0,0,0,5;MQ=60;RB=4,29750338,29750586,TTA,GCA
3	155370955	NA	TATAG	T	207	MASKED;GATATAGATATAGATATA	INDEL;IDV=7;IMF=1;DP=7;VDB=6.71664e-05;SGB=-0.636426;MQ0F=0;AC=2;AN=2;DP4=0,0,0,7;MQ=60;RB=3,155370785,155370974,GGA,CTG
1	39659989	NA	ATTTCTTTTCT	A	190	MASKED;GAAGTGGAATTTCTTTTC	INDEL;IDV=7;IMF=1;DP=7;VDB=0.00452698;SGB=-0.616816;MQ0F=0;AC=2;AN=2;DP4=0,0,0,6;MQ=60;RB=1,39659597,39660077,CAC,AAT
7	146550393	NA	AT	A	45.4146	PASS;GGTTTCAAATTTTAAAAT	INDEL;IDV=4;IMF=1;DP=4;VDB=0.0058656;SGB=-0.556411;MQ0F=0;AC=2;AN=2;DP4=0,0,4,0;MQ=60;RB=7,146550344,146550600,AAT,TGT
11	30315940	NA	AAAAGCTAT	A	225	MASKED;AAACAGTAAAAAGCTATA	INDEL;IDV=8;IMF=1;DP=8;VDB=1.33331e-05;SGB=-0.651104;MQ0F=0;AC=2;AN=2;DP4=0,0,8,0;MQ=60;RB=11,30315813,30316036,GCA,GTT
21	40547395	NA	CA	C	91	PASS;ATTTTTTACAATTTTATT	INDEL;IDV=5;IMF=1;DP=5;VDB=0.00187095;SGB=-0.590765;MQ0F=0;AC=2;AN=2;DP4=0,0,0,5;MQ=60;RB=21,40547195,40547453,ACC,ACG
7	89051548	NA	CA	C	44.4146	PASS;AAAATATACAAAAATTAG	INDEL;IDV=6;IMF=1;DP=6;VDB=0.000411984;SGB=-0.616816;MQ0F=0;AC=2;AN=2;DP4=0,0,0,6;MQ=60;RB=7,89051337,89051570,CCG,GCT
4	60605247	NA	GT	G	56	PASS;CACGCAGTGTTTTGGCTT	INDEL;IDV=5;IMF=1;DP=5;VDB=0.00187095;SGB=-0.590765;MQ0F=0;AC=2;AN=2;DP4=0,0,0,5;MQ=60;RB=4,60605062,60605311,ATA,CCC
4	148090785	NA	GA	G	49.4146	NEI_IND[30/354];GTGTATAAGAAAAATGAA	INDEL;IDV=7;IMF=1;DP=7;VDB=6.71664e-05;SGB=-0.636426;MQ0F=0;AC=2;AN=2;DP4=0,0,7,0;MQ=60;RB=4,148090735,148091119,CAG,GTT
4	148090855	NA	GA	G	69	PASS;TGGAGATGGAAAATTCTA	INDEL;IDV=7;IMF=1;DP=7;VDB=6.71664e-05;SGB=-0.636426;MQ0F=0;AC=2;AN=2;DP4=0,0,7,0;MQ=60;RB=4,148090735,148091119,CAG,GTT
8	133236959	NA	AT	A	64	PASS;TAAGCCAAATTTTCTAGT	INDEL;IDV=6;IMF=1;DP=6;VDB=0.000411984;SGB=-0.616816;MQ0F=0;AC=2;AN=2;DP4=0,0,6,0;MQ=60;RB=8,133236856,133237323,TGT,CTC
11	106192312	NA	CA	C	20.4535	PASS;CTCCATCTCAAAAAACAA	INDEL;IDV=4;IMF=1;DP=4;VDB=0.0058656;SGB=-0.556411;MQ0F=0;AC=2;AN=2;DP4=0,0,4,0;MQ=60;RB=11,106192280,106192550,TGG,GCC
1	50222540	NA	TA	T	125	PASS;TTCCTTTATAAATTACCC	INDEL;IDV=11;IMF=1;DP=11;VDB=2.26006e-08;SGB=-0.676189;MQ0F=0;AC=2;AN=2;DP4=0,0,11,0;MQ=60;RB=1,50222508,50222918,TAA,TAC
13	58784662	NA	TA	T	56	PASS;TCAAAAAATAAAATTTTT	INDEL;IDV=10;IMF=1;DP=10;VDB=0.00187095;SGB=-0.590765;MQ0F=0;AC=2;AN=2;DP4=0,0,5,0;MQ=60;RB=13,58784642,58784794,GGT,ATA
1	41405721	NA	AAATTTC	A	225	PASS;TTCCATTAAAATTTCAAT	INDEL;IDV=15;IMF=1;DP=15;VDB=4.49525e-10;SGB=-0.688148;MQ0F=0;AC=2;AN=2;DP4=0,0,0,15;MQ=60;RB=1,41405477,41405795,GGT,ACC
2	185412176	NA	AT	A	56	PASS;AACCCTCAATTTTAGTAA	INDEL;IDV=5;IMF=1;DP=5;VDB=0.00215942;SGB=-0.590765;MQ0F=0;AC=2;AN=2;DP4=0,0,0,5;MQ=60;RB=2,185411522,185412227,CGG,CAT
12	101085776	NA	A	AT	77	PASS;ATTCTTAGATTTTTTTTC	INDEL;IDV=20;IMF=0.952381;DP=21;VDB=0.999982;SGB=-0.692067;MQSB=1;MQ0F=0;AC=2;AN=2;DP4=0,0,10,10;MQ=60;RB=12,101085661,101085908,GGG,CCA
2	14121888	NA	TA	T	113	PASS;TATTTATTTAATTTTAAT	INDEL;IDV=7;IMF=1;DP=7;VDB=6.71664e-05;SGB=-0.636426;MQ0F=0;AC=2;AN=2;DP4=0,0,7,0;MQ=60;RB=2,14121794,14122303,TTA,GAA
11	100858558	NA	A	AAATC	225	NEI_IND[12/395];AAATAAATAAATAAATAA	INDEL;IDV=12;IMF=1;DP=12;VDB=2.26006e-08;SGB=-0.680642;MQ0F=0;AC=2;AN=2;DP4=0,0,12,0;MQ=60;RB=11,100858492,100858727,AAA,CTG
4	74023903	NA	AAGAGAG	A	180	NEI_IND[8/476];AAGAAAGAAAGAGAGAGA	INDEL;IDV=5;IMF=1;DP=5;VDB=0.00187095;SGB=-0.590765;MQ0F=0;AC=2;AN=2;DP4=0,0,5,0;MQ=60;RB=4,74023775,74024157,TGC,ATG
1	238058675	NA	TG	T	118	PASS;TTTAGTTTTGGGAAAGGC	INDEL;IDV=9;IMF=1;DP=9;VDB=5.52906e-06;SGB=-0.662043;MQ0F=0;AC=2;AN=2;DP4=0,0,0,9;MQ=60;RB=1,238058469,238058784,TAA,GGA
1	230093638	NA	AT	A	71	PASS;CCATCTTGATTTTGTTTT	INDEL;IDV=7;IMF=1;DP=7;VDB=6.71664e-05;SGB=-0.636426;MQ0F=0;AC=2;AN=2;DP4=0,0,0,7;MQ=60;RB=1,230093176,230093692,AAA,TTG
14	64199167	NA	TA	T	99	PASS;ATGGCAAGTATTTTTATC	INDEL;IDV=5;IMF=1;DP=5;VDB=0.00187095;SGB=-0.590765;MQ0F=0;AC=2;AN=2;DP4=0,0,0,5;MQ=60;RB=14,64198822,64199218,CGT,TCG
3	163611869	NA	AC	A	83	NEI_IND[36/536];CAACAACAACAAAAAAAA	INDEL;IDV=5;IMF=0.833333;DP=5;VDB=0.00187095;SGB=-0.590765;MQ0F=0;AC=2;AN=2;DP4=0,0,0,5;MQ=60;RB=3,163611510,163612004,TGT,CTT
4	127044682	NA	G	GA	27.4221	PASS;ATACATTGGAAAAAAAGG	INDEL;IDV=17;IMF=0.944444;DP=18;VDB=5.52906e-06;SGB=-0.662043;MQ0F=0;AC=2;AN=2;DP4=0,0,9,0;MQ=60;RB=4,127044588,127044811,GTT,GTT
3	107032543	NA	AT	A	44.4146	PASS;CCCAGCTAATTTTTGTAT	INDEL;IDV=6;IMF=1;DP=6;VDB=0.000411984;SGB=-0.616816;MQ0F=0;AC=2;AN=2;DP4=0,0,6,0;MQ=60;RB=3,107032525,107032880,GAA,AAG
18	73583030	NA	AAAG	A	225	MASKED;AAAGAAAGAAAGAAAGAA	INDEL;IDV=8;IMF=1;DP=8;VDB=1.33331e-05;SGB=-0.651104;MQ0F=0;AC=2;AN=2;DP4=0,0,8,0;MQ=60;RB=18,73582897,73583318,GTC,ACA
14	73521751	NA	GA	G	125	PASS;GGAGCCTGGAAAGTTGAG	INDEL;IDV=12;IMF=1;DP=12;VDB=2.26006e-08;SGB=-0.680642;MQ0F=0;AC=2;AN=2;DP4=0,0,0,12;MQ=60;RB=14,73521436,73521762,GTT,AGT
18	35932631	NA	A	AT	77	PASS;TAATAGGAATTTTATAAA	INDEL;IDV=8;IMF=1;DP=8;VDB=1.33331e-05;SGB=-0.651104;MQ0F=0;AC=2;AN=2;DP4=0,0,0,8;MQ=60;RB=18,35932311,35932645,TTG,GAA
2	67223105	NA	AAC	A	161	PASS;GTCAGAAAAACAGTTTAA	INDEL;IDV=10;IMF=1;DP=10;VDB=6.99472e-07;SGB=-0.670168;MQ0F=0;AC=2;AN=2;DP4=0,0,10,0;MQ=60;RB=2,67223024,67223272,AAC,CCC
X	114239928	NA	A	AT	49.4146	PASS;TTGCCACTATTTTTGAAA	INDEL;IDV=7;IMF=1;DP=7;VDB=6.71664e-05;SGB=-0.636426;MQ0F=0;AC=2;AN=2;DP4=0,0,0,7;MQ=60;RB=X,114239703,114240000,GAT,GCC
18	61390914	NA	TA	T	64	PASS;TCAATGAGTAAAATTTTA	INDEL;IDV=12;IMF=1;DP=12;VDB=0.000411984;SGB=-0.616816;MQ0F=0;AC=2;AN=2;DP4=0,0,6,0;MQ=60;RB=18,61390841,61391045,CGT,AAT
10	101164197	NA	CT	C	123	PASS;AGGTGGGACTGGGGGGAA	INDEL;IDV=7;IMF=1;DP=7;VDB=6.71664e-05;SGB=-0.636426;MQ0F=0;AC=2;AN=2;DP4=0,0,0,7;MQ=60;RB=10,101163901,101164222,CTT,GTT
18	63406271	NA	TA	T	123	PASS;TATTCACATAATTTTGAA	INDEL;IDV=8;IMF=1;DP=8;VDB=1.33331e-05;SGB=-0.651104;MQ0F=0;AC=2;AN=2;DP4=0,0,0,8;MQ=60;RB=18,63405991,63406307,CCT,CGA
3	96489759	NA	CA	C	88	PASS;TGAAGTTCCAAAATTCAC	INDEL;IDV=12;IMF=1;DP=12;VDB=2.26006e-08;SGB=-0.680642;MQ0F=0;AC=2;AN=2;DP4=0,0,0,12;MQ=60;RB=3,96489572,96489832,GTA,GGT
7	66777721	NA	T	TG	97	NEI_IND[9/456];AAATGAAATAAATAAATA	INDEL;IDV=6;IMF=1;DP=6;VDB=0.000411984;SGB=-0.616816;MQ0F=0;AC=2;AN=2;DP4=0,0,6,0;MQ=60;RB=7,66777584,66777861,CTG,GTA
X	110271253	NA	ATG	A	174	MASKED;ACATATATATGTGTGTAT	INDEL;IDV=8;IMF=1;DP=8;VDB=1.33331e-05;SGB=-0.651104;MQ0F=0;AC=2;AN=2;DP4=0,0,8,0;MQ=60;RB=X,110271128,110271542,CAT,GGC
1	193834773	NA	T	TTCTAGAAGAC	122	NEI_IND[31/421];TGTTTTTGTTATGTTAAT	INDEL;IDV=10;IMF=1;DP=10;VDB=1.03095e-06;SGB=-0.670168;MQ0F=0;AC=2;AN=2;DP4=0,0,10,0;MQ=60;RB=1,193834681,193835042,AAT,GCA
8	16538168	NA	T	TTA	221	PASS;TATTTATATTATATATAT	INDEL;IDV=8;IMF=1;DP=8;VDB=1.33331e-05;SGB=-0.651104;MQ0F=0;AC=2;AN=2;DP4=0,0,8,0;MQ=60;RB=8,16538067,16538312,CAA,GTT
11	100858558	NA	A	AAATC	225	NEI_IND[12/395];AAATAAATAAATAAATAA	INDEL;IDV=10;IMF=1;DP=10;VDB=6.99472e-07;SGB=-0.670168;MQ0F=0;AC=2;AN=2;DP4=0,0,10,0;MQ=60;RB=11,100858492,100858727,CTA,TAC
3	174799836	NA	GTA	G	209	NEI_IND[15/444];GTGTATGTGTATGTGTGT	INDEL;IDV=9;IMF=1;DP=9;VDB=7.90256e-06;SGB=-0.662043;MQ0F=0;AC=2;AN=2;DP4=0,0,0,9;MQ=60;RB=3,174799423,174799970,CCG,ATT
14	64199167	NA	TA	T	150	PASS;ATGGCAAGTATTTTTATC	INDEL;IDV=12;IMF=1;DP=12;VDB=2.26006e-08;SGB=-0.680642;MQ0F=0;AC=2;AN=2;DP4=0,0,0,12;MQ=60;RB=14,64198822,64199218,ACT,ACC
22	16857938	NA	GCAATC	G	182	NEI_IND[16/483];CTTCGAATGCAATCGAAT	INDEL;IDV=5;IMF=1;DP=5;VDB=0.00187095;SGB=-0.590765;MQ0F=0;AC=2;AN=2;DP4=0,0,5,0;MQ=60;RB=22,16857932,16858281,CTG,TCT
X	114239928	NA	A	AT	49.4146	PASS;TTGCCACTATTTTTGAAA	INDEL;IDV=7;IMF=1;DP=7;VDB=6.71664e-05;SGB=-0.636426;MQ0F=0;AC=2;AN=2;DP4=0,0,0,7;MQ=60;RB=X,114239704,114240000,ACC,TGG
1	57934075	NA	AT	A	71	PASS;AAATGAAAATTTTAGAAT	INDEL;IDV=7;IMF=1;DP=7;VDB=6.71664e-05;SGB=-0.636426;MQ0F=0;AC=2;AN=2;DP4=0,0,7,0;MQ=60;RB=1,57933942,57934509,GAT,AAT
15	60280518	NA	GC	G	104	PASS;GCCAGCCAGCCCAGCCAG	INDEL;IDV=7;IMF=1;DP=7;VDB=6.71664e-05;SGB=-0.636426;MQ0F=0;AC=2;AN=2;DP4=0,0,7,0;MQ=60;RB=15,60280383,60280696,CCG,GGT
16	34672680	NA	TA	T	100	PASS;CCTTGGCCTAATTTTTTC	INDEL;IDV=6;IMF=1;DP=6;VDB=0.000411984;SGB=-0.616816;MQ0F=0;AC=2;AN=2;DP4=0,0,0,6;MQ=60;RB=16,34672442,34672694,TTG,CGG
11	88929767	NA	AAT	A	219	PASS;TAGTGTAAAATCAAATTA	INDEL;IDV=11;IMF=0.916667;DP=12;VDB=2.26006e-08;SGB=-0.676189;MQ0F=0;AC=2;AN=2;DP4=0,0,0,11;MQ=60;RB=11,88929273,88929842,TTG,ATC
3	82083846	NA	TAGAA	T	225	PASS;ATACGTATTAGAAAGTCT	INDEL;IDV=10;IMF=1;DP=10;VDB=6.99472e-07;SGB=-0.670168;MQ0F=0;AC=2;AN=2;DP4=0,0,10,0;MQ=60;RB=3,82083758,82084390,TTA,GGT
X	62942501	NA	T	TC	36.4154	PASS;CAATCATTTCCCCCCATC	INDEL;IDV=7;IMF=1;DP=7;VDB=6.71664e-05;SGB=-0.636426;MQ0F=0;AC=2;AN=2;DP4=0,0,0,7;MQ=60;RB=X,62942063,62942558,TAA,TTA
7	146550393	NA	AT	A	71	PASS;GGTTTCAAATTTTAAAAT	INDEL;IDV=7;IMF=1;DP=7;VDB=9.50611e-05;SGB=-0.636426;MQ0F=0;AC=2;AN=2;DP4=0,0,7,0;MQ=60;RB=7,146550345,146550599,ACC,AAG
13	23161225	NA	TATAG	T	225	NEI_IND[6/338];TATATATATATAGATATA	INDEL;IDV=10;IMF=0.909091;DP=11;VDB=6.99472e-07;SGB=-0.670168;MQ0F=0;AC=2;AN=2;DP4=0,0,0,10;MQ=60;RB=13,23161083,23161356,GGC,GGG
2	17339777	NA	A	AT	36.4154	PASS;GAAGGGAAATTTTTTCCA	INDEL;IDV=7;IMF=1;DP=7;VDB=6.71664e-05;SGB=-0.636426;MQ0F=0;AC=2;AN=2;DP4=0,0,7,0;MQ=60;RB=2,17339738,17340062,TAC,ATA
3	97018832	NA	AT	A	147	PASS;ATAGGAAAATTAGGATTC	INDEL;IDV=14;IMF=1;DP=14;VDB=4.63376e-08;SGB=-0.686358;MQ0F=0;AC=2;AN=2;DP4=0,0,14,0;MQ=60;RB=3,97018778,97019153,CTA,TGT
8	146068532	NA	TC	T	171	PASS;ACCCAGCATCAAAAAATT	INDEL;IDV=17;IMF=1;DP=17;VDB=1.29641e-11;SGB=-0.690438;MQ0F=0;AC=2;AN=2;DP4=0,0,17,0;MQ=60;RB=8,146068486,146068910,ACT,CCT
22	16857938	NA	GCAATC	G	225	NEI_IND[16/483];CTTCGAATGCAATCGAAT	INDEL;IDV=10;IMF=1;DP=10;VDB=6.99472e-07;SGB=-0.670168;MQ0F=0;AC=2;AN=2;DP4=0,0,10,0;MQ=60;RB=22,16857932,16858281,GAC,GGT
4	127044682	NA	G	GA	16.5122	PASS;ATACATTGGAAAAAAAGG	INDEL;IDV=10;IMF=1;DP=10;VDB=0.00187095;SGB=-0.590765;MQ0F=0;AC=2;AN=2;DP4=0,0,5,0;MQ=60;RB=4,127044589,127044810,GCG,TTG
X	79612258	NA	AT	A	16.5122	PASS;AGTTTTTTATTTTTTTAT	INDEL;IDV=6;IMF=1;DP=6;VDB=0.00187095;SGB=-0.590765;MQ0F=0;AC=2;AN=2;DP4=0,0,0,5;MQ=60;RB=X,79611672,79612299,TAG,TAT
4	74023903	NA	AAGAGAG	A	225	NEI_IND[8/476];AAGAAAGAAAGAGAGAGA	INDEL;IDV=10;IMF=1;DP=10;VDB=6.99472e-07;SGB=-0.670168;MQ0F=0;AC=2;AN=2;DP4=0,0,10,0;MQ=60;RB=4,74023774,74024158,AAA,CTT
1	105448480	NA	CTA	C	219	NEI_IND[13/360];ATATCTATCTATATCTAT	INDEL;IDV=11;IMF=0.916667;DP=12;VDB=2.26006e-08;SGB=-0.676189;MQ0F=0;AC=2;AN=2;DP4=0,0,11,0;MQ=60;RB=1,105448352,105448633,CCG,CCG
7	134392605	NA	AG	A	112	NEI_IND[26/421];AGATAGATAGATAGATAG	INDEL;IDV=7;IMF=1;DP=7;VDB=0.000411984;SGB=-0.616816;MQ0F=0;AC=2;AN=2;DP4=0,0,6,0;MQ=60;RB=7,134392482,134392882,GAA,AAC
10	22100817	NA	AT	A	63	PASS;ACAGGAGTATTTTTCCAA	INDEL;IDV=15;IMF=1;DP=15;VDB=4.49525e-10;SGB=-0.688148;MQ0F=0;AC=2;AN=2;DP4=0,0,0,15;MQ=60;RB=10,22100451,22100855,CCG,GGG
13	67183839	NA	GA	G	49.4146	PASS;AATAATTTGAAAAATTAT	INDEL;IDV=7;IMF=1;DP=7;VDB=6.71664e-05;SGB=-0.636426;MQ0F=0;AC=2;AN=2;DP4=0,0,7,0;MQ=60;RB=13,67183708,67184140,GCT,CCC
19	8833226	NA	AT	A	130	PASS;AAATAAAAATTAGTCAGG	INDEL;IDV=10;IMF=1;DP=10;VDB=6.99472e-07;SGB=-0.670168;MQ0F=0;AC=2;AN=2;DP4=0,0,0,10;MQ=60;RB=19,8832686,8833243,GTA,TGA
3	107032543	NA	AT	A	53	PASS;CCCAGCTAATTTTTGTAT	INDEL;IDV=8;IMF=1;DP=8;VDB=1.33331e-05;SGB=-0.651104;MQ0F=0;AC=2;AN=2;DP4=0,0,8,0;MQ=60;RB=3,107032526,107032880,CTG,GTC
6	54161442	NA	GTTAT	G	181	PASS;TCCATTATGTTATTTAAT	INDEL;IDV=7;IMF=1;DP=7;VDB=6.71664e-05;SGB=-0.636426;MQ0F=0;AC=2;AN=2;DP4=0,0,7,0;MQ=60;RB=6,54161416,54161759,CTC,GCC
6	54161653	NA	CTTT	C	22.4433	NEI_IND[41/312];GATATTTTCTTTTTTTTT	INDEL;IDV=6;IMF=0.857143;DP=6;VDB=0.00215942;SGB=-0.590765;MQ0F=0;AC=2;AN=2;DP4=0,0,0,5;MQ=59;RB=6,54161416,54161759,CTC,GCC
6	54161711	NA	CT	C	11.7169	NEI_IND[17/325];TTGTTTTTCTTTTTTTTT	INDEL;IDV=7;IMF=1;DP=7;VDB=6.71664e-05;SGB=-0.636426;MQ0F=0;AC=2;AN=2;DP4=0,0,0,7;MQ=59;RB=6,54161416,54161759,CTC,GCC
19	4815340	NA	CTCAT	C	225	PASS;TTCATTCACTCATTCATT	INDEL;IDV=14;IMF=1;DP=14;VDB=2.26006e-08;SGB=-0.686358;MQ0F=0;AC=2;AN=2;DP4=0,0,14,0;MQ=60;RB=19,4815237,4815511,CGC,CTT
11	22619617	NA	C	CA	43.4147	PASS;TGTATCTACAAAAAATAT	INDEL;IDV=10;IMF=1;DP=10;VDB=6.99472e-07;SGB=-0.670168;MQ0F=0;AC=2;AN=2;DP4=0,0,0,10;MQ=60;RB=11,22619405,22619720,TCT,GTC
5	120390940	NA	CATATGTAT	C	224	NEI_IND[6/325];TACATGTACATATGTATG	INDEL;IDV=7;IMF=1;DP=7;VDB=6.71664e-05;SGB=-0.636426;MQ0F=0;AC=2;AN=2;DP4=0,0,0,7;MQ=60;RB=5,120390587,120390978,TAC,GTC
5	20473340	NA	C	CA	42.4147	PASS;AACAAAAACAAAAAATTA	INDEL;IDV=9;IMF=1;DP=9;VDB=5.52906e-06;SGB=-0.662043;MQ0F=0;AC=2;AN=2;DP4=0,0,0,9;MQ=60;RB=5,20472943,20473439,TAA,GCC
3	181627338	NA	TTTCCTTCCTTCCTTCC	T	112	NEI_IND[6/317];TTCTTTCTTTTCCTTCCT	INDEL;IDV=5;IMF=0.833333;DP=5;VDB=0.00187095;SGB=-0.590765;MQ0F=0;AC=2;AN=2;DP4=0,0,0,5;MQ=60;RB=3,181626978,181627461,CGT,CTG
1	238058675	NA	TG	T	116	PASS;TTTAGTTTTGGGAAAGGC	INDEL;IDV=9;IMF=1;DP=9;VDB=5.52906e-06;SGB=-0.662043;MQ0F=0;AC=2;AN=2;DP4=0,0,0,9;MQ=60;RB=1,238058469,238058784,TCT,GCT
11	86900038	NA	C	CTGT	225	NEI_IND[17/507];TACTCATTCTGTTGTTAA	INDEL;IDV=12;IMF=0.923077;DP=13;VDB=2.26006e-08;SGB=-0.683931;MQ0F=0;AC=2;AN=2;DP4=0,0,13,0;MQ=60;RB=11,86899939,86900278,ACT,CTT
11	86900171	NA	CT	C	39.4149	NEI_IND[8/454];CCCTTTCCCTTTTCCTTT	INDEL;IDV=12;IMF=1;DP=12;VDB=0.0103531;SGB=-0.556411;MQ0F=0;AC=2;AN=2;DP4=0,0,0,4;MQ=60;RB=11,86899939,86900278,ACT,CTT
1	188562687	NA	T	TAGGTA	187	PASS;ATGATAGATGATAGATAG	INDEL;IDV=11;IMF=1;DP=11;VDB=1.51066e-06;SGB=-0.670168;MQ0F=0;AC=2;AN=2;DP4=0,0,0,10;MQ=60;RB=1,188562382,188562806,CTC,CCT
18	61390914	NA	TA	T	84	PASS;TCAATGAGTAAAATTTTA	INDEL;IDV=20;IMF=1;DP=20;VDB=6.99472e-07;SGB=-0.670168;MQ0F=0;AC=2;AN=2;DP4=0,0,10,0;MQ=60;RB=18,61390842,61391044,TTG,TTG
9	30620060	NA	CT	C	6.51141	PASS;TTTTTCTACTTTTTTTTG	INDEL;IDV=4;IMF=1;DP=4;VDB=0.0058656;SGB=-0.556411;MQ0F=0;AC=2;AN=2;DP4=0,0,4,0;MQ=60;RB=9,30620047,30620493,ACT,AAC
2	177953035	NA	CA	C	84	PASS;TGCTATAACAAAATACCT	INDEL;IDV=10;IMF=1;DP=10;VDB=6.99472e-07;SGB=-0.670168;MQ0F=0;AC=2;AN=2;DP4=0,0,10,0;MQ=60;RB=2,177953002,177953282,TCC,TTG
1	159167496	NA	AT	A	16.5122	PASS;GACGGGCGATTTTTTTGA	INDEL;IDV=5;IMF=1;DP=5;VDB=0.00187095;SGB=-0.590765;MQ0F=0;AC=2;AN=2;DP4=0,0,0,5;MQ=60;RB=1,159167260,159167564,TAG,CCT
1	92542096	NA	TTTTA	T	225	NEI_IND[4/286];GGCTTTAATTTTATTTAT	INDEL;IDV=9;IMF=1;DP=9;VDB=5.52906e-06;SGB=-0.662043;MQ0F=0;AC=2;AN=2;DP4=0,0,9,0;MQ=60;RB=1,92542009,92542301,AAG,CGC
11	9074158	NA	AC	A	81	PASS;GCAACAACACCCTGGAAC	INDEL;IDV=5;IMF=1;DP=5;VDB=0.00187095;SGB=-0.590765;MQ0F=0;AC=2;AN=2;DP4=0,0,5,0;MQ=60;RB=11,9074149,9074371,CAT,TGG
13	73858315	NA	GA	G	132	PASS;CCAAAGCAGAAATTTGTC	INDEL;IDV=14;IMF=1;DP=14;VDB=2.26006e-08;SGB=-0.686358;MQ0F=0;AC=2;AN=2;DP4=0,0,0,14;MQ=60;RB=13,73857955,73858344,GCC,CTG
8	51707428	NA	GA	G	91	PASS;AAAATTGTGAAATTTTGT	INDEL;IDV=7;IMF=1;DP=7;VDB=6.71664e-05;SGB=-0.636426;MQ0F=0;AC=2;AN=2;DP4=0,0,0,7;MQ=60;RB=8,51707115,51707541,CTA,ATA
2	14121888	NA	TA	T	124	PASS;TATTTATTTAATTTTAAT	INDEL;IDV=9;IMF=1;DP=9;VDB=5.52906e-06;SGB=-0.662043;MQ0F=0;AC=2;AN=2;DP4=0,0,9,0;MQ=60;RB=2,14121794,14122303,GTT,GCT
16	3952266	NA	ATATG	A	225	PASS;ATATATATATATGTGTGT	INDEL;IDV=14;IMF=1;DP=14;VDB=2.26006e-08;SGB=-0.686358;MQ0F=0;AC=2;AN=2;DP4=0,0,14,0;MQ=60;RB=16,3952140,3952438,CAG,GGA
X	87651784	NA	AT	A	84	PASS;TGTGATTTATTTTCTCAT	INDEL;IDV=10;IMF=1;DP=10;VDB=6.99472e-07;SGB=-0.670168;MQ0F=0;AC=2;AN=2;DP4=0,0,0,10;MQ=60;RB=X,87651411,87651862,TAT,AGA
13	76926402	NA	AT	A	83	PASS;AGCTGAAAATAACTTTTC	INDEL;IDV=4;IMF=1;DP=4;VDB=0.0058656;SGB=-0.556411;MQ0F=0;AC=2;AN=2;DP4=0,0,4,0;MQ=60;RB=13,76926370,76926558,TAC,TTT
12	82123076	NA	GA	G	30.4183	PASS;GTCACACAGAAAAATTTC	INDEL;IDV=5;IMF=1;DP=5;VDB=0.0058656;SGB=-0.556411;MQ0F=0;AC=2;AN=2;DP4=0,0,0,4;MQ=60;RB=12,82122462,82123152,GCT,GCT
20	40497793	NA	TA	T	121	PASS;TTTTGCTATAATTTTTTA	INDEL;IDV=9;IMF=1;DP=9;VDB=5.52906e-06;SGB=-0.662043;MQ0F=0;AC=2;AN=2;DP4=0,0,9,0;MQ=60;RB=20,40497767,40498150,GCT,ACC
8	105693805	NA	ATATATCTATATC	A	140	NEI_IND[6/186];CTCTCTCTATATATCTAT	INDEL;IDV=5;IMF=1;DP=5;VDB=0.00187095;SGB=-0.590765;MQ0F=0;AC=2;AN=2;DP4=0,0,5,0;MQ=60;RB=8,105693750,105693995,GAA,AAA
22	16857938	NA	GCAATC	G	225	NEI_IND[16/483];CTTCGAATGCAATCGAAT	INDEL;IDV=16;IMF=1;DP=16;VDB=1.63308e-11;SGB=-0.689466;MQ0F=0;AC=2;AN=2;DP4=0,0,16,0;MQ=60;RB=22,16857932,16858281,TAG,TAT
11	106192312	NA	CA	C	43.4147	PASS;CTCCATCTCAAAAAACAA	INDEL;IDV=10;IMF=1;DP=10;VDB=6.99472e-07;SGB=-0.670168;MQ0F=0;AC=2;AN=2;DP4=0,0,10,0;MQ=60;RB=11,106192279,106192551,CAT,AGT
X	13860851	NA	AG	A	129	PASS;TTTTTAAAAGAAAAAAAA	INDEL;IDV=8;IMF=1;DP=8;VDB=1.33331e-05;SGB=-0.651104;MQ0F=0;AC=2;AN=2;DP4=0,0,0,8;MQ=60;RB=X,13860558,13860918,GGT,GCA
17	3335667	NA	T	TA	104	PASS;AATAAAATTTAAAAAAGA	INDEL;IDV=8;IMF=1;DP=8;VDB=1.33331e-05;SGB=-0.651104;MQ0F=0;AC=2;AN=2;DP4=0,0,8,0;MQ=60;RB=17,3335629,3336073,TAT,GAT
1	116265875	NA	A	ATATC	79	PASS;ATCTCTCTATATCTATCT	INDEL;IDV=14;IMF=1;DP=14;VDB=2.26006e-08;SGB=-0.686358;MQ0F=0;AC=2;AN=2;DP4=0,0,14,0;MQ=60;RB=1,116265778,116266041,CCT,CGC
1	195871367	NA	C	CT	32.4168	PASS;AATATATACTTTTTTATA	INDEL;IDV=6;IMF=1;DP=6;VDB=0.000411984;SGB=-0.616816;MQ0F=0;AC=2;AN=2;DP4=0,0,6,0;MQ=60;RB=1,195871249,195871588,TTA,GGC
2	69369088	NA	A	AT	78	PASS;TAAAAATAATTTTACAAG	INDEL;IDV=9;IMF=1;DP=9;VDB=5.52906e-06;SGB=-0.662043;MQ0F=0;AC=2;AN=2;DP4=0,0,0,9;MQ=60;RB=2,69368911,69369209,GAC,GGA
5	18557462	NA	TC	T	139	PASS;TAATGGGATCCTTTGCCA	INDEL;IDV=11;IMF=1;DP=11;VDB=2.26006e-08;SGB=-0.676189;MQ0F=0;AC=2;AN=2;DP4=0,0,11,0;MQ=60;RB=5,18557380,18557938,AAG,TGT
14	43099581	NA	CA	C	112	PASS;ATACTGGACAATTTTATT	INDEL;IDV=7;IMF=1;DP=7;VDB=6.71664e-05;SGB=-0.636426;MQ0F=0;AC=2;AN=2;DP4=0,0,0,7;MQ=60;RB=14,43099376,43099642,GAC,CGT
4	172212499	NA	GA	G	84	PASS;TACCTCAAGAAAATCCCA	INDEL;IDV=10;IMF=1;DP=10;VDB=6.99472e-07;SGB=-0.670168;MQ0F=0;AC=2;AN=2;DP4=0,0,10,0;MQ=60;RB=4,172212458,172212686,TGC,GGG
19	17254056	NA	AAC	A	60	PASS;AAAAAAAAAACAAACAAA	INDEL;IDV=11;IMF=1;DP=11;VDB=2.26006e-08;SGB=-0.676189;MQ0F=0;AC=2;AN=2;DP4=0,0,11,0;MQ=60;RB=19,17253921,17254323,TGT,AAG
2	123482218	NA	AT	A	71	PASS;GATTAAAAATTAAATGTT	INDEL;IDV=7;IMF=1;DP=7;VDB=6.71664e-05;SGB=-0.636426;MQ0F=0;AC=2;AN=2;DP4=0,0,0,7;MQ=60;RB=2,123482052,123482260,TAG,TTA
14	43867527	NA	A	AT	77	PASS;TTTTTAATATTTTAAAAT	INDEL;IDV=8;IMF=1;DP=8;VDB=1.33331e-05;SGB=-0.651104;MQ0F=0;AC=2;AN=2;DP4=0,0,8,0;MQ=60;RB=14,43867468,43867703,TTC,GGC
14	43867652	NA	T	TG	8.99861	NEI_IND[39/520];GTTTTTTTTTTGTTGTTT	INDEL;IDV=8;IMF=1;DP=8;VDB=1.60207e-05;SGB=-0.651104;MQ0F=0;AC=2;AN=2;DP4=0,0,0,8;MQ=60;RB=14,43867468,43867703,TTC,GGC
11	101593005	NA	CA	C	104	PASS;GCTATTTTCAAAATTACT	INDEL;IDV=10;IMF=1;DP=10;VDB=0.999497;SGB=-0.670168;MQSB=0.952347;MQ0F=0;AC=2;AN=2;DP4=0,0,5,5;MQ=60;RB=11,101592888,101593141,CGA,CTG
6	1252473	NA	T	TGGAG	225	NEI_IND[22/518];GATGTTAGTTTAGTTAGG	INDEL;IDV=8;IMF=1;DP=8;VDB=1.33331e-05;SGB=-0.651104;MQ0F=0;AC=2;AN=2;DP4=0,0,8,0;MQ=60;RB=6,1252340,1252657,CCC,TTT
14	63637390	NA	TTGATATTAA	T	205	PASS;ATTTATGATTGATATTAA	INDEL;IDV=6;IMF=1;DP=6;VDB=0.000411984;SGB=-0.616816;MQ0F=0;AC=2;AN=2;DP4=0,0,6,0;MQ=60;RB=14,63637334,63637585,TGA,AAA
4	172315652	NA	TG	T	151	PASS;GAAGGAATTGCTGGTGGA	INDEL;IDV=10;IMF=1;DP=10;VDB=6.99472e-07;SGB=-0.670168;MQ0F=0;AC=2;AN=2;DP4=0,0,10,0;MQ=60;RB=4,172315577,172315943,GTT,TAG
13	83737365	NA	TA	T	81	PASS;TATGAGACTAAAATTATT	INDEL;IDV=9;IMF=1;DP=9;VDB=5.52906e-06;SGB=-0.662043;MQ0F=0;AC=2;AN=2;DP4=0,0,9,0;MQ=60;RB=13,83737312,83737728,TTA,GCC
14	34475944	NA	GT	G	58	MASKED;CAGTGAAAGTTTTTCTAG	INDEL;IDV=11;IMF=1;DP=11;VDB=6.99472e-07;SGB=-0.670168;MQ0F=0;AC=2;AN=2;DP4=0,0,0,10;MQ=60;RB=14,34475733,34476071,CAC,CCT
7	89051548	NA	CA	C	44.4146	PASS;AAAATATACAAAAATTAG	INDEL;IDV=6;IMF=1;DP=6;VDB=0.000411984;SGB=-0.616816;MQ0F=0;AC=2;AN=2;DP4=0,0,0,6;MQ=60;RB=7,89051336,89051569,AAT,ATC
14	81134227	NA	A	AT	85	PASS;GGAAATGAATTTCCTTCA	INDEL;IDV=7;IMF=1;DP=7;VDB=0.000481013;SGB=-0.616816;MQ0F=0;AC=2;AN=2;DP4=0,0,6,0;MQ=60;RB=14,81134168,81134449,CCT,AGA
4	73106792	NA	AT	A	49.4146	PASS;ATAAGGTAATTTTTATTT	INDEL;IDV=7;IMF=1;DP=7;VDB=6.71664e-05;SGB=-0.636426;MQ0F=0;AC=2;AN=2;DP4=0,0,7,0;MQ=60;RB=4,73106743,73107011,AAT,AAC
9	18207167	NA	G	GA	15.5372	PASS;ATCTCAAAGAAAAAAAAG	INDEL;IDV=7;IMF=1;DP=7;VDB=6.71664e-05;SGB=-0.636426;MQ0F=0;AC=2;AN=2;DP4=0,0,7,0;MQ=60;RB=9,18207105,18207526,CTT,CGA
1	188562687	NA	T	TAGGTA	144	PASS;ATGATAGATGATAGATAG	INDEL;IDV=8;IMF=1;DP=8;VDB=6.71664e-05;SGB=-0.636426;MQ0F=0;AC=2;AN=2;DP4=0,0,0,7;MQ=60;RB=1,188562381,188562806,TCA,CCT
16	34272931	NA	AT	A	4.38292	MASKED;GAAAGAGCATTTTTTTTT	INDEL;IDV=4;IMF=1;DP=4;VDB=0.0058656;SGB=-0.556411;MQ0F=0;AC=2;AN=2;DP4=0,0,0,4;MQ=60;RB=16,34272775,34272974,TGA,AAT
4	74023903	NA	AAGAGAG	A	179	NEI_IND[8/476];AAGAAAGAAAGAGAGAGA	INDEL;IDV=7;IMF=0.875;DP=7;VDB=6.71664e-05;SGB=-0.636426;MQ0F=0;AC=2;AN=2;DP4=0,0,7,0;MQ=60;RB=4,74023774,74024157,TCT,CTG
11	88929767	NA	AAT	A	165	PASS;TAGTGTAAAATCAAATTA	INDEL;IDV=6;IMF=1;DP=6;VDB=0.000411984;SGB=-0.616816;MQ0F=0;AC=2;AN=2;DP4=0,0,0,6;MQ=60;RB=11,88929272,88929842,AAT,CCG
7	66777721	NA	T	TG	120	NEI_IND[9/456];AAATGAAATAAATAAATA	INDEL;IDV=9;IMF=1;DP=9;VDB=5.52906e-06;SGB=-0.662043;MQ0F=0;AC=2;AN=2;DP4=0,0,9,0;MQ=60;RB=7,66777584,66777861,TTC,ACT
7	28413209	NA	AT	A	14.5685	MASKED;CCCAGCTAATTTTTTTTT	INDEL;IDV=11;IMF=1;DP=11;VDB=2.26006e-08;SGB=-0.676189;MQ0F=0;AC=2;AN=2;DP4=0,0,11,0;MQ=60;RB=7,28413141,28413515,TCC,TCG
8	51707428	NA	GA	G	85	PASS;AAAATTGTGAAATTTTGT	INDEL;IDV=5;IMF=1;DP=5;VDB=0.00187095;SGB=-0.590765;MQ0F=0;AC=2;AN=2;DP4=0,0,0,5;MQ=60;RB=8,51707115,51707540,GAA,ACC
X	94376296	NA	AT	A	85	PASS;AATAAATAATTACCAGGA	INDEL;IDV=5;IMF=1;DP=5;VDB=0.00187095;SGB=-0.590765;MQ0F=0;AC=2;AN=2;DP4=0,0,0,5;MQ=60;RB=X,94376226,94376438,ACT,TGA
17	35754413	NA	GACTTTCTA	G	225	PASS;GCATAGCTGACTTTCTAG	INDEL;IDV=9;IMF=1;DP=9;VDB=5.52906e-06;SGB=-0.662043;MQ0F=0;AC=2;AN=2;DP4=0,0,0,9;MQ=60;RB=17,35754191,35754479,GTA,ATA
18	31734426	NA	TTTTG	T	136	PASS;GTTGCCTATTTTGTTATG	INDEL;IDV=4;IMF=1;DP=4;VDB=0.0058656;SGB=-0.556411;MQ0F=0;AC=2;AN=2;DP4=0,0,0,4;MQ=60;RB=18,31734237,31734492,AAG,TCC
21	26647107	NA	TA	T	124	PASS;AAGTCTCTTATTTTATAA	INDEL;IDV=7;IMF=1;DP=7;VDB=6.71664e-05;SGB=-0.636426;MQ0F=0;AC=2;AN=2;DP4=0,0,0,7;MQ=60;RB=21,26646692,26647225,AGG,CCT
1	105448480	NA	CTA	C	165	NEI_IND[13/360];ATATCTATCTATATCTAT	INDEL;IDV=6;IMF=1;DP=6;VDB=0.000560625;SGB=-0.616816;MQ0F=0;AC=2;AN=2;DP4=0,0,6,0;MQ=60;RB=1,105448351,105448633,AAT,GGG
14	43867527	NA	A	AT	71	PASS;TTTTTAATATTTTAAAAT	INDEL;IDV=7;IMF=1;DP=7;VDB=6.71664e-05;SGB=-0.636426;MQ0F=0;AC=2;AN=2;DP4=0,0,7,0;MQ=60;RB=14,43867467,43867704,TTA,CGT
14	43867652	NA	T	TG	7.30725	NEI_IND[39/520];GTTTTTTTTTTGTTGTTT	INDEL;IDV=7;IMF=1;DP=7;VDB=6.71664e-05;SGB=-0.636426;MQ0F=0;AC=2;AN=2;DP4=0,0,0,7;MQ=60;RB=14,43867467,43867704,TTA,CGT
2	163561446	NA	AT	A	122	PASS;TTGATAAAATTAAGATGG	INDEL;IDV=11;IMF=1;DP=11;VDB=6.99472e-07;SGB=-0.670168;MQ0F=0;AC=2;AN=2;DP4=0,0,10,0;MQ=60;RB=2,163561319,163561619,TTG,GAA
4	172298963	NA	TA	T	111	NEI_IND[37/555];GTCCAATTTAATTTTTTT	INDEL;IDV=7;IMF=1;DP=7;VDB=6.71664e-05;SGB=-0.636426;MQ0F=0;AC=2;AN=2;DP4=0,0,7,0;MQ=60;RB=4,172298952,172299366,CGT,TGA
4	10860400	NA	AT	A	7.30725	MASKED;TCATGTGAATTTTTTTTT	INDEL;IDV=10;IMF=1;DP=10;VDB=0.00187095;SGB=-0.590765;MQ0F=0;AC=2;AN=2;DP4=0,0,5,0;MQ=60;RB=4,10860281,10860477,GCC,GAT
9	129001521	NA	GA	G	139	PASS;TTTAAGAAGAATTTAGGC	INDEL;IDV=11;IMF=1;DP=11;VDB=2.26006e-08;SGB=-0.676189;MQ0F=0;AC=2;AN=2;DP4=0,0,11,0;MQ=60;RB=9,129001462,129001745,CTG,ATA
11	58634737	NA	CA	C	53	PASS;TACAACAACAAAAATACC	INDEL;IDV=8;IMF=1;DP=8;VDB=1.33331e-05;SGB=-0.651104;MQ0F=0;AC=2;AN=2;DP4=0,0,0,8;MQ=60;RB=11,58634519,58634747,GAT,TTA
8	23166500	NA	TATA	T	189	NEI_IND[13/398];TATATATATATATTTTTT	INDEL;IDV=6;IMF=1;DP=6;VDB=0.000411984;SGB=-0.616816;MQ0F=0;AC=2;AN=2;DP4=0,0,6,0;MQ=60;RB=8,23166369,23166830,AAC,GTT
3	78441007	NA	A	ATT	61	NEI_IND[41/610];TGTTTGTAATTTTTTTTT	INDEL;IDV=15;IMF=1;DP=15;VDB=3.72166e-08;SGB=-0.686358;MQ0F=0;AC=2;AN=2;DP4=0,0,0,14;MQ=60;RB=3,78440739,78441037,GCG,CGA
15	97506909	NA	AT	A	134	PASS;TAAAAAAAATTAGCCAGG	INDEL;IDV=11;IMF=1;DP=11;VDB=2.26006e-08;SGB=-0.676189;MQ0F=0;AC=2;AN=2;DP4=0,0,0,11;MQ=60;RB=15,97506623,97506926,CAG,GCT
9	121208225	NA	TATAA	T	205	NEI_IND[8/184];ATATGTTGTATAAATATA	INDEL;IDV=6;IMF=1;DP=6;VDB=0.000560625;SGB=-0.616816;MQ0F=0;AC=2;AN=2;DP4=0,0,6,0;MQ=60;RB=9,121208103,121208378,CCC,GCC
1	190490720	NA	GTATGCA	G	141	NEI_IND[6/526];GTGTGTGTGTATGCATGT	INDEL;IDV=4;IMF=1;DP=4;VDB=0.0058656;SGB=-0.556411;MQ0F=0;AC=2;AN=2;DP4=0,0,0,4;MQ=60;RB=1,190490388,190490735,TCG,ACC
X	94376296	NA	AT	A	87	PASS;AATAAATAATTACCAGGA	INDEL;IDV=5;IMF=1;DP=5;VDB=0.00187095;SGB=-0.590765;MQ0F=0;AC=2;AN=2;DP4=0,0,0,5;MQ=60;RB=X,94376227,94376438,CTG,AAA
4	74023903	NA	AAGAGAG	A	119	NEI_IND[8/476];AAGAAAGAAAGAGAGAGA	INDEL;IDV=5;IMF=0.833333;DP=5;VDB=0.00187095;SGB=-0.590765;MQ0F=0;AC=2;AN=2;DP4=0,0,5,0;MQ=60;RB=4,74023774,74024157,GTT,ATG
13	63104069	NA	GA	G	68	PASS;GTTTATAAGAATTTCAGT	INDEL;IDV=11;IMF=1;DP=11;VDB=2.26006e-08;SGB=-0.676189;MQ0F=0;AC=2;AN=2;DP4=0,0,0,11;MQ=60;RB=13,63103920,63104169,GAT,TTT
14	34475944	NA	GT	G	48.4146	MASKED;CAGTGAAAGTTTTTCTAG	INDEL;IDV=7;IMF=1;DP=7;VDB=7.99767e-05;SGB=-0.636426;MQ0F=0;AC=2;AN=2;DP4=0,0,0,7;MQ=60;RB=14,34475732,34476070,AAT,GCG
21	20599534	NA	A	ACAAC	96	NEI_IND[38/509];AACTAACAAAAAAAAAAA	INDEL;IDV=10;IMF=1;DP=10;VDB=0.00187095;SGB=-0.590765;MQ0F=0;AC=2;AN=2;DP4=0,0,5,0;MQ=60;RB=21,20599445,20599638,AGC,CTT
18	11863044	NA	AT	A	58	PASS;CCCAGCTAATTTTTGTAT	INDEL;IDV=10;IMF=1;DP=10;VDB=5.49461e-06;SGB=-0.670168;MQ0F=0;AC=2;AN=2;DP4=0,0,10,0;MQ=60;RB=18,11862958,11863238,GAT,CCC
3	129759844	NA	CATACATATACGT	C	224	NEI_IND[12/276];TATATACACATACATATA	INDEL;IDV=7;IMF=1;DP=7;VDB=6.71664e-05;SGB=-0.636426;MQ0F=0;AC=2;AN=2;DP4=0,0,0,7;MQ=60;RB=3,129759412,129759983,AAA,GCA
13	61996230	NA	GA	G	32.4168	PASS;AACATCTGGAAAAAATTA	INDEL;IDV=6;IMF=1;DP=6;VDB=0.000411984;SGB=-0.616816;MQ0F=0;AC=2;AN=2;DP4=0,0,6,0;MQ=60;RB=13,61996184,61996564,TGA,TGC
12	113810127	NA	AG	A	76	PASS;GCTTAAAAAGGAACATAA	INDEL;IDV=8;IMF=1;DP=8;VDB=0.0058656;SGB=-0.556411;MQ0F=0;AC=2;AN=2;DP4=0,0,4,0;MQ=60;RB=12,113810021,113810233,TCA,CTG
4	148090785	NA	GA	G	56	NEI_IND[30/354];GTGTATAAGAAAAATGAA	INDEL;IDV=9;IMF=1;DP=9;VDB=5.52906e-06;SGB=-0.662043;MQ0F=0;AC=2;AN=2;DP4=0,0,9,0;MQ=60;RB=4,148090735,148091119,TGC,GTA
4	148090855	NA	GA	G	77	PASS;TGGAGATGGAAAATTCTA	INDEL;IDV=9;IMF=1;DP=9;VDB=1.33331e-05;SGB=-0.651104;MQ0F=0;AC=2;AN=2;DP4=0,0,8,0;MQ=60;RB=4,148090735,148091119,TGC,GTA
4	84176317	NA	AT	A	130	PASS;GAGAAAAAATTATAAAAT	INDEL;IDV=9;IMF=1;DP=9;VDB=5.52906e-06;SGB=-0.662043;MQ0F=0;AC=2;AN=2;DP4=0,0,9,0;MQ=60;RB=4,84176252,84176612,TGT,CTG
16	34487128	NA	CTTTATA	C	182	NEI_IND[34/356];CATATCATCTTTATATTT	INDEL;IDV=5;IMF=1;DP=5;VDB=0.00187095;SGB=-0.590765;MQ0F=0;AC=2;AN=2;DP4=0,0,5,0;MQ=60;RB=16,34486999,34487646,GTC,TAG
6	70234368	NA	TA	T	122	PASS;CACTTGTTTAATTTTTGT	INDEL;IDV=8;IMF=1;DP=8;VDB=1.33331e-05;SGB=-0.651104;MQ0F=0;AC=2;AN=2;DP4=0,0,0,8;MQ=60;RB=6,70234057,70234403,AGA,ACT
X	6155913	NA	GA	G	128	PASS;TGTTAATGGATTTTTTAA	INDEL;IDV=8;IMF=1;DP=8;VDB=1.33331e-05;SGB=-0.651104;MQ0F=0;AC=2;AN=2;DP4=0,0,8,0;MQ=60;RB=X,6155877,6156170,GCT,ACC
14	43867527	NA	A	AT	56	PASS;TTTTTAATATTTTAAAAT	INDEL;IDV=5;IMF=1;DP=5;VDB=0.00215942;SGB=-0.590765;MQ0F=0;AC=2;AN=2;DP4=0,0,5,0;MQ=60;RB=14,43867467,43867703,TCA,AGG
2	40071661	NA	TA	T	68	PASS;AAACAACATAAATTTATT	INDEL;IDV=4;IMF=1;DP=4;VDB=0.00992398;SGB=-0.556411;MQ0F=0;AC=2;AN=2;DP4=0,0,4,0;MQ=60;RB=2,40071640,40071807,CAT,CCC
3	176689069	NA	G	GCT	225	PASS;GTGTGTGTGTGTGTGTGT	INDEL;IDV=8;IMF=1;DP=8;VDB=1.33331e-05;SGB=-0.651104;MQ0F=0;AC=2;AN=2;DP4=0,0,0,8;MQ=60;RB=3,176688853,176689079,GAT,TTT
1	57934075	NA	AT	A	73	PASS;AAATGAAAATTTTAGAAT	INDEL;IDV=8;IMF=1;DP=8;VDB=1.33331e-05;SGB=-0.651104;MQ0F=0;AC=2;AN=2;DP4=0,0,8,0;MQ=60;RB=1,57933943,57934509,GTG,GCA
4	132978116	NA	TCTG	T	211	MASKED;GTATTTTATCTGTTTTTT	INDEL;IDV=7;IMF=1;DP=7;VDB=6.71664e-05;SGB=-0.636426;MQ0F=0;AC=2;AN=2;DP4=0,0,7,0;MQ=60;RB=4,132977984,132978352,CAT,CGT
5	30294194	NA	AT	A	17.4922	PASS;AAGCTCCGATTTTTTTTA	INDEL;IDV=8;IMF=1;DP=8;VDB=1.33331e-05;SGB=-0.651104;MQ0F=0;AC=2;AN=2;DP4=0,0,8,0;MQ=60;RB=5,30294117,30294407,CGG,GTT
4	63744960	NA	AT	A	51	PASS;TTTTCTGAATTTTAGAGC	INDEL;IDV=5;IMF=1;DP=5;VDB=0.00187095;SGB=-0.590765;MQ0F=0;AC=2;AN=2;DP4=0,0,0,5;MQ=60;RB=4,63744775,63744982,AAC,CAG
14	43867527	NA	A	AT	64	PASS;TTTTTAATATTTTAAAAT	INDEL;IDV=6;IMF=1;DP=6;VDB=0.000411984;SGB=-0.616816;MQ0F=0;AC=2;AN=2;DP4=0,0,6,0;MQ=60;RB=14,43867467,43867704,AGT,TCT
14	43867652	NA	T	TG	6.51141	NEI_IND[39/520];GTTTTTTTTTTGTTGTTT	INDEL;IDV=6;IMF=1;DP=6;VDB=0.000481013;SGB=-0.616816;MQ0F=0;AC=2;AN=2;DP4=0,0,0,6;MQ=60;RB=14,43867467,43867704,AGT,TCT
13	78279811	NA	TA	T	126	PASS;TGCCTATCTAATTTTGGA	INDEL;IDV=20;IMF=1;DP=20;VDB=1.03095e-06;SGB=-0.670168;MQ0F=0;AC=2;AN=2;DP4=0,0,10,0;MQ=60;RB=13,78279707,78279881,ACC,TTG
9	29618927	NA	TTA	T	84	PASS;GCTTTTTTTTAGTCAAGA	INDEL;IDV=10;IMF=1;DP=10;VDB=6.99472e-07;SGB=-0.670168;MQ0F=0;AC=2;AN=2;DP4=0,0,10,0;MQ=60;RB=9,29618889,29619142,CAA,TTC
2	78188899	NA	AT	A	58	PASS;CCTAGCAAATTTTTGGTA	INDEL;IDV=11;IMF=1;DP=11;VDB=6.99472e-07;SGB=-0.670168;MQ0F=0;AC=2;AN=2;DP4=0,0,10,0;MQ=60;RB=2,78188884,78189212,CCG,ATG
8	51707428	NA	GA	G	127	PASS;AAAATTGTGAAATTTTGT	INDEL;IDV=11;IMF=1;DP=11;VDB=2.26006e-08;SGB=-0.676189;MQ0F=0;AC=2;AN=2;DP4=0,0,0,11;MQ=60;RB=8,51707116,51707540,GGG,TTG
18	31734426	NA	TTTTG	T	225	PASS;GTTGCCTATTTTGTTATG	INDEL;IDV=8;IMF=0.888889;DP=8;VDB=1.33331e-05;SGB=-0.651104;MQ0F=0;AC=2;AN=2;DP4=0,0,0,8;MQ=60;RB=18,31734236,31734493,CTA,GTT
X	83876017	NA	AT	A	56	PASS;TTCTTTGAATTTTTGGCA	INDEL;IDV=9;IMF=1;DP=9;VDB=5.52906e-06;SGB=-0.662043;MQ0F=0;AC=2;AN=2;DP4=0,0,9,0;MQ=60;RB=X,83875891,83876199,TTG,TAT
6	110612719	NA	CT	C	19.4636	PASS;GTGTTTCTCTTTTTTTTC	INDEL;IDV=11;IMF=1;DP=11;VDB=2.26006e-08;SGB=-0.676189;MQ0F=0;AC=2;AN=2;DP4=0,0,0,11;MQ=60;RB=6,110612471,110612733,TGA,ATT
17	3335667	NA	T	TA	106	PASS;AATAAAATTTAAAAAAGA	INDEL;IDV=7;IMF=1;DP=7;VDB=6.71664e-05;SGB=-0.636426;MQ0F=0;AC=2;AN=2;DP4=0,0,7,0;MQ=60;RB=17,3335629,3336073,TGA,TTT
11	106192312	NA	CA	C	42.4147	PASS;CTCCATCTCAAAAAACAA	INDEL;IDV=9;IMF=1;DP=9;VDB=5.52906e-06;SGB=-0.662043;MQ0F=0;AC=2;AN=2;DP4=0,0,9,0;MQ=60;RB=11,106192280,106192550,TAG,TCG
10	25047433	NA	TCTTTCCCTTC	T	182	NEI_IND[6/208];CCTTTCTTTCTTTCCCTT	INDEL;IDV=5;IMF=1;DP=5;VDB=0.00215942;SGB=-0.590765;MQ0F=0;AC=2;AN=2;DP4=0,0,0,5;MQ=60;RB=10,25047219,25047526,CTC,CAG
20	50748533	NA	G	GA	9.88465	PASS;AAAATGTTGAAAAAAAAC	INDEL;IDV=5;IMF=1;DP=5;VDB=0.00923447;SGB=-0.590765;MQ0F=0;AC=2;AN=2;DP4=0,0,5,0;MQ=60;RB=20,50748450,50749077,TAA,CTC
X	50621173	NA	AT	A	11.7169	MASKED;CACATAGTATTTTTTTTT	INDEL;IDV=7;IMF=1;DP=7;VDB=6.71664e-05;SGB=-0.636426;MQ0F=0;AC=2;AN=2;DP4=0,0,7,0;MQ=60;RB=X,50621074,50621318,ATG,TCC
20	40497793	NA	TA	T	88	PASS;TTTTGCTATAATTTTTTA	INDEL;IDV=5;IMF=1;DP=5;VDB=0.00187095;SGB=-0.590765;MQ0F=0;AC=2;AN=2;DP4=0,0,5,0;MQ=60;RB=20,40497767,40498151,AAT,ATA
2	163561446	NA	AT	A	130	PASS;TTGATAAAATTAAGATGG	INDEL;IDV=11;IMF=1;DP=11;VDB=2.26006e-08;SGB=-0.676189;MQ0F=0;AC=2;AN=2;DP4=0,0,11,0;MQ=60;RB=2,163561318,163561619,ATT,CTT
4	4353221	NA	CTT	C	70	NEI_IND[56/295];AACGGAGTCTTTTTTTCT	INDEL;IDV=5;IMF=1;DP=5;VDB=0.00187095;SGB=-0.590765;MQ0F=0;AC=2;AN=2;DP4=0,0,0,5;MQ=60;RB=4,4352685,4353239,GTC,TTC
14	86045943	NA	CAA	C	222	PASS;CAGAACCCCAATTTTCCG	INDEL;IDV=8;IMF=1;DP=8;VDB=1.33331e-05;SGB=-0.651104;MQ0F=0;AC=2;AN=2;DP4=0,0,0,8;MQ=60;RB=14,86045575,86046002,ACG,ACA
9	129001521	NA	GA	G	77	PASS;TTTAAGAAGAATTTAGGC	INDEL;IDV=4;IMF=1;DP=4;VDB=0.0058656;SGB=-0.556411;MQ0F=0;AC=2;AN=2;DP4=0,0,4,0;MQ=60;RB=9,129001462,129001744,GAG,GGG
20	13254724	NA	GTA	G	112	MASKED;GTGTGTGTGTATGTGTGC	INDEL;IDV=4;IMF=1;DP=4;VDB=0.0058656;SGB=-0.556411;MQ0F=0;AC=2;AN=2;DP4=0,0,0,4;MQ=60;RB=20,13254176,13254737,CCT,CCC
1	195871367	NA	C	CT	36.4154	PASS;AATATATACTTTTTTATA	INDEL;IDV=7;IMF=1;DP=7;VDB=6.71664e-05;SGB=-0.636426;MQ0F=0;AC=2;AN=2;DP4=0,0,7,0;MQ=60;RB=1,195871250,195871589,CCG,CCT
2	204068639	NA	TG	T	153	MASKED;GTTTTTTGTGTTTTTTTT	INDEL;IDV=11;IMF=1;DP=11;VDB=2.26006e-08;SGB=-0.676189;MQ0F=0;AC=2;AN=2;DP4=0,0,0,11;MQ=60;RB=2,204068396,204068703,GCC,CTA
14	43867527	NA	A	AT	64	PASS;TTTTTAATATTTTAAAAT	INDEL;IDV=6;IMF=1;DP=6;VDB=0.000411984;SGB=-0.616816;MQ0F=0;AC=2;AN=2;DP4=0,0,6,0;MQ=60;RB=14,43867467,43867703,GTT,GTG
4	10860400	NA	AT	A	9.88465	MASKED;TCATGTGAATTTTTTTTT	INDEL;IDV=12;IMF=1;DP=12;VDB=0.000411984;SGB=-0.616816;MQ0F=0;AC=2;AN=2;DP4=0,0,6,0;MQ=60;RB=4,10860280,10860477,TAT,GTT
8	70591450	NA	GA	G	56	PASS;CCAACAGGGAAAAATCCC	INDEL;IDV=9;IMF=1;DP=9;VDB=5.52906e-06;SGB=-0.662043;MQ0F=0;AC=2;AN=2;DP4=0,0,0,9;MQ=60;RB=8,70591222,70591495,TGT,GTT
18	11863044	NA	AT	A	49.4146	PASS;CCCAGCTAATTTTTGTAT	INDEL;IDV=7;IMF=1;DP=7;VDB=6.71664e-05;SGB=-0.636426;MQ0F=0;AC=2;AN=2;DP4=0,0,7,0;MQ=60;RB=18,11862958,11863239,TCT,AAT
11	88929767	NA	AAT	A	198	PASS;TAGTGTAAAATCAAATTA	INDEL;IDV=10;IMF=1;DP=10;VDB=6.99472e-07;SGB=-0.670168;MQ0F=0;AC=2;AN=2;DP4=0,0,0,10;MQ=60;RB=11,88929273,88929842,TGG,GAG
4	73106792	NA	AT	A	60	PASS;ATAAGGTAATTTTTATTT	INDEL;IDV=11;IMF=1;DP=11;VDB=2.26006e-08;SGB=-0.676189;MQ0F=0;AC=2;AN=2;DP4=0,0,11,0;MQ=60;RB=4,73106743,73107011,GTT,TCG
15	60280518	NA	GC	G	66	PASS;GCCAGCCAGCCCAGCCAG	INDEL;IDV=4;IMF=1;DP=4;VDB=0.0058656;SGB=-0.556411;MQ0F=0;AC=2;AN=2;DP4=0,0,4,0;MQ=60;RB=15,60280383,60280696,GTG,ATT
11	92022698	NA	CACACAT	C	205	MASKED;CACACACACACACATATA	INDEL;IDV=6;IMF=1;DP=6;VDB=0.000411984;SGB=-0.616816;MQ0F=0;AC=2;AN=2;DP4=0,0,0,6;MQ=60;RB=11,92022256,92022713,GTT,TTA
10	109062814	NA	AGAAAG	A	114	NEI_IND[12/372];AAAGAAAGAGAAAGAAAA	INDEL;IDV=10;IMF=0.909091;DP=11;VDB=6.99472e-07;SGB=-0.670168;MQ0F=0;AC=2;AN=2;DP4=0,0,10,0;MQ=60;RB=10,109062683,109062966,GTG,CGC
X	118817061	NA	CA	C	44.4146	PASS;TGAAAATACAAAAATTAG	INDEL;IDV=6;IMF=1;DP=6;VDB=0.000411984;SGB=-0.616816;MQ0F=0;AC=2;AN=2;DP4=0,0,0,6;MQ=60;RB=X,118816770,118817152,GGA,CTG
10	25047433	NA	TCTTTCCCTTC	T	225	NEI_IND[6/208];CCTTTCTTTCTTTCCCTT	INDEL;IDV=10;IMF=1;DP=10;VDB=6.99472e-07;SGB=-0.670168;MQ0F=0;AC=2;AN=2;DP4=0,0,0,10;MQ=60;RB=10,25047219,25047526,GCG,CTG
3	82083846	NA	TAGAA	T	225	PASS;ATACGTATTAGAAAGTCT	INDEL;IDV=9;IMF=1;DP=9;VDB=5.52906e-06;SGB=-0.662043;MQ0F=0;AC=2;AN=2;DP4=0,0,9,0;MQ=60;RB=3,82083759,82084389,CCC,CGC
1	116265875	NA	A	ATATC	73	PASS;ATCTCTCTATATCTATCT	INDEL;IDV=10;IMF=1;DP=10;VDB=6.99472e-07;SGB=-0.670168;MQ0F=0;AC=2;AN=2;DP4=0,0,10,0;MQ=60;RB=1,116265778,116266041,TGA,TCC
6	153104314	NA	GA	G	131	PASS;TGAGAGCAGAATTTTTAA	INDEL;IDV=9;IMF=1;DP=9;VDB=5.52906e-06;SGB=-0.662043;MQ0F=0;AC=2;AN=2;DP4=0,0,0,9;MQ=60;RB=6,153104100,153104394,TAA,GTC
X	110271253	NA	ATG	A	139	MASKED;ACATATATATGTGTGTAT	INDEL;IDV=5;IMF=1;DP=5;VDB=0.00187095;SGB=-0.590765;MQ0F=0;AC=2;AN=2;DP4=0,0,5,0;MQ=60;RB=X,110271128,110271543,TCA,ACT
7	129787081	NA	C	CA	6.51141	PASS;CATCTCTACAAAAAAAAT	INDEL;IDV=4;IMF=1;DP=4;VDB=0.0058656;SGB=-0.556411;MQ0F=0;AC=2;AN=2;DP4=0,0,0,4;MQ=60;RB=7,129786892,129787105,CCG,CCC
3	27617038	NA	TA	T	134	PASS;CCTTGCTATATTTTGTTG	INDEL;IDV=16;IMF=1;DP=16;VDB=1.33331e-05;SGB=-0.651104;MQ0F=0;AC=2;AN=2;DP4=0,0,8,0;MQ=60;RB=3,27616983,27617163,GTG,TCC
4	10860400	NA	AT	A	9.88465	MASKED;TCATGTGAATTTTTTTTT	INDEL;IDV=12;IMF=1;DP=12;VDB=0.000411984;SGB=-0.616816;MQ0F=0;AC=2;AN=2;DP4=0,0,6,0;MQ=60;RB=4,10860280,10860477,GTT,ATA
18	35932631	NA	A	AT	84	PASS;TAATAGGAATTTTATAAA	INDEL;IDV=10;IMF=1;DP=10;VDB=6.99472e-07;SGB=-0.670168;MQ0F=0;AC=2;AN=2;DP4=0,0,0,10;MQ=60;RB=18,35932311,35932645,CGG,ACT
9	108316965	NA	CCTTCT	C	225	PASS;TCCAGGACCCTTCTCTTG	INDEL;IDV=18;IMF=1;DP=18;VDB=1.29641e-11;SGB=-0.691153;MQ0F=0;AC=2;AN=2;DP4=0,0,18,0;MQ=60;RB=9,108316891,108317173,TCA,CCC
14	63637390	NA	TTGATATTAA	T	182	PASS;ATTTATGATTGATATTAA	INDEL;IDV=5;IMF=1;DP=5;VDB=0.00187095;SGB=-0.590765;MQ0F=0;AC=2;AN=2;DP4=0,0,5,0;MQ=60;RB=14,63637334,63637584,CGT,ATG
16	34487128	NA	CTTTATA	C	225	NEI_IND[34/356];CATATCATCTTTATATTT	INDEL;IDV=9;IMF=1;DP=9;VDB=1.33331e-05;SGB=-0.651104;MQ0F=0;AC=2;AN=2;DP4=0,0,8,0;MQ=60;RB=16,34486998,34487647,GGT,ATA
9	31158966	NA	AT	A	67	PASS;ATGTGTGAATTTGATCCT	INDEL;IDV=8;IMF=1;DP=8;VDB=0.0058656;SGB=-0.556411;MQ0F=0;AC=2;AN=2;DP4=0,0,4,0;MQ=60;RB=9,31158842,31159022,TCA,AAT
7	114189843	NA	T	TA	7.30725	PASS;TTTCAAATTAAAAAAAAA	INDEL;IDV=5;IMF=1;DP=5;VDB=0.00187095;SGB=-0.590765;MQ0F=0;AC=2;AN=2;DP4=0,0,5,0;MQ=60;RB=7,114189740,114190030,AAT,CCA
3	7196646	NA	GA	G	56	PASS;TTCAGTAGGAAAATTTTA	INDEL;IDV=5;IMF=1;DP=5;VDB=0.00490645;SGB=-0.590765;MQ0F=0;AC=2;AN=2;DP4=0,0,5,0;MQ=60;RB=3,7196531,7197247,ACC,ATC
X	5483095	NA	AT	A	82	PASS;GTAAGAAAATGATTCACA	INDEL;IDV=4;IMF=1;DP=4;VDB=0.0058656;SGB=-0.556411;MQ0F=0;AC=2;AN=2;DP4=0,0,0,4;MQ=60;RB=X,5482913,5483212,ATG,CTT
6	100685793	NA	TC	T	130	PASS;AAAAATGCTCCTCTGTTT	INDEL;IDV=10;IMF=1;DP=10;VDB=6.99472e-07;SGB=-0.670168;MQ0F=0;AC=2;AN=2;DP4=0,0,0,10;MQ=60;RB=6,100685558,100685914,AGT,GTT
X	114239928	NA	A	AT	44.4146	PASS;TTGCCACTATTTTTGAAA	INDEL;IDV=6;IMF=1;DP=6;VDB=0.000411984;SGB=-0.616816;MQ0F=0;AC=2;AN=2;DP4=0,0,0,6;MQ=60;RB=X,114239703,114240000,TTA,GGG
1	105448480	NA	CTA	C	164	NEI_IND[13/360];ATATCTATCTATATCTAT	INDEL;IDV=6;IMF=1;DP=6;VDB=0.000411984;SGB=-0.616816;MQ0F=0;AC=2;AN=2;DP4=0,0,6,0;MQ=60;RB=1,105448351,105448634,GTT,AAA
16	34672680	NA	TA	T	101	PASS;CCTTGGCCTAATTTTTTC	INDEL;IDV=6;IMF=1;DP=6;VDB=0.000411984;SGB=-0.616816;MQ0F=0;AC=2;AN=2;DP4=0,0,0,6;MQ=60;RB=16,34672442,34672694,TAG,CTG
13	90473311	NA	AT	A	145	PASS;TAAGAAAAATAGCTTAGA	INDEL;IDV=10;IMF=1;DP=10;VDB=6.99472e-07;SGB=-0.670168;MQ0F=0;AC=2;AN=2;DP4=0,0,10,0;MQ=60;RB=13,90473257,90473567,AAA,GCA
9	129001521	NA	GA	G	128	PASS;TTTAAGAAGAATTTAGGC	INDEL;IDV=9;IMF=1;DP=9;VDB=5.52906e-06;SGB=-0.662043;MQ0F=0;AC=2;AN=2;DP4=0,0,9,0;MQ=60;RB=9,129001462,129001745,TCC,AAT
12	29727292	NA	G	GT	6.51141	PASS;CTGGGCCAGTTTTTTTTG	INDEL;IDV=4;IMF=1;DP=4;VDB=0.0058656;SGB=-0.556411;MQ0F=0;AC=2;AN=2;DP4=0,0,0,4;MQ=60;RB=12,29727104,29727309,CCT,GGG
4	11158234	NA	AT	A	86	PASS;GGCACAGAATTTTCCTAT	INDEL;IDV=12;IMF=1;DP=12;VDB=2.26006e-08;SGB=-0.676189;MQ0F=0;AC=2;AN=2;DP4=0,0,0,11;MQ=60;RB=4,11157976,11158276,TCT,CTC
1	170902680	NA	AAAG	A	217	MASKED;AAGAAAGAAAAGAGAAAG	INDEL;IDV=9;IMF=1;DP=9;VDB=1.33331e-05;SGB=-0.651104;MQ0F=0;AC=2;AN=2;DP4=0,0,8,0;MQ=60;RB=1,170902547,170902998,TAC,ATT
22	23172114	NA	AT	A	101	PASS;GGCTGGAAATTTAGGTAA	INDEL;IDV=7;IMF=1;DP=7;VDB=6.71664e-05;SGB=-0.636426;MQ0F=0;AC=2;AN=2;DP4=0,0,0,7;MQ=60;RB=22,23171425,23172154,TGA,GTA
6	100685793	NA	TC	T	123	PASS;AAAAATGCTCCTCTGTTT	INDEL;IDV=9;IMF=1;DP=9;VDB=5.52906e-06;SGB=-0.662043;MQ0F=0;AC=2;AN=2;DP4=0,0,0,9;MQ=60;RB=6,100685558,100685913,AGT,TTG
14	34475944	NA	GT	G	30.4183	MASKED;CAGTGAAAGTTTTTCTAG	INDEL;IDV=4;IMF=1;DP=4;VDB=0.0058656;SGB=-0.556411;MQ0F=0;AC=2;AN=2;DP4=0,0,0,4;MQ=60;RB=14,34475732,34476071,CCT,CTA
9	108316965	NA	CCTTCT	C	225	PASS;TCCAGGACCCTTCTCTTG	INDEL;IDV=17;IMF=1;DP=17;VDB=1.29641e-11;SGB=-0.690438;MQ0F=0;AC=2;AN=2;DP4=0,0,17,0;MQ=60;RB=9,108316892,108317173,CAC,AAG
X	6155913	NA	GA	G	150	PASS;TGTTAATGGATTTTTTAA	INDEL;IDV=11;IMF=1;DP=11;VDB=2.26006e-08;SGB=-0.676189;MQ0F=0;AC=2;AN=2;DP4=0,0,11,0;MQ=60;RB=X,6155878,6156170,CCC,CTG
12	101275589	NA	CACTG	C	225	PASS;ATACATAACACTGTTTCT	INDEL;IDV=9;IMF=0.9;DP=9;VDB=5.52906e-06;SGB=-0.662043;MQ0F=0;AC=2;AN=2;DP4=0,0,0,9;MQ=60;RB=12,101275419,101275712,ACA,TAT
6	110612719	NA	CT	C	17.4922	PASS;GTGTTTCTCTTTTTTTTC	INDEL;IDV=8;IMF=1;DP=8;VDB=1.33331e-05;SGB=-0.651104;MQ0F=0;AC=2;AN=2;DP4=0,0,0,8;MQ=60;RB=6,110612472,110612733,TAC,ACT
X	6155913	NA	GA	G	150	PASS;TGTTAATGGATTTTTTAA	INDEL;IDV=11;IMF=1;DP=11;VDB=2.26006e-08;SGB=-0.676189;MQ0F=0;AC=2;AN=2;DP4=0,0,11,0;MQ=60;RB=X,6155877,6156171,ATA,TCA
8	70591450	NA	GA	G	60	PASS;CCAACAGGGAAAAATCCC	INDEL;IDV=11;IMF=1;DP=11;VDB=2.26006e-08;SGB=-0.676189;MQ0F=0;AC=2;AN=2;DP4=0,0,0,11;MQ=60;RB=8,70591223,70591495,TGC,ATA
19	16803232	NA	TA	T	134	PASS;CGCCCAGCTAATTTTTTG	INDEL;IDV=10;IMF=1;DP=10;VDB=6.99472e-07;SGB=-0.670168;MQ0F=0;AC=2;AN=2;DP4=0,0,10,0;MQ=60;RB=19,16803158,16803689,TAC,CCC
9	116548685	NA	T	TTTTG	210	NEI_IND[44/614];GTCGGGTTTTTTGTTTGT	INDEL;IDV=6;IMF=0.857143;DP=7;VDB=6.71664e-05;SGB=-0.636426;MQ0F=0;AC=2;AN=2;DP4=0,0,7,0;MQ=60;RB=9,116548608,116549208,CTA,TTA
9	116549106	NA	AT	A	122	PASS;GTTTGAAAATGTGGCTTA	INDEL;IDV=7;IMF=1;DP=7;VDB=6.71664e-05;SGB=-0.636426;MQ0F=0;AC=2;AN=2;DP4=0,0,0,7;MQ=60;RB=9,116548608,116549208,CTA,TTA
3	79782500	NA	CA	C	45.4146	PASS;TAGGATGACAAAATTAGA	INDEL;IDV=4;IMF=1;DP=4;VDB=0.0058656;SGB=-0.556411;MQ0F=0;AC=2;AN=2;DP4=0,0,4,0;MQ=60;RB=3,79782454,79783148,TCT,TTG
12	33631665	NA	GA	G	61	NEI_IND[21/473];GCTTAATAGAAAAATGTA	INDEL;IDV=12;IMF=0.923077;DP=13;VDB=2.26006e-08;SGB=-0.680642;MQ0F=0;AC=2;AN=2;DP4=0,0,12,0;MQ=60;RB=12,33631646,33631935,TCT,GTT
12	33631726	NA	TA	T	147	PASS;CAATATTCTAATTTTGTA	INDEL;IDV=13;IMF=1;DP=13;VDB=2.26006e-08;SGB=-0.683931;MQ0F=0;AC=2;AN=2;DP4=0,0,13,0;MQ=60;RB=12,33631646,33631935,TCT,GTT
10	108745123	NA	TA	T	54	PASS;TTCTCTTATAAAATATAT	INDEL;IDV=5;IMF=1;DP=5;VDB=0.00187095;SGB=-0.590765;MQ0F=0;AC=2;AN=2;DP4=0,0,5,0;MQ=60;RB=10,108745028,108745344,CAG,TAG
5	101770518	NA	AT	A	60	PASS;CTATTACTATTTTTTTTT	INDEL;IDV=15;IMF=0.9375;DP=16;VDB=0.0948852;SGB=-0.688148;MQSB=1;MQ0F=0;AC=2;AN=2;DP4=0,0,7,8;MQ=60;RB=5,101770388,101770584,GGA,TAT
7	146550393	NA	AT	A	71	PASS;GGTTTCAAATTTTAAAAT	INDEL;IDV=7;IMF=1;DP=7;VDB=6.71664e-05;SGB=-0.636426;MQ0F=0;AC=2;AN=2;DP4=0,0,7,0;MQ=60;RB=7,146550344,146550599,GCT,TAC
4	35370564	NA	TG	T	145	PASS;GGATCTCCTGACCTTGTG	INDEL;IDV=10;IMF=1;DP=10;VDB=6.99472e-07;SGB=-0.670168;MQ0F=0;AC=2;AN=2;DP4=0,0,10,0;MQ=60;RB=4,35370476,35370879,TGA,GTC
1	237597171	NA	TA	T	18.4763	MASKED;CAAACACTTAAAAAAAAT	INDEL;IDV=10;IMF=1;DP=10;VDB=6.99472e-07;SGB=-0.670168;MQ0F=0;AC=2;AN=2;DP4=0,0,0,10;MQ=60;RB=1,237596728,237597220,GGT,AAT
3	97018832	NA	AT	A	139	PASS;ATAGGAAAATTAGGATTC	INDEL;IDV=11;IMF=1;DP=11;VDB=2.26006e-08;SGB=-0.676189;MQ0F=0;AC=2;AN=2;DP4=0,0,11,0;MQ=60;RB=3,97018778,97019152,GAA,CCG
14	63637390	NA	TTGATATTAA	T	225	PASS;ATTTATGATTGATATTAA	INDEL;IDV=9;IMF=1;DP=9;VDB=5.52906e-06;SGB=-0.662043;MQ0F=0;AC=2;AN=2;DP4=0,0,9,0;MQ=60;RB=14,63637335,63637585,TTG,AGA
6	47622758	NA	ATATG	A	225	MASKED;ATATATATATATGTGTAT	INDEL;IDV=8;IMF=1;DP=8;VDB=1.33331e-05;SGB=-0.651104;MQ0F=0;AC=2;AN=2;DP4=0,0,8,0;MQ=60;RB=6,47622626,47623039,TCG,GGC
11	29338353	NA	GAGAGAGAT	G	225	NEI_IND[4/298];GAGAGAGAGAGAGAGATA	INDEL;IDV=12;IMF=0.923077;DP=13;VDB=3.37943e-08;SGB=-0.683931;MQ0F=0;AC=2;AN=2;DP4=0,0,0,13;MQ=60;RB=11,29338155,29338480,TAG,GCT
11	29338391	NA	GTA	G	109	NEI_IND[48/280];CATAGTGTGTATATATAT	INDEL;IDV=13;IMF=1;DP=13;VDB=2.7432e-08;SGB=-0.683931;MQ0F=0;AC=2;AN=2;DP4=0,0,0,13;MQ=60;RB=11,29338155,29338480,TAG,GCT
6	54161442	NA	GTTAT	G	198	PASS;TCCATTATGTTATTTAAT	INDEL;IDV=8;IMF=1;DP=8;VDB=1.33331e-05;SGB=-0.651104;MQ0F=0;AC=2;AN=2;DP4=0,0,8,0;MQ=60;RB=6,54161415,54161759,GGA,GGG
6	54161653	NA	CTTT	C	18.5005	NEI_IND[41/312];GATATTTTCTTTTTTTTT	INDEL;IDV=7;IMF=1;DP=7;VDB=0.000481013;SGB=-0.616816;MQ0F=0;AC=2;AN=2;DP4=0,0,0,6;MQ=60;RB=6,54161415,54161759,GGA,GGG
6	54161711	NA	CT	C	12.6563	NEI_IND[17/325];TTGTTTTTCTTTTTTTTT	INDEL;IDV=8;IMF=1;DP=8;VDB=0.000127448;SGB=-0.651104;MQ0F=0;AC=2;AN=2;DP4=0,0,0,8;MQ=60;RB=6,54161415,54161759,GGA,GGG
5	90662579	NA	AAAG	A	56	PASS;AAAAAAAAAAAGATGTAT	INDEL;IDV=6;IMF=0.857143;DP=6;VDB=0.000411984;SGB=-0.616816;MQ0F=0;AC=2;AN=2;DP4=0,0,0,6;MQ=60;RB=5,90662248,90662660,TAT,ATT
11	30315940	NA	AAAAGCTAT	A	182	MASKED;AAACAGTAAAAAGCTATA	INDEL;IDV=5;IMF=0.833333;DP=6;VDB=0.00187095;SGB=-0.590765;MQ0F=0;AC=2;AN=2;DP4=0,0,5,0;MQ=60;RB=11,30315813,30316036,TCT,TTT
7	114189843	NA	T	TA	13.6076	PASS;TTTCAAATTAAAAAAAAA	INDEL;IDV=9;IMF=1;DP=9;VDB=5.52906e-06;SGB=-0.662043;MQ0F=0;AC=2;AN=2;DP4=0,0,9,0;MQ=60;RB=7,114189740,114190029,TAA,CAC
5	61152440	NA	G	GA	43.4147	PASS;GATAAAGGGAAAAAACAG	INDEL;IDV=9;IMF=0.9;DP=10;VDB=6.99472e-07;SGB=-0.670168;MQ0F=0;AC=2;AN=2;DP4=0,0,10,0;MQ=60;RB=5,61152326,61152601,CCG,GCC
20	59687865	NA	G	GT	17.4922	PASS;AGAAACTGGTTTTTTTTC	INDEL;IDV=8;IMF=1;DP=8;VDB=1.33331e-05;SGB=-0.651104;MQ0F=0;AC=2;AN=2;DP4=0,0,0,8;MQ=60;RB=20,59687645,59687892,CTC,GAT
9	121208225	NA	TATAA	T	225	NEI_IND[8/184];ATATGTTGTATAAATATA	INDEL;IDV=8;IMF=1;DP=8;VDB=1.33331e-05;SGB=-0.651104;MQ0F=0;AC=2;AN=2;DP4=0,0,8,0;MQ=60;RB=9,121208103,121208378,TTG,ATG
4	63744960	NA	AT	A	81	PASS;TTTTCTGAATTTTAGAGC	INDEL;IDV=9;IMF=1;DP=9;VDB=5.52906e-06;SGB=-0.662043;MQ0F=0;AC=2;AN=2;DP4=0,0,0,9;MQ=60;RB=4,63744775,63744983,ATG,GCT
18	61390914	NA	TA	T	50	PASS;TCAATGAGTAAAATTTTA	INDEL;IDV=10;IMF=1;DP=10;VDB=0.00187095;SGB=-0.590765;MQ0F=0;AC=2;AN=2;DP4=0,0,5,0;MQ=60;RB=18,61390841,61391044,ATT,AAC
1	195871367	NA	C	CT	44.4146	PASS;AATATATACTTTTTTATA	INDEL;IDV=11;IMF=1;DP=11;VDB=2.26006e-08;SGB=-0.676189;MQ0F=0;AC=2;AN=2;DP4=0,0,11,0;MQ=60;RB=1,195871249,195871588,GAA,CAC
18	54017782	NA	ATAAATT	A	205	PASS;AGTGTTTGATAAATTTGT	INDEL;IDV=6;IMF=1;DP=6;VDB=0.000411984;SGB=-0.616816;MQ0F=0;AC=2;AN=2;DP4=0,0,0,6;MQ=60;RB=18,54017257,54017863,GCG,TTG
14	34475944	NA	GT	G	62	MASKED;CAGTGAAAGTTTTTCTAG	INDEL;IDV=13;IMF=1;DP=13;VDB=2.26006e-08;SGB=-0.683931;MQ0F=0;AC=2;AN=2;DP4=0,0,0,13;MQ=60;RB=14,34475732,34476071,TGA,CCT
4	158372873	NA	AT	A	115	PASS;CTGAGAAAATTAGGAAAA	INDEL;IDV=7;IMF=1;DP=7;VDB=6.71664e-05;SGB=-0.636426;MQ0F=0;AC=2;AN=2;DP4=0,0,7,0;MQ=60;RB=4,158372829,158373039,CGT,GCG
1	238058675	NA	TG	T	89	PASS;TTTAGTTTTGGGAAAGGC	INDEL;IDV=6;IMF=1;DP=6;VDB=0.000411984;SGB=-0.616816;MQ0F=0;AC=2;AN=2;DP4=0,0,0,6;MQ=60;RB=1,238058470,238058783,CTC,ATG
13	73858315	NA	GA	G	121	PASS;CCAAAGCAGAAATTTGTC	INDEL;IDV=10;IMF=1;DP=10;VDB=6.99472e-07;SGB=-0.670168;MQ0F=0;AC=2;AN=2;DP4=0,0,0,10;MQ=60;RB=13,73857955,73858344,GCC,GAC
10	54462857	NA	GA	G	107	PASS;TTACTGGGGAATTTATTG	INDEL;IDV=7;IMF=1;DP=7;VDB=6.71664e-05;SGB=-0.636426;MQ0F=0;AC=2;AN=2;DP4=0,0,0,7;MQ=60;RB=10,54462643,54462971,TTG,GTA
1	115667255	NA	A	AT	64	PASS;AATCATGAATTTTATATT	INDEL;IDV=6;IMF=1;DP=6;VDB=0.000411984;SGB=-0.616816;MQ0F=0;AC=2;AN=2;DP4=0,0,6,0;MQ=60;RB=1,115667161,115667445,ACA,TTT
12	62457664	NA	CATGCAT	C	225	MASKED;CACACACACATGCATACA	INDEL;IDV=9;IMF=1;DP=9;VDB=5.52906e-06;SGB=-0.662043;MQ0F=0;AC=2;AN=2;DP4=0,0,0,9;MQ=60;RB=12,62457415,62457680,AGA,TCC
10	25047433	NA	TCTTTCCCTTC	T	212	NEI_IND[6/208];CCTTTCTTTCTTTCCCTT	INDEL;IDV=8;IMF=1;DP=8;VDB=6.71664e-05;SGB=-0.636426;MQ0F=0;AC=2;AN=2;DP4=0,0,0,7;MQ=60;RB=10,25047218,25047526,CCT,GTG
11	106192312	NA	CA	C	44.4146	PASS;CTCCATCTCAAAAAACAA	INDEL;IDV=11;IMF=1;DP=11;VDB=2.26006e-08;SGB=-0.676189;MQ0F=0;AC=2;AN=2;DP4=0,0,11,0;MQ=60;RB=11,106192279,106192550,GTA,CCC
2	214839047	NA	TA	T	56	PASS;TACATACATAAAATTATA	INDEL;IDV=5;IMF=1;DP=5;VDB=0.00187095;SGB=-0.590765;MQ0F=0;AC=2;AN=2;DP4=0,0,5,0;MQ=60;RB=2,214839019,214839190,CAG,GGG
3	176977279	NA	TA	T	115	PASS;TGCCTGGCTAATTTTAAC	INDEL;IDV=7;IMF=1;DP=7;VDB=6.71664e-05;SGB=-0.636426;MQ0F=0;AC=2;AN=2;DP4=0,0,7,0;MQ=60;RB=3,176977172,176977463,TTG,CGA
6	104424908	NA	AT	A	77	PASS;ATGTATAAATTTTATACA	INDEL;IDV=8;IMF=1;DP=8;VDB=1.33331e-05;SGB=-0.651104;MQ0F=0;AC=2;AN=2;DP4=0,0,8,0;MQ=60;RB=6,104424846,104425112,GTA,ACC
22	24848782	NA	GA	G	139	PASS;TTCCAATAGATTTTCTTT	INDEL;IDV=11;IMF=1;DP=11;VDB=3.1872e-06;SGB=-0.670168;MQ0F=0;AC=2;AN=2;DP4=0,0,10,0;MQ=60;RB=22,24848660,24849285,TGC,TCC
X	727314	NA	ATTTTTT	A	9.89453	NEI_IND[49/228];TGTCTATAATTTTTTTTT	INDEL;IDV=4;IMF=1;DP=4;VDB=0.0117389;SGB=-0.556411;MQ0F=0;AC=2;AN=2;DP4=0,0,0,4;MQ=60;RB=X,726942,727372,CCC,ACT
14	64199167	NA	TA	T	126	PASS;ATGGCAAGTATTTTTATC	INDEL;IDV=7;IMF=1;DP=7;VDB=6.71664e-05;SGB=-0.636426;MQ0F=0;AC=2;AN=2;DP4=0,0,0,7;MQ=60;RB=14,64198822,64199218,ATA,GTG
18	73583030	NA	AAAG	A	194	MASKED;AAAGAAAGAAAGAAAGAA	INDEL;IDV=6;IMF=1;DP=6;VDB=0.000411984;SGB=-0.616816;MQ0F=0;AC=2;AN=2;DP4=0,0,6,0;MQ=60;RB=18,73582897,73583318,CCC,CCA
X	118817061	NA	CA	C	61	PASS;TGAAAATACAAAAATTAG	INDEL;IDV=12;IMF=1;DP=12;VDB=2.26006e-08;SGB=-0.680642;MQ0F=0;AC=2;AN=2;DP4=0,0,0,12;MQ=60;RB=X,118816771,118817153,GTC,CGT
X	5483095	NA	AT	A	112	PASS;GTAAGAAAATGATTCACA	INDEL;IDV=6;IMF=1;DP=6;VDB=0.000411984;SGB=-0.616816;MQ0F=0;AC=2;AN=2;DP4=0,0,0,6;MQ=60;RB=X,5482913,5483211,AAG,CTG
1	225381570	NA	AG	A	120	PASS;TAAAATCAAGGCACAAAA	INDEL;IDV=9;IMF=1;DP=9;VDB=5.52906e-06;SGB=-0.662043;MQ0F=0;AC=2;AN=2;DP4=0,0,9,0;MQ=60;RB=1,225381475,225382013,TCT,GCT
15	37420387	NA	GA	G	29.4193	PASS;CATTAAATGAAAAAAATT	INDEL;IDV=12;IMF=1;DP=12;VDB=2.26006e-08;SGB=-0.680642;MQ0F=0;AC=2;AN=2;DP4=0,0,12,0;MQ=60;RB=15,37420321,37420639,GAG,CCT
20	49524997	NA	ATAGCTGGCTCC	A	224	PASS;TCAAATCAATAGCTGGCT	INDEL;IDV=7;IMF=1;DP=7;VDB=6.71664e-05;SGB=-0.636426;MQ0F=0;AC=2;AN=2;DP4=0,0,7,0;MQ=60;RB=20,49524960,49525248,AAT,GTA
12	101275589	NA	CACTG	C	225	PASS;ATACATAACACTGTTTCT	INDEL;IDV=9;IMF=1;DP=9;VDB=5.52906e-06;SGB=-0.662043;MQ0F=0;AC=2;AN=2;DP4=0,0,0,9;MQ=60;RB=12,101275420,101275711,TCG,TGG
15	60280518	NA	GC	G	109	PASS;GCCAGCCAGCCCAGCCAG	INDEL;IDV=8;IMF=1;DP=8;VDB=1.33331e-05;SGB=-0.651104;MQ0F=0;AC=2;AN=2;DP4=0,0,8,0;MQ=60;RB=15,60280383,60280696,CCC,TGA
1	193834773	NA	T	TTCTAGAAGAC	87	NEI_IND[31/421];TGTTTTTGTTATGTTAAT	INDEL;IDV=10;IMF=1;DP=10;VDB=0.000411984;SGB=-0.616816;MQ0F=0;AC=2;AN=2;DP4=0,0,6,0;MQ=60;RB=1,193834681,193835041,TAA,CTG
4	172298963	NA	TA	T	111	NEI_IND[37/555];GTCCAATTTAATTTTTTT	INDEL;IDV=7;IMF=1;DP=7;VDB=6.71664e-05;SGB=-0.636426;MQ0F=0;AC=2;AN=2;DP4=0,0,7,0;MQ=60;RB=4,172298952,172299365,TGT,CTG
2	163561446	NA	AT	A	101	PASS;TTGATAAAATTAAGATGG	INDEL;IDV=6;IMF=1;DP=6;VDB=0.000411984;SGB=-0.616816;MQ0F=0;AC=2;AN=2;DP4=0,0,6,0;MQ=60;RB=2,163561319,163561618,ACC,GCC
7	109641050	NA	TG	T	99	MASKED;TTTTTTTTTGCACTCCTC	INDEL;IDV=6;IMF=0.857143;DP=6;VDB=0.00187095;SGB=-0.590765;MQ0F=0;AC=2;AN=2;DP4=0,0,5,0;MQ=60;RB=7,109641031,109641511,GGG,CCT
22	16857938	NA	GCAATC	G	225	NEI_IND[16/483];CTTCGAATGCAATCGAAT	INDEL;IDV=9;IMF=1;DP=9;VDB=5.52906e-06;SGB=-0.662043;MQ0F=0;AC=2;AN=2;DP4=0,0,9,0;MQ=60;RB=22,16857932,16858281,ATG,TAA
18	44932332	NA	TCTC	T	225	PASS;CTCCCTCTTCTCCTTCTC	INDEL;IDV=8;IMF=1;DP=8;VDB=1.33331e-05;SGB=-0.651104;MQ0F=0;AC=2;AN=2;DP4=0,0,8,0;MQ=60;RB=18,44932290,44932550,TCC,ATA
13	31949946	NA	TA	T	85	MASKED;AATTTAAATAAAATTTTT	INDEL;IDV=11;IMF=1;DP=11;VDB=2.26006e-08;SGB=-0.676189;MQ0F=0;AC=2;AN=2;DP4=0,0,0,11;MQ=60;RB=13,31949662,31949960,ATA,CCC
12	101666718	NA	AT	A	125	MASKED;CTAAAAAAATTGATCTCA	INDEL;IDV=9;IMF=1;DP=9;VDB=5.52906e-06;SGB=-0.662043;MQ0F=0;AC=2;AN=2;DP4=0,0,9,0;MQ=60;RB=12,101666616,101666887,TGA,GTC
1	41405721	NA	AAATTTC	A	225	PASS;TTCCATTAAAATTTCAAT	INDEL;IDV=10;IMF=1;DP=10;VDB=6.99472e-07;SGB=-0.670168;MQ0F=0;AC=2;AN=2;DP4=0,0,0,10;MQ=60;RB=1,41405477,41405796,TAA,TTA
12	84794800	NA	AG	A	31.4175	NEI_IND[7/154];ATATATATAGTATATATA	INDEL;IDV=7;IMF=1;DP=7;VDB=0.000411984;SGB=-0.616816;MQ0F=0;AC=2;AN=2;DP4=0,0,6,0;MQ=60;RB=12,84794707,84795082,TTA,AGG
8	51707428	NA	GA	G	83	PASS;AAAATTGTGAAATTTTGT	INDEL;IDV=6;IMF=1;DP=6;VDB=0.000411984;SGB=-0.616816;MQ0F=0;AC=2;AN=2;DP4=0,0,0,6;MQ=60;RB=8,51707116,51707540,CTC,TTG
14	86257798	NA	AT	A	110	PASS;ATCAAAAAATTATGTGAC	INDEL;IDV=7;IMF=1;DP=7;VDB=6.71664e-05;SGB=-0.636426;MQ0F=0;AC=2;AN=2;DP4=0,0,7,0;MQ=60;RB=14,86257784,86257984,TGG,AAA
11	26272745	NA	CT	C	15.5372	PASS;ACAAAACACTTTTTTTTC	INDEL;IDV=7;IMF=1;DP=7;VDB=6.71664e-05;SGB=-0.636426;MQ0F=0;AC=2;AN=2;DP4=0,0,7,0;MQ=60;RB=11,26272679,26272918,ATA,GTA
X	94376296	NA	AT	A	108	PASS;AATAAATAATTACCAGGA	INDEL;IDV=7;IMF=1;DP=7;VDB=6.71664e-05;SGB=-0.636426;MQ0F=0;AC=2;AN=2;DP4=0,0,0,7;MQ=60;RB=X,94376226,94376438,GAT,GCA
1	104775992	NA	AT	A	54	PASS;TATTTGAAATTTTACTTT	INDEL;IDV=5;IMF=1;DP=5;VDB=0.0104213;SGB=-0.590765;MQ0F=0;AC=2;AN=2;DP4=0,0,5,0;MQ=60;RB=1,104775930,104776151,CTC,CTA
4	93504806	NA	TTATA	T	224	NEI_IND[46/298];GATAATAATTATATATAT	INDEL;IDV=7;IMF=1;DP=7;VDB=6.71664e-05;SGB=-0.636426;MQ0F=0;AC=2;AN=2;DP4=0,0,7,0;MQ=60;RB=4,93504681,93504970,GTC,AAT
4	93504856	NA	T	TTA	215	NEI_IND[20/259];CATATAATTTATATATAA	INDEL;IDV=7;IMF=1;DP=7;VDB=6.71664e-05;SGB=-0.636426;MQ0F=0;AC=2;AN=2;DP4=0,0,0,7;MQ=60;RB=4,93504681,93504970,GTC,AAT
7	146550393	NA	AT	A	64	PASS;GGTTTCAAATTTTAAAAT	INDEL;IDV=6;IMF=1;DP=6;VDB=0.000411984;SGB=-0.616816;MQ0F=0;AC=2;AN=2;DP4=0,0,6,0;MQ=60;RB=7,146550345,146550600,GTG,GCT
2	58724047	NA	TA	T	115	PASS;AATTCATTTAATTTAATT	INDEL;IDV=7;IMF=1;DP=7;VDB=6.71664e-05;SGB=-0.636426;MQ0F=0;AC=2;AN=2;DP4=0,0,7,0;MQ=60;RB=2,58724012,58724210,GTT,TAG
6	104424908	NA	AT	A	88	PASS;ATGTATAAATTTTATACA	INDEL;IDV=12;IMF=1;DP=12;VDB=2.26006e-08;SGB=-0.680642;MQ0F=0;AC=2;AN=2;DP4=0,0,12,0;MQ=60;RB=6,104424846,104425112,ATA,GTC
1	105448480	NA	CTA	C	146	NEI_IND[13/360];ATATCTATCTATATCTAT	INDEL;IDV=5;IMF=1;DP=5;VDB=0.00187095;SGB=-0.590765;MQ0F=0;AC=2;AN=2;DP4=0,0,5,0;MQ=60;RB=1,105448351,105448633,TGA,CCC
2	14121888	NA	TA	T	145	PASS;TATTTATTTAATTTTAAT	INDEL;IDV=14;IMF=1;DP=14;VDB=2.26006e-08;SGB=-0.683931;MQ0F=0;AC=2;AN=2;DP4=0,0,13,0;MQ=60;RB=2,14121795,14122303,CAG,TGA
5	30294194	NA	AT	A	19.4636	PASS;AAGCTCCGATTTTTTTTA	INDEL;IDV=13;IMF=1;DP=13;VDB=2.26006e-08;SGB=-0.680642;MQ0F=0;AC=2;AN=2;DP4=0,0,12,0;MQ=60;RB=5,30294117,30294406,TGG,GTC
12	21995430	NA	AT	A	110	PASS;AAAGGAAAATATGATTAG	INDEL;IDV=6;IMF=1;DP=6;VDB=0.000411984;SGB=-0.616816;MQ0F=0;AC=2;AN=2;DP4=0,0,0,6;MQ=60;RB=12,21994981,21995456,ATT,TTT
10	25047433	NA	TCTTTCCCTTC	T	205	NEI_IND[6/208];CCTTTCTTTCTTTCCCTT	INDEL;IDV=6;IMF=1;DP=6;VDB=0.000481013;SGB=-0.616816;MQ0F=0;AC=2;AN=2;DP4=0,0,0,6;MQ=60;RB=10,25047218,25047527,TGA,CCT
21	26303312	NA	ACT	A	176	PASS;GTCAAGAAACTCTTTACA	INDEL;IDV=7;IMF=1;DP=7;VDB=6.71664e-05;SGB=-0.636426;MQ0F=0;AC=2;AN=2;DP4=0,0,7,0;MQ=60;RB=21,26303186,26303478,GTC,ATA
10	54462857	NA	GA	G	122	PASS;TTACTGGGGAATTTATTG	INDEL;IDV=8;IMF=1;DP=8;VDB=1.33331e-05;SGB=-0.651104;MQ0F=0;AC=2;AN=2;DP4=0,0,0,8;MQ=60;RB=10,54462643,54462971,GGG,GTT
9	129001521	NA	GA	G	133	PASS;TTTAAGAAGAATTTAGGC	INDEL;IDV=10;IMF=1;DP=10;VDB=6.99472e-07;SGB=-0.670168;MQ0F=0;AC=2;AN=2;DP4=0,0,10,0;MQ=60;RB=9,129001462,129001745,GAC,CCT
10	25047433	NA	TCTTTCCCTTC	T	225	NEI_IND[6/208];CCTTTCTTTCTTTCCCTT	INDEL;IDV=9;IMF=1;DP=9;VDB=5.52906e-06;SGB=-0.662043;MQ0F=0;AC=2;AN=2;DP4=0,0,0,9;MQ=60;RB=10,25047218,25047526,TCA,GTC
8	78618006	NA	TA	T	100	PASS;ACCTTAAATATATTCCCT	INDEL;IDV=10;IMF=1;DP=10;VDB=0.00187095;SGB=-0.590765;MQ0F=0;AC=2;AN=2;DP4=0,0,5,0;MQ=60;RB=8,78617953,78618138,GTT,TAT
4	74023903	NA	AAGAGAG	A	205	NEI_IND[8/476];AAGAAAGAAAGAGAGAGA	INDEL;IDV=6;IMF=1;DP=6;VDB=0.000411984;SGB=-0.616816;MQ0F=0;AC=2;AN=2;DP4=0,0,6,0;MQ=60;RB=4,74023774,74024158,AAT,GTT
2	105617956	NA	CA	C	38.415	PASS;CATGGACCCAAAAATCAG	INDEL;IDV=5;IMF=1;DP=5;VDB=0.00187095;SGB=-0.590765;MQ0F=0;AC=2;AN=2;DP4=0,0,0,5;MQ=60;RB=2,105617744,105617974,AAC,CCT
14	63637390	NA	TTGATATTAA	T	224	PASS;ATTTATGATTGATATTAA	INDEL;IDV=7;IMF=1;DP=7;VDB=6.71664e-05;SGB=-0.636426;MQ0F=0;AC=2;AN=2;DP4=0,0,7,0;MQ=60;RB=14,63637334,63637585,AAT,CCT
3	163611869	NA	AC	A	108	NEI_IND[36/536];CAACAACAACAAAAAAAA	INDEL;IDV=6;IMF=0.857143;DP=6;VDB=0.000411984;SGB=-0.616816;MQ0F=0;AC=2;AN=2;DP4=0,0,0,6;MQ=60;RB=3,163611511,163612004,GTC,AAA
3	96489759	NA	CA	C	45.4146	PASS;TGAAGTTCCAAAATTCAC	INDEL;IDV=4;IMF=1;DP=4;VDB=0.0058656;SGB=-0.556411;MQ0F=0;AC=2;AN=2;DP4=0,0,0,4;MQ=60;RB=3,96489572,96489832,TAA,GTA
9	7198174	NA	TC	T	107	NEI_IND[17/352];TTTTCTTTTCCTTTCTTT	INDEL;IDV=11;IMF=0.916667;DP=11;VDB=2.58051e-07;SGB=-0.676189;MQ0F=0;AC=2;AN=2;DP4=0,0,11,0;MQ=60;RB=9,7198089,7198377,GAA,GGT
4	4353221	NA	CTT	C	100	NEI_IND[56/295];AACGGAGTCTTTTTTTCT	INDEL;IDV=9;IMF=1;DP=9;VDB=5.52906e-06;SGB=-0.662043;MQ0F=0;AC=2;AN=2;DP4=0,0,0,9;MQ=60;RB=4,4352684,4353240,CTA,ATT
12	89437197	NA	CTAAA	C	205	NEI_IND[60/425];TTAACTAACTAAATAAAT	INDEL;IDV=6;IMF=1;DP=6;VDB=0.000411984;SGB=-0.616816;MQ0F=0;AC=2;AN=2;DP4=0,0,6,0;MQ=60;RB=12,89437125,89437344,TAA,TGT
12	89437323	NA	CA	C	93	PASS;AAACAAGCCAAATTTTCT	INDEL;IDV=6;IMF=1;DP=6;VDB=0.000411984;SGB=-0.616816;MQ0F=0;AC=2;AN=2;DP4=0,0,0,6;MQ=60;RB=12,89437125,89437344,TAA,TGT
10	92889267	NA	AT	A	39.4149	PASS;TTGAGCTAATTTTTTCCA	INDEL;IDV=8;IMF=1;DP=8;VDB=1.33331e-05;SGB=-0.651104;MQ0F=0;AC=2;AN=2;DP4=0,0,0,8;MQ=60;RB=10,92889089,92889398,GTC,GCT
1	105448480	NA	CTA	C	203	NEI_IND[13/360];ATATCTATCTATATCTAT	INDEL;IDV=10;IMF=1;DP=10;VDB=5.52906e-06;SGB=-0.662043;MQ0F=0;AC=2;AN=2;DP4=0,0,9,0;MQ=60;RB=1,105448351,105448633,CCT,TAG
2	69369088	NA	A	AT	86	PASS;TAAAAATAATTTTACAAG	INDEL;IDV=11;IMF=1;DP=11;VDB=2.26006e-08;SGB=-0.676189;MQ0F=0;AC=2;AN=2;DP4=0,0,0,11;MQ=60;RB=2,69368911,69369209,TGG,TAT
18	32808374	NA	AT	A	101	PASS;ATACAAAAATTAGCTACG	INDEL;IDV=6;IMF=1;DP=6;VDB=0.000411984;SGB=-0.616816;MQ0F=0;AC=2;AN=2;DP4=0,0,0,6;MQ=60;RB=18,32807821,32808391,ACC,TGA
7	114189843	NA	T	TA	12.6563	PASS;TTTCAAATTAAAAAAAAA	INDEL;IDV=8;IMF=1;DP=8;VDB=1.33331e-05;SGB=-0.651104;MQ0F=0;AC=2;AN=2;DP4=0,0,8,0;MQ=60;RB=7,114189741,114190030,CCG,GAT
13	31949870	NA	G	GTA	114	NEI_IND[23/432];GTGTGCGTGTATATATAT	INDEL;IDV=5;IMF=0.714286;DP=7;VDB=0.000527421;SGB=-0.556411;MQ0F=0;ICB=1;HOB=0.5;AC=1;AN=2;DP4=0,2,0,4;MQ=60;RB=13,31949662,31949960,TTT,CTG
13	31949946	NA	TA	T	71	MASKED;AATTTAAATAAAATTTTT	INDEL;IDV=7;IMF=1;DP=7;VDB=9.50611e-05;SGB=-0.636426;MQ0F=0;AC=2;AN=2;DP4=0,0,0,7;MQ=60;RB=13,31949662,31949960,TTT,CTG
1	41405721	NA	AAATTTC	A	225	PASS;TTCCATTAAAATTTCAAT	INDEL;IDV=13;IMF=1;DP=13;VDB=2.26006e-08;SGB=-0.683931;MQ0F=0;AC=2;AN=2;DP4=0,0,0,13;MQ=60;RB=1,41405477,41405796,CGA,GGA
2	163561446	NA	AT	A	72	PASS;TTGATAAAATTAAGATGG	INDEL;IDV=4;IMF=1;DP=4;VDB=0.0058656;SGB=-0.556411;MQ0F=0;AC=2;AN=2;DP4=0,0,4,0;MQ=60;RB=2,163561318,163561618,GAT,GAG
9	119760868	NA	CCATG	C	182	NEI_IND[5/424];CCATACATCCATGCATCC	INDEL;IDV=5;IMF=1;DP=5;VDB=0.00187095;SGB=-0.590765;MQ0F=0;AC=2;AN=2;DP4=0,0,0,5;MQ=60;RB=9,119760243,119760886,ATG,GAA
14	63637390	NA	TTGATATTAA	T	225	PASS;ATTTATGATTGATATTAA	INDEL;IDV=9;IMF=1;DP=9;VDB=5.52906e-06;SGB=-0.662043;MQ0F=0;AC=2;AN=2;DP4=0,0,9,0;MQ=60;RB=14,63637334,63637584,ATA,TGC
18	6307241	NA	C	CA	60	PASS;CATGCTGGCCAACATGGT	INDEL;IDV=5;IMF=1;DP=5;VDB=0.0221621;SGB=-0.511536;MQ0F=0;AC=2;AN=2;DP4=0,0,0,3;MQ=60;RB=18,6306796,6307372,AGC,AAG
5	63619038	NA	AT	A	58	PASS;CTTCAACTATTTTTGTTA	INDEL;IDV=10;IMF=1;DP=10;VDB=6.99472e-07;SGB=-0.670168;MQ0F=0;AC=2;AN=2;DP4=0,0,10,0;MQ=60;RB=5,63618916,63619308,AGG,GGG
8	82347997	NA	A	AT	44.4146	PASS;TCTGGCTAATTTTTTGTA	INDEL;IDV=11;IMF=1;DP=11;VDB=2.26006e-08;SGB=-0.676189;MQ0F=0;AC=2;AN=2;DP4=0,0,11,0;MQ=60;RB=8,82347887,82348288,GTT,AAT
2	14121888	NA	TA	T	120	PASS;TATTTATTTAATTTTAAT	INDEL;IDV=9;IMF=1;DP=9;VDB=1.12289e-05;SGB=-0.662043;MQ0F=0;AC=2;AN=2;DP4=0,0,9,0;MQ=60;RB=2,14121795,14122303,TAC,GTA
4	132978116	NA	TCTG	T	216	MASKED;GTATTTTATCTGTTTTTT	INDEL;IDV=7;IMF=1;DP=7;VDB=6.71664e-05;SGB=-0.636426;MQ0F=0;AC=2;AN=2;DP4=0,0,7,0;MQ=60;RB=4,132977984,132978352,AAA,GTA
3	155370955	NA	TATAG	T	221	MASKED;GATATAGATATAGATATA	INDEL;IDV=8;IMF=1;DP=8;VDB=1.33331e-05;SGB=-0.651104;MQ0F=0;AC=2;AN=2;DP4=0,0,0,8;MQ=60;RB=3,155370785,155370974,GAA,TCG
5	63619038	NA	AT	A	49.4146	PASS;CTTCAACTATTTTTGTTA	INDEL;IDV=7;IMF=1;DP=7;VDB=6.71664e-05;SGB=-0.636426;MQ0F=0;AC=2;AN=2;DP4=0,0,7,0;MQ=60;RB=5,63618916,63619309,GTC,CTT
1	195871367	NA	C	CT	39.4149	PASS;AATATATACTTTTTTATA	INDEL;IDV=8;IMF=1;DP=8;VDB=1.33331e-05;SGB=-0.651104;MQ0F=0;AC=2;AN=2;DP4=0,0,8,0;MQ=60;RB=1,195871250,195871589,TCC,ATT
8	137004043	NA	CT	C	140	MASKED;CTATCTATCTATCTATCT	INDEL;IDV=9;IMF=0.9;DP=10;VDB=5.52906e-06;SGB=-0.662043;MQ0F=0;AC=2;AN=2;DP4=0,0,9,0;MQ=60;RB=8,137003914,137004446,CGT,ATT
6	153104314	NA	GA	G	127	PASS;TGAGAGCAGAATTTTTAA	INDEL;IDV=9;IMF=1;DP=9;VDB=5.52906e-06;SGB=-0.662043;MQ0F=0;AC=2;AN=2;DP4=0,0,0,9;MQ=60;RB=6,153104100,153104394,TTA,TCG
1	238058675	NA	TG	T	114	PASS;TTTAGTTTTGGGAAAGGC	INDEL;IDV=9;IMF=1;DP=9;VDB=5.52906e-06;SGB=-0.662043;MQ0F=0;AC=2;AN=2;DP4=0,0,0,9;MQ=60;RB=1,238058469,238058784,CCT,CTA
8	51707428	NA	GA	G	105	PASS;AAAATTGTGAAATTTTGT	INDEL;IDV=8;IMF=1;DP=8;VDB=1.33331e-05;SGB=-0.651104;MQ0F=0;AC=2;AN=2;DP4=0,0,0,8;MQ=60;RB=8,51707115,51707540,AAA,GGC
1	188245258	NA	AT	A	44.4146	PASS;CATACCTAATTTTTCCTA	INDEL;IDV=6;IMF=1;DP=6;VDB=0.000411984;SGB=-0.616816;MQ0F=0;AC=2;AN=2;DP4=0,0,0,6;MQ=60;RB=1,188244922,188245323,CTC,GAC
3	97018832	NA	AT	A	139	PASS;ATAGGAAAATTAGGATTC	INDEL;IDV=11;IMF=1;DP=11;VDB=2.26006e-08;SGB=-0.676189;MQ0F=0;AC=2;AN=2;DP4=0,0,11,0;MQ=60;RB=3,97018778,97019152,GTT,ACC
2	177953035	NA	CA	C	81	PASS;TGCTATAACAAAATACCT	INDEL;IDV=9;IMF=1;DP=9;VDB=5.52906e-06;SGB=-0.662043;MQ0F=0;AC=2;AN=2;DP4=0,0,9,0;MQ=60;RB=2,177953001,177953283,TGA,TTT
4	43947173	NA	TA	T	97	PASS;GCTCAAATTAAATAGCAT	INDEL;IDV=6;IMF=1;DP=6;VDB=0.000411984;SGB=-0.616816;MQ0F=0;AC=2;AN=2;DP4=0,0,6,0;MQ=60;RB=4,43947139,43947363,CTA,AAT
4	128591613	NA	AT	A	77	PASS;GTTAGTTTATTTTCAATA	INDEL;IDV=8;IMF=1;DP=8;VDB=1.60207e-05;SGB=-0.651104;MQ0F=0;AC=2;AN=2;DP4=0,0,0,8;MQ=60;RB=4,128591124,128591676,CTC,TCT
10	116507807	NA	ATAAAAT	A	225	PASS;AAAATAAAATAAAATAAA	INDEL;IDV=8;IMF=1;DP=8;VDB=1.33331e-05;SGB=-0.651104;MQ0F=0;AC=2;AN=2;DP4=0,0,8,0;MQ=60;RB=10,116507741,116508100,TTT,CAT
