CHROM	POS	ID	REF	ALT	QUAL	FILTER	INFO
2	52655403	NA	TG	T	122	PASS;CAAAAACCTGCACTAGGC	INDEL;IDV=8;IMF=1;DP=8;VDB=1.33331e-05;SGB=-0.651104;MQ0F=0;AC=2;AN=2;DP4=0,0,0,8;MQ=60;RB=2,52655164,52655505,GGG,ATG
9	12129711	NA	GA	G	76	PASS;GTACTAATGAAAATTTTC	INDEL;IDV=8;IMF=1;DP=8;VDB=1.33331e-05;SGB=-0.651104;MQ0F=0;AC=2;AN=2;DP4=0,0,0,8;MQ=60;RB=9,12129465,12129837,CGC,TGT
7	125144509	NA	AT	A	127	PASS;TTTATTAAATTTATCTGA	INDEL;IDV=12;IMF=1;DP=12;VDB=2.26006e-08;SGB=-0.676189;MQ0F=0;AC=2;AN=2;DP4=0,0,11,0;MQ=60;RB=7,125144476,125144778,AAT,TTA
13	28870451	NA	G	GT	29.4193	PASS;TTTGTTGGGTTTTTTTGT	INDEL;IDV=11;IMF=1;DP=11;VDB=2.26006e-08;SGB=-0.676189;MQ0F=0;AC=2;AN=2;DP4=0,0,0,11;MQ=60;RB=13,28870281,28870500,GCT,GTG
12	62457664	NA	CATGCAT	C	153	MASKED;CACACACACATGCATACA	INDEL;IDV=4;IMF=1;DP=4;VDB=0.00766117;SGB=-0.556411;MQ0F=0;AC=2;AN=2;DP4=0,0,0,4;MQ=60;RB=12,62457416,62457680,GGG,CGG
3	181627338	NA	TTTCCTTCCTTCCTTCC	T	194	NEI_IND[6/317];TTCTTTCTTTTCCTTCCT	INDEL;IDV=16;IMF=1;DP=16;VDB=1.29641e-11;SGB=-0.689466;MQ0F=0;AC=2;AN=2;DP4=0,0,0,16;MQ=60;RB=3,181626979,181627461,CCG,CTG
X	35930860	NA	GA	G	92	PASS;CATGAGAGGAAAATCGAG	INDEL;IDV=17;IMF=1;DP=17;VDB=1.29641e-11;SGB=-0.690438;MQ0F=0;AC=2;AN=2;DP4=0,0,17,0;MQ=60;RB=X,35930755,35931078,AGT,TCA
16	6444235	NA	GTGTT	G	225	PASS;ATTTCATAGTGTTTGTTT	INDEL;IDV=16;IMF=1;DP=16;VDB=1.33331e-05;SGB=-0.651104;MQ0F=0;AC=2;AN=2;DP4=0,0,8,0;MQ=60;RB=16,6444156,6444374,TAT,AGT
8	139961597	NA	CA	C	59	PASS;CACAGGTACAAAATTACA	INDEL;IDV=7;IMF=1;DP=7;VDB=6.71664e-05;SGB=-0.636426;MQ0F=0;AC=2;AN=2;DP4=0,0,0,7;MQ=60;RB=8,139961446,139961641,AGA,TTG
11	2209160	NA	CGCT	C	225	MASKED;ACACCACACGCTACACAC	INDEL;IDV=9;IMF=1;DP=9;VDB=5.52906e-06;SGB=-0.662043;MQ0F=0;AC=2;AN=2;DP4=0,0,0,9;MQ=60;RB=11,2208929,2209178,AAG,AGA
2	13487885	NA	TA	T	63	PASS;TATTCAATTAAAAATAAT	INDEL;IDV=16;IMF=1;DP=16;VDB=1.29641e-11;SGB=-0.689466;MQ0F=0;AC=2;AN=2;DP4=0,0,0,16;MQ=60;RB=2,13487663,13487923,GAC,CAG
4	145021557	NA	A	AC	33.4163	PASS;ATTAATGAACATTAATTA	INDEL;IDV=4;IMF=1;DP=4;VDB=0.0058656;SGB=-0.556411;MQ0F=0;AC=2;AN=2;DP4=0,0,0,4;MQ=60;RB=4,145021399,145021577,TAG,CTA
7	134392605	NA	AG	A	159	NEI_IND[26/421];AGATAGATAGATAGATAG	INDEL;IDV=15;IMF=1;DP=15;VDB=4.49525e-10;SGB=-0.688148;MQ0F=0;AC=2;AN=2;DP4=0,0,15,0;MQ=60;RB=7,134392482,134392882,TAT,TGC
14	29608122	NA	CT	C	7.30725	MASKED;TATTTCCTCTTTTTTTTT	INDEL;IDV=7;IMF=1;DP=7;VDB=6.71664e-05;SGB=-0.636426;MQ0F=0;AC=2;AN=2;DP4=0,0,0,7;MQ=60;RB=14,29607934,29608174,CCT,GTC
4	55813308	NA	AGAGATG	A	205	NEI_IND[30/540];ACACACACAGAGATGCAC	INDEL;IDV=6;IMF=1;DP=6;VDB=0.000411984;SGB=-0.616816;MQ0F=0;AC=2;AN=2;DP4=0,0,6,0;MQ=60;RB=4,55813301,55813645,CAA,TTT
9	75782326	NA	CA	C	79	PASS;ACTGTTGGCAAAATTCTA	INDEL;IDV=9;IMF=1;DP=9;VDB=5.52906e-06;SGB=-0.662043;MQ0F=0;AC=2;AN=2;DP4=0,0,0,9;MQ=60;RB=9,75782029,75782443,TTT,GGT
3	155370961	NA	TATAG	T	154	MASKED;GATATAGATATAGATATA	INDEL;IDV=4;IMF=1;DP=4;VDB=0.0058656;SGB=-0.556411;MQ0F=0;AC=2;AN=2;DP4=0,0,0,4;MQ=60;RB=3,155370785,155370980,TCA,GTG
12	47294508	NA	A	AT	18.4763	PASS;CTACCTGGATTTTTTTTA	INDEL;IDV=14;IMF=1;DP=14;VDB=2.26006e-08;SGB=-0.686358;MQ0F=0;AC=2;AN=2;DP4=0,0,0,14;MQ=60;RB=12,47294238,47294528,CTT,ATT
13	82544498	NA	TA	T	148	PASS;TGACATTATATTTTCCTT	INDEL;IDV=11;IMF=1;DP=11;VDB=2.26006e-08;SGB=-0.676189;MQ0F=0;AC=2;AN=2;DP4=0,0,11,0;MQ=60;RB=13,82544385,82544726,CTC,GTC
15	46992295	NA	TA	T	159	PASS;CCTACCAGTATTTTTTGA	INDEL;IDV=15;IMF=1;DP=15;VDB=4.49525e-10;SGB=-0.688148;MQ0F=0;AC=2;AN=2;DP4=0,0,15,0;MQ=60;RB=15,46992270,46992825,TAA,CTC
9	32124491	NA	T	TA	15.5372	PASS;AAGTATAATAAAAAAAAT	INDEL;IDV=14;IMF=1;DP=14;VDB=6.71664e-05;SGB=-0.636426;MQ0F=0;AC=2;AN=2;DP4=0,0,0,7;MQ=60;RB=9,32124465,32124604,GTT,TCG
8	116799634	NA	A	AT	44.4146	PASS;CCTCTCCAATTTTTTGCC	INDEL;IDV=11;IMF=1;DP=11;VDB=2.26006e-08;SGB=-0.676189;MQ0F=0;AC=2;AN=2;DP4=0,0,0,11;MQ=60;RB=8,116799411,116799665,ATT,AAC
6	153895517	NA	GA	G	64	PASS;AAACAACAGAAAATTTTT	INDEL;IDV=12;IMF=1;DP=12;VDB=0.000411984;SGB=-0.616816;MQ0F=0;AC=2;AN=2;DP4=0,0,6,0;MQ=60;RB=6,153895451,153895650,GTA,CTT
18	25366838	NA	GA	G	136	PASS;GTGGGTTCGAATCTCAAA	INDEL;IDV=12;IMF=1;DP=12;VDB=2.26006e-08;SGB=-0.680642;MQ0F=0;AC=2;AN=2;DP4=0,0,0,12;MQ=60;RB=18,25366492,25366953,ATC,CGA
7	128854495	NA	TTTTG	T	182	NEI_IND[16/205];CAGCTAATTTTTGTTTGT	INDEL;IDV=10;IMF=1;DP=10;VDB=0.00187095;SGB=-0.590765;MQ0F=0;AC=2;AN=2;DP4=0,0,5,0;MQ=60;RB=7,128854407,128854576,TGA,CTC
X	35930860	NA	GA	G	86	PASS;CATGAGAGGAAAATCGAG	INDEL;IDV=11;IMF=1;DP=11;VDB=2.26006e-08;SGB=-0.676189;MQ0F=0;AC=2;AN=2;DP4=0,0,11,0;MQ=60;RB=X,35930755,35931077,CCT,CCG
1	116265875	NA	A	ATATC	80	PASS;ATCTCTCTATATCTATCT	INDEL;IDV=17;IMF=1;DP=17;VDB=1.29641e-11;SGB=-0.690438;MQ0F=0;AC=2;AN=2;DP4=0,0,17,0;MQ=60;RB=1,116265778,116266041,ATA,TCG
12	62457664	NA	CATGCAT	C	154	MASKED;CACACACACATGCATACA	INDEL;IDV=4;IMF=1;DP=4;VDB=0.0058656;SGB=-0.556411;MQ0F=0;AC=2;AN=2;DP4=0,0,0,4;MQ=60;RB=12,62457416,62457680,TCG,AAC
3	174799836	NA	GTA	G	196	NEI_IND[15/444];GTGTATGTGTATGTGTGT	INDEL;IDV=12;IMF=0.923077;DP=13;VDB=4.57277e-08;SGB=-0.680642;MQ0F=0;ICB=1;HOB=0.5;AC=1;AN=2;DP4=0,1,0,12;MQ=60;RB=3,174799422,174799970,CGA,CGT
13	95603452	NA	ATT	A	180	MASKED;GTCAAATAATTTTCCAGC	INDEL;IDV=14;IMF=1;DP=14;VDB=6.71664e-05;SGB=-0.636426;MQ0F=0;AC=2;AN=2;DP4=0,0,7,0;MQ=60;RB=13,95603348,95603531,TCG,TGA
4	117925574	NA	AT	A	86	PASS;GTTTTGTTATTTTCTACT	INDEL;IDV=11;IMF=1;DP=11;VDB=2.26006e-08;SGB=-0.676189;MQ0F=0;AC=2;AN=2;DP4=0,0,0,11;MQ=60;RB=4,117925385,117925619,GAC,CGG
4	74023903	NA	AAGAGAG	A	225	NEI_IND[8/476];AAGAAAGAAAGAGAGAGA	INDEL;IDV=22;IMF=1;DP=22;VDB=1.30483e-15;SGB=-0.692562;MQ0F=0;AC=2;AN=2;DP4=0,0,22,0;MQ=60;RB=4,74023775,74024158,TAG,TTA
12	23263055	NA	T	TA	29.4193	NEI_IND[7/300];TAAATAAATAATAAATAA	INDEL;IDV=11;IMF=1;DP=11;VDB=2.26006e-08;SGB=-0.676189;MQ0F=0;AC=2;AN=2;DP4=0,0,11,0;MQ=60;RB=12,23262932,23263292,TTT,TTT
4	181432637	NA	CCTTCCCT	C	225	NEI_IND[11/409];CCTTCCTTCCTTCCCTCC	INDEL;IDV=11;IMF=1;DP=11;VDB=2.26006e-08;SGB=-0.676189;MQ0F=0;AC=2;AN=2;DP4=0,0,0,11;MQ=60;RB=4,181432073,181432769,AAA,CCT
17	5961671	NA	AT	A	141	PASS;GTCAGAGAATTTAATTCA	INDEL;IDV=20;IMF=1;DP=20;VDB=2.63505e-13;SGB=-0.692067;MQ0F=0;AC=2;AN=2;DP4=0,0,20,0;MQ=60;RB=17,5961615,5961937,AAT,GCA
8	137162484	NA	CA	C	44.4146	PASS;TATAGCCACATTTTCTCA	INDEL;IDV=4;IMF=1;DP=4;VDB=0.0058656;SGB=-0.556411;MQ0F=0;AC=2;AN=2;DP4=0,0,0,4;MQ=60;RB=8,137162325,137162523,AAT,GAT
16	80750936	NA	TGCAC	T	159	PASS;TGGATGGATGCACGGATG	INDEL;IDV=6;IMF=1;DP=6;VDB=0.000411984;SGB=-0.616816;MQ0F=0;AC=2;AN=2;DP4=0,0,0,6;MQ=56;RB=16,80750408,80750947,TGG,CTA
X	35930860	NA	GA	G	92	PASS;CATGAGAGGAAAATCGAG	INDEL;IDV=17;IMF=1;DP=17;VDB=1.29641e-11;SGB=-0.690438;MQ0F=0;AC=2;AN=2;DP4=0,0,17,0;MQ=60;RB=X,35930756,35931078,CCC,GGA
X	35930860	NA	GA	G	91	PASS;CATGAGAGGAAAATCGAG	INDEL;IDV=14;IMF=1;DP=14;VDB=2.26006e-08;SGB=-0.686358;MQ0F=0;AC=2;AN=2;DP4=0,0,14,0;MQ=60;RB=X,35930756,35931077,CGC,ATG
21	20996855	NA	TA	T	167	PASS;CAGAAGATTATTTTAAAT	INDEL;IDV=15;IMF=1;DP=15;VDB=4.49525e-10;SGB=-0.688148;MQ0F=0;AC=2;AN=2;DP4=0,0,15,0;MQ=60;RB=21,20996770,20997067,CCT,ACT
3	70691873	NA	C	CA	17.4922	PASS;AATGAAAACAAAAAAAAT	INDEL;IDV=16;IMF=1;DP=16;VDB=1.29641e-11;SGB=-0.689466;MQ0F=0;AC=2;AN=2;DP4=0,0,0,16;MQ=60;RB=3,70691403,70691946,CCT,TTC
11	30315940	NA	AAAAGCTAT	A	225	MASKED;AAACAGTAAAAAGCTATA	INDEL;IDV=13;IMF=1;DP=13;VDB=2.26006e-08;SGB=-0.683931;MQ0F=0;AC=2;AN=2;DP4=0,0,13,0;MQ=60;RB=11,30315813,30316036,CCT,CCT
12	47294508	NA	A	AT	18.4763	PASS;CTACCTGGATTTTTTTTA	INDEL;IDV=13;IMF=1;DP=13;VDB=2.26006e-08;SGB=-0.683931;MQ0F=0;AC=2;AN=2;DP4=0,0,0,13;MQ=60;RB=12,47294238,47294528,CTA,GTA
14	94650366	NA	TA	T	99	PASS;TATATGTTTATTTTCATG	INDEL;IDV=5;IMF=1;DP=5;VDB=0.00187095;SGB=-0.590765;MQ0F=0;AC=2;AN=2;DP4=0,0,5,0;MQ=60;RB=14,94650350,94650530,TTA,GTG
1	105448480	NA	CTA	C	203	NEI_IND[13/360];ATATCTATCTATATCTAT	INDEL;IDV=9;IMF=1;DP=9;VDB=5.52906e-06;SGB=-0.662043;MQ0F=0;AC=2;AN=2;DP4=0,0,9,0;MQ=60;RB=1,105448351,105448634,GGT,CGT
3	171685906	NA	AGACACACACACGCG	A	225	MASKED;ACACACACAGACACACAC	INDEL;IDV=10;IMF=0.909091;DP=11;VDB=2.00656e-07;SGB=-0.676189;MQ0F=0;AC=2;AN=2;DP4=0,0,0,11;MQ=60;RB=3,171685534,171686043,GGA,GGA
13	29583018	NA	AT	A	78	PASS;TGTTGAGAATTTTCTTCT	INDEL;IDV=9;IMF=1;DP=9;VDB=7.90256e-06;SGB=-0.662043;MQ0F=0;AC=2;AN=2;DP4=0,0,9,0;MQ=60;RB=13,29582947,29583471,ATT,ACG
21	20996855	NA	TA	T	166	PASS;CAGAAGATTATTTTAAAT	INDEL;IDV=15;IMF=1;DP=15;VDB=4.49525e-10;SGB=-0.688148;MQ0F=0;AC=2;AN=2;DP4=0,0,15,0;MQ=60;RB=21,20996770,20997066,ACA,CTG
14	43289571	NA	AAATTTTAT	A	225	MASKED;ATCAAAAGAAATTTTATA	INDEL;IDV=15;IMF=1;DP=15;VDB=4.49525e-10;SGB=-0.688148;MQ0F=0;AC=2;AN=2;DP4=0,0,0,15;MQ=60;RB=14,43289392,43289682,GAT,ATG
1	188562687	NA	T	TAGGTA	181	PASS;ATGATAGATGATAGATAG	INDEL;IDV=9;IMF=1;DP=9;VDB=9.42694e-06;SGB=-0.662043;MQ0F=0;AC=2;AN=2;DP4=0,0,0,9;MQ=60;RB=1,188562381,188562806,CAT,AAT
16	10814349	NA	T	TA	16.2573	PASS;TACAGCTTTAAAAAAAAG	INDEL;IDV=16;IMF=0.941176;DP=17;VDB=1.63308e-11;SGB=-0.688148;MQ0F=0;AC=2;AN=2;DP4=0,1,0,15;MQ=60;RB=16,10814114,10814365,GAT,CAA
7	66777721	NA	T	TG	136	NEI_IND[9/456];AAATGAAATAAATAAATA	INDEL;IDV=14;IMF=1;DP=14;VDB=2.26006e-08;SGB=-0.686358;MQ0F=0;AC=2;AN=2;DP4=0,0,14,0;MQ=60;RB=7,66777584,66777861,ATG,GGT
4	13520508	NA	TA	T	128	PASS;CCTCCTGCTACTCCTTTC	INDEL;IDV=13;IMF=1;DP=13;VDB=6.71664e-05;SGB=-0.636426;MQ0F=0;AC=2;AN=2;DP4=0,0,7,0;MQ=60;RB=4,13520437,13520629,TGG,TCG
1	211812917	NA	CA	C	103	PASS;ACCAGGAACAAATTTTAT	INDEL;IDV=7;IMF=1;DP=7;VDB=6.71664e-05;SGB=-0.636426;MQ0F=0;AC=2;AN=2;DP4=0,0,0,7;MQ=60;RB=1,211812632,211812995,GTT,TAC
13	54904408	NA	G	GA	15.5372	PASS;CTTGGAAAGAAAAAAAAC	INDEL;IDV=14;IMF=1;DP=14;VDB=6.71664e-05;SGB=-0.636426;MQ0F=0;AC=2;AN=2;DP4=0,0,7,0;MQ=60;RB=13,54904369,54904543,CTA,TTC
3	183069337	NA	AT	A	140	PASS;TCAGGAAAATCAGGACAA	INDEL;IDV=18;IMF=1;DP=18;VDB=5.52906e-06;SGB=-0.662043;MQ0F=0;AC=2;AN=2;DP4=0,0,9,0;MQ=60;RB=3,183069227,183069404,GCG,ATG
9	130175468	NA	AAGAAAC	A	225	NEI_IND[25/464];GTCTCCAAAAGAAACAAA	INDEL;IDV=9;IMF=1;DP=9;VDB=5.52906e-06;SGB=-0.662043;MQ0F=0;AC=2;AN=2;DP4=0,0,9,0;MQ=60;RB=9,130175338,130175606,GCC,AAC
13	29583018	NA	AT	A	90	PASS;TGTTGAGAATTTTCTTCT	INDEL;IDV=13;IMF=1;DP=13;VDB=2.26006e-08;SGB=-0.683931;MQ0F=0;AC=2;AN=2;DP4=0,0,13,0;MQ=60;RB=13,29582948,29583472,ATG,GCT
5	109280439	NA	GC	G	71	MASKED;CTGCTTTAGCCCCGGCCC	INDEL;IDV=14;IMF=1;DP=14;VDB=6.71664e-05;SGB=-0.636426;MQ0F=0;AC=2;AN=2;DP4=0,0,7,0;MQ=60;RB=5,109280307,109280490,TGA,TAT
5	128897558	NA	TA	T	126	PASS;TATCTATCTAATCTATCT	INDEL;IDV=10;IMF=1;DP=10;VDB=6.99472e-07;SGB=-0.670168;MQ0F=0;AC=2;AN=2;DP4=0,0,10,0;MQ=60;RB=5,128897424,128897909,CGT,ATG
6	129745318	NA	C	CA	18.4763	PASS;AACAACAACAAAAAAAAT	INDEL;IDV=13;IMF=1;DP=13;VDB=2.26006e-08;SGB=-0.683931;MQ0F=0;AC=2;AN=2;DP4=0,0,0,13;MQ=60;RB=6,129745006,129745345,ATT,CGA
11	30315940	NA	AAAAGCTAT	A	182	MASKED;AAACAGTAAAAAGCTATA	INDEL;IDV=5;IMF=0.833333;DP=5;VDB=0.00187095;SGB=-0.590765;MQ0F=0;AC=2;AN=2;DP4=0,0,5,0;MQ=60;RB=11,30315814,30316035,CCG,TGC
11	125967779	NA	CCAGACAGG	C	225	PASS;ACTGAAGCCCAGACAGGA	INDEL;IDV=16;IMF=1;DP=16;VDB=1.29641e-11;SGB=-0.689466;MQ0F=0;AC=2;AN=2;DP4=0,0,16,0;MQ=60;RB=11,125967725,125967982,GGG,GAA
4	101865077	NA	GT	G	128	MASKED;CTAAGGATGTTTAAAAAG	INDEL;IDV=12;IMF=1;DP=12;VDB=2.26006e-08;SGB=-0.680642;MQ0F=0;AC=2;AN=2;DP4=0,0,12,0;MQ=60;RB=4,101865005,101865239,GAT,ATA
9	75117923	NA	TC	T	69	NEI_IND[5/317];TCTTTCTGTCTTTTTTTT	INDEL;IDV=6;IMF=1;DP=6;VDB=0.00187095;SGB=-0.590765;MQ0F=0;AC=2;AN=2;DP4=0,0,0,5;MQ=60;RB=9,75117751,75118001,TCG,ATT
6	45609272	NA	TA	T	141	PASS;CACAGAAATAAATTAAAT	INDEL;IDV=20;IMF=1;DP=20;VDB=2.63505e-13;SGB=-0.692067;MQ0F=0;AC=2;AN=2;DP4=0,0,20,0;MQ=60;RB=6,45609194,45609505,GGT,TTT
12	41107154	NA	AT	A	134	PASS;GAGCAGAAATTTAAATAA	INDEL;IDV=18;IMF=1;DP=18;VDB=1.29641e-11;SGB=-0.691153;MQ0F=0;AC=2;AN=2;DP4=0,0,0,18;MQ=60;RB=12,41106944,41107272,AAA,GTT
2	36313865	NA	GA	G	91	PASS;GTGTGATGGAAAATCTAG	INDEL;IDV=16;IMF=1;DP=16;VDB=1.29641e-11;SGB=-0.689466;MQ0F=0;AC=2;AN=2;DP4=0,0,0,16;MQ=60;RB=2,36313640,36313970,TCC,GAT
14	57273479	NA	GA	G	53	PASS;GAAAGGAAGAAAAAGAAA	INDEL;IDV=16;IMF=1;DP=16;VDB=1.33331e-05;SGB=-0.651104;MQ0F=0;AC=2;AN=2;DP4=0,0,8,0;MQ=60;RB=14,57273353,57273570,TGA,GAC
1	188562687	NA	T	TAGGTA	177	PASS;ATGATAGATGATAGATAG	INDEL;IDV=12;IMF=0.857143;DP=14;VDB=2.26006e-08;SGB=-0.676189;MQ0F=0;AC=2;AN=2;DP4=0,0,0,11;MQ=60;RB=1,188562381,188562806,GGA,AAT
6	166239984	NA	CCT	C	225	MASKED;CCTCTGTCCCTGTGTCCC	INDEL;IDV=15;IMF=1;DP=15;VDB=4.49525e-10;SGB=-0.688148;MQ0F=0;AC=2;AN=2;DP4=0,0,15,0;MQ=60;RB=6,166239862,166240207,CTG,ACC
14	41323057	NA	TTA	T	175	PASS;ATTCCAAATTATTTTGTT	INDEL;IDV=12;IMF=1;DP=12;VDB=0.000411984;SGB=-0.616816;MQ0F=0;AC=2;AN=2;DP4=0,0,6,0;MQ=60;RB=14,41322967,41323123,CAT,CCG
21	22689028	NA	TA	T	134	PASS;CGCTCAGCTAATTTTTGT	INDEL;IDV=13;IMF=1;DP=13;VDB=2.26006e-08;SGB=-0.680642;MQ0F=0;AC=2;AN=2;DP4=0,0,12,0;MQ=60;RB=21,22688913,22689288,TGG,CTA
1	94512232	NA	CT	C	49.4146	PASS;CACTTCAACTCTCTGAAT	INDEL;IDV=6;IMF=1;DP=6;VDB=0.00187095;SGB=-0.590765;MQ0F=0;AC=2;AN=2;DP4=0,0,0,5;MQ=60;RB=1,94512081,94512329,GGG,GTA
13	113414051	NA	TA	T	154	PASS;AACAATTTTATTTTTTCC	INDEL;IDV=14;IMF=1;DP=14;VDB=2.26006e-08;SGB=-0.686358;MQ0F=0;AC=2;AN=2;DP4=0,0,14,0;MQ=60;RB=13,113413932,113414197,ATT,ACC
18	65128415	NA	AT	A	81	PASS;CACTATAAATTTTCCTCT	INDEL;IDV=9;IMF=1;DP=9;VDB=5.52906e-06;SGB=-0.662043;MQ0F=0;AC=2;AN=2;DP4=0,0,0,9;MQ=60;RB=18,65128063,65128439,AAG,GAG
9	7198174	NA	TC	T	118	NEI_IND[17/352];TTTTCTTTTCCTTTCTTT	INDEL;IDV=17;IMF=1;DP=17;VDB=3.40112e-07;SGB=-0.683931;MQ0F=0;AC=2;AN=2;DP4=0,0,13,0;MQ=60;RB=9,7198090,7198377,ATG,CCT
3	99387981	NA	ATATATATATAGAGG	A	225	MASKED;ATATATATATATATATAT	INDEL;IDV=12;IMF=0.923077;DP=12;VDB=2.26006e-08;SGB=-0.680642;MQ0F=0;AC=2;AN=2;DP4=0,0,12,0;MQ=60;RB=3,99387867,99388253,TTC,AGG
X	143770066	NA	CT	C	39.4149	PASS;CTGAATTACTTTTTTAAC	INDEL;IDV=14;IMF=1;DP=14;VDB=1.33331e-05;SGB=-0.651104;MQ0F=0;AC=2;AN=2;DP4=0,0,8,0;MQ=60;RB=X,143769997,143770206,TAT,ATC
12	41107154	NA	AT	A	135	PASS;GAGCAGAAATTTAAATAA	INDEL;IDV=16;IMF=1;DP=16;VDB=1.29641e-11;SGB=-0.689466;MQ0F=0;AC=2;AN=2;DP4=0,0,0,16;MQ=60;RB=12,41106944,41107271,GTT,TGG
18	73583030	NA	AAAG	A	225	PASS;AAAGAAAGAAAGAAAGAA	INDEL;IDV=11;IMF=0.846154;DP=13;VDB=6.99472e-07;SGB=-0.670168;MQ0F=0;AC=2;AN=2;DP4=0,0,10,0;MQ=60;RB=18,73582896,73583317,AAT,GGG
22	45038780	NA	ATT	A	197	PASS;CTGACAATATTCTAGGAG	INDEL;IDV=12;IMF=0.923077;DP=13;VDB=1.17174e-06;SGB=-0.670168;MQ0F=0;AC=2;AN=2;DP4=0,0,10,0;MQ=60;RB=22,45038689,45038937,GGG,TCG
15	88470657	NA	AT	A	125	PASS;CACCTCAAATTCCCAGCC	INDEL;IDV=9;IMF=1;DP=9;VDB=5.52906e-06;SGB=-0.662043;MQ0F=0;AC=2;AN=2;DP4=0,0,9,0;MQ=60;RB=15,88470647,88470878,AGT,GTT
1	62128353	NA	CTTTAT	C	205	NEI_IND[5/237];GCCTGGCCCTTTATTTTA	INDEL;IDV=13;IMF=0.928571;DP=14;VDB=8.56207e-08;SGB=-0.683931;MQ0F=0;AC=2;AN=2;DP4=0,0,0,13;MQ=60;RB=1,62128134,62128450,ATA,TGG
11	38922025	NA	TTGAC	T	225	MASKED;AATGTAGATTGACTGACC	INDEL;IDV=10;IMF=1;DP=10;VDB=8.18706e-05;SGB=-0.670168;MQ0F=0;AC=2;AN=2;DP4=0,0,10,0;MQ=60;RB=11,38921980,38922253,GTG,TGT
1	105448480	NA	CTA	C	189	NEI_IND[13/360];ATATCTATCTATATCTAT	INDEL;IDV=8;IMF=1;DP=8;VDB=1.33331e-05;SGB=-0.651104;MQ0F=0;AC=2;AN=2;DP4=0,0,8,0;MQ=60;RB=1,105448352,105448633,TCG,TTG
14	29608122	NA	CT	C	5.61072	MASKED;TATTTCCTCTTTTTTTTT	INDEL;IDV=19;IMF=0.95;DP=20;VDB=3.3107e-13;SGB=-0.69168;MQ0F=0;AC=2;AN=2;DP4=0,1,0,19;MQ=60;RB=14,29607935,29608175,GCC,GTT
12	73652003	NA	CA	C	87	PASS;GCATTGAACAAAATTCAA	INDEL;IDV=12;IMF=1;DP=12;VDB=2.26006e-08;SGB=-0.680642;MQ0F=0;AC=2;AN=2;DP4=0,0,12,0;MQ=60;RB=12,73651908,73652369,TAT,GTC
3	70691873	NA	C	CA	15.5372	PASS;AATGAAAACAAAAAAAAT	INDEL;IDV=7;IMF=1;DP=7;VDB=0.000181347;SGB=-0.636426;MQ0F=0;AC=2;AN=2;DP4=0,0,0,7;MQ=60;RB=3,70691403,70691947,ACT,CAT
11	38922025	NA	TTGAC	T	225	MASKED;AATGTAGATTGACTGACC	INDEL;IDV=9;IMF=1;DP=9;VDB=0.000273359;SGB=-0.662043;MQ0F=0;AC=2;AN=2;DP4=0,0,9,0;MQ=60;RB=11,38921979,38922252,TTT,GCC
8	116799634	NA	A	AT	36.4154	PASS;CCTCTCCAATTTTTTGCC	INDEL;IDV=7;IMF=1;DP=7;VDB=6.71664e-05;SGB=-0.636426;MQ0F=0;AC=2;AN=2;DP4=0,0,0,7;MQ=60;RB=8,116799411,116799665,GTT,TCG
X	110271253	NA	ATG	A	201	MASKED;ACATATATATGTGTGTAT	INDEL;IDV=11;IMF=0.916667;DP=12;VDB=2.78367e-08;SGB=-0.680642;MQ0F=0;AC=2;AN=2;DP4=0,0,12,0;MQ=60;RB=X,110271128,110271543,CCT,TAA
1	188562687	NA	T	TAGGTA	190	PASS;ATGATAGATGATAGATAG	INDEL;IDV=13;IMF=0.928571;DP=14;VDB=2.26006e-08;SGB=-0.680642;MQ0F=0;AC=2;AN=2;DP4=0,0,0,12;MQ=60;RB=1,188562381,188562805,CTT,CAG
6	74963403	NA	A	AAT	208	PASS;ACAAAATAAATATATATA	INDEL;IDV=14;IMF=1;DP=14;VDB=6.71664e-05;SGB=-0.636426;MQ0F=0;AC=2;AN=2;DP4=0,0,7,0;MQ=60;RB=6,74963303,74963473,TCA,CGT
13	23161225	NA	TATAG	T	225	NEI_IND[6/338];TATATATATATAGATATA	INDEL;IDV=12;IMF=0.923077;DP=13;VDB=2.26006e-08;SGB=-0.680642;MQ0F=0;AC=2;AN=2;DP4=0,0,0,12;MQ=60;RB=13,23161083,23161356,ATG,GTC
17	5961671	NA	AT	A	136	PASS;GTCAGAGAATTTAATTCA	INDEL;IDV=15;IMF=1;DP=15;VDB=2.26006e-08;SGB=-0.686358;MQ0F=0;AC=2;AN=2;DP4=0,0,14,0;MQ=60;RB=17,5961616,5961937,TAG,TAT
18	1295814	NA	AT	A	136	PASS;GTAGTAAAATTTGGTAAA	INDEL;IDV=14;IMF=1;DP=14;VDB=2.26006e-08;SGB=-0.686358;MQ0F=0;AC=2;AN=2;DP4=0,0,14,0;MQ=60;RB=18,1295761,1295998,AGT,GAT
6	140219437	NA	AT	A	39.4149	PASS;ATCTAGATATTTTTTCAT	INDEL;IDV=16;IMF=1;DP=16;VDB=1.33331e-05;SGB=-0.651104;MQ0F=0;AC=2;AN=2;DP4=0,0,8,0;MQ=60;RB=6,140219315,140219499,ACT,TTT
5	37124382	NA	AC	A	137	NEI_IND[61/329];TAATCTAAACTGTAATCT	INDEL;IDV=17;IMF=0.944444;DP=18;VDB=1.29641e-11;SGB=-0.689466;MQ0F=0;AC=2;AN=2;DP4=0,0,16,0;MQ=60;RB=5,37124247,37124706,ATA,CGA
3	181627338	NA	TTTCCTTCCTTCCTTCC	T	199	NEI_IND[6/317];TTCTTTCTTTTCCTTCCT	INDEL;IDV=24;IMF=1;DP=24;VDB=1.30483e-15;SGB=-0.692831;MQ0F=0;AC=2;AN=2;DP4=0,0,0,24;MQ=60;RB=3,181626979,181627462,ACC,GCT
17	49582855	NA	AT	A	92	PASS;ACCCTAAGATTTTCTTAC	INDEL;IDV=17;IMF=1;DP=17;VDB=1.29641e-11;SGB=-0.690438;MQ0F=0;AC=2;AN=2;DP4=0,0,0,17;MQ=60;RB=17,49582642,49582930,CCA,TCG
19	49251211	NA	AAACC	A	225	MASKED;ACACACACAAACCCACAC	INDEL;IDV=15;IMF=1;DP=15;VDB=4.49525e-10;SGB=-0.688148;MQ0F=0;AC=2;AN=2;DP4=0,0,15,0;MQ=60;RB=19,49251078,49251680,ACT,TTG
12	23263055	NA	T	TA	28.4205	NEI_IND[7/300];TAAATAAATAATAAATAA	INDEL;IDV=13;IMF=1;DP=13;VDB=2.26006e-08;SGB=-0.676189;MQ0F=0;AC=2;AN=2;DP4=0,0,11,0;MQ=60;RB=12,23262932,23263292,GAA,GAT
8	29126599	NA	TA	T	150	PASS;CCCTTACATATTTTTCAG	INDEL;IDV=19;IMF=0.95;DP=19;VDB=6.99472e-07;SGB=-0.670168;MQ0F=0;AC=2;AN=2;DP4=0,0,10,0;MQ=60;RB=8,29126530,29126718,CGT,GAC
4	145021557	NA	A	AC	41.4148	PASS;ATTAATGAACATTAATTA	INDEL;IDV=5;IMF=1;DP=5;VDB=0.00187095;SGB=-0.590765;MQ0F=0;AC=2;AN=2;DP4=0,0,0,5;MQ=60;RB=4,145021399,145021577,TGG,CGA
4	117925574	NA	AT	A	91	PASS;GTTTTGTTATTTTCTACT	INDEL;IDV=15;IMF=1;DP=15;VDB=4.49525e-10;SGB=-0.688148;MQ0F=0;AC=2;AN=2;DP4=0,0,0,15;MQ=60;RB=4,117925384,117925620,TTT,GTT
19	39564791	NA	GGA	G	201	MASKED;GAGAGAGAGGAAGGAAGG	INDEL;IDV=9;IMF=1;DP=9;VDB=5.52906e-06;SGB=-0.662043;MQ0F=0;AC=2;AN=2;DP4=0,0,9,0;MQ=60;RB=19,39564659,39565007,GGA,GAT
3	183069337	NA	AT	A	140	PASS;TCAGGAAAATCAGGACAA	INDEL;IDV=18;IMF=1;DP=18;VDB=5.52906e-06;SGB=-0.662043;MQ0F=0;AC=2;AN=2;DP4=0,0,9,0;MQ=60;RB=3,183069226,183069405,ATT,GTA
X	32045278	NA	CGT	C	81	NEI_IND[21/412];CACACGCACGTGCACACA	INDEL;IDV=8;IMF=0.666667;DP=8;VDB=2.75158e-05;SGB=-0.651104;MQ0F=0;AC=2;AN=2;DP4=0,0,8,0;MQ=60;RB=X,32045261,32045564,CCG,ACG
6	140219437	NA	AT	A	36.4154	PASS;ATCTAGATATTTTTTCAT	INDEL;IDV=14;IMF=1;DP=14;VDB=6.71664e-05;SGB=-0.636426;MQ0F=0;AC=2;AN=2;DP4=0,0,7,0;MQ=60;RB=6,140219315,140219499,ATA,GTT
21	20996855	NA	TA	T	160	PASS;CAGAAGATTATTTTAAAT	INDEL;IDV=12;IMF=1;DP=12;VDB=2.26006e-08;SGB=-0.680642;MQ0F=0;AC=2;AN=2;DP4=0,0,12,0;MQ=60;RB=21,20996770,20997066,AAT,GCC
1	92733707	NA	TA	T	110	PASS;AATAATATTAAAATTTAT	INDEL;IDV=12;IMF=1;DP=12;VDB=0.706816;SGB=-0.676189;MQSB=0.950952;MQ0F=0;AC=2;AN=2;DP4=0,0,6,5;MQ=60;RB=1,92733581,92733797,CCT,TAA
18	25366838	NA	GA	G	118	PASS;GTGGGTTCGAATCTCAAA	INDEL;IDV=8;IMF=1;DP=8;VDB=1.33331e-05;SGB=-0.651104;MQ0F=0;AC=2;AN=2;DP4=0,0,0,8;MQ=60;RB=18,25366492,25366953,GCC,CGT
1	92733707	NA	TA	T	64	PASS;AATAATATTAAAATTTAT	INDEL;IDV=12;IMF=1;DP=12;VDB=0.000411984;SGB=-0.616816;MQ0F=0;AC=2;AN=2;DP4=0,0,6,0;MQ=60;RB=1,92733582,92733797,TGG,CAT
X	110271253	NA	ATG	A	197	MASKED;ACATATATATGTGTGTAT	INDEL;IDV=11;IMF=1;DP=11;VDB=2.26006e-08;SGB=-0.676189;MQ0F=0;AC=2;AN=2;DP4=0,0,11,0;MQ=60;RB=X,110271128,110271543,GCT,GAT
5	92594821	NA	GA	G	91	PASS;GAATTTATGAAAATAAAG	INDEL;IDV=15;IMF=1;DP=15;VDB=4.49525e-10;SGB=-0.688148;MQ0F=0;AC=2;AN=2;DP4=0,0,15,0;MQ=60;RB=5,92594703,92595063,ATT,AAA
15	64261135	NA	TA	T	42.4147	PASS;AGACACAATAAAACAACA	INDEL;IDV=8;IMF=1;DP=8;VDB=0.0058656;SGB=-0.556411;MQ0F=0;AC=2;AN=2;DP4=0,0,4,0;MQ=60;RB=15,64261028,64261181,CTA,GTC
5	164090846	NA	AT	A	138	PASS;TACCAAAAATTTCTATAA	INDEL;IDV=17;IMF=1;DP=17;VDB=1.29641e-11;SGB=-0.690438;MQ0F=0;AC=2;AN=2;DP4=0,0,0,17;MQ=60;RB=5,164090526,164090887,TAG,TAT
17	32560294	NA	GA	G	113	PASS;GAAAGAAAGAAAGAAAGA	INDEL;IDV=10;IMF=1;DP=10;VDB=6.99472e-07;SGB=-0.670168;MQ0F=0;AC=2;AN=2;DP4=0,0,10,0;MQ=60;RB=17,32560159,32560533,CAC,TTT
X	22603435	NA	A	AT	139	PASS;ACTTAAAAATTTGCTAGG	INDEL;IDV=17;IMF=1;DP=17;VDB=1.09773e-10;SGB=-0.690438;MQ0F=0;AC=2;AN=2;DP4=0,0,17,0;MQ=60;RB=X,22603364,22603670,TGC,CTG
11	60716910	NA	GAA	G	211	NEI_IND[10/345];GAAAGAAAGAAAGAAAGA	INDEL;IDV=11;IMF=1;DP=11;VDB=2.26006e-08;SGB=-0.676189;MQ0F=0;AC=2;AN=2;DP4=0,0,11,0;MQ=60;RB=11,60716775,60717213,CAA,GAG
7	44378684	NA	AT	A	126	PASS;GGCATGGAATTTCTGGGT	INDEL;IDV=12;IMF=1;DP=12;VDB=2.26006e-08;SGB=-0.680642;MQ0F=0;AC=2;AN=2;DP4=0,0,0,12;MQ=60;RB=7,44378279,44378802,GGG,CTT
21	32745982	NA	GA	G	131	PASS;GGTGTCTGGAATTTTTTT	INDEL;IDV=9;IMF=1;DP=9;VDB=5.52906e-06;SGB=-0.662043;MQ0F=0;AC=2;AN=2;DP4=0,0,9,0;MQ=60;RB=21,32745912,32746539,AGA,TTT
3	163163349	NA	T	TA	28.4205	PASS;CACACAGATAAAAAAAGA	INDEL;IDV=10;IMF=1;DP=10;VDB=6.99472e-07;SGB=-0.670168;MQ0F=0;AC=2;AN=2;DP4=0,0,0,10;MQ=60;RB=3,163163072,163163416,AGT,ACC
6	115637917	NA	TA	T	64	PASS;AAAAATCTTAAAATTAAC	INDEL;IDV=6;IMF=1;DP=6;VDB=0.000411984;SGB=-0.616816;MQ0F=0;AC=2;AN=2;DP4=0,0,0,6;MQ=60;RB=6,115637729,115637935,AAT,AAT
6	166239984	NA	CCT	C	225	MASKED;CCTCTGTCCCTGTGTCCC	INDEL;IDV=13;IMF=1;DP=13;VDB=2.26006e-08;SGB=-0.683931;MQ0F=0;AC=2;AN=2;DP4=0,0,13,0;MQ=60;RB=6,166239861,166240207,GTT,TCG
11	29338353	NA	GAGAGAGAT	G	225	NEI_IND[4/298];GAGAGAGAGAGAGAGATA	INDEL;IDV=16;IMF=0.941176;DP=16;VDB=1.29641e-11;SGB=-0.689466;MQ0F=0;AC=2;AN=2;DP4=0,0,0,16;MQ=60;RB=11,29338154,29338480,AAT,ATA
11	29338391	NA	GTA	G	106	NEI_IND[48/280];CATAGTGTGTATATATAT	INDEL;IDV=16;IMF=0.941176;DP=17;VDB=2.00355e-11;SGB=-0.689466;MQ0F=0;AC=2;AN=2;DP4=0,1,0,16;MQ=60;RB=11,29338154,29338480,AAT,ATA
12	60548851	NA	AT	A	92	PASS;AAATTATAATTTTATCCT	INDEL;IDV=18;IMF=1;DP=18;VDB=1.29641e-11;SGB=-0.690438;MQ0F=0;AC=2;AN=2;DP4=0,0,0,17;MQ=60;RB=12,60548635,60548943,GTA,CCC
13	83877657	NA	AC	A	128	PASS;GGAATAAAACAAATTCTA	INDEL;IDV=10;IMF=1;DP=10;VDB=6.99472e-07;SGB=-0.670168;MQ0F=0;AC=2;AN=2;DP4=0,0,0,10;MQ=60;RB=13,83877243,83877777,TGA,CCC
3	107584210	NA	T	TAC	225	NEI_IND[4/318];TGTGTATATATACACACA	INDEL;IDV=19;IMF=0.904762;DP=21;VDB=2.63505e-13;SGB=-0.692067;MQ0F=0;AC=2;AN=2;DP4=0,0,0,20;MQ=60;RB=3,107584029,107584290,TGG,CTG
7	44378684	NA	AT	A	122	PASS;GGCATGGAATTTCTGGGT	INDEL;IDV=11;IMF=1;DP=11;VDB=2.26006e-08;SGB=-0.676189;MQ0F=0;AC=2;AN=2;DP4=0,0,0,11;MQ=60;RB=7,44378279,44378802,CCG,AAT
8	105693805	NA	ATATATCTATATC	A	216	NEI_IND[6/186];CTCTCTCTATATATCTAT	INDEL;IDV=10;IMF=1;DP=10;VDB=6.99472e-07;SGB=-0.670168;MQ0F=0;AC=2;AN=2;DP4=0,0,10,0;MQ=60;RB=8,105693751,105693994,TCG,CTG
14	94650366	NA	TA	T	132	PASS;TATATGTTTATTTTCATG	INDEL;IDV=8;IMF=1;DP=8;VDB=1.33331e-05;SGB=-0.651104;MQ0F=0;AC=2;AN=2;DP4=0,0,8,0;MQ=60;RB=14,94650350,94650531,TTT,TGT
15	88470657	NA	AT	A	125	PASS;CACCTCAAATTCCCAGCC	INDEL;IDV=9;IMF=1;DP=9;VDB=5.52906e-06;SGB=-0.662043;MQ0F=0;AC=2;AN=2;DP4=0,0,9,0;MQ=60;RB=15,88470647,88470878,TTT,ATA
4	74023903	NA	AAGAGAG	A	225	NEI_IND[8/476];AAGAAAGAAAGAGAGAGA	INDEL;IDV=10;IMF=0.909091;DP=11;VDB=6.99472e-07;SGB=-0.670168;MQ0F=0;AC=2;AN=2;DP4=0,0,10,0;MQ=60;RB=4,74023774,74024158,ACT,TTA
1	102430367	NA	AT	A	88	PASS;CCATTTTTATTTTAAACA	INDEL;IDV=14;IMF=1;DP=14;VDB=2.26006e-08;SGB=-0.680642;MQ0F=0;AC=2;AN=2;DP4=0,0,12,0;MQ=60;RB=1,102430267,102430778,CTG,CTC
13	103284511	NA	A	ATT	180	PASS;GTCGTGAAATTTTATTAT	INDEL;IDV=12;IMF=1;DP=12;VDB=0.00011279;SGB=-0.636426;MQ0F=0;AC=2;AN=2;DP4=0,0,7,0;MQ=60;RB=13,103284480,103284646,ATT,GTA
20	52360638	NA	CT	C	26.4242	PASS;CTCCCTCCCTTCCCTCCC	INDEL;IDV=11;IMF=1;DP=11;VDB=0.00187095;SGB=-0.590765;MQ0F=0;AC=2;AN=2;DP4=0,0,0,5;MQ=60;RB=20,52360507,52360777,GGG,CCG
1	92733707	NA	TA	T	81	PASS;AATAATATTAAAATTTAT	INDEL;IDV=18;IMF=1;DP=18;VDB=5.52906e-06;SGB=-0.662043;MQ0F=0;AC=2;AN=2;DP4=0,0,9,0;MQ=60;RB=1,92733582,92733797,TCC,TGT
21	46113562	NA	ATTT	A	133	NEI_IND[20/273];TGGCTGTAATTTTTTTTT	INDEL;IDV=16;IMF=1;DP=16;VDB=0.021209;SGB=-0.689466;MQSB=1;MQ0F=0;AC=2;AN=2;DP4=0,0,8,8;MQ=60;RB=21,46113458,46113650,CCC,GCG
21	20996855	NA	TA	T	154	PASS;CAGAAGATTATTTTAAAT	INDEL;IDV=11;IMF=1;DP=11;VDB=2.26006e-08;SGB=-0.676189;MQ0F=0;AC=2;AN=2;DP4=0,0,11,0;MQ=60;RB=21,20996771,20997066,TCC,GGG
7	125144509	NA	AT	A	113	PASS;TTTATTAAATTTATCTGA	INDEL;IDV=8;IMF=1;DP=8;VDB=1.33331e-05;SGB=-0.651104;MQ0F=0;AC=2;AN=2;DP4=0,0,8,0;MQ=60;RB=7,125144477,125144778,TTG,GAT
1	69980187	NA	C	CA	29.4193	PASS;AATAATAACAAAAAAAGC	INDEL;IDV=12;IMF=0.923077;DP=13;VDB=2.26006e-08;SGB=-0.680642;MQ0F=0;AC=2;AN=2;DP4=0,0,12,0;MQ=60;RB=1,69980086,69980516,AAG,TGC
5	164090846	NA	AT	A	136	PASS;TACCAAAAATTTCTATAA	INDEL;IDV=14;IMF=1;DP=14;VDB=2.26006e-08;SGB=-0.686358;MQ0F=0;AC=2;AN=2;DP4=0,0,0,14;MQ=60;RB=5,164090526,164090887,ATG,AGT
6	112458347	NA	AT	A	85	PASS;TCAAAGAAATTTTGTAAC	INDEL;IDV=11;IMF=1;DP=11;VDB=2.26006e-08;SGB=-0.676189;MQ0F=0;AC=2;AN=2;DP4=0,0,11,0;MQ=60;RB=6,112458316,112458806,CGC,TCA
18	1295814	NA	AT	A	138	PASS;GTAGTAAAATTTGGTAAA	INDEL;IDV=15;IMF=1;DP=15;VDB=4.49525e-10;SGB=-0.688148;MQ0F=0;AC=2;AN=2;DP4=0,0,15,0;MQ=60;RB=18,1295761,1295998,AGA,CAT
12	60548851	NA	AT	A	90	PASS;AAATTATAATTTTATCCT	INDEL;IDV=13;IMF=1;DP=13;VDB=2.26006e-08;SGB=-0.683931;MQ0F=0;AC=2;AN=2;DP4=0,0,0,13;MQ=60;RB=12,60548636,60548943,CCG,CCG
11	125967779	NA	CCAGACAGG	C	225	PASS;ACTGAAGCCCAGACAGGA	INDEL;IDV=10;IMF=1;DP=10;VDB=6.99472e-07;SGB=-0.670168;MQ0F=0;AC=2;AN=2;DP4=0,0,10,0;MQ=60;RB=11,125967725,125967981,TGG,ATG
11	30315940	NA	AAAAGCTAT	A	225	MASKED;AAACAGTAAAAAGCTATA	INDEL;IDV=9;IMF=1;DP=9;VDB=5.52906e-06;SGB=-0.662043;MQ0F=0;AC=2;AN=2;DP4=0,0,9,0;MQ=60;RB=11,30315814,30316036,CTG,CCT
3	183069337	NA	AT	A	119	PASS;TCAGGAAAATCAGGACAA	INDEL;IDV=14;IMF=1;DP=14;VDB=6.71664e-05;SGB=-0.636426;MQ0F=0;AC=2;AN=2;DP4=0,0,7,0;MQ=60;RB=3,183069227,183069404,TAG,CTG
6	68320861	NA	AT	A	199	PASS;ATTTAAAAATTAGCACTA	INDEL;IDV=20;IMF=1;DP=20;VDB=0.98639;SGB=-0.691153;MQSB=1;MQ0F=0;AC=2;AN=2;DP4=0,0,10,8;MQ=60;RB=6,68320731,68320964,GTC,CGG
11	125967779	NA	CCAGACAGG	C	225	PASS;ACTGAAGCCCAGACAGGA	INDEL;IDV=19;IMF=1;DP=19;VDB=1.29641e-11;SGB=-0.69168;MQ0F=0;AC=2;AN=2;DP4=0,0,19,0;MQ=60;RB=11,125967724,125967982,TAT,CCT
10	25047433	NA	TCTTTCCCTTC	T	225	NEI_IND[6/208];CCTTTCTTTCTTTCCCTT	INDEL;IDV=14;IMF=1;DP=14;VDB=2.26006e-08;SGB=-0.686358;MQ0F=0;AC=2;AN=2;DP4=0,0,0,14;MQ=60;RB=10,25047219,25047526,GCG,GGG
1	190490720	NA	GTATGCA	G	129	NEI_IND[6/526];GTGTGTGTGTATGCATGT	INDEL;IDV=5;IMF=1;DP=5;VDB=0.0058656;SGB=-0.556411;MQ0F=0;AC=2;AN=2;DP4=0,0,0,4;MQ=60;RB=1,190490388,190490735,ACG,TGG
6	104093582	NA	AT	A	127	PASS;TGTCTAATATTGACAGTG	INDEL;IDV=11;IMF=1;DP=11;VDB=2.26006e-08;SGB=-0.676189;MQ0F=0;AC=2;AN=2;DP4=0,0,0,11;MQ=60;RB=6,104093394,104093655,CGG,GTA
9	18574591	NA	GTT	G	225	NEI_IND[36/544];GTGTTTGTGTTTGTGTGT	INDEL;IDV=13;IMF=1;DP=13;VDB=2.26006e-08;SGB=-0.683931;MQ0F=0;AC=2;AN=2;DP4=0,0,0,13;MQ=60;RB=9,18574248,18574727,AAA,TCA
4	61047569	NA	TAA	T	211	PASS;TGTTTTAATAAAAGTTAA	INDEL;IDV=10;IMF=0.909091;DP=10;VDB=6.99472e-07;SGB=-0.670168;MQ0F=0;AC=2;AN=2;DP4=0,0,10,0;MQ=60;RB=4,61047507,61047859,GTA,TCG
16	3952266	NA	ATATG	A	225	PASS;ATATATATATATGTGTGT	INDEL;IDV=28;IMF=0.965517;DP=29;VDB=2.38242e-15;SGB=-0.692976;MQ0F=0;AC=2;AN=2;DP4=0,0,26,0;MQ=60;RB=16,3952139,3952438,AGA,TTA
7	85430371	NA	AT	A	88	PASS;TTGAAAAAATTATTATTC	INDEL;IDV=5;IMF=1;DP=5;VDB=0.00187095;SGB=-0.590765;MQ0F=0;AC=2;AN=2;DP4=0,0,0,5;MQ=60;RB=7,85430198,85430495,TTA,GGG
3	155370955	NA	TATAG	T	225	MASKED;GATATAGATATAGATATA	INDEL;IDV=11;IMF=1;DP=11;VDB=6.99472e-07;SGB=-0.670168;MQ0F=0;AC=2;AN=2;DP4=0,0,0,10;MQ=60;RB=3,155370786,155370974,CTG,GGC
11	2209160	NA	CGCT	C	225	MASKED;ACACCACACGCTACACAC	INDEL;IDV=14;IMF=1;DP=14;VDB=2.26006e-08;SGB=-0.686358;MQ0F=0;AC=2;AN=2;DP4=0,0,0,14;MQ=60;RB=11,2208929,2209178,GAG,TTT
11	2209160	NA	CGCT	C	225	MASKED;ACACCACACGCTACACAC	INDEL;IDV=13;IMF=1;DP=13;VDB=3.3258e-08;SGB=-0.683931;MQ0F=0;AC=2;AN=2;DP4=0,0,0,13;MQ=60;RB=11,2208928,2209178,GTT,TCA
1	105448480	NA	CTA	C	193	NEI_IND[13/360];ATATCTATCTATATCTAT	INDEL;IDV=8;IMF=1;DP=8;VDB=1.33331e-05;SGB=-0.651104;MQ0F=0;AC=2;AN=2;DP4=0,0,8,0;MQ=60;RB=1,105448351,105448633,TAA,ATG
8	137162484	NA	CA	C	93	PASS;TATAGCCACATTTTCTCA	INDEL;IDV=10;IMF=1;DP=10;VDB=6.99472e-07;SGB=-0.670168;MQ0F=0;AC=2;AN=2;DP4=0,0,0,10;MQ=60;RB=8,137162325,137162523,ATA,GGT
1	94512232	NA	CT	C	86	PASS;CACTTCAACTCTCTGAAT	INDEL;IDV=17;IMF=1;DP=17;VDB=1.29641e-11;SGB=-0.689466;MQ0F=0;AC=2;AN=2;DP4=0,0,0,16;MQ=60;RB=1,94512080,94512329,GTT,TTT
9	21127088	NA	T	TA	15.5448	PASS;CATTAGAATAAAAAAAAC	INDEL;IDV=11;IMF=1;DP=11;VDB=2.26006e-08;SGB=-0.676189;MQ0F=0;AC=2;AN=2;DP4=0,0,0,11;MQ=60;RB=9,21126908,21127127,CGA,TTT
20	54349260	NA	GA	G	137	PASS;AGGAGGAAGAAATACTAG	INDEL;IDV=15;IMF=1;DP=15;VDB=4.49525e-10;SGB=-0.688148;MQ0F=0;AC=2;AN=2;DP4=0,0,15,0;MQ=60;RB=20,54349168,54349620,AGA,GGA
17	5961671	NA	AT	A	141	PASS;GTCAGAGAATTTAATTCA	INDEL;IDV=26;IMF=1;DP=26;VDB=1.30483e-15;SGB=-0.692976;MQ0F=0;AC=2;AN=2;DP4=0,0,26,0;MQ=60;RB=17,5961616,5961937,TGG,AGT
8	116799634	NA	A	AT	42.4147	PASS;CCTCTCCAATTTTTTGCC	INDEL;IDV=9;IMF=1;DP=9;VDB=5.52906e-06;SGB=-0.662043;MQ0F=0;AC=2;AN=2;DP4=0,0,0,9;MQ=60;RB=8,116799411,116799665,ACT,TAG
X	107267383	NA	TA	T	134	PASS;TTTCTAACTAATTTTAGT	INDEL;IDV=10;IMF=1;DP=10;VDB=6.99472e-07;SGB=-0.670168;MQ0F=0;AC=2;AN=2;DP4=0,0,10,0;MQ=60;RB=X,107267332,107267753,ATT,CAG
14	63121587	NA	C	CA	63	PASS;TCTTTCAGCAAAAATAGA	INDEL;IDV=14;IMF=0.933333;DP=15;VDB=4.49525e-10;SGB=-0.688148;MQ0F=0;AC=2;AN=2;DP4=0,0,15,0;MQ=60;RB=14,63121507,63121790,CGA,ATA
6	104093582	NA	AT	A	126	PASS;TGTCTAATATTGACAGTG	INDEL;IDV=11;IMF=1;DP=11;VDB=2.26006e-08;SGB=-0.676189;MQ0F=0;AC=2;AN=2;DP4=0,0,0,11;MQ=60;RB=6,104093393,104093655,TTT,TTT
15	46992295	NA	TA	T	157	PASS;CCTACCAGTATTTTTTGA	INDEL;IDV=13;IMF=1;DP=13;VDB=2.26006e-08;SGB=-0.683931;MQ0F=0;AC=2;AN=2;DP4=0,0,13,0;MQ=60;RB=15,46992270,46992825,GGA,TTC
16	80750936	NA	TGCAC	T	170	MASKED;TGGATGGATGCACGGATG	INDEL;IDV=7;IMF=1;DP=7;VDB=0.000411984;SGB=-0.616816;MQ0F=0;AC=2;AN=2;DP4=0,0,0,6;MQ=60;RB=16,80750348,80750951,CAT,CGT
2	58005730	NA	GA	G	225	PASS;CTTGTAAAGAATTTTTGT	INDEL;IDV=28;IMF=1;DP=28;VDB=1;SGB=-0.693054;MQSB=1;MQ0F=0;AC=2;AN=2;DP4=0,0,14,14;MQ=60;RB=2,58005599,58005864,ATC,CTC
14	78685920	NA	TA	T	142	PASS;CGACGTCTTAATTTTCCC	INDEL;IDV=12;IMF=1;DP=12;VDB=2.26006e-08;SGB=-0.680642;MQ0F=0;AC=2;AN=2;DP4=0,0,0,12;MQ=60;RB=14,78685514,78685967,CTC,GTC
14	94650366	NA	TA	T	117	PASS;TATATGTTTATTTTCATG	INDEL;IDV=7;IMF=1;DP=7;VDB=7.99767e-05;SGB=-0.636426;MQ0F=0;AC=2;AN=2;DP4=0,0,7,0;MQ=60;RB=14,94650350,94650531,ACT,GTA
4	31887919	NA	TA	T	93	PASS;ACATTAAATAAATTTGTA	INDEL;IDV=12;IMF=1;DP=12;VDB=0.000411984;SGB=-0.616816;MQ0F=0;AC=2;AN=2;DP4=0,0,6,0;MQ=60;RB=4,31887802,31887980,CAT,GTT
7	125144509	NA	AT	A	125	PASS;TTTATTAAATTTATCTGA	INDEL;IDV=10;IMF=1;DP=10;VDB=6.99472e-07;SGB=-0.670168;MQ0F=0;AC=2;AN=2;DP4=0,0,10,0;MQ=60;RB=7,125144476,125144778,CGA,TCA
3	181627338	NA	TTTCCTTCCTTCCTTCC	T	157	NEI_IND[6/317];TTCTTTCTTTTCCTTCCT	INDEL;IDV=10;IMF=1;DP=10;VDB=1.03095e-06;SGB=-0.670168;MQ0F=0;AC=2;AN=2;DP4=0,0,0,10;MQ=60;RB=3,181626978,181627462,CGA,ATA
12	47294508	NA	A	AT	18.4763	PASS;CTACCTGGATTTTTTTTA	INDEL;IDV=10;IMF=1;DP=10;VDB=6.99472e-07;SGB=-0.670168;MQ0F=0;AC=2;AN=2;DP4=0,0,0,10;MQ=60;RB=12,47294239,47294528,TAC,TGA
6	23535334	NA	GA	G	89	PASS;TATGGAAGGAAAATTAAT	INDEL;IDV=15;IMF=1;DP=15;VDB=8.40031e-10;SGB=-0.688148;MQ0F=0;AC=2;AN=2;DP4=0,0,15,0;MQ=60;RB=6,23535239,23535827,ATG,GGG
3	179513663	NA	GT	G	16.5122	PASS;ATTAATCAGTTTTTTTTC	INDEL;IDV=17;IMF=1;DP=17;VDB=1.29641e-11;SGB=-0.690438;MQ0F=0;AC=2;AN=2;DP4=0,0,17,0;MQ=60;RB=3,179513573,179513846,GTT,TCA
1	211812917	NA	CA	C	134	PASS;ACCAGGAACAAATTTTAT	INDEL;IDV=13;IMF=1;DP=13;VDB=2.26006e-08;SGB=-0.683931;MQ0F=0;AC=2;AN=2;DP4=0,0,0,13;MQ=60;RB=1,211812633,211812996,TCG,ATA
6	140219437	NA	AT	A	42.4147	PASS;ATCTAGATATTTTTTCAT	INDEL;IDV=18;IMF=1;DP=18;VDB=5.52906e-06;SGB=-0.662043;MQ0F=0;AC=2;AN=2;DP4=0,0,9,0;MQ=60;RB=6,140219316,140219499,GGG,TGA
7	44378684	NA	AT	A	135	PASS;GGCATGGAATTTCTGGGT	INDEL;IDV=16;IMF=1;DP=16;VDB=4.49525e-10;SGB=-0.688148;MQ0F=0;AC=2;AN=2;DP4=0,0,0,15;MQ=60;RB=7,44378279,44378802,TAC,CAA
6	140219437	NA	AT	A	39.4149	PASS;ATCTAGATATTTTTTCAT	INDEL;IDV=16;IMF=1;DP=16;VDB=1.33331e-05;SGB=-0.651104;MQ0F=0;AC=2;AN=2;DP4=0,0,8,0;MQ=60;RB=6,140219315,140219499,ATT,GTT
9	12129711	NA	GA	G	74	PASS;GTACTAATGAAAATTTTC	INDEL;IDV=8;IMF=1;DP=8;VDB=1.33331e-05;SGB=-0.651104;MQ0F=0;AC=2;AN=2;DP4=0,0,0,8;MQ=60;RB=9,12129464,12129836,AAT,CTC
17	49582855	NA	AT	A	92	PASS;ACCCTAAGATTTTCTTAC	INDEL;IDV=16;IMF=1;DP=16;VDB=1.29641e-11;SGB=-0.689466;MQ0F=0;AC=2;AN=2;DP4=0,0,0,16;MQ=60;RB=17,49582642,49582931,GTA,TGT
11	125967779	NA	CCAGACAGG	C	225	PASS;ACTGAAGCCCAGACAGGA	INDEL;IDV=9;IMF=1;DP=9;VDB=5.52906e-06;SGB=-0.662043;MQ0F=0;AC=2;AN=2;DP4=0,0,9,0;MQ=60;RB=11,125967724,125967981,CCA,ACG
16	48080357	NA	AT	A	92	PASS;CAAGTAAAATTTTCTAAA	INDEL;IDV=17;IMF=1;DP=17;VDB=1.29641e-11;SGB=-0.690438;MQ0F=0;AC=2;AN=2;DP4=0,0,17,0;MQ=60;RB=16,48080267,48080568,CCC,CGT
2	58005730	NA	GA	G	215	PASS;CTTGTAAAGAATTTTTGT	INDEL;IDV=16;IMF=1;DP=16;VDB=1;SGB=-0.689466;MQSB=1;MQ0F=0;AC=2;AN=2;DP4=0,0,8,8;MQ=60;RB=2,58005599,58005865,CGC,GTT
19	32646753	NA	AT	A	27.4221	PASS;AGTATGTGATTTTTTTGT	INDEL;IDV=20;IMF=1;DP=20;VDB=1.33558e-05;SGB=-0.662043;MQ0F=0;AC=2;AN=2;DP4=0,0,9,0;MQ=60;RB=19,32646666,32646850,CTT,CCT
21	25433667	NA	AT	A	157	PASS;ATTAGAAAATCTCTTTAT	INDEL;IDV=14;IMF=1;DP=14;VDB=2.26006e-08;SGB=-0.683931;MQ0F=0;AC=2;AN=2;DP4=0,0,13,0;MQ=60;RB=21,25433577,25434007,TCG,AAT
15	88470657	NA	AT	A	130	PASS;CACCTCAAATTCCCAGCC	INDEL;IDV=10;IMF=1;DP=10;VDB=6.99472e-07;SGB=-0.670168;MQ0F=0;AC=2;AN=2;DP4=0,0,10,0;MQ=60;RB=15,88470647,88470878,AAT,CGA
4	188296922	NA	ATT	A	132	PASS;TAATAATAATTTTTTAAA	INDEL;IDV=13;IMF=0.928571;DP=14;VDB=2.26006e-08;SGB=-0.683931;MQ0F=0;AC=2;AN=2;DP4=0,0,13,0;MQ=60;RB=4,188296787,188297406,GCA,CGA
2	13487885	NA	TA	T	63	PASS;TATTCAATTAAAAATAAT	INDEL;IDV=15;IMF=1;DP=15;VDB=5.54295e-10;SGB=-0.688148;MQ0F=0;AC=2;AN=2;DP4=0,0,0,15;MQ=60;RB=2,13487663,13487924,GGG,AGT
1	193834773	NA	T	TTCTAGAAGAC	199	NEI_IND[31/421];TGTTTTTGTTATGTTAAT	INDEL;IDV=23;IMF=1;DP=23;VDB=2.63505e-13;SGB=-0.692067;MQ0F=0;AC=2;AN=2;DP4=0,0,20,0;MQ=60;RB=1,193834681,193835041,GCT,ACG
9	100715241	NA	TA	T	90	PASS;AAGTTACTTAAAATCTTC	INDEL;IDV=13;IMF=1;DP=13;VDB=2.26006e-08;SGB=-0.683931;MQ0F=0;AC=2;AN=2;DP4=0,0,0,13;MQ=60;RB=9,100714968,100715308,GAT,GTT
5	122405485	NA	AT	A	64	PASS;TCAATTTAATTTATTCCT	INDEL;IDV=9;IMF=1;DP=9;VDB=5.52906e-06;SGB=-0.662043;MQ0F=0;AC=2;AN=2;DP4=0,0,0,9;MQ=60;RB=5,122405330,122405544,TAT,GCG
12	84794800	NA	AG	A	44.4146	NEI_IND[7/154];ATATATATAGTATATATA	INDEL;IDV=14;IMF=1;DP=14;VDB=6.99472e-07;SGB=-0.670168;MQ0F=0;AC=2;AN=2;DP4=0,0,10,0;MQ=60;RB=12,84794707,84795083,TTT,AAT
18	1295814	NA	AT	A	106	PASS;GTAGTAAAATTTGGTAAA	INDEL;IDV=7;IMF=1;DP=7;VDB=6.71664e-05;SGB=-0.636426;MQ0F=0;AC=2;AN=2;DP4=0,0,7,0;MQ=60;RB=18,1295761,1295997,CGT,ATC
2	141177418	NA	AT	A	147	PASS;TTAATAAAATTACAAAAA	INDEL;IDV=19;IMF=1;DP=19;VDB=1.29641e-11;SGB=-0.69168;MQ0F=0;AC=2;AN=2;DP4=0,0,0,19;MQ=60;RB=2,141177164,141177434,TTC,GTT
13	28870451	NA	G	GT	27.4221	PASS;TTTGTTGGGTTTTTTTGT	INDEL;IDV=9;IMF=1;DP=9;VDB=5.52906e-06;SGB=-0.662043;MQ0F=0;AC=2;AN=2;DP4=0,0,0,9;MQ=60;RB=13,28870281,28870500,GAT,AAG
4	189850171	NA	C	CA	20.4535	PASS;AATATTACCAAAAAAGAA	INDEL;IDV=8;IMF=1;DP=8;VDB=0.0058656;SGB=-0.556411;MQ0F=0;AC=2;AN=2;DP4=0,0,4,0;MQ=60;RB=4,189850133,189850291,TTA,TTT
13	95603452	NA	ATT	A	146	MASKED;GTCAAATAATTTTCCAGC	INDEL;IDV=10;IMF=1;DP=10;VDB=0.00187095;SGB=-0.590765;MQ0F=0;AC=2;AN=2;DP4=0,0,5,0;MQ=60;RB=13,95603348,95603531,CAG,GGA
7	120313890	NA	GT	G	62	PASS;CACGTGGAGTTTTTGAAG	INDEL;IDV=14;IMF=1;DP=14;VDB=2.26006e-08;SGB=-0.686358;MQ0F=0;AC=2;AN=2;DP4=0,0,0,14;MQ=60;RB=7,120313720,120314010,GTA,GGT
4	61047569	NA	TAA	T	225	PASS;TGTTTTAATAAAAGTTAA	INDEL;IDV=14;IMF=1;DP=14;VDB=2.26006e-08;SGB=-0.686358;MQ0F=0;AC=2;AN=2;DP4=0,0,14,0;MQ=60;RB=4,61047507,61047860,AGT,GAA
5	104793660	NA	AT	A	101	PASS;TTATTTAAATTTAGGGGA	INDEL;IDV=8;IMF=1;DP=8;VDB=6.71664e-05;SGB=-0.636426;MQ0F=0;AC=2;AN=2;DP4=0,0,0,7;MQ=60;RB=5,104793383,104793777,AAT,GAC
14	43289571	NA	AAATTTTAT	A	225	MASKED;ATCAAAAGAAATTTTATA	INDEL;IDV=15;IMF=1;DP=15;VDB=4.49525e-10;SGB=-0.688148;MQ0F=0;AC=2;AN=2;DP4=0,0,0,15;MQ=60;RB=14,43289392,43289682,CAA,ATG
2	36313865	NA	GA	G	86	PASS;GTGTGATGGAAAATCTAG	INDEL;IDV=11;IMF=1;DP=11;VDB=2.26006e-08;SGB=-0.676189;MQ0F=0;AC=2;AN=2;DP4=0,0,0,11;MQ=60;RB=2,36313639,36313970,CGT,GTA
11	2209160	NA	CGCT	C	225	MASKED;ACACCACACGCTACACAC	INDEL;IDV=10;IMF=1;DP=10;VDB=6.99472e-07;SGB=-0.670168;MQ0F=0;AC=2;AN=2;DP4=0,0,0,10;MQ=60;RB=11,2208928,2209178,GAT,CCT
6	144054198	NA	TA	T	14.5685	MASKED;CTTAATTTTAAAAAAAAA	INDEL;IDV=11;IMF=1;DP=11;VDB=2.26006e-08;SGB=-0.676189;MQ0F=0;AC=2;AN=2;DP4=0,0,11,0;MQ=60;RB=6,144054177,144054615,TGA,TCT
3	185305838	NA	ATTTTTT	A	56	NEI_IND[11/232];ACCGGCTAATTTTTTTTT	INDEL;IDV=8;IMF=1;DP=8;VDB=7.99767e-05;SGB=-0.636426;MQ0F=0;AC=2;AN=2;DP4=0,0,0,7;MQ=60;RB=3,185305681,185305897,CCA,CAA
2	9271256	NA	CCATTA	C	225	NEI_IND[70/446];ATGTAATCCCATTACAAC	INDEL;IDV=12;IMF=1;DP=12;VDB=2.26006e-08;SGB=-0.680642;MQ0F=0;AC=2;AN=2;DP4=0,0,12,0;MQ=60;RB=2,9271192,9271466,CTA,GTC
2	9271454	NA	C	CCA	88	NEI_IND[18/517];ACAAGATCCCCCCCCAAA	INDEL;IDV=12;IMF=1;DP=12;VDB=2.26006e-08;SGB=-0.680642;MQ0F=0;AC=2;AN=2;DP4=0,0,0,12;MQ=60;RB=2,9271192,9271466,CTA,GTC
8	105693805	NA	ATATATCTATATC	A	224	NEI_IND[6/186];CTCTCTCTATATATCTAT	INDEL;IDV=12;IMF=1;DP=12;VDB=2.26006e-08;SGB=-0.680642;MQ0F=0;AC=2;AN=2;DP4=0,0,12,0;MQ=60;RB=8,105693751,105693994,CAG,TAC
X	110271253	NA	ATG	A	203	MASKED;ACATATATATGTGTGTAT	INDEL;IDV=10;IMF=0.909091;DP=11;VDB=2.26006e-08;SGB=-0.676189;MQ0F=0;AC=2;AN=2;DP4=0,0,11,0;MQ=60;RB=X,110271128,110271543,CGA,GTT
15	88470657	NA	AT	A	146	PASS;CACCTCAAATTCCCAGCC	INDEL;IDV=18;IMF=1;DP=18;VDB=1.29641e-11;SGB=-0.691153;MQ0F=0;AC=2;AN=2;DP4=0,0,18,0;MQ=60;RB=15,88470647,88470877,TAT,GGC
7	125144509	NA	AT	A	142	PASS;TTTATTAAATTTATCTGA	INDEL;IDV=22;IMF=1;DP=22;VDB=2.09058e-15;SGB=-0.692562;MQ0F=0;AC=2;AN=2;DP4=0,0,22,0;MQ=60;RB=7,125144476,125144777,GAT,GTC
16	3952266	NA	ATATG	A	225	PASS;ATATATATATATGTGTGT	INDEL;IDV=16;IMF=0.941176;DP=17;VDB=2.58261e-11;SGB=-0.689466;MQ0F=0;AC=2;AN=2;DP4=0,0,16,0;MQ=60;RB=16,3952139,3952438,TCA,TCT
1	193834773	NA	T	TTCTAGAAGAC	139	NEI_IND[31/421];TGTTTTTGTTATGTTAAT	INDEL;IDV=10;IMF=1;DP=10;VDB=5.52906e-06;SGB=-0.662043;MQ0F=0;AC=2;AN=2;DP4=0,0,9,0;MQ=60;RB=1,193834681,193835042,TCT,CGT
