CHROM	POS	ID	REF	ALT	QUAL	FILTER	INFO
1	188371296	NA	CA	C	16.5122	MASKED;AACTTTACCAAAAAAAAT	INDEL;IDV=18;IMF=0.947368;DP=19;VDB=1.29641e-11;SGB=-0.691153;MQ0F=0;AC=2;AN=2;DP4=0,0,18,0;MQ=60;RB=1,188371166,188371481,CTG,ATT
1	188371296	NA	CA	C	15.5372	MASKED;AACTTTACCAAAAAAAAT	INDEL;IDV=19;IMF=1;DP=19;VDB=1.29641e-11;SGB=-0.69168;MQ0F=0;AC=2;AN=2;DP4=0,0,19,0;MQ=60;RB=1,188371166,188371480,CTG,TTG
18	8997469	NA	G	GTA	225	NEI_IND[9/307];CAAATGCTGTGTGTGTGT	INDEL;IDV=19;IMF=1;DP=19;VDB=1.29641e-11;SGB=-0.69168;MQ0F=0;AC=2;AN=2;DP4=0,0,0,19;MQ=60;RB=18,8997278,8997576,ATA,CAT
12	20994442	NA	ATTGCAC	A	225	NEI_IND[24/318];CTGCCATAATTGCACTGT	INDEL;IDV=20;IMF=1;DP=20;VDB=1.29641e-11;SGB=-0.69168;MQ0F=0;AC=2;AN=2;DP4=0,0,19,0;MQ=60;RB=12,20994435,20994789,CTG,ATG
1	188371296	NA	CA	C	18.4763	MASKED;AACTTTACCAAAAAAAAT	INDEL;IDV=14;IMF=1;DP=14;VDB=2.26006e-08;SGB=-0.683931;MQ0F=0;AC=2;AN=2;DP4=0,0,13,0;MQ=60;RB=1,188371165,188371481,AGA,TAT
11	47575355	NA	AAAAT	A	188	NEI_IND[6/264];CCGAAAAAAAAATATATA	INDEL;IDV=12;IMF=1;DP=12;VDB=2.26006e-08;SGB=-0.680642;MQ0F=0;AC=2;AN=2;DP4=0,0,12,0;MQ=60;RB=11,47575226,47575532,TGA,TTT
5	37124382	NA	AC	A	165	NEI_IND[47/304];TAATCTAAACTGTAATCT	INDEL;IDV=16;IMF=0.941176;DP=17;VDB=1.29641e-11;SGB=-0.689466;MQ0F=0;AC=2;AN=2;DP4=0,0,16,0;MQ=60;RB=5,37124247,37124705,GGA,GGG
7	31359734	NA	AG	A	146	PASS;CATTAACCAGGTCTTTTC	INDEL;IDV=15;IMF=1;DP=15;VDB=2.26006e-08;SGB=-0.686358;MQ0F=0;AC=2;AN=2;DP4=0,0,14,0;MQ=60;RB=7,31359698,31360144,CCA,CAC
17	67852826	NA	TA	T	62	PASS;TTACAACCTAAAAATGGT	INDEL;IDV=14;IMF=1;DP=14;VDB=2.26006e-08;SGB=-0.686358;MQ0F=0;AC=2;AN=2;DP4=0,0,14,0;MQ=60;RB=17,67852771,67853168,ACT,AAC
5	86078952	NA	GC	G	136	PASS;AGACATCTGCCTTGGCTT	INDEL;IDV=12;IMF=1;DP=12;VDB=2.26006e-08;SGB=-0.680642;MQ0F=0;AC=2;AN=2;DP4=0,0,12,0;MQ=60;RB=5,86078923,86079400,AGG,CCT
1	188371296	NA	CA	C	13.6076	MASKED;AACTTTACCAAAAAAAAT	INDEL;IDV=23;IMF=1;DP=23;VDB=1.30483e-15;SGB=-0.692717;MQ0F=0;AC=2;AN=2;DP4=0,0,23,0;MQ=60;RB=1,188371165,188371480,AGA,AAC
1	40534507	NA	TATTTTA	T	225	NEI_IND[49/326];TTTTATTTTATTTTATTT	INDEL;IDV=13;IMF=1;DP=13;VDB=2.26006e-08;SGB=-0.680642;MQ0F=0;AC=2;AN=2;DP4=0,0,0,12;MQ=60;RB=1,40534000,40534555,AAC,AAG
1	236068805	NA	AAC	A	71	MASKED;GAAAAAAAAACAACAACA	INDEL;IDV=12;IMF=1;DP=12;VDB=2.26006e-08;SGB=-0.680642;MQ0F=0;AC=2;AN=2;DP4=0,0,12,0;MQ=60;RB=1,236068672,236069153,ACT,TTG
3	65421177	NA	GGAA	G	225	PASS;GGATGGATGGAAGATGGA	INDEL;IDV=15;IMF=0.9375;DP=16;VDB=4.49525e-10;SGB=-0.688148;MQ0F=0;AC=2;AN=2;DP4=0,0,15,0;MQ=60;RB=3,65421042,65421492,ACC,CCT
14	35137406	NA	AG	A	138	PASS;TGATGACAAGGGTGAATG	INDEL;IDV=17;IMF=1;DP=17;VDB=1.29641e-11;SGB=-0.690438;MQ0F=0;AC=2;AN=2;DP4=0,0,0,17;MQ=60;RB=14,35137136,35137440,GGG,TGT
1	188371296	NA	CA	C	14.5685	MASKED;AACTTTACCAAAAAAAAT	INDEL;IDV=22;IMF=1;DP=22;VDB=1.30483e-15;SGB=-0.692352;MQ0F=0;AC=2;AN=2;DP4=0,0,21,0;MQ=60;RB=1,188371166,188371481,CCG,CCT
3	65421177	NA	GGAA	G	225	PASS;GGATGGATGGAAGATGGA	INDEL;IDV=14;IMF=0.933333;DP=15;VDB=2.26006e-08;SGB=-0.686358;MQ0F=0;AC=2;AN=2;DP4=0,0,14,0;MQ=60;RB=3,65421042,65421491,GCC,CCC
3	103560082	NA	TATC	T	225	MASKED;TATCTATCTATCATCTAT	INDEL;IDV=10;IMF=0.909091;DP=11;VDB=6.99472e-07;SGB=-0.670168;MQ0F=0;AC=2;AN=2;DP4=0,0,10,0;MQ=60;RB=3,103559950,103560452,GTT,AAA
7	71570790	NA	GGA	G	147	PASS;GGGAGGGAGGAGGAGGAG	INDEL;IDV=12;IMF=1;DP=12;VDB=2.26006e-08;SGB=-0.676189;MQ0F=0;AC=2;AN=2;DP4=0,0,11,0;MQ=60;RB=7,71570655,71571052,ACG,CGG
9	9584355	NA	TCAC	T	225	MASKED;TTATTTCATCACCATTAT	INDEL;IDV=15;IMF=1;DP=15;VDB=4.49525e-10;SGB=-0.688148;MQ0F=0;AC=2;AN=2;DP4=0,0,15,0;MQ=60;RB=9,9584229,9584623,AAG,GGT
X	150540057	NA	GA	G	132	PASS;GAAAGAAAGAAAGAAAGA	INDEL;IDV=15;IMF=1;DP=15;VDB=4.49525e-10;SGB=-0.688148;MQ0F=0;AC=2;AN=2;DP4=0,0,15,0;MQ=60;RB=X,150539931,150540319,TCA,CGA
13	31949870	NA	G	GTA	174	NEI_IND[7/216];GTGTGCGTGTATATATAT	INDEL;IDV=10;IMF=0.625;DP=16;VDB=4.2801e-08;SGB=-0.670168;MQ0F=0;ICB=1;HOB=0.5;AC=1;AN=2;DP4=0,5,0,10;MQ=60;RB=13,31949662,31949960,AAA,ATG
13	31949946	NA	TA	T	91	MASKED;AATTTAAATAAAATTTTT	INDEL;IDV=16;IMF=1;DP=16;VDB=8.40031e-10;SGB=-0.688148;MQ0F=0;AC=2;AN=2;DP4=0,0,0,15;MQ=60;RB=13,31949662,31949960,AAA,ATG
20	3705260	NA	A	AAG	123	NEI_IND[12/366];GAAAAGAAAAGAGAGAGA	INDEL;IDV=4;IMF=0.8;DP=5;VDB=0.0058656;SGB=-0.556411;MQ0F=0;AC=2;AN=2;DP4=0,0,0,4;MQ=60;RB=20,3705080,3705397,TTT,AAC
1	188371296	NA	CA	C	16.5122	MASKED;AACTTTACCAAAAAAAAT	INDEL;IDV=18;IMF=0.9;DP=20;VDB=1.29641e-11;SGB=-0.691153;MQ0F=0;AC=2;AN=2;DP4=0,0,18,0;MQ=60;RB=1,188371165,188371481,CGT,CGA
X	145557712	NA	CGT	C	177	MASKED;TGTGTGTGCGTGTGTGTG	INDEL;IDV=10;IMF=1;DP=10;VDB=6.99472e-07;SGB=-0.670168;MQ0F=0;AC=2;AN=2;DP4=0,0,0,10;MQ=60;RB=X,145557295,145557733,GTA,AAT
16	59829995	NA	CTAGCAGACA	C	225	PASS;TCAAGTGTCTAGCAGACA	INDEL;IDV=8;IMF=1;DP=8;VDB=1.33331e-05;SGB=-0.651104;MQ0F=0;AC=2;AN=2;DP4=0,0,8,0;MQ=60;RB=16,59829892,59830169,TCA,GGG
16	59830071	NA	TA	T	77	NEI_IND[20/476];CCAAGTCTTAAAAGACAA	INDEL;IDV=8;IMF=1;DP=8;VDB=1.33331e-05;SGB=-0.651104;MQ0F=0;AC=2;AN=2;DP4=0,0,0,8;MQ=60;RB=16,59829892,59830169,TCA,GGG
3	65421177	NA	GGAA	G	225	PASS;GGATGGATGGAAGATGGA	INDEL;IDV=9;IMF=1;DP=9;VDB=1.33331e-05;SGB=-0.651104;MQ0F=0;AC=2;AN=2;DP4=0,0,8,0;MQ=60;RB=3,65421042,65421492,CTG,ATT
1	188371296	NA	CA	C	15.5372	MASKED;AACTTTACCAAAAAAAAT	INDEL;IDV=19;IMF=1;DP=19;VDB=1.29641e-11;SGB=-0.69168;MQ0F=0;AC=2;AN=2;DP4=0,0,19,0;MQ=60;RB=1,188371166,188371481,AAC,CGT
18	57570420	NA	TG	T	142	PASS;CTTTTCAGTGCCAACTCA	INDEL;IDV=10;IMF=1;DP=10;VDB=6.99472e-07;SGB=-0.670168;MQ0F=0;AC=2;AN=2;DP4=0,0,10,0;MQ=60;RB=18,57570384,57570902,ACG,CCT
17	11045513	NA	CT	C	43.4147	PASS;TTTCTTGTCTTTTTTATT	INDEL;IDV=13;IMF=1;DP=13;VDB=1.34115e-07;SGB=-0.676189;MQ0F=0;AC=2;AN=2;DP4=0,0,11,0;MQ=60;RB=17,11045436,11046000,GAA,GTC
6	120343705	NA	C	CT	27.4221	PASS;CAGTAAATCTTTTTTTAA	INDEL;IDV=18;IMF=0.947368;DP=19;VDB=1.29641e-11;SGB=-0.691153;MQ0F=0;AC=2;AN=2;DP4=0,0,18,0;MQ=60;RB=6,120343608,120344015,TTG,TTG
1	188371296	NA	CA	C	17.4922	MASKED;AACTTTACCAAAAAAAAT	INDEL;IDV=17;IMF=1;DP=17;VDB=1.29641e-11;SGB=-0.689466;MQ0F=0;AC=2;AN=2;DP4=0,0,16,0;MQ=60;RB=1,188371166,188371480,CCC,TCG
12	19986929	NA	CAT	C	213	MASKED;CACACACACATACACACA	INDEL;IDV=9;IMF=0.818182;DP=10;VDB=5.52906e-06;SGB=-0.662043;MQ0F=0;AC=2;AN=2;DP4=0,0,9,0;MQ=60;RB=12,19986812,19987211,CCA,CCA
1	188371296	NA	CA	C	18.4763	MASKED;AACTTTACCAAAAAAAAT	INDEL;IDV=10;IMF=1;DP=10;VDB=6.99472e-07;SGB=-0.670168;MQ0F=0;AC=2;AN=2;DP4=0,0,10,0;MQ=60;RB=1,188371165,188371481,GAA,GAA
1	188371296	NA	CA	C	18.4763	MASKED;AACTTTACCAAAAAAAAT	INDEL;IDV=15;IMF=1;DP=15;VDB=4.49525e-10;SGB=-0.688148;MQ0F=0;AC=2;AN=2;DP4=0,0,15,0;MQ=60;RB=1,188371165,188371481,TGA,GGA
1	188371296	NA	CA	C	13.6076	MASKED;AACTTTACCAAAAAAAAT	INDEL;IDV=23;IMF=1;DP=23;VDB=1.30483e-15;SGB=-0.692717;MQ0F=0;AC=2;AN=2;DP4=0,0,23,0;MQ=60;RB=1,188371166,188371480,GTG,AGG
18	52004364	NA	CTTTTTTTTTTT	CT,C	123	NEI_IND[6/233];TCTTCATTCTTTTTTTTT	INDEL;IDV=12;IMF=1;DP=12;VDB=3.38703e-08;SGB=-0.676189;MQ0F=0;AC=1,1;AN=2;DP4=0,0,0,11;MQ=60;RB=18,52004131,52004428,CCA,GGG
17	32560290	NA	GA	G	115	MASKED;GAAAGAAAGAAAGAAAGA	INDEL;IDV=9;IMF=1;DP=9;VDB=5.52906e-06;SGB=-0.662043;MQ0F=0;AC=2;AN=2;DP4=0,0,9,0;MQ=60;RB=17,32560158,32560533,CTT,GGT
13	28813324	NA	ACGCATG	A	154	MASKED;ACACACACACGCATGCAC	INDEL;IDV=4;IMF=1;DP=4;VDB=0.0058656;SGB=-0.556411;MQ0F=0;AC=2;AN=2;DP4=0,0,0,4;MQ=60;RB=13,28813041,28813339,AGC,AAC
5	164297293	NA	A	AT	45.4146	PASS;ACCAGGACATTTTTTGGA	INDEL;IDV=18;IMF=1;DP=18;VDB=1.29641e-11;SGB=-0.690438;MQ0F=0;AC=2;AN=2;DP4=0,0,17,0;MQ=60;RB=5,164297192,164297575,TGG,CCT
22	16857938	NA	GCAATC	G	225	NEI_IND[25/371];CTTCGAATGCAATCGAAT	INDEL;IDV=14;IMF=1;DP=14;VDB=2.26006e-08;SGB=-0.686358;MQ0F=0;AC=2;AN=2;DP4=0,0,14,0;MQ=60;RB=22,16857932,16858281,AGG,CTA
4	167072242	NA	AAGGCAAAGAAGATGC	A	205	NEI_IND[6/448];AGAAGAAGAAGGCAAAGA	INDEL;IDV=6;IMF=1;DP=6;VDB=0.000411984;SGB=-0.616816;MQ0F=0;AC=2;AN=2;DP4=0,0,0,6;MQ=60;RB=4,167071863,167072277,CCT,CGG
X	148000463	NA	AC	A	49.4146	PASS;AGAAACGAACCCCCTGTT	INDEL;IDV=7;IMF=1;DP=7;VDB=7.99767e-05;SGB=-0.636426;MQ0F=0;AC=2;AN=2;DP4=0,0,7,0;MQ=60;RB=X,148000412,148000793,GCG,CGT
10	4533286	NA	TG	T	123	PASS;GCCTAATTTGCTCATTAA	INDEL;IDV=7;IMF=1;DP=7;VDB=6.71664e-05;SGB=-0.636426;MQ0F=0;AC=2;AN=2;DP4=0,0,0,7;MQ=60;RB=10,4532775,4533305,GCA,TGG
2	165480118	NA	CCTCT	C	177	NEI_IND[4/331];CCTCACCTCCTCTCTCTC	INDEL;IDV=6;IMF=1;DP=6;VDB=0.000411984;SGB=-0.616816;MQ0F=0;AC=2;AN=2;DP4=0,0,6,0;MQ=53;RB=2,165480009,165480294,TTT,TGA
2	165480175	NA	C	CAGAG	205	NEI_IND[28/381];GGGTGGGACAGAGAGAGA	INDEL;IDV=5;IMF=0.833333;DP=6;VDB=0.000411984;SGB=-0.616816;MQ0F=0;AC=2;AN=2;DP4=0,0,0,6;MQ=60;RB=2,165480009,165480294,TTT,TGA
7	6298261	NA	CA	C	140	MASKED;CACAGAGTCAAATATGGC	INDEL;IDV=21;IMF=1;DP=21;VDB=2.63505e-13;SGB=-0.692067;MQ0F=0;AC=2;AN=2;DP4=0,0,20,0;MQ=60;RB=7,6298230,6298552,AGG,TGG
13	31949870	NA	G	GTA,GTATA	194	NEI_IND[7/216];GTGTGCGTGTATATATAT	INDEL;IDV=16;IMF=0.727273;DP=22;VDB=1.0804e-12;SGB=-0.689466;MQ0F=0;AC=1,1;AN=2;DP4=0,4,0,16;MQ=60;RB=13,31949663,31949960,GAC,TAG
13	31949946	NA	TA	T	92	MASKED;AATTTAAATAAAATTTTT	INDEL;IDV=22;IMF=1;DP=22;VDB=1.30483e-15;SGB=-0.692562;MQ0F=0;AC=2;AN=2;DP4=0,0,0,22;MQ=60;RB=13,31949663,31949960,GAC,TAG
1	188371296	NA	CA	C	19.4636	MASKED;AACTTTACCAAAAAAAAT	INDEL;IDV=12;IMF=1;DP=12;VDB=2.26006e-08;SGB=-0.680642;MQ0F=0;AC=2;AN=2;DP4=0,0,12,0;MQ=60;RB=1,188371165,188371481,GCT,GTT
8	90149865	NA	AG	A	129	MASKED;ACAGACAGAGTAGATAGA	INDEL;IDV=8;IMF=1;DP=8;VDB=1.33331e-05;SGB=-0.651104;MQ0F=0;AC=2;AN=2;DP4=0,0,8,0;MQ=60;RB=8,90149731,90150014,GCC,GAC
10	109062814	NA	AGAAAG	A	225	NEI_IND[6/316];AAAGAAAGAGAAAGAAAA	INDEL;IDV=12;IMF=0.923077;DP=13;VDB=2.26006e-08;SGB=-0.680642;MQ0F=0;AC=2;AN=2;DP4=0,0,12,0;MQ=60;RB=10,109062683,109062967,GGG,GCA
13	66173704	NA	TG	T	149	PASS;GCCAGCACTGGTAAAAGA	INDEL;IDV=29;IMF=1;DP=29;VDB=1.30483e-15;SGB=-0.693079;MQ0F=0;AC=2;AN=2;DP4=0,0,29,0;MQ=60;RB=13,66173691,66174058,GTG,TCA
13	66173790	NA	T	TA	188	NEI_IND[26/323];AGAAAGTATTGTTATAAA	INDEL;IDV=29;IMF=1;DP=29;VDB=1.30483e-15;SGB=-0.693079;MQ0F=0;AC=2;AN=2;DP4=0,0,29,0;MQ=60;RB=13,66173691,66174058,GTG,TCA
18	52004364	NA	CTTTTTTTTTTT	C	137	NEI_IND[6/233];TCTTCATTCTTTTTTTTT	INDEL;IDV=12;IMF=1;DP=12;VDB=3.97707e-08;SGB=-0.680642;MQ0F=0;AC=2;AN=2;DP4=0,0,0,12;MQ=60;RB=18,52004131,52004428,ACT,CCG
5	4119851	NA	TTC	T	134	NEI_IND[9/310];TTCTTTCTTTCTCTTTCT	INDEL;IDV=9;IMF=0.9;DP=10;VDB=2.29378e-06;SGB=-0.670168;MQ0F=0;AC=2;AN=2;DP4=0,0,10,0;MQ=59;RB=5,4119736,4120033,TCT,GGA
5	5043428	NA	AAAAG	A	225	NEI_IND[73/245];TTACCACAAAAAGAAAGA	INDEL;IDV=8;IMF=1;DP=8;VDB=1.33331e-05;SGB=-0.651104;MQ0F=0;AC=2;AN=2;DP4=0,0,8,0;MQ=60;RB=5,5043391,5043827,GAC,TGA
2	105547989	NA	TTTAA	T	225	PASS;TCATTTTCTTTAATTATT	INDEL;IDV=20;IMF=1;DP=20;VDB=2.63505e-13;SGB=-0.692067;MQ0F=0;AC=2;AN=2;DP4=0,0,20,0;MQ=60;RB=2,105547926,105548294,GTT,CCG
1	188371296	NA	CA	C	11.7169	MASKED;AACTTTACCAAAAAAAAT	INDEL;IDV=26;IMF=1;DP=26;VDB=1.30483e-15;SGB=-0.692976;MQ0F=0;AC=2;AN=2;DP4=0,0,26,0;MQ=60;RB=1,188371165,188371481,CAA,AGA
22	16857938	NA	GCAATC	G	225	NEI_IND[25/371];CTTCGAATGCAATCGAAT	INDEL;IDV=10;IMF=1;DP=10;VDB=6.99472e-07;SGB=-0.670168;MQ0F=0;AC=2;AN=2;DP4=0,0,10,0;MQ=60;RB=22,16857932,16858280,TTG,ACG
9	6397603	NA	AG	A	165	PASS;AGAAAGAAAGAAAGAAAA	INDEL;IDV=18;IMF=1;DP=18;VDB=1.29641e-11;SGB=-0.690438;MQ0F=0;AC=2;AN=2;DP4=0,0,17,0;MQ=60;RB=9,6397468,6397995,AAC,GTA
12	115506750	NA	AC	A	125	PASS;AGTTTCTAACCTTTTAAC	INDEL;IDV=9;IMF=1;DP=9;VDB=5.52906e-06;SGB=-0.662043;MQ0F=0;AC=2;AN=2;DP4=0,0,9,0;MQ=60;RB=12,115506722,115507043,CCT,GTG
4	167072242	NA	AAGGCAAAGAAGATGC	A	224	NEI_IND[6/448];AGAAGAAGAAGGCAAAGA	INDEL;IDV=7;IMF=1;DP=7;VDB=6.71664e-05;SGB=-0.636426;MQ0F=0;AC=2;AN=2;DP4=0,0,0,7;MQ=60;RB=4,167071863,167072277,GGT,AGC
1	85985680	NA	TTGGAC	T	225	NEI_IND[18/481];TTTATTTATTGGACTTAT	INDEL;IDV=9;IMF=1;DP=9;VDB=5.52906e-06;SGB=-0.662043;MQ0F=0;AC=2;AN=2;DP4=0,0,9,0;MQ=60;RB=1,85985545,85985834,CGC,AAT
8	87261191	NA	TAG	T	203	MASKED;AGATTTAGTAGAGATTTA	INDEL;IDV=9;IMF=0.9;DP=10;VDB=5.52906e-06;SGB=-0.662043;MQ0F=0;AC=2;AN=2;DP4=0,0,9,0;MQ=60;RB=8,87261068,87261447,GGT,TAG
13	28813325	NA	CGCAT	C	154	MASKED;CACACACACGCATGCACA	INDEL;IDV=4;IMF=0.8;DP=4;VDB=0.0058656;SGB=-0.556411;MQ0F=0;AC=2;AN=2;DP4=0,0,0,4;MQ=60;RB=13,28813040,28813340,GGA,AAT
5	74575638	NA	AC	A	117	PASS;AGGTAGGAACAAAATAAC	INDEL;IDV=6;IMF=1;DP=6;VDB=0.000411984;SGB=-0.616816;MQ0F=0;AC=2;AN=2;DP4=0,0,6,0;MQ=60;RB=5,74575561,74575828,AAT,TTT
4	132978116	NA	TCTG	T	205	MASKED;GTATTTTATCTGTTTTTT	INDEL;IDV=6;IMF=1;DP=6;VDB=0.000411984;SGB=-0.616816;MQ0F=0;AC=2;AN=2;DP4=0,0,6,0;MQ=60;RB=4,132977984,132978352,GCT,AAT
17	80857226	NA	CGT	C	55	MASKED;CCTCAGTGCGTGTCCGCA	INDEL;IDV=9;IMF=0.9;DP=10;VDB=6.71664e-05;SGB=-0.636426;MQ0F=0;AC=2;AN=2;DP4=0,0,0,7;MQ=60;RB=17,80857009,80857358,TCG,GAT
12	16815791	NA	C	CTT	205	NEI_IND[20/216];CTATCTATCTATCTATCT	INDEL;IDV=6;IMF=1;DP=6;VDB=0.000411984;SGB=-0.616816;MQ0F=0;AC=2;AN=2;DP4=0,0,6,0;MQ=60;RB=12,16815673,16816001,AAA,AGG
12	16815897	NA	C	CATCT	205	NEI_IND[22/342];CTCTATCACATCTATCTA	INDEL;IDV=6;IMF=1;DP=6;VDB=0.000411984;SGB=-0.616816;MQ0F=0;AC=2;AN=2;DP4=0,0,0,6;MQ=60;RB=12,16815673,16816001,AAA,AGG
4	167072242	NA	AAGGCAAAGAAGATGC	A	225	NEI_IND[6/448];AGAAGAAGAAGGCAAAGA	INDEL;IDV=8;IMF=1;DP=8;VDB=1.33331e-05;SGB=-0.651104;MQ0F=0;AC=2;AN=2;DP4=0,0,0,8;MQ=60;RB=4,167071864,167072277,TTG,CTC
