CHROM	POS	ID	REF	ALT	QUAL	FILTER	INFO
1	91578316	NA	GA	G	72	PASS;ATATTGGAGAAACTCTCC	INDEL;IDV=5;IMF=1;DP=5;VDB=0.00187095;SGB=-0.590765;MQ0F=0;AC=2;AN=2;DP4=0,0,0,5;MQ=60;RB=1,91577860,91578352,ATC,TCA
2	21586925	NA	TCA	T	133	PASS;CACTGGCCTCACTGAGAC	INDEL;IDV=8;IMF=1;DP=8;VDB=0.0058656;SGB=-0.556411;MQ0F=0;AC=2;AN=2;DP4=0,0,4,0;MQ=60;RB=2,21586819,21587020,AAG,TGA
9	104688372	NA	CT	C	16.5122	PASS;AATAAAGCCTTTTTTTGT	INDEL;IDV=5;IMF=1;DP=5;VDB=0.00187095;SGB=-0.590765;MQ0F=0;AC=2;AN=2;DP4=0,0,5,0;MQ=60;RB=9,104688297,104688604,CTC,GGA
2	160106825	NA	A	AT	13.6076	PASS;TTAAAACAATTTTTTTTA	INDEL;IDV=6;IMF=1;DP=6;VDB=0.000411984;SGB=-0.616816;MQ0F=0;AC=2;AN=2;DP4=0,0,0,6;MQ=60;RB=2,160106654,160106881,GAA,ACC
9	7198174	NA	TC	T	39.4149	NEI_IND[70/307];TTTTCTTTTCCTTTCTTT	INDEL;IDV=8;IMF=0.888889;DP=9;VDB=0.014407;SGB=-0.556411;MQ0F=0;AC=2;AN=2;DP4=0,0,4,0;MQ=58;RB=9,7198090,7198377,CTG,CAT
X	86675924	NA	A	AC	125	NEI_IND[14/259];AACTTTCAAAGAGTAACC	INDEL;IDV=10;IMF=1;DP=10;VDB=6.99472e-07;SGB=-0.670168;MQ0F=0;AC=2;AN=2;DP4=0,0,10,0;MQ=60;RB=X,86675907,86676208,CAC,CTT
X	86676034	NA	TAA	T	58	NEI_IND[5/432];CAAAGAAGTAAAAAAAAA	INDEL;IDV=10;IMF=1;DP=10;VDB=6.99472e-07;SGB=-0.670168;MQ0F=0;AC=2;AN=2;DP4=0,0,10,0;MQ=60;RB=X,86675907,86676208,CAC,CTT
15	46882708	NA	AAG	A	154	MASKED;CAGGAGAAAAGAGAGAGA	INDEL;IDV=8;IMF=1;DP=8;VDB=6.71664e-05;SGB=-0.636426;MQ0F=0;AC=2;AN=2;DP4=0,0,7,0;MQ=60;RB=15,46882589,46883147,AAT,CCG
12	133342796	NA	AT	A	136	MASKED;ATATATCTATTTCATGTG	INDEL;IDV=15;IMF=1;DP=15;VDB=4.49525e-10;SGB=-0.688148;MQ0F=0;AC=2;AN=2;DP4=0,0,15,0;MQ=60;RB=12,133342751,133343272,CCC,ATC
4	188296922	NA	ATT	A	102	PASS;TAATAATAATTTTTTAAA	INDEL;IDV=7;IMF=1;DP=7;VDB=6.71664e-05;SGB=-0.636426;MQ0F=0;AC=2;AN=2;DP4=0,0,7,0;MQ=60;RB=4,188296787,188297406,AGT,GAT
6	148629845	NA	TTAAAG	T	224	MASKED;GGAGCTTTTTAAAGTATT	INDEL;IDV=7;IMF=1;DP=7;VDB=6.71664e-05;SGB=-0.636426;MQ0F=0;AC=2;AN=2;DP4=0,0,0,7;MQ=60;RB=6,148629612,148629943,CAA,GGG
X	46623798	NA	TG	T	144	PASS;ATATTCACTGATGCGGAA	INDEL;IDV=9;IMF=1;DP=9;VDB=5.52906e-06;SGB=-0.662043;MQ0F=0;AC=2;AN=2;DP4=0,0,9,0;MQ=60;RB=X,46623748,46624042,TAT,AAG
6	50283519	NA	TATATATAC	T	225	MASKED;TATATATATATATATACA	INDEL;IDV=8;IMF=0.888889;DP=9;VDB=6.61497e-06;SGB=-0.662043;MQ0F=0;AC=2;AN=2;DP4=0,0,0,9;MQ=60;RB=6,50283298,50283650,ATA,GTT
16	10707960	NA	C	CT	173	PASS;GTGAAGCCCTAGAGCGTT	INDEL;IDV=13;IMF=1;DP=13;VDB=2.26006e-08;SGB=-0.683931;MQ0F=0;AC=2;AN=2;DP4=0,0,13,0;MQ=60;RB=16,10707945,10708214,CCC,AGT
2	237338871	NA	GCA	G	121	PASS;CACACAGAGCACACTGGC	INDEL;IDV=4;IMF=1;DP=4;VDB=0.0058656;SGB=-0.556411;MQ0F=0;AC=2;AN=2;DP4=0,0,0,4;MQ=60;RB=2,237338633,237338972,TGA,TAA
12	56027516	NA	AT	A	18.4763	MASKED;GCTATTGAATTTTTTTTA	INDEL;IDV=13;IMF=1;DP=13;VDB=2.26006e-08;SGB=-0.683931;MQ0F=0;AC=2;AN=2;DP4=0,0,13,0;MQ=60;RB=12,56027443,56027760,CGC,GAG
16	26965568	NA	TCACA	T	225	MASKED;TCATGTCATCACACACAC	INDEL;IDV=17;IMF=1;DP=17;VDB=1.29641e-11;SGB=-0.690438;MQ0F=0;AC=2;AN=2;DP4=0,0,17,0;MQ=60;RB=16,26965456,26965799,GGC,AAA
7	136538852	NA	GA	G	15.5372	MASKED;TAAAATAAGAAAAAAAAT	INDEL;IDV=13;IMF=1;DP=13;VDB=6.71664e-05;SGB=-0.636426;MQ0F=0;AC=2;AN=2;DP4=0,0,7,0;MQ=60;RB=7,136538791,136538993,CTG,ATG
12	62457664	NA	CATGCAT	C	224	MASKED;CACACACACATGCATACA	INDEL;IDV=7;IMF=1;DP=7;VDB=6.71664e-05;SGB=-0.636426;MQ0F=0;AC=2;AN=2;DP4=0,0,0,7;MQ=60;RB=12,62457416,62457679,ACC,AAT
5	102255212	NA	G	GT	30.4183	PASS;CTCTCTTTGTTTTTTCTG	INDEL;IDV=7;IMF=1;DP=7;VDB=0.00766117;SGB=-0.556411;MQSB=1;MQ0F=0;AC=2;AN=2;DP4=0,0,1,3;MQ=60;RB=5,102255202,102255339,GTG,TCG
14	103052224	NA	TG	T	220	PASS;GGTGTGGGTGTGGAAAGC	INDEL;IDV=16;IMF=1;DP=16;VDB=0.56357;SGB=-0.688148;MQSB=1;MQ0F=0;AC=2;AN=2;DP4=0,0,8,7;MQ=60;RB=14,103052084,103052296,AAT,GAG
10	6737693	NA	GTGTTTGCA	G	182	MASKED;GTGTATGTGTGTTTGCAT	INDEL;IDV=5;IMF=1;DP=5;VDB=0.00187095;SGB=-0.590765;MQ0F=0;AC=2;AN=2;DP4=0,0,5,0;MQ=60;RB=10,6737683,6737929,TAC,CAT
8	137004047	NA	CT	C	147	NEI_IND[4/388];CTATCTATCTATCTATCT	INDEL;IDV=12;IMF=1;DP=12;VDB=2.26006e-08;SGB=-0.680642;MQ0F=0;AC=2;AN=2;DP4=0,0,12,0;MQ=52;RB=8,137003914,137004446,TGA,GGT
5	37124382	NA	AC	A	99	NEI_IND[50/289];TAATCTAAACTGTAATCT	INDEL;IDV=6;IMF=1;DP=6;VDB=0.000411984;SGB=-0.616816;MQ0F=0;AC=2;AN=2;DP4=0,0,6,0;MQ=60;RB=5,37124247,37124705,TAA,TTG
2	173197241	NA	TACAC	T	179	MASKED;CCTGTAAATACACACACA	INDEL;IDV=5;IMF=1;DP=5;VDB=0.00187095;SGB=-0.590765;MQ0F=0;AC=2;AN=2;DP4=0,0,0,5;MQ=60;RB=2,173197049,173197268,GTA,CCT
4	160920796	NA	CCAAA	C	225	PASS;TTGAAGTACCAAACAAAC	INDEL;IDV=12;IMF=1;DP=12;VDB=2.26006e-08;SGB=-0.680642;MQ0F=0;AC=2;AN=2;DP4=0,0,12,0;MQ=60;RB=4,160920696,160921005,AGA,CAT
2	65462726	NA	TA	T	30.4183	PASS;TTCTCTACTAAAAATACA	INDEL;IDV=5;IMF=1;DP=5;VDB=0.00187095;SGB=-0.590765;MQ0F=0;AC=2;AN=2;DP4=0,0,0,5;MQ=60;RB=2,65462565,65462747,GTT,GGG
22	44861479	NA	CTGGATCCCTT	C	225	PASS;TACATATCCTGGATCCCT	INDEL;IDV=8;IMF=1;DP=8;VDB=1.33331e-05;SGB=-0.651104;MQ0F=0;AC=2;AN=2;DP4=0,0,0,8;MQ=60;RB=22,44861217,44861527,CTG,GAT
2	25104679	NA	AGT	A	161	MASKED;CATTCCACAGTGTGTCTG	INDEL;IDV=8;IMF=1;DP=8;VDB=1.33331e-05;SGB=-0.651104;MQ0F=0;AC=2;AN=2;DP4=0,0,0,8;MQ=60;RB=2,25104502,25104775,CTG,GTT
2	12470279	NA	AG	A	140	PASS;TAACTTTTAGGAGAAAAC	INDEL;IDV=13;IMF=1;DP=13;VDB=2.26006e-08;SGB=-0.683931;MQ0F=0;AC=2;AN=2;DP4=0,0,0,13;MQ=60;RB=2,12469997,12470299,GGT,CCG
9	107373059	NA	GC	G	146	PASS;TCCTTCATGCTTGGCTTT	INDEL;IDV=10;IMF=1;DP=10;VDB=6.99472e-07;SGB=-0.670168;MQ0F=0;AC=2;AN=2;DP4=0,0,10,0;MQ=60;RB=9,107372987,107373468,CGG,AAA
9	107373343	NA	AT	A	18.4763	NEI_IND[18/329];AGGATTTTATTTTTTTTC	INDEL;IDV=10;IMF=1;DP=10;VDB=6.99472e-07;SGB=-0.670168;MQ0F=0;AC=2;AN=2;DP4=0,0,0,10;MQ=60;RB=9,107372987,107373468,CGG,AAA
X	49132098	NA	ACT	A	217	MASKED;GCTGGATGACTCTCTGCC	INDEL;IDV=11;IMF=1;DP=11;VDB=2.26006e-08;SGB=-0.676189;MQ0F=0;AC=2;AN=2;DP4=0,0,0,11;MQ=60;RB=X,49131895,49132171,TGG,TCT
10	6737693	NA	GTGTTTGCA	G	182	MASKED;GTGTATGTGTGTTTGCAT	INDEL;IDV=5;IMF=1;DP=5;VDB=0.00187095;SGB=-0.590765;MQ0F=0;AC=2;AN=2;DP4=0,0,5,0;MQ=60;RB=10,6737682,6737929,TGT,ACT
18	24056962	NA	AAAATGTTATTGCTCC	A	225	PASS;ATACTTAAAAAATGTTAT	INDEL;IDV=13;IMF=1;DP=13;VDB=2.26006e-08;SGB=-0.683931;MQ0F=0;AC=2;AN=2;DP4=0,0,13,0;MQ=60;RB=18,24056860,24057370,CCG,CAA
16	26965568	NA	TCACA	T	225	MASKED;TCATGTCATCACACACAC	INDEL;IDV=11;IMF=1;DP=11;VDB=2.26006e-08;SGB=-0.676189;MQ0F=0;AC=2;AN=2;DP4=0,0,11,0;MQ=60;RB=16,26965455,26965798,CCA,CAG
3	80631737	NA	AGT	A	37.4152	PASS;TATATTCTAGTGATGTGA	INDEL;IDV=5;IMF=1;DP=5;VDB=0.00187095;SGB=-0.590765;MQ0F=0;AC=2;AN=2;DP4=0,0,5,0;MQ=60;RB=3,80631709,80631954,TCC,AAC
8	15340827	NA	TTG	T	125	NEI_IND[19/255];CACTGTTTTTGTTGTTGT	INDEL;IDV=9;IMF=1;DP=9;VDB=5.52906e-06;SGB=-0.662043;MQ0F=0;AC=2;AN=2;DP4=0,0,9,0;MQ=60;RB=8,15340701,15340995,GAT,AAT
5	65318972	NA	CTTT	C	146	PASS;TGGCTCTTCTTTTTTATT	INDEL;IDV=5;IMF=1;DP=5;VDB=0.00187095;SGB=-0.590765;MQ0F=0;AC=2;AN=2;DP4=0,0,5,0;MQ=60;RB=5,65318946,65319240,CTT,AAT
2	239942782	NA	TC	T	128	MASKED;CAGGTTTTTCCCTCTGTG	INDEL;IDV=14;IMF=1;DP=14;VDB=2.26006e-08;SGB=-0.683931;MQ0F=0;AC=2;AN=2;DP4=0,0,0,13;MQ=60;RB=2,239942576,239942889,ATG,TAT
8	137004047	NA	CT	C	127	NEI_IND[4/388];CTATCTATCTATCTATCT	INDEL;IDV=8;IMF=1;DP=8;VDB=1.33331e-05;SGB=-0.651104;MQ0F=0;AC=2;AN=2;DP4=0,0,8,0;MQ=52;RB=8,137003914,137004445,TGA,ACC
1	193834773	NA	T	TTCTAGAAGAC	94	NEI_IND[14/211];TGTTTTTGTTATGTTAAT	INDEL;IDV=8;IMF=1;DP=8;VDB=6.71664e-05;SGB=-0.636426;MQ0F=0;AC=2;AN=2;DP4=0,0,7,0;MQ=60;RB=1,193834681,193835041,GAT,ACG
10	91299661	NA	TC	T	90	PASS;TCTTTCTTTCTTTCTTTT	INDEL;IDV=8;IMF=1;DP=8;VDB=6.71664e-05;SGB=-0.636426;MQ0F=0;AC=2;AN=2;DP4=0,0,7,0;MQ=60;RB=10,91299527,91299907,CTT,GAT
8	15340827	NA	TTG	T	98	NEI_IND[19/255];CACTGTTTTTGTTGTTGT	INDEL;IDV=7;IMF=1;DP=7;VDB=6.71664e-05;SGB=-0.636426;MQ0F=0;AC=2;AN=2;DP4=0,0,7,0;MQ=60;RB=8,15340701,15340994,AGT,CTG
6	50283519	NA	TATATATAC	T	225	MASKED;TATATATATATATATACA	INDEL;IDV=12;IMF=0.857143;DP=14;VDB=8.40085e-08;SGB=-0.686358;MQ0F=0;AC=2;AN=2;DP4=0,0,0,14;MQ=60;RB=6,50283298,50283649,CAA,CTG
8	34549873	NA	C	CA	13.6076	PASS;TTGAAGGCCAAAAAAAAG	INDEL;IDV=12;IMF=1;DP=12;VDB=0.000411984;SGB=-0.616816;MQ0F=0;AC=2;AN=2;DP4=0,0,6,0;MQ=60;RB=8,34549793,34549978,TGC,ATG
14	96154496	NA	A	AT	6.51141	PASS;TACAGTTAATTTTTTTTG	INDEL;IDV=7;IMF=1;DP=7;VDB=0.0058656;SGB=-0.556411;MQ0F=0;AC=2;AN=2;DP4=0,0,4,0;MQ=60;RB=14,96154413,96154750,GTA,GAT
14	96154522	NA	C	CA	19.4636	NEI_IND[29/398];AGGAGAGACAAAGTTTAA	INDEL;IDV=6;IMF=0.857143;DP=7;VDB=0.0221621;SGB=-0.511536;MQ0F=0;AC=2;AN=2;DP4=0,0,3,0;MQ=60;RB=14,96154413,96154750,GTA,GAT
8	8146999	NA	CAG	C	198	MASKED;GAAAGAGACAGAGAGAGA	INDEL;IDV=12;IMF=1;DP=12;VDB=0.979791;SGB=-0.680642;MQSB=0.982603;MQ0F=0;AC=2;AN=2;DP4=0,0,6,6;MQ=60;RB=8,8146888,8147122,GTG,ATT
4	47094158	NA	TTTTCTTTC	T	167	MASKED;TCTTTTCTTTTTCTTTCT	INDEL;IDV=6;IMF=1;DP=6;VDB=0.00187095;SGB=-0.590765;MQ0F=0;AC=2;AN=2;DP4=0,0,0,5;MQ=60;RB=4,47093928,47094241,AAC,ATA
2	70475472	NA	AGGGC	A	225	PASS;AGCGGCGCAGGGCCGAGG	INDEL;IDV=9;IMF=1;DP=9;VDB=5.52906e-06;SGB=-0.662043;MQ0F=0;AC=2;AN=2;DP4=0,0,9,0;MQ=60;RB=2,70475408,70475820,CTT,AAC
3	95091213	NA	TCCA	T	225	PASS;CCAGTACTTCCAGTATTA	INDEL;IDV=12;IMF=0.923077;DP=13;VDB=2.26006e-08;SGB=-0.680642;MQ0F=0;AC=2;AN=2;DP4=0,0,12,0;MQ=60;RB=3,95091132,95091501,ATT,GCC
1	119234512	NA	TCA	T	180	PASS;CACAGACATCACACAGGC	INDEL;IDV=8;IMF=1;DP=8;VDB=1.33331e-05;SGB=-0.651104;MQ0F=0;AC=2;AN=2;DP4=0,0,8,0;MQ=60;RB=1,119234501,119234741,CTC,AGG
14	57356060	NA	GA	G	27.4221	PASS;AAAGAGAAGAAAAAAACC	INDEL;IDV=9;IMF=1;DP=9;VDB=5.52906e-06;SGB=-0.662043;MQ0F=0;AC=2;AN=2;DP4=0,0,0,9;MQ=60;RB=14,57355887,57356154,ACC,GGT
4	73896065	NA	AT	A	114	PASS;ACCAGGAAATTAATGTTG	INDEL;IDV=7;IMF=1;DP=7;VDB=7.99767e-05;SGB=-0.636426;MQ0F=0;AC=2;AN=2;DP4=0,0,7,0;MQ=60;RB=4,73896027,73896401,ATG,GTT
17	32560290	NA	GA	G	94	PASS;GAAAGAAAGAAAGAAAGA	INDEL;IDV=7;IMF=0.875;DP=7;VDB=6.71664e-05;SGB=-0.636426;MQ0F=0;AC=2;AN=2;DP4=0,0,7,0;MQ=60;RB=17,32560159,32560532,CTC,GCC
8	15340827	NA	TTG	T	72	NEI_IND[19/255];CACTGTTTTTGTTGTTGT	INDEL;IDV=4;IMF=1;DP=4;VDB=0.0058656;SGB=-0.556411;MQ0F=0;AC=2;AN=2;DP4=0,0,4,0;MQ=60;RB=8,15340701,15340996,CGT,TGA
10	118106622	NA	GAT	G	210	MASKED;AGCTCAGAGATAGTTCTG	INDEL;IDV=11;IMF=1;DP=11;VDB=1.03095e-06;SGB=-0.670168;MQ0F=0;AC=2;AN=2;DP4=0,0,0,10;MQ=60;RB=10,118105960,118106696,TCG,GCG
4	142851429	NA	AG	A	99	PASS;CCTGACAAAGAAACTGCC	INDEL;IDV=10;IMF=1;DP=10;VDB=0.00187095;SGB=-0.590765;MQ0F=0;AC=2;AN=2;DP4=0,0,5,0;MQ=60;RB=4,142851304,142851457,CTG,TCT
3	190204559	NA	CTATT	C	225	PASS;AAGCCACTCTATTTAGAA	INDEL;IDV=12;IMF=1;DP=12;VDB=9.45002e-08;SGB=-0.680642;MQ0F=0;AC=2;AN=2;DP4=0,0,12,0;MQ=60;RB=3,190204513,190204877,GAA,GCC
5	6908741	NA	GTTTC	G	225	MASKED;TTACTTTTGTTTCTTTCT	INDEL;IDV=10;IMF=1;DP=10;VDB=6.99472e-07;SGB=-0.670168;MQ0F=0;AC=2;AN=2;DP4=0,0,0,10;MQ=60;RB=5,6908553,6908845,TCT,CGA
8	14138975	NA	CAT	C	212	MASKED;TTTTATATCATAGAACTT	INDEL;IDV=8;IMF=1;DP=8;VDB=1.33331e-05;SGB=-0.651104;MQ0F=0;AC=2;AN=2;DP4=0,0,0,8;MQ=60;RB=8,14138586,14139035,CAT,ATT
9	119760868	NA	CCATG	C	205	MASKED;CCATACATCCATGCATCC	INDEL;IDV=6;IMF=1;DP=6;VDB=0.000411984;SGB=-0.616816;MQ0F=0;AC=2;AN=2;DP4=0,0,0,6;MQ=60;RB=9,119760242,119760886,GTT,GGT
9	31862168	NA	GT	G	38.415	PASS;AATCATTAGTTTTTGTGA	INDEL;IDV=5;IMF=1;DP=5;VDB=0.00187095;SGB=-0.590765;MQ0F=0;AC=2;AN=2;DP4=0,0,0,5;MQ=60;RB=9,31861697,31862257,ACG,TAT
8	135774255	NA	GCAAA	G	154	PASS;GTGTGTGTGCAAATGTGT	INDEL;IDV=4;IMF=1;DP=4;VDB=0.0058656;SGB=-0.556411;MQ0F=0;AC=2;AN=2;DP4=0,0,0,4;MQ=60;RB=8,135774059,135774265,TTT,CCT
X	145557712	NA	CGT	C	186	MASKED;TGTGTGTGCGTGTGTGTG	INDEL;IDV=10;IMF=1;DP=10;VDB=6.99472e-07;SGB=-0.670168;MQ0F=0;AC=2;AN=2;DP4=0,0,0,10;MQ=60;RB=X,145557295,145557732,GTA,AAC
4	181820060	NA	ATTTATTTT	A	225	NEI_IND[42/290];ATTTATTTATTTATTTTT	INDEL;IDV=13;IMF=1;DP=13;VDB=2.26006e-08;SGB=-0.683931;MQ0F=0;AC=2;AN=2;DP4=0,0,0,13;MQ=60;RB=4,181819771,181820109,GTC,TTT
X	145557712	NA	CGT	C	170	MASKED;TGTGTGTGCGTGTGTGTG	INDEL;IDV=8;IMF=1;DP=8;VDB=1.33331e-05;SGB=-0.651104;MQ0F=0;AC=2;AN=2;DP4=0,0,0,8;MQ=60;RB=X,145557295,145557733,ATT,GAA
13	57196121	NA	AG	A	122	PASS;TGGAGGGGAGGGCAGAGA	INDEL;IDV=11;IMF=1;DP=11;VDB=6.99472e-07;SGB=-0.670168;MQ0F=0;AC=2;AN=2;DP4=0,0,0,10;MQ=60;RB=13,57195896,57196238,GAC,GAA
X	145557712	NA	CGT	C	166	PASS;TGTGTGTGCGTGTGTGTG	INDEL;IDV=8;IMF=0.888889;DP=8;VDB=1.33331e-05;SGB=-0.651104;MQ0F=0;AC=2;AN=2;DP4=0,0,0,8;MQ=60;RB=X,145557295,145557733,GAT,GGA
10	6737693	NA	GTGTTTGCA	G	224	MASKED;GTGTATGTGTGTTTGCAT	INDEL;IDV=7;IMF=1;DP=7;VDB=6.71664e-05;SGB=-0.636426;MQ0F=0;AC=2;AN=2;DP4=0,0,7,0;MQ=60;RB=10,6737683,6737929,GAG,CAT
7	143083141	NA	T	TCTG	225	NEI_IND[44/389];GTGAGTGGTGTATGTGTG	INDEL;IDV=13;IMF=1;DP=13;VDB=2.26006e-08;SGB=-0.683931;MQ0F=0;AC=2;AN=2;DP4=0,0,0,13;MQ=60;RB=7,143082794,143083152,TCA,GAA
8	5186525	NA	TC	T	120	NEI_IND[11/387];ATTTCTTTTCTTATTTTC	INDEL;IDV=9;IMF=1;DP=9;VDB=6.61497e-06;SGB=-0.662043;MQ0F=0;AC=2;AN=2;DP4=0,0,0,9;MQ=60;RB=8,5186155,5186660,TGA,CCC
9	110512694	NA	CAT	C	214	MASKED;CACACACACATACACATG	INDEL;IDV=11;IMF=1;DP=11;VDB=6.99472e-07;SGB=-0.670168;MQ0F=0;AC=2;AN=2;DP4=0,0,0,10;MQ=60;RB=9,110512321,110512707,GCA,TAT
4	152488594	NA	CCTT	C	205	MASKED;AGTATAAACCTTCTCCGA	INDEL;IDV=6;IMF=1;DP=6;VDB=0.000411984;SGB=-0.616816;MQ0F=0;AC=2;AN=2;DP4=0,0,0,6;MQ=60;RB=4,152488380,152488609,TAT,TGG
X	145557712	NA	CGT	C	158	MASKED;TGTGTGTGCGTGTGTGTG	INDEL;IDV=7;IMF=1;DP=7;VDB=6.71664e-05;SGB=-0.636426;MQ0F=0;AC=2;AN=2;DP4=0,0,0,7;MQ=60;RB=X,145557296,145557732,CAG,AGC
18	27418417	NA	TTTATGAATA	T	224	PASS;ACATGTTATTTATGAATA	INDEL;IDV=7;IMF=1;DP=7;VDB=6.71664e-05;SGB=-0.636426;MQ0F=0;AC=2;AN=2;DP4=0,0,0,7;MQ=60;RB=18,27418259,27418512,AGT,CCT
14	63493696	NA	GA	G	80	PASS;TGAATAACGAAAATGTGG	INDEL;IDV=9;IMF=1;DP=9;VDB=5.52906e-06;SGB=-0.662043;MQ0F=0;AC=2;AN=2;DP4=0,0,9,0;MQ=60;RB=14,63493618,63493847,GAT,AGT
1	188562687	NA	T	TAGGTA	193	PASS;ATGATAGATGATAGATAG	INDEL;IDV=11;IMF=0.916667;DP=12;VDB=4.42314e-08;SGB=-0.676189;MQ0F=0;AC=2;AN=2;DP4=0,0,0,11;MQ=60;RB=1,188562381,188562806,GAA,GAT
7	47101399	NA	AT	A	26.4242	MASKED;AACCCTTTATTTTTTTCT	INDEL;IDV=8;IMF=1;DP=8;VDB=1.33331e-05;SGB=-0.651104;MQ0F=0;AC=2;AN=2;DP4=0,0,8,0;MQ=60;RB=7,47101297,47101642,TTT,CAT
1	193834773	NA	T	TTCTAGAAGAC	176	NEI_IND[14/211];TGTTTTTGTTATGTTAAT	INDEL;IDV=10;IMF=1;DP=10;VDB=5.52906e-06;SGB=-0.662043;MQ0F=0;AC=2;AN=2;DP4=0,0,9,0;MQ=60;RB=1,193834681,193835042,TGA,TCT
13	31949870	NA	G	GTA	82	NEI_IND[29/287];GTGTGCGTGTATATATAT	INDEL;IDV=5;IMF=0.625;DP=8;VDB=0.000141285;SGB=-0.590765;MQ0F=0;ICB=1;HOB=0.5;AC=1;AN=2;DP4=0,2,0,5;MQ=60;RB=13,31949663,31949960,CTG,TGG
13	31949946	NA	TA	T	76	MASKED;AATTTAAATAAAATTTTT	INDEL;IDV=8;IMF=1;DP=8;VDB=1.33331e-05;SGB=-0.651104;MQ0F=0;AC=2;AN=2;DP4=0,0,0,8;MQ=60;RB=13,31949663,31949960,CTG,TGG
9	7198174	NA	TC	T	116	NEI_IND[70/307];TTTTCTTTTCCTTTCTTT	INDEL;IDV=11;IMF=0.916667;DP=11;VDB=3.18719e-06;SGB=-0.670168;MQ0F=0;AC=2;AN=2;DP4=0,0,10,0;MQ=58;RB=9,7198090,7198377,ATC,TAT
12	67580731	NA	G	GT	114	PASS;AATCCAAAGTTTGTCAAT	INDEL;IDV=8;IMF=1;DP=8;VDB=1.33331e-05;SGB=-0.651104;MQ0F=0;AC=2;AN=2;DP4=0,0,8,0;MQ=60;RB=12,67580646,67580910,AAA,TAA
12	19986929	NA	CAT	C	193	MASKED;CACACACACATACACACA	INDEL;IDV=7;IMF=1;DP=7;VDB=6.71664e-05;SGB=-0.636426;MQ0F=0;AC=2;AN=2;DP4=0,0,7,0;MQ=60;RB=12,19986813,19987210,TGC,CAG
5	92327913	NA	T	TTGTGCTGGAA	224	PASS;CTTTATTTTTGTGCTGGA	INDEL;IDV=7;IMF=1;DP=7;VDB=6.71664e-05;SGB=-0.636426;MQ0F=0;AC=2;AN=2;DP4=0,0,7,0;MQ=60;RB=5,92327833,92328070,TTA,TCT
X	145557712	NA	CGT	C	145	MASKED;TGTGTGTGCGTGTGTGTG	INDEL;IDV=6;IMF=1;DP=6;VDB=0.000411984;SGB=-0.616816;MQ0F=0;AC=2;AN=2;DP4=0,0,0,6;MQ=60;RB=X,145557295,145557732,TTA,GTC
15	62406302	NA	ATAG	A	225	MASKED;TTCATCTGATAGTTCCAG	INDEL;IDV=9;IMF=1;DP=9;VDB=5.52906e-06;SGB=-0.662043;MQ0F=0;AC=2;AN=2;DP4=0,0,0,9;MQ=60;RB=15,62406015,62406383,TGG,TTC
1	193834773	NA	T	TTCTAGAAGAC	175	NEI_IND[14/211];TGTTTTTGTTATGTTAAT	INDEL;IDV=13;IMF=0.928571;DP=14;VDB=3.3258e-08;SGB=-0.683931;MQ0F=0;AC=2;AN=2;DP4=0,0,13,0;MQ=60;RB=1,193834681,193835041,TAT,GCC
11	30315940	NA	AAAAGCTAT	A	225	NEI_IND[4/285];AAACAGTAAAAAGCTATA	INDEL;IDV=8;IMF=1;DP=8;VDB=1.33331e-05;SGB=-0.651104;MQ0F=0;AC=2;AN=2;DP4=0,0,8,0;MQ=60;RB=11,30315814,30316036,GCG,AGT
2	157388525	NA	CT	C	36.4154	MASKED;TATTTTTACTTTTTTAAG	INDEL;IDV=7;IMF=1;DP=7;VDB=6.71664e-05;SGB=-0.636426;MQ0F=0;AC=2;AN=2;DP4=0,0,0,7;MQ=60;RB=2,157388206,157388590,GTC,TAT
X	76580116	NA	CA	C	77	PASS;TCATTCCCCAAAACTTGG	INDEL;IDV=8;IMF=1;DP=8;VDB=1.33331e-05;SGB=-0.651104;MQ0F=0;AC=2;AN=2;DP4=0,0,0,8;MQ=60;RB=X,76579799,76580167,ACT,GTT
16	63276477	NA	AACACACACAC	A	154	NEI_IND[32/189];GCACACACAACACACACA	INDEL;IDV=4;IMF=0.5;DP=8;VDB=0.0058656;SGB=-0.556411;MQ0F=0;AC=2;AN=2;DP4=0,0,0,4;MQ=60;RB=16,63276339,63276538,CGT,AGT
2	227853431	NA	CATAG	C	167	PASS;CTCATATACATAGATATA	INDEL;IDV=6;IMF=0.5;DP=12;VDB=0.00187095;SGB=-0.590765;MQ0F=0;AC=2;AN=2;DP4=0,0,0,5;MQ=60;RB=2,227853291,227853546,GGG,AAT
11	22632288	NA	AACCATCCACACTT	A	154	PASS;TACCAATTAACCATCCAC	INDEL;IDV=9;IMF=1;DP=9;VDB=0.0606158;SGB=-0.556411;MQ0F=0;AC=2;AN=2;DP4=0,0,0,4;MQ=60;RB=11,22632075,22632362,CAT,CGA
20	29866261	NA	AT	A	101	MASKED;CACTGGGCATTCTTGGAG	INDEL;IDV=6;IMF=1;DP=6;VDB=0.000411984;SGB=-0.616816;MQ0F=0;AC=2;AN=2;DP4=0,0,0,6;MQ=60;RB=20,29866065,29866278,TAT,TGA
9	9584355	NA	TCAC	T	204	NEI_IND[10/300];TTATTTCATCACCATTAT	INDEL;IDV=6;IMF=0.666667;DP=6;VDB=0.000411984;SGB=-0.616816;MQ0F=0;AC=2;AN=2;DP4=0,0,6,0;MQ=60;RB=9,9584228,9584623,GGT,AGT
8	10465045	NA	T	TC	84	PASS;GCTGGGCCTCCCCTTCTG	INDEL;IDV=10;IMF=1;DP=10;VDB=6.99472e-07;SGB=-0.670168;MQ0F=0;AC=2;AN=2;DP4=0,0,0,10;MQ=60;RB=8,10464604,10465148,GAT,ATA
5	97442458	NA	TG	T	58	PASS;GGATTTCTTGGGGGAAAC	INDEL;IDV=10;IMF=1;DP=10;VDB=6.99472e-07;SGB=-0.670168;MQ0F=0;AC=2;AN=2;DP4=0,0,0,10;MQ=60;RB=5,97442203,97442473,TGG,AGT
21	21154395	NA	GC	G	91	PASS;AATGTTTGGCCTGGGCAG	INDEL;IDV=10;IMF=1;DP=10;VDB=0.00187095;SGB=-0.590765;MQ0F=0;AC=2;AN=2;DP4=0,0,5,0;MQ=60;RB=21,21154322,21154517,ACT,ACC
15	93318470	NA	GAA	G	165	PASS;GGGCACAGGAAAAGTTTC	INDEL;IDV=11;IMF=0.916667;DP=12;VDB=0.545127;SGB=-0.651104;MQSB=0.900802;MQ0F=0;AC=2;AN=2;DP4=0,0,5,3;MQ=60;RB=15,93318338,93318553,GAC,ACC
11	59802480	NA	CAT	C	166	MASKED;TATTTACACATATGAGTT	INDEL;IDV=8;IMF=1;DP=8;VDB=0.77747;SGB=-0.651104;MQSB=0.992367;MQ0F=0;AC=2;AN=2;DP4=0,0,4,4;MQ=60;RB=11,59802371,59802592,TCG,AAA
15	29581933	NA	CCAG	C	205	PASS;CTGTAAACCCAGCTACTC	INDEL;IDV=6;IMF=1;DP=6;VDB=0.000411984;SGB=-0.616816;MQ0F=0;AC=2;AN=2;DP4=0,0,0,6;MQ=60;RB=15,29581751,29582011,TCC,TCT
7	18948339	NA	CA	C	4.38292	PASS;ACAAATGACAAAAAAAAA	INDEL;IDV=8;IMF=1;DP=8;VDB=0.0058656;SGB=-0.556411;MQ0F=0;AC=2;AN=2;DP4=0,0,4,0;MQ=60;RB=7,18948290,18948478,AGG,AGT
4	4353221	NA	CTT	C	110	NEI_IND[12/339];AACGGAGTCTTTTTTTCT	INDEL;IDV=12;IMF=1;DP=12;VDB=2.26006e-08;SGB=-0.680642;MQ0F=0;AC=2;AN=2;DP4=0,0,0,12;MQ=60;RB=4,4352684,4353239,TAT,GCC
18	24035904	NA	GTAAGTCC	G	225	MASKED;GGGGTGAGGTAAGTCCTA	INDEL;IDV=8;IMF=1;DP=8;VDB=1.33331e-05;SGB=-0.651104;MQ0F=0;AC=2;AN=2;DP4=0,0,8,0;MQ=60;RB=18,24035853,24036215,CTA,GAG
11	30315940	NA	AAAAGCTAT	A	182	NEI_IND[4/285];AAACAGTAAAAAGCTATA	INDEL;IDV=5;IMF=1;DP=5;VDB=0.00187095;SGB=-0.590765;MQ0F=0;AC=2;AN=2;DP4=0,0,5,0;MQ=60;RB=11,30315814,30316036,TCG,GTT
2	230411502	NA	C	CAGAT	225	PASS;CAGATAGACAGATAGATA	INDEL;IDV=9;IMF=1;DP=9;VDB=5.52906e-06;SGB=-0.662043;MQ0F=0;AC=2;AN=2;DP4=0,0,9,0;MQ=60;RB=2,230411419,230411679,AAG,GAA
