CHROM	POS	ID	REF	ALT	QUAL	FILTER	INFO
5	58487371	NA	T	TA	184	PASS;TGAGGTCTTAGATATAGA	INDEL;IDV=24;IMF=1;DP=24;VDB=1.62158e-15;SGB=-0.692831;MQ0F=0;AC=2;AN=2;DP4=0,0,0,24;MQ=60;RB=5,58487143,58487446,GAC,CAT
3	112223777	NA	CT	C	167	PASS;GAGACTTACTAGCCATTA	INDEL;IDV=26;IMF=1;DP=26;VDB=1.30483e-15;SGB=-0.692976;MQ0F=0;AC=2;AN=2;DP4=0,0,26,0;MQ=60;RB=3,112223748,112224096,ACC,ACT
8	15340827	NA	TTG	T	170	NEI_IND[19/255];CACTGTTTTTGTTGTTGT	INDEL;IDV=12;IMF=0.923077;DP=13;VDB=2.26006e-08;SGB=-0.680642;MQ0F=0;AC=2;AN=2;DP4=0,0,12,0;MQ=60;RB=8,15340701,15340994,GCT,TAG
5	96236894	NA	TTTTG	T	225	NEI_IND[7/407];TTGTTTGATTTTGTTTGT	INDEL;IDV=14;IMF=1;DP=14;VDB=2.26006e-08;SGB=-0.686358;MQ0F=0;AC=2;AN=2;DP4=0,0,0,14;MQ=60;RB=5,96236736,96237021,TGA,CTC
11	30315940	NA	AAAAGCTAT	A	225	NEI_IND[4/285];AAACAGTAAAAAGCTATA	INDEL;IDV=17;IMF=1;DP=17;VDB=1.29641e-11;SGB=-0.690438;MQ0F=0;AC=2;AN=2;DP4=0,0,17,0;MQ=60;RB=11,30315813,30316035,TGA,TGC
5	46171326	NA	AC	A	170	PASS;GGAACAGAACAAAGGCCT	INDEL;IDV=19;IMF=1;DP=19;VDB=1.29641e-11;SGB=-0.69168;MQ0F=0;AC=2;AN=2;DP4=0,0,19,0;MQ=60;RB=5,46171252,46171503,CAT,TCA
13	31949870	NA	G	GTA	225	NEI_IND[29/287];GTGTGCGTGTATATATAT	INDEL;IDV=16;IMF=1;DP=16;VDB=2.58261e-11;SGB=-0.689466;MQ0F=0;AC=2;AN=2;DP4=0,0,0,16;MQ=60;RB=13,31949662,31949960,CAT,CGG
13	31949946	NA	TA	T	91	MASKED;AATTTAAATAAAATTTTT	INDEL;IDV=16;IMF=1;DP=16;VDB=1.29641e-11;SGB=-0.689466;MQ0F=0;AC=2;AN=2;DP4=0,0,0,16;MQ=60;RB=13,31949662,31949960,CAT,CGG
13	31949870	NA	G	GTA	216	NEI_IND[29/287];GTGTGCGTGTATATATAT	INDEL;IDV=22;IMF=0.846154;DP=26;VDB=7.42108e-15;SGB=-0.692562;MQ0F=0;ICB=1;HOB=0.5;AC=1;AN=2;DP4=0,3,0,22;MQ=60;RB=13,31949662,31949960,AAT,GGG
13	31949946	NA	TA	T	91	MASKED;AATTTAAATAAAATTTTT	INDEL;IDV=26;IMF=1;DP=26;VDB=1.30483e-15;SGB=-0.692976;MQ0F=0;AC=2;AN=2;DP4=0,0,0,26;MQ=60;RB=13,31949662,31949960,AAT,GGG
1	105448480	NA	CTA	C	225	NEI_IND[5/242];ATATCTATCTATATCTAT	INDEL;IDV=19;IMF=1;DP=19;VDB=1.29641e-11;SGB=-0.69168;MQ0F=0;AC=2;AN=2;DP4=0,0,19,0;MQ=60;RB=1,105448352,105448634,TCG,TTT
4	20143958	NA	AT	A	115	MASKED;AAAAAAAAATAAATAAAA	INDEL;IDV=7;IMF=1;DP=7;VDB=6.71664e-05;SGB=-0.636426;MQ0F=0;AC=2;AN=2;DP4=0,0,7,0;MQ=60;RB=4,20143913,20144345,GAT,TCT
8	90149865	NA	AG	A	167	PASS;ACAGACAGAGTAGATAGA	INDEL;IDV=16;IMF=1;DP=16;VDB=1.29641e-11;SGB=-0.689466;MQ0F=0;AC=2;AN=2;DP4=0,0,16,0;MQ=60;RB=8,90149730,90150015,AGA,GCT
8	15340827	NA	TTG	T	184	NEI_IND[19/255];CACTGTTTTTGTTGTTGT	INDEL;IDV=21;IMF=1;DP=21;VDB=2.63505e-13;SGB=-0.692067;MQ0F=0;AC=2;AN=2;DP4=0,0,20,0;MQ=60;RB=8,15340701,15340994,AGT,GGG
9	3651135	NA	CAG	C	225	PASS;GTTGATGACAGAGTAGGT	INDEL;IDV=25;IMF=1;DP=25;VDB=1.30483e-15;SGB=-0.692914;MQ0F=0;AC=2;AN=2;DP4=0,0,0,25;MQ=60;RB=9,3650867,3651164,CGT,CTC
4	93504806	NA	TTATA	T	225	NEI_IND[44/245];GATAATAATTATATATAT	INDEL;IDV=26;IMF=0.962963;DP=27;VDB=1.30483e-15;SGB=-0.692976;MQ0F=0;AC=2;AN=2;DP4=0,0,26,0;MQ=60;RB=4,93504681,93504970,CCC,CGT
4	93504856	NA	T	TTA	225	NEI_IND[21/288];CATATAATTTATATATAA	INDEL;IDV=26;IMF=0.962963;DP=27;VDB=1.30483e-15;SGB=-0.692976;MQ0F=0;AC=2;AN=2;DP4=0,0,0,26;MQ=60;RB=4,93504681,93504970,CCC,CGT
4	80293691	NA	CA	C	128	PASS;AATTATTCCATTTTTTTA	INDEL;IDV=13;IMF=1;DP=13;VDB=6.71664e-05;SGB=-0.636426;MQ0F=0;AC=2;AN=2;DP4=0,0,7,0;MQ=60;RB=4,80293610,80293829,AAG,CGA
1	105448480	NA	CTA	C	225	NEI_IND[5/242];ATATCTATCTATATCTAT	INDEL;IDV=19;IMF=0.95;DP=20;VDB=1.29641e-11;SGB=-0.69168;MQ0F=0;AC=2;AN=2;DP4=0,0,19,0;MQ=60;RB=1,105448352,105448634,GCG,ATT
4	135484480	NA	TAC	T	225	PASS;CTCTTGTGTACAGATATT	INDEL;IDV=10;IMF=1;DP=10;VDB=6.99472e-07;SGB=-0.670168;MQ0F=0;AC=2;AN=2;DP4=0,0,0,10;MQ=60;RB=4,135484256,135484516,GAT,TCC
10	91299661	NA	TC	T	117	PASS;TCTTTCTTTCTTTCTTTT	INDEL;IDV=22;IMF=0.88;DP=25;VDB=2.63505e-13;SGB=-0.692067;MQ0F=0;AC=2;AN=2;DP4=0,0,20,0;MQ=60;RB=10,91299527,91299907,TGA,ACA
9	7198174	NA	TC	T	127	NEI_IND[70/307];TTTTCTTTTCCTTTCTTT	INDEL;IDV=15;IMF=0.882353;DP=17;VDB=2.14178e-07;SGB=-0.683931;MQ0F=0;AC=2;AN=2;DP4=0,0,13,0;MQ=60;RB=9,7198090,7198376,GGG,GAC
13	105312560	NA	TGC	T	41.4148	PASS;TATATATATGCATACACA	INDEL;IDV=10;IMF=0.909091;DP=11;VDB=5.52906e-06;SGB=-0.662043;MQ0F=0;AC=2;AN=2;DP4=0,0,0,9;MQ=60;RB=13,105312118,105312581,TGA,CCG
11	30315940	NA	AAAAGCTAT	A	225	NEI_IND[4/285];AAACAGTAAAAAGCTATA	INDEL;IDV=16;IMF=1;DP=16;VDB=1.29641e-11;SGB=-0.689466;MQ0F=0;AC=2;AN=2;DP4=0,0,16,0;MQ=60;RB=11,30315814,30316036,ATC,TTT
9	7198174	NA	TC	T	144	NEI_IND[70/307];TTTTCTTTTCCTTTCTTT	INDEL;IDV=26;IMF=1;DP=26;VDB=1.93373e-12;SGB=-0.692562;MQ0F=0;AC=2;AN=2;DP4=0,0,22,0;MQ=60;RB=9,7198090,7198376,AAC,CTG
5	29337271	NA	C	CTA	225	PASS;ATACATCACTATATATAT	INDEL;IDV=12;IMF=1;DP=12;VDB=2.26006e-08;SGB=-0.680642;MQ0F=0;AC=2;AN=2;DP4=0,0,0,12;MQ=60;RB=5,29337067,29337297,ATG,AGT
9	9584355	NA	TCAC	T	225	NEI_IND[10/300];TTATTTCATCACCATTAT	INDEL;IDV=29;IMF=1;DP=29;VDB=1.30483e-15;SGB=-0.693079;MQ0F=0;AC=2;AN=2;DP4=0,0,29,0;MQ=60;RB=9,9584229,9584623,GAC,ATT
12	126746922	NA	CAGTA	C	225	PASS;TCCTCGGTCAGTAAGTGT	INDEL;IDV=15;IMF=0.9375;DP=16;VDB=2.58261e-11;SGB=-0.689466;MQ0F=0;AC=2;AN=2;DP4=0,0,0,16;MQ=60;RB=12,126746589,126747016,ACG,TGG
16	80750936	NA	TGCAC	T	191	PASS;TGGATGGATGCACGGATG	INDEL;IDV=13;IMF=1;DP=13;VDB=4.13851e-08;SGB=-0.676189;MQ0F=0;AC=2;AN=2;DP4=0,0,0,11;MQ=60;RB=16,80750408,80750947,TGC,GAA
17	76679409	NA	CG	C	150	PASS;CTCTCAGCCGGCAGGAAT	INDEL;IDV=20;IMF=1;DP=20;VDB=1.29641e-11;SGB=-0.69168;MQ0F=0;AC=2;AN=2;DP4=0,0,0,19;MQ=60;RB=17,76678944,76679495,CTT,TCA
7	84737470	NA	AT	A	133	PASS;TTTTGTCTATTTATTTTG	INDEL;IDV=16;IMF=1;DP=16;VDB=1.29641e-11;SGB=-0.689466;MQ0F=0;AC=2;AN=2;DP4=0,0,16,0;MQ=60;RB=7,84737458,84737714,ATT,GCC
5	130793718	NA	AAC	A	211	PASS;TAGGCAGAAACCATTAGA	INDEL;IDV=8;IMF=1;DP=8;VDB=1.33331e-05;SGB=-0.651104;MQ0F=0;AC=2;AN=2;DP4=0,0,8,0;MQ=60;RB=5,130793701,130794398,TCG,CGA
11	8784423	NA	AC	A	148	PASS;AAGTGATAACCATAATGA	INDEL;IDV=26;IMF=1;DP=26;VDB=1.30483e-15;SGB=-0.692976;MQ0F=0;AC=2;AN=2;DP4=0,0,26,0;MQ=60;RB=11,8784404,8784712,TAT,GTA
19	39564791	NA	GGA	G	225	MASKED;GAGAGAGAGGAAGGAAGG	INDEL;IDV=18;IMF=1;DP=18;VDB=1.29641e-11;SGB=-0.691153;MQ0F=0;AC=2;AN=2;DP4=0,0,18,0;MQ=60;RB=19,39564660,39565006,CTG,TCG
2	102146906	NA	TAC	T	114	NEI_IND[24/196];TATACCCATACATATATA	INDEL;IDV=5;IMF=1;DP=5;VDB=0.0058656;SGB=-0.556411;MQ0F=0;AC=2;AN=2;DP4=0,0,4,0;MQ=60;RB=2,102146780,102147427,AAT,CTG
1	105448480	NA	CTA	C	225	NEI_IND[5/242];ATATCTATCTATATCTAT	INDEL;IDV=15;IMF=0.9375;DP=16;VDB=4.49525e-10;SGB=-0.688148;MQ0F=0;AC=2;AN=2;DP4=0,0,15,0;MQ=60;RB=1,105448351,105448633,GCA,ATG
1	188562687	NA	T	TAGGTA	200	PASS;ATGATAGATGATAGATAG	INDEL;IDV=16;IMF=0.888889;DP=18;VDB=4.02747e-08;SGB=-0.683931;MQ0F=0;AC=2;AN=2;DP4=0,0,0,13;MQ=60;RB=1,188562382,188562806,CAG,TCA
8	15340827	NA	TTG	T	154	NEI_IND[19/255];CACTGTTTTTGTTGTTGT	INDEL;IDV=19;IMF=0.904762;DP=21;VDB=1.29641e-11;SGB=-0.69168;MQ0F=0;AC=2;AN=2;DP4=0,0,19,0;MQ=60;RB=8,15340701,15340995,TCT,TCT
8	15340827	NA	TTG	T	154	NEI_IND[19/255];CACTGTTTTTGTTGTTGT	INDEL;IDV=27;IMF=0.964286;DP=28;VDB=1.57388e-15;SGB=-0.693054;MQ0F=0;AC=2;AN=2;DP4=0,0,28,0;MQ=60;RB=8,15340701,15340994,CCT,GTC
21	47695853	NA	TTG	T	225	PASS;TATACTTATTGTTTTCAT	INDEL;IDV=19;IMF=1;DP=19;VDB=2.33201e-11;SGB=-0.69168;MQ0F=0;AC=2;AN=2;DP4=0,0,19,0;MQ=60;RB=21,47695825,47696102,TAA,CCC
17	31701006	NA	TTTTA	T	225	PASS;TCTTTATTTTTTATTTAT	INDEL;IDV=24;IMF=1;DP=24;VDB=1.30483e-15;SGB=-0.692831;MQ0F=0;AC=2;AN=2;DP4=0,0,0,24;MQ=60;RB=17,31700777,31701059,CTC,GTG
8	15340827	NA	TTG	T	154	NEI_IND[19/255];CACTGTTTTTGTTGTTGT	INDEL;IDV=28;IMF=1;DP=28;VDB=1.30483e-15;SGB=-0.693054;MQ0F=0;AC=2;AN=2;DP4=0,0,28,0;MQ=60;RB=8,15340701,15340994,CCT,GAC
14	53990472	NA	AAG	A	184	PASS;TAAGGAAAAAGAGAGTGT	INDEL;IDV=21;IMF=1;DP=21;VDB=2.63505e-13;SGB=-0.692067;MQ0F=0;AC=2;AN=2;DP4=0,0,20,0;MQ=60;RB=14,53990358,53990690,TCT,CTG
1	55612691	NA	CTT	C	225	PASS;AGTAGCTTCTTGCAAGAA	INDEL;IDV=29;IMF=1;DP=29;VDB=1.30483e-15;SGB=-0.693054;MQ0F=0;AC=2;AN=2;DP4=0,0,0,28;MQ=60;RB=1,55612269,55612734,GAA,TAT
16	10213035	NA	AGG	A	225	PASS;CGAAGCTAAGGGAAAAAA	INDEL;IDV=15;IMF=1;DP=15;VDB=4.49525e-10;SGB=-0.688148;MQ0F=0;AC=2;AN=2;DP4=0,0,15,0;MQ=60;RB=16,10212900,10213464,AAC,AGA
1	240856282	NA	GGAGT	G	225	PASS;AGATTCTAGGAGTGAGTC	INDEL;IDV=21;IMF=1;DP=21;VDB=6.52886e-13;SGB=-0.692067;MQ0F=0;AC=2;AN=2;DP4=0,0,20,0;MQ=60;RB=1,240856194,240856482,ACT,CAG
11	96998656	NA	ATT	A	110	PASS;TAATTTTTATTTTTTTAA	INDEL;IDV=13;IMF=1;DP=13;VDB=2.26006e-08;SGB=-0.680642;MQ0F=0;AC=2;AN=2;DP4=0,0,0,12;MQ=60;RB=11,96998066,96998755,TCC,CCC
3	181158883	NA	GAAGA	G	225	NEI_IND[48/210];GAAAAAAGGAAGAAAGAA	INDEL;IDV=19;IMF=1;DP=19;VDB=4.16407e-11;SGB=-0.69168;MQ0F=0;AC=2;AN=2;DP4=0,0,19,0;MQ=60;RB=3,181158793,181159140,GGG,TGA
11	55816691	NA	TGCAC	T	133	NEI_IND[4/398];TGTGTGTGTGCACGTGTG	INDEL;IDV=5;IMF=1;DP=5;VDB=0.0058656;SGB=-0.556411;MQ0F=0;AC=2;AN=2;DP4=0,0,0,4;MQ=60;RB=11,55816386,55816703,TGA,GGG
9	32980785	NA	GTTAC	G	154	PASS;GGGAGAGTGTTACTTACT	INDEL;IDV=4;IMF=1;DP=4;VDB=0.0058656;SGB=-0.556411;MQ0F=0;AC=2;AN=2;DP4=0,0,4,0;MQ=60;RB=9,32980769,32980961,GGC,AAT
2	65430532	NA	AAC	A	66	MASKED;GAAAAAAAAACAAAAAAC	INDEL;IDV=9;IMF=0.529412;DP=17;VDB=0.000716596;SGB=-0.662043;MQ0F=0;AC=2;AN=2;DP4=0,0,9,0;MQ=60;RB=2,65430486,65430751,AGG,ATA
9	9584355	NA	TCAC	T	225	NEI_IND[10/300];TTATTTCATCACCATTAT	INDEL;IDV=21;IMF=0.954545;DP=22;VDB=2.63505e-13;SGB=-0.692067;MQ0F=0;AC=2;AN=2;DP4=0,0,20,0;MQ=60;RB=9,9584229,9584623,GAC,GGA
6	50283519	NA	TATATATAC	T	225	MASKED;TATATATATATATATACA	INDEL;IDV=35;IMF=0.945946;DP=37;VDB=6.73574e-19;SGB=-0.693141;MQ0F=0;AC=2;AN=2;DP4=0,0,0,37;MQ=60;RB=6,50283299,50283649,TTC,CTG
6	154513486	NA	GTATGCA	G	225	MASKED;GTGTGTGTGTATGCATGT	INDEL;IDV=8;IMF=1;DP=8;VDB=1.33331e-05;SGB=-0.651104;MQ0F=0;AC=2;AN=2;DP4=0,0,0,8;MQ=60;RB=6,154513242,154513501,TAG,AGG
8	19105453	NA	AT	A	8.13795	PASS;CCCAGCTAATTTTTTTTT	INDEL;IDV=23;IMF=1;DP=23;VDB=1.30483e-15;SGB=-0.692717;MQ0F=0;AC=2;AN=2;DP4=0,0,23,0;MQ=60;RB=8,19105367,19105868,TAT,GCC
3	181158883	NA	GAAGA	G	225	NEI_IND[48/210];GAAAAAAGGAAGAAAGAA	INDEL;IDV=16;IMF=1;DP=16;VDB=2.26006e-08;SGB=-0.686358;MQ0F=0;AC=2;AN=2;DP4=0,0,14,0;MQ=60;RB=3,181158793,181159139,GCC,ATG
3	181158883	NA	GAAGA	G	225	NEI_IND[48/210];GAAAAAAGGAAGAAAGAA	INDEL;IDV=17;IMF=1;DP=17;VDB=1.29641e-11;SGB=-0.690438;MQ0F=0;AC=2;AN=2;DP4=0,0,17,0;MQ=60;RB=3,181158793,181159140,AGC,ACT
5	128897558	NA	TA	T	152	PASS;TATCTATCTAATCTATCT	INDEL;IDV=20;IMF=0.909091;DP=22;VDB=2.63505e-13;SGB=-0.692067;MQ0F=0;AC=2;AN=2;DP4=0,0,20,0;MQ=60;RB=5,128897424,128897910,AAT,AAT
12	81297676	NA	GAT	G	225	PASS;TGATGTATGATATATCTT	INDEL;IDV=35;IMF=0.972222;DP=35;VDB=3.75937e-20;SGB=-0.693136;MQ0F=0;AC=2;AN=2;DP4=0,0,35,0;MQ=60;RB=12,81297615,81297974,TCA,CCT
12	62457664	NA	CATGCAT	C	205	MASKED;CACACACACATGCATACA	INDEL;IDV=6;IMF=1;DP=6;VDB=0.000411984;SGB=-0.616816;MQ0F=0;AC=2;AN=2;DP4=0,0,0,6;MQ=60;RB=12,62457415,62457679,GTA,TCT
13	102054948	NA	TG	T	166	PASS;TCTTCTCCTGTCTTCCAA	INDEL;IDV=21;IMF=1;DP=21;VDB=1.30483e-15;SGB=-0.692352;MQ0F=0;AC=2;AN=2;DP4=0,0,21,0;MQ=60;RB=13,102054908,102055227,AAC,AGT
2	193855979	NA	GC	G	145	PASS;TACCAATAGCTTTTCTAC	INDEL;IDV=10;IMF=1;DP=10;VDB=6.99472e-07;SGB=-0.670168;MQ0F=0;AC=2;AN=2;DP4=0,0,10,0;MQ=60;RB=2,193855945,193856179,GGA,ATA
10	132932373	NA	AC	A	164	PASS;CTGGAAACACAGCAGGGC	INDEL;IDV=18;IMF=1;DP=18;VDB=1.29641e-11;SGB=-0.691153;MQ0F=0;AC=2;AN=2;DP4=0,0,18,0;MQ=60;RB=10,132932336,132932915,CCC,AAG
