CHROM	POS	ID	REF	ALT	QUAL	FILTER	INFO
9	30948594	NA	AT	A	13.6076	PASS;ACATGCTTATTTTTTTTC	INDEL;IDV=12;IMF=1;DP=12;VDB=0.000411984;SGB=-0.616816;MQ0F=0;AC=2;AN=2;DP4=0,0,6,0;MQ=60;RB=9,30948501,30948695,CAG,ACG
5	161611033	NA	AT	A	74	PASS;TTTTCAAGATTTTAGTCC	INDEL;IDV=8;IMF=1;DP=8;VDB=1.33331e-05;SGB=-0.651104;MQ0F=0;AC=2;AN=2;DP4=0,0,8,0;MQ=60;RB=5,161610954,161611269,CTT,TCT
5	15784983	NA	G	GCA	189	PASS;ACAACCTAGCACACACAC	INDEL;IDV=6;IMF=1;DP=6;VDB=0.000411984;SGB=-0.616816;MQ0F=0;AC=2;AN=2;DP4=0,0,6,0;MQ=60;RB=5,15784972,15785149,TAT,GCT
5	126513125	NA	A	ATGT	225	PASS;CCAATTTCATGCTATCAG	INDEL;IDV=13;IMF=1;DP=13;VDB=2.26006e-08;SGB=-0.683931;MQ0F=0;AC=2;AN=2;DP4=0,0,0,13;MQ=60;RB=5,126512899,126513167,AGA,CAT
2	182511266	NA	TGG	T	19.4636	PASS;GGCACTTCTGGAGGTAGA	INDEL;IDV=5;IMF=1;DP=5;VDB=0.00187095;SGB=-0.590765;MQ0F=0;AC=2;AN=2;DP4=0,0,0,5;MQ=60;RB=2,182511047,182511299,TTG,GGA
2	75438784	NA	GAGAA	G	225	MASKED;GAGAGAGAGAGAAAGAGA	INDEL;IDV=14;IMF=1;DP=14;VDB=2.26006e-08;SGB=-0.686358;MQ0F=0;AC=2;AN=2;DP4=0,0,14,0;MQ=60;RB=2,75438652,75439012,TGC,GTA
2	146255861	NA	CT	C	18.4763	PASS;TTTCAAAACTTTTTTTTG	INDEL;IDV=10;IMF=1;DP=10;VDB=6.99472e-07;SGB=-0.670168;MQ0F=0;AC=2;AN=2;DP4=0,0,0,10;MQ=60;RB=2,146255669,146255971,CAT,CGC
X	16487774	NA	ACACGCG	A	224	NEI_IND[12/333];GTGCACACACACGCGCAC	INDEL;IDV=7;IMF=1;DP=7;VDB=6.71664e-05;SGB=-0.636426;MQ0F=0;AC=2;AN=2;DP4=0,0,7,0;MQ=60;RB=X,16487757,16488090,AAT,GAT
1	189871477	NA	C	CA	9.88465	PASS;AAAACAAACAAAAAAAAC	INDEL;IDV=6;IMF=1;DP=6;VDB=0.00187095;SGB=-0.590765;MQ0F=0;AC=2;AN=2;DP4=0,0,5,0;MQ=60;RB=1,189871436,189871624,TTA,CGG
2	193551131	NA	C	CT	5.79088	PASS;TTGATTGGCTTTTTTTTT	INDEL;IDV=7;IMF=1;DP=7;VDB=7.99767e-05;SGB=-0.636426;MQ0F=0;AC=2;AN=2;DP4=0,0,0,7;MQ=60;RB=2,193550936,193551236,GGT,TGC
X	45602409	NA	TCAAAA	T	212	PASS;ACTTTGTCTCAAAACAAA	INDEL;IDV=7;IMF=1;DP=7;VDB=6.71664e-05;SGB=-0.636426;MQ0F=0;AC=2;AN=2;DP4=0,0,7,0;MQ=60;RB=X,45602378,45602673,TTG,CTA
2	171508849	NA	CA	C	61	PASS;ATTCTGTCCAAAAAGGTT	INDEL;IDV=12;IMF=1;DP=12;VDB=2.26006e-08;SGB=-0.680642;MQ0F=0;AC=2;AN=2;DP4=0,0,12,0;MQ=60;RB=2,171508769,171509236,ATA,TGA
2	207500888	NA	TC	T	151	PASS;ACTCTTAATCAACTAAGT	INDEL;IDV=12;IMF=1;DP=12;VDB=2.26006e-08;SGB=-0.680642;MQ0F=0;AC=2;AN=2;DP4=0,0,12,0;MQ=60;RB=2,207500821,207501155,ACT,GAC
6	61932003	NA	GA	G	38.415	PASS;AAACCTGAGAAAAACAAG	INDEL;IDV=5;IMF=1;DP=5;VDB=0.00187095;SGB=-0.590765;MQ0F=0;AC=2;AN=2;DP4=0,0,5,0;MQ=60;RB=6,61931957,61932153,TCG,GTA
2	71799356	NA	AGCACAT	A	205	NEI_IND[21/385];TCACACCCAGCACATGCA	INDEL;IDV=6;IMF=1;DP=6;VDB=0.000411984;SGB=-0.616816;MQ0F=0;AC=2;AN=2;DP4=0,0,6,0;MQ=60;RB=2,71799344,71799557,CTA,TTT
X	74623177	NA	TC	T	125	PASS;CTCTCTCATCCCTTCTAT	INDEL;IDV=10;IMF=1;DP=10;VDB=6.99472e-07;SGB=-0.670168;MQ0F=0;AC=2;AN=2;DP4=0,0,0,10;MQ=60;RB=X,74622907,74623283,CTG,CGA
6	54908163	NA	G	GTTGTTT	225	PASS;TTGTTGTTGTTGTTTTGT	INDEL;IDV=10;IMF=1;DP=10;VDB=6.99472e-07;SGB=-0.670168;MQ0F=0;AC=2;AN=2;DP4=0,0,0,10;MQ=60;RB=6,54907958,54908238,TGA,CCC
2	71799356	NA	AGCACAT	A	182	NEI_IND[21/385];TCACACCCAGCACATGCA	INDEL;IDV=5;IMF=1;DP=5;VDB=0.00187095;SGB=-0.590765;MQ0F=0;AC=2;AN=2;DP4=0,0,5,0;MQ=60;RB=2,71799344,71799557,GGA,CGT
12	11522294	NA	CA	C	133	PASS;TAAAAAGTCATAAGTATT	INDEL;IDV=8;IMF=1;DP=8;VDB=1.33331e-05;SGB=-0.651104;MQ0F=0;AC=2;AN=2;DP4=0,0,0,8;MQ=60;RB=12,11522070,11522365,GTT,TGG
6	96951056	NA	G	GA	53	PASS;AAAGGAGAGAAAAATGGA	INDEL;IDV=8;IMF=1;DP=8;VDB=1.33331e-05;SGB=-0.651104;MQ0F=0;AC=2;AN=2;DP4=0,0,0,8;MQ=60;RB=6,96950840,96951128,CTG,CCT
9	126979528	NA	CCACACACA	C,CCA	192	MASKED;ACCACCCACCACACACAC	INDEL;IDV=6;IMF=1;DP=6;VDB=0.000411984;SGB=-0.616816;MQ0F=0;AC=1,1;AN=2;DP4=0,0,6,0;MQ=60;RB=9,126979435,126979688,GCA,GAC
22	25470555	NA	TGC	T	170	MASKED;TGTGTGTGTGCGTGTATA	INDEL;IDV=6;IMF=1;DP=6;VDB=0.000411984;SGB=-0.616816;MQ0F=0;AC=2;AN=2;DP4=0,0,6,0;MQ=60;RB=22,25470542,25470744,AAG,GTT
X	123599274	NA	A	AT	27.4221	PASS;TTAAAACAATTTTTTTGT	INDEL;IDV=9;IMF=1;DP=9;VDB=5.52906e-06;SGB=-0.662043;MQ0F=0;AC=2;AN=2;DP4=0,0,9,0;MQ=60;RB=X,123599248,123599635,GGG,TTA
11	50172807	NA	TG	T	115	PASS;TCCCCAAGTGGAGGTGAG	INDEL;IDV=7;IMF=1;DP=7;VDB=6.71664e-05;SGB=-0.636426;MQ0F=0;AC=2;AN=2;DP4=0,0,7,0;MQ=60;RB=11,50172772,50172985,AGT,ATT
5	51079795	NA	TA	T	19.4636	MASKED;AAGTTGGATAAAAAAAAC	INDEL;IDV=11;IMF=1;DP=11;VDB=2.26006e-08;SGB=-0.676189;MQ0F=0;AC=2;AN=2;DP4=0,0,0,11;MQ=60;RB=5,51079516,51079817,GTC,TCT
3	33933633	NA	A	AT	32.4168	PASS;AGTCATTAATTTTTTGCC	INDEL;IDV=6;IMF=1;DP=6;VDB=0.000411984;SGB=-0.616816;MQ0F=0;AC=2;AN=2;DP4=0,0,6,0;MQ=60;RB=3,33933608,33933855,TAA,TTT
5	104813522	NA	G	GTA	225	PASS;ATCCAACTGTATGCTGCC	INDEL;IDV=12;IMF=1;DP=12;VDB=2.26006e-08;SGB=-0.680642;MQ0F=0;AC=2;AN=2;DP4=0,0,12,0;MQ=60;RB=5,104813502,104813751,ACG,CGA
3	26179802	NA	GC	G	125	PASS;CAACCTCTGCCTCGTGGA	INDEL;IDV=9;IMF=1;DP=9;VDB=5.52906e-06;SGB=-0.662043;MQ0F=0;AC=2;AN=2;DP4=0,0,9,0;MQ=60;RB=3,26179781,26180164,TTG,ATA
5	29592096	NA	CT	C	157	PASS;GTATCTTCCTTATTTTTC	INDEL;IDV=12;IMF=1;DP=12;VDB=2.26006e-08;SGB=-0.680642;MQ0F=0;AC=2;AN=2;DP4=0,0,12,0;MQ=60;RB=5,29591998,29592276,GCG,CTA
X	24668613	NA	A	AT	53	PASS;CTTTCTATATTTTTGGTA	INDEL;IDV=8;IMF=1;DP=8;VDB=1.33331e-05;SGB=-0.651104;MQ0F=0;AC=2;AN=2;DP4=0,0,8,0;MQ=60;RB=X,24668518,24668784,CTG,ATC
X	39591881	NA	AAGAG	A	214	NEI_IND[4/385];AAGAAAGAAAGAGAGAAA	INDEL;IDV=7;IMF=1;DP=7;VDB=6.71664e-05;SGB=-0.636426;MQ0F=0;AC=2;AN=2;DP4=0,0,7,0;MQ=60;RB=X,39591749,39592053,ATC,GGC
11	109799881	NA	TCACACA	T	225	NEI_IND[8/407];TCTCTCTCTCACACACAC	INDEL;IDV=10;IMF=1;DP=10;VDB=6.99472e-07;SGB=-0.670168;MQ0F=0;AC=2;AN=2;DP4=0,0,0,10;MQ=60;RB=11,109799720,109800020,AAG,GCG
2	111616459	NA	GA	G	97	PASS;TCAAACAGGAAGCCTGCC	INDEL;IDV=6;IMF=1;DP=6;VDB=0.000411984;SGB=-0.616816;MQ0F=0;AC=2;AN=2;DP4=0,0,0,6;MQ=60;RB=2,111616270,111616516,TTT,AAT
4	31211450	NA	T	TA	15.5372	PASS;TCAAAAAATAAAAAAAAT	INDEL;IDV=8;IMF=1;DP=8;VDB=6.71664e-05;SGB=-0.636426;MQ0F=0;AC=2;AN=2;DP4=0,0,7,0;MQ=60;RB=4,31211386,31211818,CTC,ATC
16	61777213	NA	TC	T	164	PASS;AAGACCGGTCCTCCTCGG	INDEL;IDV=16;IMF=1;DP=16;VDB=4.49525e-10;SGB=-0.688148;MQ0F=0;AC=2;AN=2;DP4=0,0,0,15;MQ=60;RB=16,61776892,61777265,TGA,CAA
3	56112957	NA	TA	T	20.4535	PASS;GTTCTAATTAAAAAAATA	INDEL;IDV=6;IMF=1;DP=6;VDB=0.000411984;SGB=-0.616816;MQ0F=0;AC=2;AN=2;DP4=0,0,0,6;MQ=60;RB=3,56112624,56113009,AGT,CTA
15	38157969	NA	TG	T	139	PASS;TAAATCAGTGGATACACA	INDEL;IDV=11;IMF=1;DP=11;VDB=2.26006e-08;SGB=-0.676189;MQ0F=0;AC=2;AN=2;DP4=0,0,11,0;MQ=60;RB=15,38157921,38158280,TAC,GAC
2	138896450	NA	AT	A	86	PASS;TCAAAAAAATAATAATAA	INDEL;IDV=4;IMF=1;DP=4;VDB=0.0058656;SGB=-0.556411;MQ0F=0;AC=2;AN=2;DP4=0,0,4,0;MQ=60;RB=2,138896398,138896651,AAT,GAC
5	166222195	NA	GTT	G	42.4147	NEI_IND[9/233];TTTTTTATGTTTTTTTTT	INDEL;IDV=9;IMF=1;DP=9;VDB=5.52906e-06;SGB=-0.662043;MQ0F=0;AC=2;AN=2;DP4=0,0,0,9;MQ=60;RB=5,166222012,166222277,ATG,TCC
11	56571776	NA	CA	C	110	PASS;GAAGAGTACACGGGACCT	INDEL;IDV=6;IMF=1;DP=6;VDB=0.000560625;SGB=-0.616816;MQ0F=0;AC=2;AN=2;DP4=0,0,6,0;MQ=60;RB=11,56571680,56572235,GAG,ATG
X	34101084	NA	G	GA	18.4763	PASS;ATACAATTGAAAAAAAAG	INDEL;IDV=10;IMF=1;DP=10;VDB=6.99472e-07;SGB=-0.670168;MQ0F=0;AC=2;AN=2;DP4=0,0,0,10;MQ=60;RB=X,34100821,34101149,GCT,CGA
8	125953109	NA	TAGA	T	225	PASS;CTAAATATTAGAAGAAGT	INDEL;IDV=11;IMF=1;DP=11;VDB=2.26006e-08;SGB=-0.676189;MQ0F=0;AC=2;AN=2;DP4=0,0,0,11;MQ=60;RB=8,125952902,125953181,GAC,AAA
8	72079938	NA	CTGTT	C	225	PASS;TAAGTTGTCTGTTTGTTG	INDEL;IDV=9;IMF=1;DP=9;VDB=5.52906e-06;SGB=-0.662043;MQ0F=0;AC=2;AN=2;DP4=0,0,0,9;MQ=60;RB=8,72079522,72079962,TTA,GTG
5	103186522	NA	TG	T	173	PASS;TCTAGTCTTGGTTCTTGC	INDEL;IDV=10;IMF=1;DP=10;VDB=0.997856;SGB=-0.670168;MQSB=0.952347;MQ0F=0;AC=2;AN=2;DP4=0,0,5,5;MQ=60;RB=5,103186387,103186634,TGA,GGG
18	65808568	NA	AT	A	82	PASS;CAAACTTAATTTTGTATA	INDEL;IDV=10;IMF=1;DP=10;VDB=6.99472e-07;SGB=-0.670168;MQ0F=0;AC=2;AN=2;DP4=0,0,10,0;MQ=60;RB=18,65808539,65808968,TTT,GGT
7	145673892	NA	AG	A	132	PASS;TCTAAAAAAGAATTACTA	INDEL;IDV=8;IMF=1;DP=8;VDB=1.33331e-05;SGB=-0.651104;MQ0F=0;AC=2;AN=2;DP4=0,0,8,0;MQ=60;RB=7,145673855,145674103,CTT,CTA
20	11781779	NA	CA	C	81	PASS;AAAGTGTTCAAAATTAGA	INDEL;IDV=9;IMF=1;DP=9;VDB=5.52906e-06;SGB=-0.662043;MQ0F=0;AC=2;AN=2;DP4=0,0,0,9;MQ=60;RB=20,11781530,11781801,GGG,TAT
17	80857226	NA	CGT	C	59	MASKED;CCTCAGTGCGTGTCCGCA	INDEL;IDV=7;IMF=1;DP=7;VDB=0.000411984;SGB=-0.616816;MQ0F=0;AC=2;AN=2;DP4=0,0,0,6;MQ=60;RB=17,80857008,80857358,CCT,TCT
8	89318751	NA	A	AC	58	PASS;GATGTAAAAATCCTCAGT	INDEL;IDV=10;IMF=0.909091;DP=11;VDB=6.99472e-07;SGB=-0.670168;MQ0F=0;AC=2;AN=2;DP4=0,0,0,10;MQ=60;RB=8,89318476,89318803,TTA,GAT
4	126229927	NA	T	TA	17.4922	PASS;AGAAAACTTAAAAAAAAT	INDEL;IDV=8;IMF=1;DP=8;VDB=1.33331e-05;SGB=-0.651104;MQ0F=0;AC=2;AN=2;DP4=0,0,8,0;MQ=60;RB=4,126229916,126230165,GTA,CTC
9	29288954	NA	ATGTATGTGTATG	A	105	NEI_IND[6/249];CAAGCTTTATGTATGTGT	INDEL;IDV=7;IMF=1;DP=7;VDB=6.71664e-05;SGB=-0.636426;MQ0F=0;AC=2;AN=2;DP4=0,0,0,7;MQ=60;RB=9,29288628,29289042,ATT,GAT
2	133824604	NA	TTA	T	106	MASKED;TTTATTTTTTATTTTTTT	INDEL;IDV=7;IMF=1;DP=7;VDB=6.71664e-05;SGB=-0.636426;MQ0F=0;AC=2;AN=2;DP4=0,0,7,0;MQ=60;RB=2,133824473,133824780,GAA,ACG
9	29288954	NA	ATGTATGTGTATG	A	117	NEI_IND[6/249];CAAGCTTTATGTATGTGT	INDEL;IDV=9;IMF=1;DP=9;VDB=5.52906e-06;SGB=-0.662043;MQ0F=0;AC=2;AN=2;DP4=0,0,0,9;MQ=60;RB=9,29288628,29289042,TTA,CGA
1	188430703	NA	CT	C	125	PASS;AAATGTGGCTTTGAGAAG	INDEL;IDV=11;IMF=1;DP=11;VDB=2.26006e-08;SGB=-0.676189;MQ0F=0;AC=2;AN=2;DP4=0,0,11,0;MQ=60;RB=1,188430575,188430935,GGA,CAT
9	116401192	NA	ACG	A	106	MASKED;ACACACACACGCACATGC	INDEL;IDV=4;IMF=1;DP=4;VDB=0.0058656;SGB=-0.556411;MQ0F=0;AC=2;AN=2;DP4=0,0,0,4;MQ=60;RB=9,116401000,116401204,AAG,TAT
1	18801000	NA	CTCTCTCTG	C	182	MASKED;CTCTGTCTCTCTCTCTGT	INDEL;IDV=5;IMF=1;DP=5;VDB=0.00187095;SGB=-0.590765;MQ0F=0;AC=2;AN=2;DP4=0,0,0,5;MQ=60;RB=1,18800788,18801126,CGC,CTA
1	18801089	NA	T	TGTGTGGGTGTGC	182	NEI_IND[17/381];AGGTGAGATGTGTGGGTG	INDEL;IDV=5;IMF=1;DP=5;VDB=0.00187095;SGB=-0.590765;MQ0F=0;AC=2;AN=2;DP4=0,0,0,5;MQ=60;RB=1,18800788,18801126,CGC,CTA
17	66533514	NA	CT	C	120	PASS;CTAGCTGACTTGACTCCC	INDEL;IDV=8;IMF=1;DP=8;VDB=1.33331e-05;SGB=-0.651104;MQ0F=0;AC=2;AN=2;DP4=0,0,8,0;MQ=60;RB=17,66533441,66533705,TGA,AAC
9	105945635	NA	A	AT	35.4156	PASS;GATTCAATATTTTTTTCA	INDEL;IDV=10;IMF=1;DP=10;VDB=0.6577;SGB=-0.616816;MQSB=1;MQ0F=0;AC=2;AN=2;DP4=0,0,4,2;MQ=60;RB=9,105945516,105945736,CCC,CTC
X	88378918	NA	GC	G	121	MASKED;ACTTCAGAGCTCGTTATT	INDEL;IDV=7;IMF=1;DP=7;VDB=6.71664e-05;SGB=-0.636426;MQ0F=0;AC=2;AN=2;DP4=0,0,0,7;MQ=60;RB=X,88378675,88379022,TAA,TGT
6	154513486	NA	GTATGCA	G	225	MASKED;GTGTGTGTGTATGCATGT	INDEL;IDV=11;IMF=1;DP=11;VDB=2.26006e-08;SGB=-0.676189;MQ0F=0;AC=2;AN=2;DP4=0,0,0,11;MQ=60;RB=6,154513241,154513501,AAA,TGG
2	147084677	NA	AAG	A	165	PASS;ACCCCAGAAAGAGAGTAA	INDEL;IDV=6;IMF=1;DP=6;VDB=0.000411984;SGB=-0.616816;MQ0F=0;AC=2;AN=2;DP4=0,0,6,0;MQ=60;RB=2,147084618,147084824,CAT,TGG
12	26512535	NA	GA	G	14.5685	MASKED;CTTGTGGGGAAAAAAAAA	INDEL;IDV=11;IMF=1;DP=11;VDB=2.26006e-08;SGB=-0.676189;MQ0F=0;AC=2;AN=2;DP4=0,0,11,0;MQ=60;RB=12,26512518,26512773,CCC,AAA
12	19986929	NA	CAT	C	207	MASKED;CACACACACATACACACA	INDEL;IDV=9;IMF=0.9;DP=9;VDB=1.33331e-05;SGB=-0.651104;MQ0F=0;AC=2;AN=2;DP4=0,0,8,0;MQ=60;RB=12,19986812,19987210,GGT,CTG
1	87437667	NA	C	CT	225	PASS;ATGAATCACTATGTCACC	INDEL;IDV=20;IMF=1;DP=20;VDB=0.999966;SGB=-0.692067;MQSB=1;MQ0F=0;AC=2;AN=2;DP4=0,0,10,10;MQ=60;RB=1,87437533,87437779,ATT,GTA
2	71799356	NA	AGCACAT	A	154	NEI_IND[21/385];TCACACCCAGCACATGCA	INDEL;IDV=4;IMF=1;DP=4;VDB=0.0058656;SGB=-0.556411;MQ0F=0;AC=2;AN=2;DP4=0,0,4,0;MQ=60;RB=2,71799344,71799556,AAT,GGC
5	30033788	NA	C	CT	15.5372	PASS;TTAGCAATCTTTTTTTTG	INDEL;IDV=7;IMF=1;DP=7;VDB=6.71664e-05;SGB=-0.636426;MQ0F=0;AC=2;AN=2;DP4=0,0,7,0;MQ=60;RB=5,30033690,30034173,GTC,TCT
3	78283322	NA	A	AT	10.7919	NEI_IND[17/323];AGTATAGTATAGTATAGT	INDEL;IDV=17;IMF=1;DP=17;SGB=-0.379885;MQ0F=0;AC=2;AN=2;DP4=0,0,0,1;MQ=60;RB=3,78283027,78283416,CTG,GTG
2	217234195	NA	AG	A	105	PASS;CTATTCTGAGGATGTTTG	INDEL;IDV=6;IMF=1;DP=6;VDB=0.000411984;SGB=-0.616816;MQ0F=0;AC=2;AN=2;DP4=0,0,0,6;MQ=60;RB=2,217233683,217234248,TTG,CCG
7	125642039	NA	TA	T	141	NEI_IND[15/309];TAGATAGATAGATAGATA	INDEL;IDV=11;IMF=1;DP=11;VDB=2.26006e-08;SGB=-0.676189;MQ0F=0;AC=2;AN=2;DP4=0,0,11,0;MQ=60;RB=7,125641907,125642300,CTG,GTA
18	410301	NA	TC	T	81	PASS;CACACTTTTCCCCACTTC	INDEL;IDV=9;IMF=1;DP=9;VDB=5.52906e-06;SGB=-0.662043;MQ0F=0;AC=2;AN=2;DP4=0,0,9,0;MQ=60;RB=18,410207,410489,CCT,GAC
7	143083141	NA	T	TCTG	225	NEI_IND[33/257];GTGAGTGGTGTATGTGTG	INDEL;IDV=14;IMF=1;DP=14;VDB=2.26006e-08;SGB=-0.686358;MQ0F=0;AC=2;AN=2;DP4=0,0,0,14;MQ=60;RB=7,143082795,143083151,CAC,TCC
X	114162592	NA	TA	T	30.4183	PASS;AGAAATAATAAAAACTCA	INDEL;IDV=4;IMF=1;DP=4;VDB=0.0058656;SGB=-0.556411;MQ0F=0;AC=2;AN=2;DP4=0,0,0,4;MQ=60;RB=X,114162269,114162627,TGG,TGT
9	30780582	NA	ATTTACCTACCCAAGTC	A	205	PASS;CTATCTTGATTTACCTAC	INDEL;IDV=6;IMF=1;DP=6;VDB=0.000411984;SGB=-0.616816;MQ0F=0;AC=2;AN=2;DP4=0,0,6,0;MQ=60;RB=9,30780516,30780801,GTT,ATG
17	32560278	NA	GA	G	93	PASS;GAAAGAAAGAAAGAAAGA	INDEL;IDV=6;IMF=1;DP=6;VDB=0.000411984;SGB=-0.616816;MQ0F=0;AC=2;AN=2;DP4=0,0,6,0;MQ=60;RB=17,32560158,32560532,CGT,CAC
1	33288871	NA	C	CTG	225	NEI_IND[23/293];GTGATAACCTGTCTGACA	INDEL;IDV=15;IMF=1;DP=15;VDB=2.26006e-08;SGB=-0.686358;MQ0F=0;AC=2;AN=2;DP4=0,0,0,14;MQ=60;RB=1,33288635,33288970,AGT,GAT
1	33288923	NA	CTT	C	91	PASS;ATACTAAACTTTTTTTTC	INDEL;IDV=15;IMF=1;DP=15;VDB=2.26006e-08;SGB=-0.686358;MQ0F=0;AC=2;AN=2;DP4=0,0,0,14;MQ=60;RB=1,33288635,33288970,AGT,GAT
11	91687750	NA	CA	C	90	PASS;AATCATGACACACACCTG	INDEL;IDV=5;IMF=0.833333;DP=5;VDB=0.00187095;SGB=-0.590765;MQ0F=0;AC=2;AN=2;DP4=0,0,0,5;MQ=60;RB=11,91687335,91687817,CCT,CGC
8	90149865	NA	AG	A	148	PASS;ACAGACAGAGTAGATAGA	INDEL;IDV=12;IMF=1;DP=12;VDB=2.26006e-08;SGB=-0.680642;MQ0F=0;AC=2;AN=2;DP4=0,0,12,0;MQ=60;RB=8,90149730,90150015,TGA,TAA
1	75991315	NA	GAA	G	206	PASS;AAGAGAGAGAATGAGAGA	INDEL;IDV=8;IMF=1;DP=8;VDB=1.33331e-05;SGB=-0.651104;MQ0F=0;AC=2;AN=2;DP4=0,0,0,8;MQ=60;RB=1,75991152,75991444,AGA,GCG
11	109799881	NA	TCACACA	T	199	NEI_IND[8/407];TCTCTCTCTCACACACAC	INDEL;IDV=11;IMF=1;DP=11;VDB=2.8314e-08;SGB=-0.676189;MQ0F=0;AC=2;AN=2;DP4=0,0,0,11;MQ=60;RB=11,109799720,109800021,ACC,TGA
5	136492030	NA	CT	C	137	NEI_IND[13/390];CAAAAACTCTTCAAACCA	INDEL;IDV=11;IMF=1;DP=11;VDB=2.26006e-08;SGB=-0.676189;MQ0F=0;AC=2;AN=2;DP4=0,0,11,0;MQ=60;RB=5,136491918,136492236,AAT,GTG
5	136492150	NA	TAGG	T	225	PASS;GAAATTAATAGGAGAATA	INDEL;IDV=11;IMF=1;DP=11;VDB=5.52906e-06;SGB=-0.662043;MQ0F=0;AC=2;AN=2;DP4=0,0,0,9;MQ=60;RB=5,136491918,136492236,AAT,GTG
X	43393157	NA	TTGTG	TTG,T	130	MASKED;GTGTGTGTTTGTGTGTGT	INDEL;IDV=7;IMF=1;DP=7;VDB=6.71664e-05;SGB=-0.636426;MQ0F=0;AC=1,1;AN=2;DP4=0,0,7,0;MQ=60;RB=X,43393034,43393332,CGG,GGT
6	72201780	NA	AG	A	147	PASS;AGATGACAAGCTCTGGTT	INDEL;IDV=21;IMF=1;DP=21;VDB=2.26006e-08;SGB=-0.676189;MQ0F=0;AC=2;AN=2;DP4=0,0,11,0;MQ=60;RB=6,72201664,72201922,GGA,ACG
8	15340827	NA	TTG	T	121	NEI_IND[12/319];CACTGTTTTTGTTGTTGT	INDEL;IDV=9;IMF=1;DP=9;VDB=5.52906e-06;SGB=-0.662043;MQ0F=0;AC=2;AN=2;DP4=0,0,9,0;MQ=60;RB=8,15340701,15340995,TAT,CGT
1	188371296	NA	CA	C	19.4636	MASKED;AACTTTACCAAAAAAAAT	INDEL;IDV=11;IMF=1;DP=11;VDB=2.26006e-08;SGB=-0.676189;MQ0F=0;AC=2;AN=2;DP4=0,0,11,0;MQ=60;RB=1,188371165,188371481,GCA,TAA
8	1093390	NA	TC	T	88	PASS;TGAGTATCTCCCCTTAAT	INDEL;IDV=12;IMF=1;DP=12;VDB=2.26006e-08;SGB=-0.680642;MQ0F=0;AC=2;AN=2;DP4=0,0,12,0;MQ=60;RB=8,1093352,1093604,TCG,CGG
18	23424902	NA	TC	T	32.4168	NEI_IND[27/317];TATTATCTTCCCCCCTGG	INDEL;IDV=11;IMF=1;DP=11;VDB=0.00269412;SGB=-0.616816;MQ0F=0;AC=2;AN=2;DP4=0,0,6,0;MQ=60;RB=18,23424829,23425017,GAT,AGA
18	23424936	NA	T	TA	16.5122	PASS;TGACATTGTAAAAAAATA	INDEL;IDV=10;IMF=0.909091;DP=11;VDB=0.00187095;SGB=-0.590765;MQ0F=0;AC=2;AN=2;DP4=0,0,5,0;MQ=60;RB=18,23424829,23425017,GAT,AGA
11	118717845	NA	AT	A	91	PASS;AAAAAAAAATTTAAAGAA	INDEL;IDV=6;IMF=1;DP=6;VDB=0.000481013;SGB=-0.616816;MQ0F=0;AC=2;AN=2;DP4=0,0,6,0;MQ=60;RB=11,118717775,118718003,GGG,TGC
X	88051943	NA	T	TG	106	NEI_IND[31/377];AAGTAGTTTGGGATTTCT	INDEL;IDV=7;IMF=1;DP=7;VDB=6.71664e-05;SGB=-0.636426;MQ0F=0;AC=2;AN=2;DP4=0,0,7,0;MQ=60;RB=X,88051876,88052162,TTG,GGT
X	88052104	NA	AAATC	A	211	PASS;TAGCAAAAAAATCAATCA	INDEL;IDV=7;IMF=1;DP=7;VDB=6.71664e-05;SGB=-0.636426;MQ0F=0;AC=2;AN=2;DP4=0,0,0,7;MQ=60;RB=X,88051876,88052162,TTG,GGT
15	57713890	NA	GA	G	115	PASS;CTGAGAAGGAAGTAGAGA	INDEL;IDV=7;IMF=1;DP=7;VDB=6.71664e-05;SGB=-0.636426;MQ0F=0;AC=2;AN=2;DP4=0,0,0,7;MQ=60;RB=15,57713694,57713948,TCC,CTG
X	99604275	NA	TCTAAAA	T	225	PASS;TTTTTCTTTCTAAAACAA	INDEL;IDV=13;IMF=1;DP=13;VDB=2.26006e-08;SGB=-0.683931;MQ0F=0;AC=2;AN=2;DP4=0,0,13,0;MQ=60;RB=X,99604252,99604532,GTT,TTG
6	107949244	NA	TG	T	72	PASS;TTCTGCCATGTAATGAGT	INDEL;IDV=6;IMF=1;DP=6;VDB=0.000411984;SGB=-0.616816;MQ0F=0;AC=2;AN=2;DP4=0,0,0,6;MQ=60;RB=6,107949080,107949291,GTT,TTG
4	74023903	NA	AAGAGAG	A	199	MASKED;AAGAAAGAAAGAGAGAGA	INDEL;IDV=6;IMF=1;DP=6;VDB=0.000411984;SGB=-0.616816;MQ0F=0;AC=2;AN=2;DP4=0,0,6,0;MQ=60;RB=4,74023774,74024157,GAT,CTC
X	43393157	NA	TTG	T	145	PASS;GTGTGTGTTTGTGTGTGT	INDEL;IDV=7;IMF=0.875;DP=7;VDB=6.71664e-05;SGB=-0.636426;MQ0F=0;AC=2;AN=2;DP4=0,0,7,0;MQ=60;RB=X,43393033,43393332,ATA,AAT
8	3986612	NA	AAAC	A	38.415	NEI_IND[11/350];AAAAAAAAAAACAAAACA	INDEL;IDV=6;IMF=0.6;DP=10;VDB=0.000275721;SGB=-0.651104;MQ0F=0;AC=2;AN=2;DP4=0,0,8,0;MQ=60;RB=8,3986564,3986874,TGA,TAG
16	52506283	NA	TCA	T	210	PASS;CTGTGAAATCACAGTTTG	INDEL;IDV=11;IMF=1;DP=11;VDB=2.26006e-08;SGB=-0.676189;MQ0F=0;AC=2;AN=2;DP4=0,0,11,0;MQ=60;RB=16,52506271,52506545,ATC,TTT
X	81865290	NA	CA	C	122	PASS;ATATTCTACAATTATCAA	INDEL;IDV=8;IMF=1;DP=8;VDB=1.33331e-05;SGB=-0.651104;MQ0F=0;AC=2;AN=2;DP4=0,0,8,0;MQ=60;RB=X,81865213,81865764,TGT,ATG
5	33585143	NA	T	TATCC	225	PASS;TATCCATGTATCCATCCA	INDEL;IDV=13;IMF=1;DP=13;VDB=4.87157e-08;SGB=-0.683931;MQ0F=0;AC=2;AN=2;DP4=0,0,13,0;MQ=60;RB=5,33585104,33585398,GAT,CTG
13	65234916	NA	TA	T	113	PASS;CTCTATATTATTTTTTTT	INDEL;IDV=6;IMF=1;DP=6;VDB=0.000411984;SGB=-0.616816;MQ0F=0;AC=2;AN=2;DP4=0,0,0,6;MQ=60;RB=13,65234646,65234945,GCC,GCA
20	7356702	NA	CGT	C	210	MASKED;ATTAATATCGTTTTTTTA	INDEL;IDV=9;IMF=0.9;DP=9;VDB=6.61498e-06;SGB=-0.662043;MQ0F=0;AC=2;AN=2;DP4=0,0,9,0;MQ=60;RB=20,7356580,7356992,TCT,GGT
5	50125970	NA	TCC	T	41.4148	PASS;TAATACTCTCCCTAGTGT	INDEL;IDV=7;IMF=1;DP=7;VDB=0.000411984;SGB=-0.616816;MQ0F=0;AC=2;AN=2;DP4=0,0,0,6;MQ=60;RB=5,50125739,50126071,CAC,AAG
9	102619923	NA	T	TG	132	PASS;AAATTAGCTGGGCCTTGG	INDEL;IDV=12;IMF=1;DP=12;VDB=2.26006e-08;SGB=-0.680642;MQ0F=0;AC=2;AN=2;DP4=0,0,0,12;MQ=60;RB=9,102619625,102619973,AAA,CTC
2	214443473	NA	AT	A	13.6076	PASS;AGACAACTATTTTTTTTC	INDEL;IDV=6;IMF=1;DP=6;VDB=0.000411984;SGB=-0.616816;MQ0F=0;AC=2;AN=2;DP4=0,0,6,0;MQ=60;RB=2,214443430,214443721,CAC,GGC
3	180310968	NA	CA	C	115	PASS;ATAACAGCCAAAGTGATA	INDEL;IDV=18;IMF=1;DP=18;VDB=5.52906e-06;SGB=-0.662043;MQ0F=0;AC=2;AN=2;DP4=0,0,9,0;MQ=60;RB=3,180310849,180311060,CAC,AGT
7	152336575	NA	A	AAATAAATAAATC	205	PASS;AAATAAATAAATAAATAA	INDEL;IDV=6;IMF=1;DP=6;VDB=0.000411984;SGB=-0.616816;MQ0F=0;AC=2;AN=2;DP4=0,0,6,0;MQ=60;RB=7,152336519,152336744,AAT,ATA
20	7356702	NA	CGT	C	161	MASKED;ATTAATATCGTTTTTTTA	INDEL;IDV=5;IMF=1;DP=5;VDB=0.00223758;SGB=-0.590765;MQ0F=0;AC=2;AN=2;DP4=0,0,5,0;MQ=60;RB=20,7356581,7356992,TAG,TAT
12	26512535	NA	GA	G	13.6076	MASKED;CTTGTGGGGAAAAAAAAA	INDEL;IDV=9;IMF=1;DP=9;VDB=5.52906e-06;SGB=-0.662043;MQ0F=0;AC=2;AN=2;DP4=0,0,9,0;MQ=60;RB=12,26512518,26512773,CAG,CTA
8	141994407	NA	TA	T	123	PASS;CCCTTAACTACCGCAATC	INDEL;IDV=7;IMF=1;DP=7;VDB=6.71664e-05;SGB=-0.636426;MQ0F=0;AC=2;AN=2;DP4=0,0,0,7;MQ=60;RB=8,141994197,141994459,TAG,ATA
X	87253355	NA	AT	A	84	PASS;GTTACATTATTTTCTGTC	INDEL;IDV=10;IMF=1;DP=10;VDB=6.99472e-07;SGB=-0.670168;MQ0F=0;AC=2;AN=2;DP4=0,0,0,10;MQ=60;RB=X,87253075,87253465,CCC,GGG
6	161148800	NA	TGG	T	225	PASS;GAATAGACTGGAACTTCT	INDEL;IDV=13;IMF=1;DP=13;VDB=2.26006e-08;SGB=-0.683931;MQ0F=0;AC=2;AN=2;DP4=0,0,13,0;MQ=60;RB=6,161148736,161149082,CTG,CTG
11	93070433	NA	TCTTTA	T	182	PASS;ATTAATCATCTTTACTTT	INDEL;IDV=5;IMF=1;DP=5;VDB=0.00187095;SGB=-0.590765;MQ0F=0;AC=2;AN=2;DP4=0,0,5,0;MQ=60;RB=11,93070385,93070593,GGT,CCT
2	133824604	NA	TTA	T	131	MASKED;TTTATTTTTTATTTTTTT	INDEL;IDV=12;IMF=0.923077;DP=13;VDB=2.26006e-08;SGB=-0.680642;MQ0F=0;AC=2;AN=2;DP4=0,0,12,0;MQ=60;RB=2,133824474,133824781,GGC,CAT
2	61974997	NA	ACTT	A	225	NEI_IND[3/231];CTATTTATACTTCTTCTT	INDEL;IDV=11;IMF=0.916667;DP=12;VDB=2.26006e-08;SGB=-0.680642;MQ0F=0;AC=2;AN=2;DP4=0,0,12,0;MQ=60;RB=2,61974872,61975163,CCC,TTT
4	74023903	NA	AAGAGAG	A	225	MASKED;AAGAAAGAAAGAGAGAGA	INDEL;IDV=13;IMF=1;DP=13;VDB=2.26006e-08;SGB=-0.683931;MQ0F=0;AC=2;AN=2;DP4=0,0,13,0;MQ=60;RB=4,74023775,74024158,GCC,CCT
5	96236894	NA	TTTTG	T	225	MASKED;TTGTTTGATTTTGTTTGT	INDEL;IDV=9;IMF=1;DP=9;VDB=5.52906e-06;SGB=-0.662043;MQ0F=0;AC=2;AN=2;DP4=0,0,0,9;MQ=60;RB=5,96236737,96237022,TCC,ATT
2	165480118	NA	CCTCTCT	C	157	NEI_IND[16/243];CCTCACCTCCTCTCTCTC	INDEL;IDV=5;IMF=1;DP=5;VDB=0.00187095;SGB=-0.590765;MQ0F=0;AC=2;AN=2;DP4=0,0,5,0;MQ=53;RB=2,165480009,165480294,CCT,TGT
2	165480175	NA	C	CAGAG,CAG	141	NEI_IND[18/344];GGGTGGGACAGAGAGAGA	INDEL;IDV=5;IMF=1;DP=5;VDB=0.00231828;SGB=-0.590765;MQ0F=0;AC=1,1;AN=2;DP4=0,0,0,5;MQ=60;RB=2,165480009,165480294,CCT,TGT
1	182202754	NA	AG	A	86	PASS;AGCAAAAAAGAGACCCCC	INDEL;IDV=4;IMF=1;DP=4;VDB=0.0058656;SGB=-0.556411;MQ0F=0;AC=2;AN=2;DP4=0,0,0,4;MQ=60;RB=1,182202300,182202820,CTC,GGA
11	79739193	NA	CT	C	9.88465	PASS;GATACTCTCTTTTTTTTA	INDEL;IDV=5;IMF=1;DP=5;VDB=0.00187095;SGB=-0.590765;MQ0F=0;AC=2;AN=2;DP4=0,0,0,5;MQ=60;RB=11,79739048,79739312,CCG,ATC
4	189384096	NA	TGG	T	103	PASS;TGATTATTTGGATATGAC	INDEL;IDV=6;IMF=1;DP=6;VDB=0.000411984;SGB=-0.616816;MQ0F=0;AC=2;AN=2;DP4=0,0,0,6;MQ=60;RB=4,189383944,189384168,AAT,CCC
6	96951056	NA	G	GA	56	PASS;AAAGGAGAGAAAAATGGA	INDEL;IDV=9;IMF=1;DP=9;VDB=5.52906e-06;SGB=-0.662043;MQ0F=0;AC=2;AN=2;DP4=0,0,0,9;MQ=60;RB=6,96950840,96951127,CTG,GGG
10	76929245	NA	C	CAAAG	182	NEI_IND[4/372];CTCAAAAACAAAGAAAGA	INDEL;IDV=5;IMF=1;DP=5;VDB=0.00187095;SGB=-0.590765;MQ0F=0;AC=2;AN=2;DP4=0,0,5,0;MQ=60;RB=10,76929206,76929395,GTA,GGG
22	22139714	NA	AC	A	143	PASS;CAAAGAATACAAAAATTA	INDEL;IDV=12;IMF=1;DP=12;VDB=2.26006e-08;SGB=-0.676189;MQ0F=0;AC=2;AN=2;DP4=0,0,0,11;MQ=60;RB=22,22139543,22139846,GCA,GAA
6	144912010	NA	ACG	A	172	MASKED;ACACACACACGCACATGC	INDEL;IDV=6;IMF=1;DP=6;VDB=0.000411984;SGB=-0.616816;MQ0F=0;AC=2;AN=2;DP4=0,0,0,6;MQ=60;RB=6,144911774,144912022,ACT,ACT
20	4799594	NA	GTCTTT	G	225	PASS;GAAACTGAGTCTTTTCTT	INDEL;IDV=13;IMF=1;DP=13;VDB=1.23981e-07;SGB=-0.683931;MQ0F=0;AC=2;AN=2;DP4=0,0,0,13;MQ=60;RB=20,4799360,4799684,CTA,CCT
X	94397885	NA	TA	T	101	MASKED;TATCTATCTAATCTATCT	INDEL;IDV=6;IMF=1;DP=6;VDB=0.000411984;SGB=-0.616816;MQ0F=0;AC=2;AN=2;DP4=0,0,6,0;MQ=60;RB=X,94397761,94398378,GGA,TCG
17	39241698	NA	CAT	C	225	PASS;ACAAAAAACATAAAACCA	INDEL;IDV=11;IMF=1;DP=11;VDB=2.26006e-08;SGB=-0.676189;MQ0F=0;AC=2;AN=2;DP4=0,0,11,0;MQ=60;RB=17,39241584,39242024,CCG,CCA
X	18532383	NA	CT	C	7.30725	PASS;AGCTTTTACTTTTTTTTT	INDEL;IDV=10;IMF=1;DP=10;VDB=0.00187095;SGB=-0.590765;MQ0F=0;AC=2;AN=2;DP4=0,0,5,0;MQ=60;RB=X,18532287,18532466,ATT,TCT
21	27462392	NA	G	GGA	178	PASS;TAGACCTGGGAGAGCACA	INDEL;IDV=5;IMF=1;DP=5;VDB=0.00187095;SGB=-0.590765;MQ0F=0;AC=2;AN=2;DP4=0,0,5,0;MQ=60;RB=21,27462376,27462554,CAA,CTC
X	86675924	NA	A	AC	120	NEI_IND[16/331];AACTTTCAAAGAGTAACC	INDEL;IDV=9;IMF=1;DP=9;VDB=5.52906e-06;SGB=-0.662043;MQ0F=0;AC=2;AN=2;DP4=0,0,9,0;MQ=60;RB=X,86675907,86676207,GAG,GCG
X	86676034	NA	TAA	T	56	MASKED;CAAAGAAGTAAAAAAAAA	INDEL;IDV=9;IMF=1;DP=9;VDB=5.52906e-06;SGB=-0.662043;MQ0F=0;AC=2;AN=2;DP4=0,0,9,0;MQ=60;RB=X,86675907,86676207,GAG,GCG
8	87261191	NA	TAG	T	190	MASKED;AGATTTAGTAGAGATTTA	INDEL;IDV=8;IMF=1;DP=8;VDB=1.33331e-05;SGB=-0.651104;MQ0F=0;AC=2;AN=2;DP4=0,0,8,0;MQ=60;RB=8,87261068,87261448,GTA,AGT
8	119059213	NA	TG	T	223	MASKED;ATTTGGAATGGTGTGTTT	INDEL;IDV=18;IMF=1;DP=18;VDB=1;SGB=-0.691153;MQSB=1;MQ0F=0;AC=2;AN=2;DP4=0,0,9,9;MQ=60;RB=8,119059078,119059338,TGC,CGA
10	56860523	NA	C	CT	149	PASS;CCAAACACCTGTTGTTAA	INDEL;IDV=9;IMF=1;DP=9;VDB=5.52906e-06;SGB=-0.662043;MQ0F=0;AC=2;AN=2;DP4=0,0,9,0;MQ=60;RB=10,56860455,56860681,GTC,GTC
8	90149865	NA	AG	A	100	PASS;ACAGACAGAGTAGATAGA	INDEL;IDV=6;IMF=1;DP=6;VDB=0.000411984;SGB=-0.616816;MQ0F=0;AC=2;AN=2;DP4=0,0,6,0;MQ=60;RB=8,90149730,90150015,TTT,TTT
9	6397603	NA	AG	A	119	PASS;AGAAAGAAAGAAAGAAAA	INDEL;IDV=7;IMF=1;DP=7;VDB=6.71664e-05;SGB=-0.636426;MQ0F=0;AC=2;AN=2;DP4=0,0,7,0;MQ=60;RB=9,6397468,6397994,ACC,ACG
16	52506283	NA	TCA	T	159	PASS;CTGTGAAATCACAGTTTG	INDEL;IDV=6;IMF=1;DP=6;VDB=0.000411984;SGB=-0.616816;MQ0F=0;AC=2;AN=2;DP4=0,0,6,0;MQ=60;RB=16,52506271,52506544,ATC,TAG
4	59894265	NA	CT	C	26.4242	PASS;AGCACTATCTTTTTTTAC	INDEL;IDV=8;IMF=1;DP=8;VDB=1.33331e-05;SGB=-0.651104;MQ0F=0;AC=2;AN=2;DP4=0,0,0,8;MQ=60;RB=4,59894053,59894320,GGT,TAT
1	37786424	NA	TA	T	6.51141	PASS;TTCAGCCATAAAAAAAAG	INDEL;IDV=8;IMF=1;DP=8;VDB=0.0058656;SGB=-0.556411;MQ0F=0;AC=2;AN=2;DP4=0,0,4,0;MQ=60;RB=1,37786301,37786450,AGA,TAT
6	28285499	NA	T	TA	36.4154	PASS;CCTCTTTATAAAAAATCA	INDEL;IDV=7;IMF=1;DP=7;VDB=6.71664e-05;SGB=-0.636426;MQ0F=0;AC=2;AN=2;DP4=0,0,7,0;MQ=60;RB=6,28285439,28285653,CTG,ATA
4	108426710	NA	AT	A	204	PASS;ATCTATACATTCAGAAAG	INDEL;IDV=20;IMF=1;DP=20;VDB=0.325585;SGB=-0.69168;MQSB=1;MQ0F=0;AC=2;AN=2;DP4=0,0,10,9;MQ=60;RB=4,108426576,108426782,CAA,TGT
2	70595487	NA	CAAG	C	182	PASS;CCCAGAGGCAAGAAGAAC	INDEL;IDV=5;IMF=1;DP=5;VDB=0.00187095;SGB=-0.590765;MQ0F=0;AC=2;AN=2;DP4=0,0,5,0;MQ=60;RB=2,70595402,70595668,TGG,GTT
1	76240276	NA	TAAA	T	54	NEI_IND[3/269];GTGTGTCTTAAAAAAAAA	INDEL;IDV=7;IMF=0.875;DP=7;VDB=6.71664e-05;SGB=-0.636426;MQ0F=0;AC=2;AN=2;DP4=0,0,7,0;MQ=60;RB=1,76240162,76240745,GAC,CCG
2	156259939	NA	GAGA	G	201	PASS;CAGGCAGAGAGAAGTAGA	INDEL;IDV=6;IMF=1;DP=6;VDB=0.000411984;SGB=-0.616816;MQ0F=0;AC=2;AN=2;DP4=0,0,0,6;MQ=60;RB=2,156259590,156259967,CGT,TTG
9	7198174	NA	TC	T	96	NEI_IND[115/274];TTTTCTTTTCCTTTCTTT	INDEL;IDV=8;IMF=1;DP=8;VDB=0.000272497;SGB=-0.636426;MQ0F=0;AC=2;AN=2;DP4=0,0,7,0;MQ=60;RB=9,7198089,7198376,TTT,GGG
21	20000505	NA	CT	C	9.88465	PASS;AGAATTTCCTTTTTTTTT	INDEL;IDV=10;IMF=1;DP=10;VDB=6.99472e-07;SGB=-0.670168;MQ0F=0;AC=2;AN=2;DP4=0,0,0,10;MQ=60;RB=21,20000239,20000526,GCT,TGT
15	27411799	NA	TC	T	111	PASS;TTCCAGCTTCCCGCAAGG	INDEL;IDV=16;IMF=1;DP=16;VDB=1.33331e-05;SGB=-0.651104;MQ0F=0;AC=2;AN=2;DP4=0,0,8,0;MQ=60;RB=15,27411704,27411891,GGC,TTG
3	32961987	NA	A	ATC	47.4146	PASS;ATCTATCTATATCTATTA	INDEL;IDV=6;IMF=0.857143;DP=7;VDB=0.00187095;SGB=-0.590765;MQ0F=0;AC=2;AN=2;DP4=0,0,5,0;MQ=60;RB=3,32961867,32962254,CCT,CAC
6	156151568	NA	CT	C	16.5122	PASS;TTTAAGGACTTTTTTTCA	INDEL;IDV=6;IMF=1;DP=6;VDB=0.00187095;SGB=-0.590765;MQ0F=0;AC=2;AN=2;DP4=0,0,5,0;MQ=60;RB=6,156151448,156151746,GGT,GTA
7	89630573	NA	T	TA	57	PASS;TATATATATTGTGTATAT	INDEL;IDV=9;IMF=1;DP=9;VDB=5.52906e-06;SGB=-0.662043;MQ0F=0;AC=2;AN=2;DP4=0,0,9,0;MQ=60;RB=7,89630443,89630930,AAA,TAT
4	64142016	NA	G	GA	17.4922	PASS;ACAGATGGGAAAAAAAAT	INDEL;IDV=8;IMF=1;DP=8;VDB=1.33331e-05;SGB=-0.651104;MQ0F=0;AC=2;AN=2;DP4=0,0,0,8;MQ=60;RB=4,64141763,64142027,AAG,TCA
6	78831944	NA	TA	T	73	PASS;TATCCATGTAACAAATCT	INDEL;IDV=4;IMF=1;DP=4;VDB=0.0058656;SGB=-0.556411;MQ0F=0;AC=2;AN=2;DP4=0,0,0,4;MQ=60;RB=6,78831725,78831954,TAT,ATT
5	62790881	NA	AT	A	17.4922	PASS;ATATCTCCATTTTTTTTA	INDEL;IDV=8;IMF=1;DP=8;VDB=1.33331e-05;SGB=-0.651104;MQ0F=0;AC=2;AN=2;DP4=0,0,0,8;MQ=60;RB=5,62790644,62790948,TCG,GTT
8	89053297	NA	CT	C	13.6076	PASS;CTGATTTGCTTTTTTTTT	INDEL;IDV=9;IMF=1;DP=9;VDB=5.52906e-06;SGB=-0.662043;MQ0F=0;AC=2;AN=2;DP4=0,0,0,9;MQ=60;RB=8,89053076,89053428,TGC,GGT
9	119760868	NA	CCATG	C	225	MASKED;CCATACATCCATGCATCC	INDEL;IDV=9;IMF=1;DP=9;VDB=5.52906e-06;SGB=-0.662043;MQ0F=0;AC=2;AN=2;DP4=0,0,0,9;MQ=60;RB=9,119760242,119760886,ATA,CTT
8	108236421	NA	GTCA	G	182	PASS;TTATGAAAGTCATCATTT	INDEL;IDV=5;IMF=1;DP=5;VDB=0.00187095;SGB=-0.590765;MQ0F=0;AC=2;AN=2;DP4=0,0,5,0;MQ=60;RB=8,108236386,108236568,TCG,GTC
11	25370615	NA	GA	G	102	PASS;ATTTCTCTGAGGTTTGGT	INDEL;IDV=6;IMF=1;DP=6;VDB=0.000411984;SGB=-0.616816;MQ0F=0;AC=2;AN=2;DP4=0,0,0,6;MQ=60;RB=11,25370442,25370736,GAT,TCT
9	44878064	NA	CG	C	166	PASS;CCGCCTCGCGCATGCGCA	INDEL;IDV=16;IMF=1;DP=16;VDB=1.29641e-11;SGB=-0.689466;MQ0F=0;AC=2;AN=2;DP4=0,0,0,16;MQ=60;RB=9,44877819,44878165,CAC,AAA
18	40767613	NA	ATG	A	211	MASKED;ACACGCACATGCACACAC	INDEL;IDV=8;IMF=1;DP=8;VDB=1.33331e-05;SGB=-0.651104;MQ0F=0;AC=2;AN=2;DP4=0,0,0,8;MQ=60;RB=18,40767100,40767627,ATG,TGA
2	33089344	NA	GA	G	18.4763	PASS;AGGAGGGGGAAAAAAAAG	INDEL;IDV=9;IMF=1;DP=9;VDB=5.52906e-06;SGB=-0.662043;MQ0F=0;AC=2;AN=2;DP4=0,0,0,9;MQ=60;RB=2,33089135,33089437,CTT,AGA
20	12031001	NA	CA	C	143	PASS;TGGGACGCCAAGGCGGGT	INDEL;IDV=15;IMF=1;DP=15;VDB=4.49525e-10;SGB=-0.688148;MQ0F=0;AC=2;AN=2;DP4=0,0,15,0;MQ=60;RB=20,12030868,12031171,GAT,TGA
3	109296888	NA	CT	C	18.4763	MASKED;TTTCTTGTCTTTTTTTTG	INDEL;IDV=14;IMF=1;DP=14;VDB=2.26006e-08;SGB=-0.686358;MQ0F=0;AC=2;AN=2;DP4=0,0,0,14;MQ=60;RB=3,109296607,109296906,TGT,CGA
X	87199385	NA	TG	T	81	PASS;ATTAGTTGTGGGGTCTTC	INDEL;IDV=10;IMF=1;DP=10;VDB=5.52906e-06;SGB=-0.662043;MQ0F=0;AC=2;AN=2;DP4=0,0,9,0;MQ=60;RB=X,87199292,87199741,TAG,GTT
X	7379001	NA	AT	A	30.4183	PASS;AATATAAAATTTTTCATA	INDEL;IDV=4;IMF=1;DP=4;VDB=0.0058656;SGB=-0.556411;MQ0F=0;AC=2;AN=2;DP4=0,0,0,4;MQ=60;RB=X,7378835,7379062,TCA,AGT
1	100742993	NA	CT	C	56	PASS;TTGATTCTCTTTTAGAGT	INDEL;IDV=6;IMF=1;DP=6;VDB=0.00187095;SGB=-0.590765;MQ0F=0;AC=2;AN=2;DP4=0,0,5,0;MQ=60;RB=1,100742916,100743176,TAT,GTG
5	37084886	NA	C	CT	4.38292	PASS;AAAGATATCTTTTTTTTT	INDEL;IDV=4;IMF=1;DP=4;VDB=0.0058656;SGB=-0.556411;MQ0F=0;AC=2;AN=2;DP4=0,0,4,0;MQ=60;RB=5,37084840,37085027,GCC,GTT
3	32961987	NA	A	ATC	61	PASS;ATCTATCTATATCTATTA	INDEL;IDV=7;IMF=0.875;DP=8;VDB=6.71664e-05;SGB=-0.636426;MQ0F=0;AC=2;AN=2;DP4=0,0,7,0;MQ=60;RB=3,32961867,32962255,ACT,ATT
12	17413807	NA	C	CACAT	143	NEI_IND[17/240];TACATACACATATGTACA	INDEL;IDV=15;IMF=1;DP=15;VDB=4.49525e-10;SGB=-0.688148;MQ0F=0;AC=2;AN=2;DP4=0,0,15,0;MQ=60;RB=12,17413729,17413973,GCA,GGT
22	22872212	NA	TAAAA	T	21.0885	NEI_IND[72/320];ATCTGATGTAAAAAAAAA	INDEL;IDV=7;IMF=0.5;DP=14;VDB=0.000116031;SGB=-0.636426;MQ0F=0;AC=2;AN=2;DP4=0,0,0,7;MQ=60;RB=22,22872070,22872315,TTT,GCC
22	22872263	NA	ATCT	AT,A	140	NEI_IND[12/472];TTGATGGCATCTTTTTTT	INDEL;IDV=6;IMF=0.857143;DP=7;VDB=0.000595752;SGB=-0.616816;MQ0F=0;AC=1,1;AN=2;DP4=0,0,0,6;MQ=60;RB=22,22872070,22872315,TTT,GCC
13	88237977	NA	TA	T	13.6076	MASKED;TAAATAAGTAAAAAAAAA	INDEL;IDV=12;IMF=1;DP=12;VDB=2.26006e-08;SGB=-0.680642;MQ0F=0;AC=2;AN=2;DP4=0,0,0,12;MQ=60;RB=13,88237738,88238030,TCC,GCA
3	169853763	NA	GACA	G	225	MASKED;CAGAAAAAGACAACAACA	INDEL;IDV=8;IMF=1;DP=8;VDB=1.33331e-05;SGB=-0.651104;MQ0F=0;AC=2;AN=2;DP4=0,0,0,8;MQ=60;RB=3,169853351,169853787,GCA,CTT
