CHROM	POS	ID	REF	ALT	QUAL	FILTER	INFO
17	37483059	NA	TTGTAGAG	T	182	PASS;ACACGCTTTTGTAGAGAC	INDEL;IDV=9;IMF=1;DP=9;VDB=0.00328271;SGB=-0.590765;MQ0F=0;AC=2;AN=2;DP4=0,0,5,0;MQ=60;RB=17,37483021,37483186,CCT,GGT
17	42932962	NA	CCAGA	C	225	MASKED;AAAAAACCCCAGACAAAC	INDEL;IDV=10;IMF=0.909091;DP=11;VDB=2.26006e-08;SGB=-0.676189;MQ0F=0;AC=2;AN=2;DP4=0,0,11,0;MQ=60;RB=17,42932924,42933281,TGC,CCT
10	93677619	NA	CTTTTTTTT	C,CT	68	NEI_IND[51/230];AAGCTCTGCTTTTTTTTT	INDEL;IDV=12;IMF=1;DP=12;VDB=5.37284e-05;SGB=-0.670168;MQ0F=0;AC=1,1;AN=2;DP4=0,0,0,10;MQ=60;RB=10,93677327,93677681,CCG,AGG
19	49119624	NA	GAACTTTCACC	G	225	PASS;CACTTCCGGAACTTTCAC	INDEL;IDV=9;IMF=1;DP=9;VDB=5.52906e-06;SGB=-0.662043;MQ0F=0;AC=2;AN=2;DP4=0,0,0,9;MQ=60;RB=19,49119455,49119695,GAA,ACT
2	61974997	NA	ACTT	A	225	NEI_IND[3/231];CTATTTATACTTCTTCTT	INDEL;IDV=10;IMF=0.909091;DP=11;VDB=6.99472e-07;SGB=-0.670168;MQ0F=0;AC=2;AN=2;DP4=0,0,10,0;MQ=60;RB=2,61974871,61975413,GGT,GCC
6	24149621	NA	ATC	A	208	NEI_IND[7/196];ATATATATATCTCACACA	INDEL;IDV=9;IMF=0.9;DP=10;VDB=5.52906e-06;SGB=-0.662043;MQ0F=0;AC=2;AN=2;DP4=0,0,9,0;MQ=60;RB=6,24149601,24149882,GGC,TCG
5	96236894	NA	TTTTG	T	225	MASKED;TTGTTTGATTTTGTTTGT	INDEL;IDV=12;IMF=1;DP=12;VDB=2.26006e-08;SGB=-0.680642;MQ0F=0;AC=2;AN=2;DP4=0,0,0,12;MQ=60;RB=5,96236736,96237022,CTA,TGA
7	143083141	NA	T	TCTG	225	NEI_IND[33/257];GTGAGTGGTGTATGTGTG	INDEL;IDV=13;IMF=1;DP=13;VDB=2.26006e-08;SGB=-0.683931;MQ0F=0;AC=2;AN=2;DP4=0,0,0,13;MQ=60;RB=7,143082794,143083151,AGA,TCG
10	130248093	NA	GT	G	60	MASKED;TGTTGGGGGTTTTCTATT	INDEL;IDV=12;IMF=1;DP=12;VDB=2.26006e-08;SGB=-0.676189;MQ0F=0;AC=2;AN=2;DP4=0,0,11,0;MQ=60;RB=10,130247989,130248366,TAT,TTA
1	239524553	NA	TG	T	150	PASS;TACAATGCTGTTTTGCTG	INDEL;IDV=11;IMF=1;DP=11;VDB=2.26006e-08;SGB=-0.676189;MQ0F=0;AC=2;AN=2;DP4=0,0,11,0;MQ=60;RB=1,239524450,239524701,TCG,CCT
17	57935956	NA	AATAAG	A	225	PASS;TCCTTACAAATAAGATAT	INDEL;IDV=12;IMF=1;DP=12;VDB=2.26006e-08;SGB=-0.680642;MQ0F=0;AC=2;AN=2;DP4=0,0,12,0;MQ=60;RB=17,57935902,57936157,TAA,CTC
7	101351540	NA	CA	C	28.4205	MASKED;ATGACACGCAAAAAAAGC	INDEL;IDV=10;IMF=1;DP=10;VDB=6.99472e-07;SGB=-0.670168;MQ0F=0;AC=2;AN=2;DP4=0,0,0,10;MQ=60;RB=7,101351295,101351552,TAG,GTT
22	16857938	NA	GCAATC	G	225	NEI_IND[15/429];CTTCGAATGCAATCGAAT	INDEL;IDV=9;IMF=1;DP=9;VDB=5.52906e-06;SGB=-0.662043;MQ0F=0;AC=2;AN=2;DP4=0,0,9,0;MQ=60;RB=22,16857932,16858281,ACG,GCA
9	130175468	NA	AAGAAAC	A	225	NEI_IND[12/306];GTCTCCAAAAGAAACAAA	INDEL;IDV=14;IMF=1;DP=14;VDB=2.26006e-08;SGB=-0.686358;MQ0F=0;AC=2;AN=2;DP4=0,0,14,0;MQ=60;RB=9,130175337,130175606,TGA,CTG
10	67087028	NA	CGCG	C	173	MASKED;TCTCCCCCCGCGCCCCCC	INDEL;IDV=7;IMF=1;DP=7;VDB=6.71664e-05;SGB=-0.636426;MQ0F=0;AC=2;AN=2;DP4=0,0,7,0;MQ=60;RB=10,67086897,67087419,AAT,TTG
6	154513486	NA	GTATGCA	G	225	MASKED;GTGTGTGTGTATGCATGT	INDEL;IDV=9;IMF=1;DP=9;VDB=5.52906e-06;SGB=-0.662043;MQ0F=0;AC=2;AN=2;DP4=0,0,0,9;MQ=60;RB=6,154513241,154513501,GAT,TTG
6	24149621	NA	ATC	A	208	NEI_IND[7/196];ATATATATATCTCACACA	INDEL;IDV=9;IMF=1;DP=9;VDB=5.52906e-06;SGB=-0.662043;MQ0F=0;AC=2;AN=2;DP4=0,0,9,0;MQ=60;RB=6,24149600,24149883,AGA,TTT
9	7198174	NA	TC	T	98	NEI_IND[115/274];TTTTCTTTTCCTTTCTTT	INDEL;IDV=12;IMF=0.923077;DP=13;VDB=0.000143113;SGB=-0.651104;MQ0F=0;AC=2;AN=2;DP4=0,0,8,0;MQ=60;RB=9,7198090,7198376,CGG,CCC
17	61264913	NA	TA	T	85	MASKED;ATGTTTTTTATATATATA	INDEL;IDV=6;IMF=1;DP=6;VDB=0.000411984;SGB=-0.616816;MQ0F=0;AC=2;AN=2;DP4=0,0,6,0;MQ=60;RB=17,61264781,61265506,CGG,ACC
20	17839481	NA	TGC	T	202	NEI_IND[15/293];TGTGCGTGTGCGTGTGTG	INDEL;IDV=9;IMF=0.9;DP=10;VDB=8.17449e-05;SGB=-0.662043;MQ0F=0;AC=2;AN=2;DP4=0,0,9,0;MQ=58;RB=20,17839462,17839877,ACC,GTT
6	165175982	NA	TA	T	9.88465	PASS;TCAAAATTTAAAAAAAAT	INDEL;IDV=10;IMF=1;DP=10;VDB=0.00187095;SGB=-0.590765;MQ0F=0;AC=2;AN=2;DP4=0,0,5,0;MQ=60;RB=6,165175903,165176062,AAT,TGC
13	35050183	NA	TTCA	T	176	MASKED;TCTGACTCTTCATCAAGC	INDEL;IDV=10;IMF=1;DP=10;VDB=0.00187095;SGB=-0.590765;MQ0F=0;AC=2;AN=2;DP4=0,0,5,0;MQ=60;RB=13,35050112,35050261,TAC,AAT
7	76871793	NA	C	CA	170	PASS;TTAGAGGACGTCATTTAG	INDEL;IDV=13;IMF=1;DP=13;VDB=2.26006e-08;SGB=-0.683931;MQ0F=0;AC=2;AN=2;DP4=0,0,13,0;MQ=60;RB=7,76871700,76871940,GAT,GAG
6	154513486	NA	GTATGCA	G	225	MASKED;GTGTGTGTGTATGCATGT	INDEL;IDV=13;IMF=1;DP=13;VDB=2.26006e-08;SGB=-0.683931;MQ0F=0;AC=2;AN=2;DP4=0,0,0,13;MQ=60;RB=6,154513241,154513501,ATT,TTG
7	136625560	NA	AAC	A	169	PASS;GGTTATATAACACAACCA	INDEL;IDV=6;IMF=1;DP=6;VDB=0.000411984;SGB=-0.616816;MQ0F=0;AC=2;AN=2;DP4=0,0,6,0;MQ=60;RB=7,136625528,136625755,CAT,TTT
4	2901301	NA	GGTTGTTTAACTTCTGA	G	225	PASS;AGCACTAGGGTTGTTTAA	INDEL;IDV=17;IMF=1;DP=17;VDB=1.29641e-11;SGB=-0.690438;MQ0F=0;AC=2;AN=2;DP4=0,0,17,0;MQ=60;RB=4,2901258,2901622,GTT,GTC
4	93504806	NA	TTATA	T	225	NEI_IND[18/229];GATAATAATTATATATAT	INDEL;IDV=18;IMF=1;DP=18;VDB=1.29641e-11;SGB=-0.691153;MQ0F=0;AC=2;AN=2;DP4=0,0,18,0;MQ=60;RB=4,93504681,93504970,TTG,TGA
4	93504856	NA	T	TTA	225	NEI_IND[6/285];CATATAATTTATATATAA	INDEL;IDV=18;IMF=1;DP=18;VDB=1.29641e-11;SGB=-0.691153;MQ0F=0;AC=2;AN=2;DP4=0,0,0,18;MQ=60;RB=4,93504681,93504970,TTG,TGA
6	154513486	NA	GTATGCA	G	225	MASKED;GTGTGTGTGTATGCATGT	INDEL;IDV=9;IMF=1;DP=9;VDB=5.52906e-06;SGB=-0.662043;MQ0F=0;AC=2;AN=2;DP4=0,0,0,9;MQ=60;RB=6,154513241,154513502,CGT,AAT
22	25470555	NA	TGC	T	225	MASKED;TGTGTGTGTGCGTGTATA	INDEL;IDV=11;IMF=1;DP=11;VDB=2.26006e-08;SGB=-0.676189;MQ0F=0;AC=2;AN=2;DP4=0,0,11,0;MQ=60;RB=22,25470542,25470744,CAC,GTA
6	154513486	NA	GTATGCA	G	182	MASKED;GTGTGTGTGTATGCATGT	INDEL;IDV=5;IMF=1;DP=5;VDB=0.00187095;SGB=-0.590765;MQ0F=0;AC=2;AN=2;DP4=0,0,0,5;MQ=60;RB=6,154513241,154513501,CTA,TTG
8	109141901	NA	G	GC	138	PASS;GAAAGAAAGAAAGAAAGA	INDEL;IDV=15;IMF=1;DP=15;VDB=4.49525e-10;SGB=-0.688148;MQ0F=0;AC=2;AN=2;DP4=0,0,15,0;MQ=60;RB=8,109141780,109142247,GGG,AAT
2	71799356	NA	AGCACAT	A	205	NEI_IND[21/385];TCACACCCAGCACATGCA	INDEL;IDV=6;IMF=1;DP=6;VDB=0.000411984;SGB=-0.616816;MQ0F=0;AC=2;AN=2;DP4=0,0,6,0;MQ=60;RB=2,71799344,71799557,GCT,CTA
X	16487774	NA	ACACGCG	A	154	NEI_IND[12/333];GTGCACACACACGCGCAC	INDEL;IDV=5;IMF=0.833333;DP=6;VDB=0.0058656;SGB=-0.556411;MQ0F=0;AC=2;AN=2;DP4=0,0,4,0;MQ=60;RB=X,16487757,16488089,GGT,GGC
9	7198174	NA	TC	T	78	NEI_IND[115/274];TTTTCTTTTCCTTTCTTT	INDEL;IDV=7;IMF=0.636364;DP=10;VDB=0.00351425;SGB=-0.590765;MQ0F=0;AC=2;AN=2;DP4=0,0,5,0;MQ=60;RB=9,7198090,7198376,ATG,CGC
X	16487774	NA	ACACGCG	A	225	NEI_IND[12/333];GTGCACACACACGCGCAC	INDEL;IDV=9;IMF=0.9;DP=10;VDB=5.52906e-06;SGB=-0.662043;MQ0F=0;AC=2;AN=2;DP4=0,0,9,0;MQ=60;RB=X,16487757,16488089,AAT,TGG
9	126979528	NA	CCACACACACA	C,CCA	193	MASKED;ACCACCCACCACACACAC	INDEL;IDV=8;IMF=1;DP=8;VDB=1.33331e-05;SGB=-0.651104;MQ0F=0;AC=1,1;AN=2;DP4=0,0,8,0;MQ=60;RB=9,126979436,126979689,ATG,CAT
22	16857938	NA	GCAATC	G	225	NEI_IND[15/429];CTTCGAATGCAATCGAAT	INDEL;IDV=9;IMF=1;DP=9;VDB=5.52906e-06;SGB=-0.662043;MQ0F=0;AC=2;AN=2;DP4=0,0,9,0;MQ=60;RB=22,16857932,16858280,TTG,CTG
6	85447628	NA	TG	T	92	PASS;CTGGAATCTGGGCAGGAT	INDEL;IDV=12;IMF=1;DP=12;VDB=2.26006e-08;SGB=-0.680642;MQ0F=0;AC=2;AN=2;DP4=0,0,0,12;MQ=60;RB=6,85447459,85447718,GCA,AAC
4	93504806	NA	TTATA	T	225	NEI_IND[18/229];GATAATAATTATATATAT	INDEL;IDV=12;IMF=1;DP=12;VDB=2.26006e-08;SGB=-0.680642;MQ0F=0;AC=2;AN=2;DP4=0,0,12,0;MQ=60;RB=4,93504681,93504969,TCC,CCG
4	93504856	NA	T	TTA	225	NEI_IND[6/285];CATATAATTTATATATAA	INDEL;IDV=12;IMF=1;DP=12;VDB=2.26006e-08;SGB=-0.680642;MQ0F=0;AC=2;AN=2;DP4=0,0,0,12;MQ=60;RB=4,93504681,93504969,TCC,CCG
1	164542719	NA	ATCTTTTT	AT,A	192	NEI_IND[12/268];TACAGCACATCTTTTTTT	INDEL;IDV=12;IMF=1;DP=12;VDB=4.62332e-08;SGB=-0.676189;MQ0F=0;AC=1,1;AN=2;DP4=0,0,0,11;MQ=60;RB=1,164542468,164542780,CCC,CAA
8	87012946	NA	TA	T	128	PASS;AATTTTTTTATTTTCTGT	INDEL;IDV=9;IMF=0.9;DP=10;VDB=1.33331e-05;SGB=-0.651104;MQ0F=0;AC=2;AN=2;DP4=0,0,8,0;MQ=60;RB=8,87012937,87013363,CAA,CAA
7	143083141	NA	T	TCTG	225	NEI_IND[33/257];GTGAGTGGTGTATGTGTG	INDEL;IDV=13;IMF=1;DP=13;VDB=2.78367e-08;SGB=-0.680642;MQ0F=0;AC=2;AN=2;DP4=0,0,0,12;MQ=60;RB=7,143082795,143083152,GGG,TCT
20	62315319	NA	TGCCGAC	T	225	NEI_IND[6/362];GGATCCCATGCCGACATA	INDEL;IDV=15;IMF=0.9375;DP=16;VDB=4.49525e-10;SGB=-0.688148;MQ0F=0;AC=2;AN=2;DP4=0,0,15,0;MQ=60;RB=20,62315186,62315471,TTT,GAT
20	62315399	NA	C	CTTG	225	NEI_IND[28/351];CATGTTTCCTTGTCAGAT	INDEL;IDV=17;IMF=1;DP=17;VDB=1.29641e-11;SGB=-0.690438;MQ0F=0;AC=2;AN=2;DP4=0,0,0,17;MQ=60;RB=20,62315186,62315471,TTT,GAT
X	16487774	NA	ACACGCG	A	205	NEI_IND[12/333];GTGCACACACACGCGCAC	INDEL;IDV=6;IMF=1;DP=6;VDB=0.000411984;SGB=-0.616816;MQ0F=0;AC=2;AN=2;DP4=0,0,6,0;MQ=60;RB=X,16487757,16488090,TTT,ATA
12	25416657	NA	CT	C	167	PASS;AGACGGTTCTAGACCTGT	INDEL;IDV=15;IMF=1;DP=15;VDB=4.49525e-10;SGB=-0.688148;MQ0F=0;AC=2;AN=2;DP4=0,0,0,15;MQ=60;RB=12,25416305,25416715,TCG,CCC
20	62315319	NA	TGCCGAC	T	225	NEI_IND[6/362];GGATCCCATGCCGACATA	INDEL;IDV=11;IMF=1;DP=11;VDB=2.26006e-08;SGB=-0.676189;MQ0F=0;AC=2;AN=2;DP4=0,0,11,0;MQ=60;RB=20,62315186,62315470,GGT,TGC
20	62315399	NA	C	CTTG	225	NEI_IND[28/351];CATGTTTCCTTGTCAGAT	INDEL;IDV=14;IMF=1;DP=14;VDB=4.63376e-08;SGB=-0.686358;MQ0F=0;AC=2;AN=2;DP4=0,0,0,14;MQ=60;RB=20,62315186,62315470,GGT,TGC
2	71799356	NA	AGCACAT	A	224	NEI_IND[21/385];TCACACCCAGCACATGCA	INDEL;IDV=7;IMF=1;DP=7;VDB=6.71664e-05;SGB=-0.636426;MQ0F=0;AC=2;AN=2;DP4=0,0,7,0;MQ=60;RB=2,71799344,71799556,GTT,GGC
3	47555564	NA	T	TTATTAG	225	PASS;TATTATTATTATTATTAT	INDEL;IDV=13;IMF=0.928571;DP=14;VDB=2.26006e-08;SGB=-0.683931;MQ0F=0;AC=2;AN=2;DP4=0,0,0,13;MQ=60;RB=3,47555129,47555625,TCT,GTA
2	142828544	NA	TA	T	158	PASS;ATTATCTTTATTTTACAG	INDEL;IDV=14;IMF=1;DP=14;VDB=2.26006e-08;SGB=-0.686358;MQ0F=0;AC=2;AN=2;DP4=0,0,14,0;MQ=60;RB=2,142828519,142828781,GGG,AGT
7	1537683	NA	C	CTA	225	NEI_IND[17/444];CCCGGTCTCCACAAAATT	INDEL;IDV=13;IMF=1;DP=13;VDB=2.26006e-08;SGB=-0.683931;MQ0F=0;AC=2;AN=2;DP4=0,0,13,0;MQ=60;RB=7,1537553,1537861,CCT,TGG
11	75945636	NA	TTG	T	225	PASS;TAGTAGCCTTGTGATGGA	INDEL;IDV=22;IMF=1;DP=22;VDB=1.30483e-15;SGB=-0.692562;MQ0F=0;AC=2;AN=2;DP4=0,0,22,0;MQ=60;RB=11,75945625,75946021,TCC,GTT
3	192648272	NA	CA	C	188	PASS;GGAACGCTCAAGGGGGGT	INDEL;IDV=15;IMF=0.9375;DP=15;VDB=0.999998;SGB=-0.688148;MQSB=1;MQ0F=0;AC=2;AN=2;DP4=0,0,8,7;MQ=60;RB=3,192648145,192648404,GTA,ACA
20	58840359	NA	GT	G	165	PASS;GGGTTAGGGTGAAGATGG	INDEL;IDV=15;IMF=1;DP=15;VDB=4.49525e-10;SGB=-0.688148;MQ0F=0;AC=2;AN=2;DP4=0,0,0,15;MQ=60;RB=20,58840010,58840453,TTG,CTT
4	139921140	NA	GC	G	164	PASS;GGTCAAGAGCCCAGGCTG	INDEL;IDV=13;IMF=0.928571;DP=14;VDB=0.0679765;SGB=-0.683931;MQSB=0.961166;MQ0F=0;AC=2;AN=2;DP4=0,0,6,7;MQ=60;RB=4,139921003,139921194,ATT,AGT
4	43134437	NA	GATA	G	225	PASS;AAGTGCCTGATAATAAAA	INDEL;IDV=20;IMF=1;DP=20;VDB=0.200442;SGB=-0.692067;MQSB=1;MQ0F=0;AC=2;AN=2;DP4=0,0,10,10;MQ=60;RB=4,43134311,43134517,GTT,CAG
4	164146582	NA	A	AAACC	225	PASS;GGTCCCCCAAAACCTATT	INDEL;IDV=9;IMF=1;DP=9;VDB=5.52906e-06;SGB=-0.662043;MQ0F=0;AC=2;AN=2;DP4=0,0,9,0;MQ=60;RB=4,164146523,164146913,TTT,AAT
7	143083141	NA	T	TCTG	225	NEI_IND[33/257];GTGAGTGGTGTATGTGTG	INDEL;IDV=15;IMF=1;DP=15;VDB=4.49525e-10;SGB=-0.688148;MQ0F=0;AC=2;AN=2;DP4=0,0,0,15;MQ=60;RB=7,143082795,143083152,TTC,CCT
14	46595011	NA	TA	T	76	MASKED;TTGAAAAATAACATTTCA	INDEL;IDV=8;IMF=1;DP=8;VDB=0.0058656;SGB=-0.556411;MQ0F=0;AC=2;AN=2;DP4=0,0,4,0;MQ=60;RB=14,46594943,46595092,GAG,AGT
9	7198174	NA	TC	T	88	NEI_IND[115/274];TTTTCTTTTCCTTTCTTT	INDEL;IDV=12;IMF=0.923077;DP=13;VDB=0.000482872;SGB=-0.662043;MQ0F=0;AC=2;AN=2;DP4=0,0,9,0;MQ=59;RB=9,7198089,7198377,GTA,CAA
3	141684408	NA	AGGGGAAG	A	225	PASS;GGAGGGGAAGGGGAAGGG	INDEL;IDV=9;IMF=0.9;DP=10;VDB=5.52906e-06;SGB=-0.662043;MQ0F=0;AC=2;AN=2;DP4=0,0,9,0;MQ=60;RB=3,141684281,141684773,GTT,TCA
9	126979528	NA	CCACACACACA	CCA,C	192	MASKED;ACCACCCACCACACACAC	INDEL;IDV=13;IMF=1;DP=13;VDB=2.26006e-08;SGB=-0.683931;MQ0F=0;AC=1,1;AN=2;DP4=0,0,13,0;MQ=59;RB=9,126979436,126979689,TCC,ATT
4	74023903	NA	AAGAGAG	A	225	MASKED;AAGAAAGAAAGAGAGAGA	INDEL;IDV=17;IMF=1;DP=17;VDB=1.29641e-11;SGB=-0.690438;MQ0F=0;AC=2;AN=2;DP4=0,0,17,0;MQ=60;RB=4,74023775,74024157,TAC,CAC
10	10822147	NA	GT	G	105	PASS;CATCTGATGTTATTCAAA	INDEL;IDV=6;IMF=1;DP=6;VDB=0.000411984;SGB=-0.616816;MQ0F=0;AC=2;AN=2;DP4=0,0,0,6;MQ=60;RB=10,10821909,10822239,TGG,TTC
1	73601621	NA	TGTC	T	220	PASS;AAGTATAATGTCCCTCCA	INDEL;IDV=7;IMF=1;DP=7;VDB=6.71664e-05;SGB=-0.636426;MQ0F=0;AC=2;AN=2;DP4=0,0,0,7;MQ=60;RB=1,73601083,73601698,TCA,CGA
1	188371296	NA	CA	C	18.4763	MASKED;AACTTTACCAAAAAAAAT	INDEL;IDV=15;IMF=1;DP=15;VDB=4.49525e-10;SGB=-0.688148;MQ0F=0;AC=2;AN=2;DP4=0,0,15,0;MQ=60;RB=1,188371165,188371481,TCT,TTA
9	95192204	NA	GA	G	55	PASS;TCTTGTATGAAATTGGAG	INDEL;IDV=5;IMF=1;DP=5;VDB=0.00187095;SGB=-0.590765;MQ0F=0;AC=2;AN=2;DP4=0,0,0,5;MQ=60;RB=9,95192036,95192246,ACC,TAT
1	190490720	NA	GTATGCA	G	84	MASKED;GTGTGTGTGTATGCATGT	INDEL;IDV=3;IMF=0.75;DP=4;VDB=0.0249187;SGB=-0.511536;MQ0F=0;AC=2;AN=2;DP4=0,0,0,3;MQ=60;RB=1,190490388,190490735,GAG,GCC
3	127864489	NA	AG	A	134	PASS;AGCATGGCAGGGTGAGCT	INDEL;IDV=13;IMF=1;DP=13;VDB=2.26006e-08;SGB=-0.683931;MQ0F=0;AC=2;AN=2;DP4=0,0,13,0;MQ=60;RB=3,127864432,127864772,AGT,ACG
9	29288954	NA	ATGTATGTGTATG	A	123	NEI_IND[6/249];CAAGCTTTATGTATGTGT	INDEL;IDV=10;IMF=1;DP=10;VDB=6.99472e-07;SGB=-0.670168;MQ0F=0;AC=2;AN=2;DP4=0,0,0,10;MQ=60;RB=9,29288628,29289042,TAA,CTA
1	84245729	NA	TA	T	134	MASKED;TATTTGAATATTTTTTTT	INDEL;IDV=9;IMF=1;DP=9;VDB=5.52906e-06;SGB=-0.662043;MQ0F=0;AC=2;AN=2;DP4=0,0,9,0;MQ=60;RB=1,84245718,84246000,GTC,ATG
6	7290644	NA	ATGTT	A	225	MASKED;TCTCCCATATGTTTGTTA	INDEL;IDV=13;IMF=1;DP=13;VDB=2.26006e-08;SGB=-0.683931;MQ0F=0;AC=2;AN=2;DP4=0,0,13,0;MQ=60;RB=6,7290625,7290888,CTT,TAA
2	34301740	NA	CT	C	16.5122	PASS;ATAAATCACTTTTTGCTA	INDEL;IDV=5;IMF=1;DP=5;VDB=0.00187095;SGB=-0.590765;MQ0F=0;AC=2;AN=2;DP4=0,0,0,5;MQ=60;RB=2,34301590,34301766,AAT,TGG
2	71799356	NA	AGCACAT	A	224	NEI_IND[21/385];TCACACCCAGCACATGCA	INDEL;IDV=7;IMF=1;DP=7;VDB=6.71664e-05;SGB=-0.636426;MQ0F=0;AC=2;AN=2;DP4=0,0,7,0;MQ=60;RB=2,71799344,71799556,GTT,TAG
6	154513486	NA	GTATGCA	G	182	MASKED;GTGTGTGTGTATGCATGT	INDEL;IDV=5;IMF=1;DP=5;VDB=0.00187095;SGB=-0.590765;MQ0F=0;AC=2;AN=2;DP4=0,0,0,5;MQ=60;RB=6,154513242,154513502,GCG,ATT
9	94805992	NA	ACCTTTC	A	225	PASS;TCACTATCACCTTTCACC	INDEL;IDV=14;IMF=1;DP=14;VDB=0.000507412;SGB=-0.686358;MQSB=0.966012;MQ0F=0;AC=2;AN=2;DP4=0,0,7,7;MQ=60;RB=9,94805893,94806069,GCC,GTT
15	33540653	NA	TC	T	139	NEI_IND[14/421];TCTTTCTTTCTTTTTTTT	INDEL;IDV=11;IMF=1;DP=11;VDB=2.26006e-08;SGB=-0.676189;MQ0F=0;AC=2;AN=2;DP4=0,0,0,11;MQ=60;RB=15,33540268,33540788,ATT,GAC
1	26139097	NA	CTT	C	225	MASKED;CACACACACTTGCACACA	INDEL;IDV=14;IMF=0.875;DP=14;VDB=3.57118e-08;SGB=-0.686358;MQ0F=0;AC=2;AN=2;DP4=0,0,0,14;MQ=60;RB=1,26138804,26139108,GTT,CTA
1	236222769	NA	TCATTAAACCTAGTAA	T	225	PASS;TAGTTATCTCATTAAACC	INDEL;IDV=10;IMF=1;DP=10;VDB=3.38821e-06;SGB=-0.670168;MQSB=0.952347;MQ0F=0;AC=2;AN=2;DP4=0,0,5,5;MQ=60;RB=1,236222728,236222891,CGT,ATG
2	198794946	NA	CT	C	103	PASS;ATCCCAACCTCCCACTTT	INDEL;IDV=10;IMF=1;DP=10;VDB=0.00187095;SGB=-0.590765;MQ0F=0;AC=2;AN=2;DP4=0,0,5,0;MQ=60;RB=2,198794878,198795082,TTT,GGA
16	47464374	NA	GA	G	134	PASS;ATATCAAAGAATCCATTT	INDEL;IDV=11;IMF=1;DP=11;VDB=2.26006e-08;SGB=-0.676189;MQ0F=0;AC=2;AN=2;DP4=0,0,0,11;MQ=60;RB=16,47464049,47464387,TGT,TCG
