CHROM	POS	ID	REF	ALT	QUAL	FILTER	INFO
1	193834773	NA	T	TTCTAGAAGAC	160	NEI_IND[4/367];TGTTTTTGTTATGTTAAT	INDEL;IDV=18;IMF=1;DP=18;VDB=1.29641e-11;SGB=-0.689466;MQ0F=0;AC=2;AN=2;DP4=0,0,16,0;MQ=60;RB=1,193834681,193835042,CCT,GAT
X	16487774	NA	ACACGCG	A	225	NEI_IND[18/660];GTGCACACACACGCGCAC	INDEL;IDV=13;IMF=0.928571;DP=14;VDB=2.26006e-08;SGB=-0.683931;MQ0F=0;AC=2;AN=2;DP4=0,0,13,0;MQ=60;RB=X,16487757,16488090,GCT,ACT
11	2209160	NA	CGCT	C	222	MASKED;ACACCACACGCTACACAC	INDEL;IDV=7;IMF=1;DP=7;VDB=6.71664e-05;SGB=-0.636426;MQ0F=0;AC=2;AN=2;DP4=0,0,0,7;MQ=60;RB=11,2208928,2209178,GTT,GAT
4	98781653	NA	ATT	A	146	NEI_IND[3/249];TTTATTTTATTTTATTTT	INDEL;IDV=5;IMF=1;DP=5;VDB=0.00187095;SGB=-0.590765;MQ0F=0;AC=2;AN=2;DP4=0,0,0,5;MQ=60;RB=4,98781445,98781669,GGA,TTA
18	41720092	NA	TA	T	138	PASS;CAAATTAGTAATCTAAGC	INDEL;IDV=11;IMF=1;DP=11;VDB=2.26006e-08;SGB=-0.676189;MQ0F=0;AC=2;AN=2;DP4=0,0,11,0;MQ=60;RB=18,41720060,41720325,GGT,TTT
10	67087028	NA	CGCG	C	177	MASKED;TCTCCCCCCGCGCCCCCC	INDEL;IDV=9;IMF=0.9;DP=10;VDB=5.52906e-06;SGB=-0.662043;MQ0F=0;AC=2;AN=2;DP4=0,0,9,0;MQ=60;RB=10,67086897,67087420,CTA,GGA
X	126250413	NA	CAATATAGATAATTGTTTA	C	225	PASS;GGAGAATTCAATATAGAT	INDEL;IDV=10;IMF=1;DP=10;VDB=6.99472e-07;SGB=-0.670168;MQ0F=0;AC=2;AN=2;DP4=0,0,0,10;MQ=60;RB=X,126250221,126250505,CTA,TCA
10	66804468	NA	AG	A	170	PASS;ATTATAAAAGTTTATTTT	INDEL;IDV=20;IMF=1;DP=20;VDB=2.63505e-13;SGB=-0.692067;MQ0F=0;AC=2;AN=2;DP4=0,0,0,20;MQ=60;RB=10,66804238,66804515,CTG,TGG
7	134392605	NA	AG	A	163	NEI_IND[13/409];AGATAGATAGATAGATAG	INDEL;IDV=19;IMF=0.95;DP=20;VDB=1.29641e-11;SGB=-0.69168;MQ0F=0;AC=2;AN=2;DP4=0,0,19,0;MQ=60;RB=7,134392482,134392883,AAT,AGT
11	30315940	NA	AAAAGCTAT	A	225	NEI_IND[14/208];AAACAGTAAAAAGCTATA	INDEL;IDV=10;IMF=1;DP=10;VDB=6.99472e-07;SGB=-0.670168;MQ0F=0;AC=2;AN=2;DP4=0,0,10,0;MQ=60;RB=11,30315813,30316036,TGT,CTA
4	118988915	NA	TG	T	30.4183	PASS;GTGGAGGGTGGGGGTGAT	INDEL;IDV=4;IMF=1;DP=4;VDB=0.0058656;SGB=-0.556411;MQ0F=0;AC=2;AN=2;DP4=0,0,0,4;MQ=60;RB=4,118988697,118988953,CCG,CCG
21	10841753	NA	ACAGACTCAAG	A	225	MASKED;GGAATGGAACAGACTCAA	INDEL;IDV=18;IMF=0.9;DP=20;VDB=1.29641e-11;SGB=-0.691153;MQ0F=0;AC=2;AN=2;DP4=0,0,18,0;MQ=60;RB=21,10841624,10841963,ATG,CCT
21	10841904	NA	AGGAAT	A	225	NEI_IND[441/831];GACTCGAAAGGAATGGAA	INDEL;IDV=20;IMF=0.952381;DP=20;VDB=9.22059e-10;SGB=-0.692067;MQ0F=0;AC=2;AN=2;DP4=0,0,0,20;MQ=60;RB=21,10841624,10841963,ATG,CCT
8	78897605	NA	TTA	T	199	MASKED;AAAGGATATTATATATAT	INDEL;IDV=14;IMF=1;DP=14;VDB=2.26006e-08;SGB=-0.686358;MQ0F=0;AC=2;AN=2;DP4=0,0,14,0;MQ=60;RB=8,78897556,78897873,TAG,CCC
8	78897769	NA	C	CAT	225	NEI_IND[20/457];TTTGTATACATATATATA	INDEL;IDV=14;IMF=1;DP=14;VDB=2.26006e-08;SGB=-0.686358;MQ0F=0;AC=2;AN=2;DP4=0,0,0,14;MQ=60;RB=8,78897556,78897873,TAG,CCC
11	30315940	NA	AAAAGCTAT	A	225	NEI_IND[14/208];AAACAGTAAAAAGCTATA	INDEL;IDV=8;IMF=1;DP=8;VDB=1.33331e-05;SGB=-0.651104;MQ0F=0;AC=2;AN=2;DP4=0,0,8,0;MQ=60;RB=11,30315814,30316035,GTC,CTG
2	228746787	NA	AT	A	137	PASS;CTTTCTCAATGGCTCAGT	INDEL;IDV=9;IMF=1;DP=9;VDB=5.52906e-06;SGB=-0.662043;MQ0F=0;AC=2;AN=2;DP4=0,0,9,0;MQ=60;RB=2,228746762,228747034,TCC,CGG
12	16815897	NA	C	CATCT	225	NEI_IND[28/429];CTCTATCACATCTATCTA	INDEL;IDV=20;IMF=1;DP=20;VDB=2.63505e-13;SGB=-0.692067;MQ0F=0;AC=2;AN=2;DP4=0,0,0,20;MQ=60;RB=12,16815674,16816002,GGG,ACT
X	94376296	NA	AT	A	88	MASKED;AATAAATAATTACCAGGA	INDEL;IDV=5;IMF=1;DP=5;VDB=0.00187095;SGB=-0.590765;MQ0F=0;AC=2;AN=2;DP4=0,0,0,5;MQ=60;RB=X,94376226,94376438,CTT,AAA
11	30315940	NA	AAAAGCTAT	A	225	NEI_IND[14/208];AAACAGTAAAAAGCTATA	INDEL;IDV=13;IMF=0.928571;DP=14;VDB=2.26006e-08;SGB=-0.683931;MQ0F=0;AC=2;AN=2;DP4=0,0,13,0;MQ=60;RB=11,30315814,30316036,GGC,CGT
11	30315940	NA	AAAAGCTAT	A	225	NEI_IND[14/208];AAACAGTAAAAAGCTATA	INDEL;IDV=19;IMF=1;DP=19;VDB=1.29641e-11;SGB=-0.69168;MQ0F=0;AC=2;AN=2;DP4=0,0,19,0;MQ=60;RB=11,30315813,30316036,AGA,GTA
8	16353318	NA	GCAGGGCC	G	225	MASKED;AAACAGAAGCAGGGCCCA	INDEL;IDV=18;IMF=1;DP=18;VDB=1.29641e-11;SGB=-0.691153;MQ0F=0;AC=2;AN=2;DP4=0,0,0,18;MQ=60;RB=8,16352857,16353429,ACT,TAA
7	1537683	NA	C	CTA	225	NEI_IND[24/669];CCCGGTCTCCACAAAATT	INDEL;IDV=10;IMF=0.909091;DP=11;VDB=2.26006e-08;SGB=-0.676189;MQ0F=0;AC=2;AN=2;DP4=0,0,11,0;MQ=60;RB=7,1537553,1537862,GCT,CAA
13	90291489	NA	A	AGAT	225	PASS;AGATAGATAGATAGATAG	INDEL;IDV=12;IMF=1;DP=12;VDB=2.26006e-08;SGB=-0.680642;MQ0F=0;AC=2;AN=2;DP4=0,0,12,0;MQ=60;RB=13,90291362,90291952,TAT,ACC
11	30315940	NA	AAAAGCTAT	A	225	NEI_IND[14/208];AAACAGTAAAAAGCTATA	INDEL;IDV=16;IMF=0.941176;DP=17;VDB=1.29641e-11;SGB=-0.689466;MQ0F=0;AC=2;AN=2;DP4=0,0,16,0;MQ=60;RB=11,30315814,30316035,CAC,CCG
12	19986929	NA	CAT	C	224	MASKED;CACACACACATACACACA	INDEL;IDV=10;IMF=0.909091;DP=11;VDB=6.99472e-07;SGB=-0.670168;MQ0F=0;AC=2;AN=2;DP4=0,0,10,0;MQ=60;RB=12,19986813,19987210,GAG,CCC
11	30315940	NA	AAAAGCTAT	A	225	NEI_IND[14/208];AAACAGTAAAAAGCTATA	INDEL;IDV=12;IMF=0.923077;DP=13;VDB=2.26006e-08;SGB=-0.680642;MQ0F=0;AC=2;AN=2;DP4=0,0,12,0;MQ=60;RB=11,30315813,30316036,ATA,CTT
14	48896183	NA	AC	A	146	PASS;ATATACATACCTTTATGT	INDEL;IDV=20;IMF=1;DP=20;VDB=2.63505e-13;SGB=-0.692067;MQ0F=0;AC=2;AN=2;DP4=0,0,20,0;MQ=60;RB=14,48896165,48896450,ACA,CGA
11	30315940	NA	AAAAGCTAT	A	225	NEI_IND[14/208];AAACAGTAAAAAGCTATA	INDEL;IDV=14;IMF=1;DP=14;VDB=2.26006e-08;SGB=-0.686358;MQ0F=0;AC=2;AN=2;DP4=0,0,14,0;MQ=60;RB=11,30315814,30316035,AAG,TAC
2	96198356	NA	AACAAATAAAT	A	225	MASKED;AAAAAAATAACAAATAAA	INDEL;IDV=12;IMF=1;DP=12;VDB=2.26006e-08;SGB=-0.676189;MQ0F=0;AC=2;AN=2;DP4=0,0,11,0;MQ=60;RB=2,96198260,96198790,CTT,GTG
18	40767613	NA	ATG	A	216	MASKED;ACACGCACATGCACACAC	INDEL;IDV=8;IMF=1;DP=8;VDB=1.33331e-05;SGB=-0.651104;MQ0F=0;AC=2;AN=2;DP4=0,0,0,8;MQ=60;RB=18,40767100,40767627,TCG,GGT
6	113343984	NA	CA	C	123	PASS;AAAATAACCAACTCCCTG	INDEL;IDV=8;IMF=1;DP=8;VDB=1.33331e-05;SGB=-0.651104;MQ0F=0;AC=2;AN=2;DP4=0,0,8,0;MQ=60;RB=6,113343937,113344171,GTA,GTA
1	193834773	NA	T	TTCTAGAAGAC	139	NEI_IND[4/367];TGTTTTTGTTATGTTAAT	INDEL;IDV=20;IMF=1;DP=20;VDB=1.29641e-11;SGB=-0.69168;MQ0F=0;AC=2;AN=2;DP4=0,0,19,0;MQ=60;RB=1,193834681,193835041,TCT,CCC
2	225056591	NA	AG	A	153	PASS;AGGTGAAAAGAAGATGGC	INDEL;IDV=14;IMF=1;DP=14;VDB=2.26006e-08;SGB=-0.683931;MQ0F=0;AC=2;AN=2;DP4=0,0,0,13;MQ=60;RB=2,225056301,225056614,TTC,CCG
4	98781653	NA	ATT	A	165	NEI_IND[3/249];TTTATTTTATTTTATTTT	INDEL;IDV=6;IMF=1;DP=6;VDB=0.000411984;SGB=-0.616816;MQ0F=0;AC=2;AN=2;DP4=0,0,0,6;MQ=60;RB=4,98781446,98781669,GTG,CTT
21	19900888	NA	GCATATATA	G,GTA	139	PASS;GTGTGTGTGCATATATAT	INDEL;IDV=4;IMF=1;DP=4;VDB=0.00701511;SGB=-0.556411;MQ0F=0;AC=1,1;AN=2;DP4=0,0,0,4;MQ=60;RB=21,19900440,19900907,AAA,AAC
12	16395303	NA	GACTTTTAACCCA	G	225	NEI_IND[44/409];GTATCAGGGACTTTTAAC	INDEL;IDV=12;IMF=1;DP=12;VDB=2.26006e-08;SGB=-0.680642;MQ0F=0;AC=2;AN=2;DP4=0,0,0,12;MQ=60;RB=12,16395061,16395338,CTC,CGC
21	10841753	NA	ACAGACTCAAG	A	225	MASKED;GGAATGGAACAGACTCAA	INDEL;IDV=14;IMF=1;DP=14;VDB=2.26006e-08;SGB=-0.686358;MQ0F=0;AC=2;AN=2;DP4=0,0,14,0;MQ=60;RB=21,10841623,10841963,AAA,TTT
21	10841904	NA	AGGAAT	A	225	NEI_IND[441/831];GACTCGAAAGGAATGGAA	INDEL;IDV=13;IMF=1;DP=13;VDB=2.7432e-08;SGB=-0.683931;MQ0F=0;AC=2;AN=2;DP4=0,0,0,13;MQ=60;RB=21,10841623,10841963,AAA,TTT
21	10841753	NA	ACAGACTCAAG	A	225	MASKED;GGAATGGAACAGACTCAA	INDEL;IDV=25;IMF=0.925926;DP=27;VDB=1.30483e-15;SGB=-0.692831;MQ0F=0;AC=2;AN=2;DP4=0,0,24,0;MQ=60;RB=21,10841623,10841962,GTT,CTG
21	10841904	NA	AGGAAT	A	225	NEI_IND[441/831];GACTCGAAAGGAATGGAA	INDEL;IDV=24;IMF=0.888889;DP=27;VDB=1.15679e-11;SGB=-0.693021;MQ0F=0;AC=2;AN=2;DP4=0,0,0,27;MQ=59;RB=21,10841623,10841962,GTT,CTG
11	30315940	NA	AAAAGCTAT	A	205	NEI_IND[14/208];AAACAGTAAAAAGCTATA	INDEL;IDV=6;IMF=1;DP=6;VDB=0.000411984;SGB=-0.616816;MQ0F=0;AC=2;AN=2;DP4=0,0,6,0;MQ=60;RB=11,30315814,30316036,TCG,ACT
21	29025575	NA	TG	T	162	PASS;TGGGCAAATGATTTCTCT	INDEL;IDV=16;IMF=1;DP=16;VDB=1.29641e-11;SGB=-0.689466;MQ0F=0;AC=2;AN=2;DP4=0,0,16,0;MQ=60;RB=21,29025534,29025844,GGG,TGA
15	60280518	NA	GC	G	137	PASS;GCCAGCCAGCCCAGCCAG	INDEL;IDV=18;IMF=0.9;DP=20;VDB=1.29641e-11;SGB=-0.691153;MQ0F=0;AC=2;AN=2;DP4=0,0,18,0;MQ=60;RB=15,60280383,60280695,GTC,CTG
11	2209160	NA	CGCT	C	220	MASKED;ACACCACACGCTACACAC	INDEL;IDV=8;IMF=1;DP=8;VDB=6.71664e-05;SGB=-0.636426;MQ0F=0;AC=2;AN=2;DP4=0,0,0,7;MQ=60;RB=11,2208929,2209178,TCG,ACT
4	116178535	NA	A	AT	62	PASS;AAATGACCATTTTTCCCA	INDEL;IDV=14;IMF=1;DP=14;VDB=2.26006e-08;SGB=-0.686358;MQ0F=0;AC=2;AN=2;DP4=0,0,0,14;MQ=60;RB=4,116178118,116178563,AAG,AGA
1	193834773	NA	T	TTCTAGAAGAC	104	NEI_IND[4/367];TGTTTTTGTTATGTTAAT	INDEL;IDV=15;IMF=1;DP=15;VDB=2.26006e-08;SGB=-0.683931;MQ0F=0;AC=2;AN=2;DP4=0,0,13,0;MQ=60;RB=1,193834681,193835042,GAT,ATT
17	2028931	NA	TCCATAAAA	T	182	PASS;TCCACAGATCCATAAAAA	INDEL;IDV=5;IMF=1;DP=5;VDB=0.00187095;SGB=-0.590765;MQ0F=0;AC=2;AN=2;DP4=0,0,5,0;MQ=60;RB=17,2028897,2029183,GGG,CCC
4	4353221	NA	CTT	C	113	NEI_IND[64/405];AACGGAGTCTTTTTTTCT	INDEL;IDV=14;IMF=1;DP=14;VDB=2.26006e-08;SGB=-0.686358;MQ0F=0;AC=2;AN=2;DP4=0,0,0,14;MQ=60;RB=4,4352684,4353240,AAT,CTA
13	48480860	NA	AG	A	148	PASS;CATTGCCAAGGCCTCACC	INDEL;IDV=16;IMF=1;DP=16;VDB=2.05484e-11;SGB=-0.689466;MQ0F=0;AC=2;AN=2;DP4=0,0,16,0;MQ=60;RB=13,48480819,48481194,CCC,CTC
13	48480921	NA	A	ACTTTT	225	NEI_IND[33/526];TCTTTTTTACTTTTCTTT	INDEL;IDV=13;IMF=0.8125;DP=16;VDB=7.0716e-11;SGB=-0.689466;MQ0F=0;AC=2;AN=2;DP4=0,0,16,0;MQ=60;RB=13,48480819,48481194,CCC,CTC
4	188296922	NA	ATT	A	70	PASS;TAATAATAATTTTTTAAA	INDEL;IDV=5;IMF=1;DP=5;VDB=0.0058656;SGB=-0.556411;MQ0F=0;AC=2;AN=2;DP4=0,0,4,0;MQ=60;RB=4,188296788,188297405,ATG,CTG
13	83445912	NA	AG	A	133	PASS;TTTCTTCTAGGGCTTTTA	INDEL;IDV=16;IMF=1;DP=16;VDB=4.49525e-10;SGB=-0.688148;MQ0F=0;AC=2;AN=2;DP4=0,0,15,0;MQ=60;RB=13,83445838,83446167,TCC,ATA
14	90334343	NA	TG	T	127	PASS;ATGCCTCATGGGCGAACC	INDEL;IDV=13;IMF=1;DP=13;VDB=4.87157e-08;SGB=-0.683931;MQ0F=0;AC=2;AN=2;DP4=0,0,0,13;MQ=60;RB=14,90334052,90334472,CGG,CTT
5	37124382	NA	AC	A	173	NEI_IND[81/469];TAATCTAAACTGTAATCT	INDEL;IDV=25;IMF=1;DP=25;VDB=1.30483e-15;SGB=-0.692914;MQ0F=0;AC=2;AN=2;DP4=0,0,25,0;MQ=60;RB=5,37124247,37124706,GCA,AAT
15	68205915	NA	CTGTGTGTG	C	225	MASKED;AACAAATGCTGTGTGTGT	INDEL;IDV=8;IMF=1;DP=8;VDB=1.33331e-05;SGB=-0.651104;MQ0F=0;AC=2;AN=2;DP4=0,0,8,0;MQ=60;RB=15,68205828,68206288,CCG,GGA
