CHROM	POS	ID	REF	ALT	QUAL	FILTER	INFO
20	14765511	NA	CATCAAGCAGTCGGG	C	225	PASS;ACATCAGGCATCAAGCAG	INDEL;IDV=15;IMF=1;DP=15;VDB=4.49525e-10;SGB=-0.688148;MQ0F=0;AC=2;AN=2;DP4=0,0,15,0;MQ=60;RB=20,14765387,14765731,CCT,CAC
5	150776221	NA	AT	A	133	MASKED;TGAATGGGATTAAATATG	INDEL;IDV=12;IMF=1;DP=12;VDB=2.26006e-08;SGB=-0.680642;MQ0F=0;AC=2;AN=2;DP4=0,0,0,12;MQ=60;RB=5,150775824,150776237,AGA,GCG
1	3229259	NA	CTT	C	221	PASS;AATTGAAACTTACACAAA	INDEL;IDV=8;IMF=1;DP=8;VDB=1.33331e-05;SGB=-0.651104;MQ0F=0;AC=2;AN=2;DP4=0,0,8,0;MQ=60;RB=1,3229238,3229480,TAC,TAA
2	82612817	NA	AG	A	145	PASS;TATAAGCAAGAAAAAAGA	INDEL;IDV=11;IMF=1;DP=11;VDB=2.26006e-08;SGB=-0.676189;MQ0F=0;AC=2;AN=2;DP4=0,0,0,11;MQ=60;RB=2,82612566,82612829,GCG,TGC
5	43255858	NA	AAG	A	62	NEI_IND[11/290];AAAAAAAAAAGAAAGAAA	INDEL;IDV=18;IMF=0.9;DP=20;VDB=1.29641e-11;SGB=-0.691153;MQ0F=0;AC=2;AN=2;DP4=0,0,18,0;MQ=60;RB=5,43255725,43256055,CTT,ATC
11	30315940	NA	AAAAGCTAT	A	225	NEI_IND[8/235];AAACAGTAAAAAGCTATA	INDEL;IDV=9;IMF=1;DP=9;VDB=5.52906e-06;SGB=-0.662043;MQ0F=0;AC=2;AN=2;DP4=0,0,9,0;MQ=60;RB=11,30315814,30316036,TAG,ACT
1	188371296	NA	CA	C	16.5122	MASKED;AACTTTACCAAAAAAAAT	INDEL;IDV=17;IMF=0.944444;DP=18;VDB=1.29641e-11;SGB=-0.690438;MQ0F=0;AC=2;AN=2;DP4=0,0,17,0;MQ=60;RB=1,188371166,188371480,AGG,CAC
2	212536166	NA	GA	G	13.6076	MASKED;TGTGTGAAGAAAAAAAAC	INDEL;IDV=6;IMF=1;DP=6;VDB=0.00656224;SGB=-0.616816;MQ0F=0;AC=2;AN=2;DP4=0,0,0,6;MQ=60;RB=2,212535963,212536216,TAA,CCC
1	106281587	NA	CT	C	140	MASKED;CTATCTATCTATCTATCT	INDEL;IDV=11;IMF=1;DP=11;VDB=6.99472e-07;SGB=-0.670168;MQ0F=0;AC=2;AN=2;DP4=0,0,0,10;MQ=60;RB=1,106281061,106281598,GTG,CCT
5	43255858	NA	AAG	A	53	NEI_IND[11/290];AAAAAAAAAAGAAAGAAA	INDEL;IDV=8;IMF=1;DP=8;VDB=1.33331e-05;SGB=-0.651104;MQ0F=0;AC=2;AN=2;DP4=0,0,8,0;MQ=60;RB=5,43255726,43256056,AGG,TTA
5	23618494	NA	AAT	A	219	MASKED;TATATGTAAATATATATG	INDEL;IDV=14;IMF=1;DP=14;VDB=2.26006e-08;SGB=-0.686358;MQ0F=0;AC=2;AN=2;DP4=0,0,0,14;MQ=60;RB=5,23618231,23618628,ATG,TGG
9	130175468	NA	AAGAAAC	A	224	NEI_IND[29/296];GTCTCCAAAAGAAACAAA	INDEL;IDV=7;IMF=1;DP=7;VDB=6.71664e-05;SGB=-0.636426;MQ0F=0;AC=2;AN=2;DP4=0,0,7,0;MQ=60;RB=9,130175338,130175606,CCG,ACG
1	188371296	NA	CA	C	14.5685	MASKED;AACTTTACCAAAAAAAAT	INDEL;IDV=20;IMF=0.952381;DP=21;VDB=2.63505e-13;SGB=-0.692067;MQ0F=0;AC=2;AN=2;DP4=0,0,20,0;MQ=60;RB=1,188371165,188371481,AAT,TAT
2	140763138	NA	TATC	T	225	PASS;AAATGTGATATCATGGAG	INDEL;IDV=8;IMF=1;DP=8;VDB=1.33331e-05;SGB=-0.651104;MQ0F=0;AC=2;AN=2;DP4=0,0,8,0;MQ=60;RB=2,140763033,140763402,TCT,CCT
4	132978116	NA	TCTG	T	225	MASKED;GTATTTTATCTGTTTTTT	INDEL;IDV=13;IMF=0.928571;DP=13;VDB=2.26006e-08;SGB=-0.683931;MQ0F=0;AC=2;AN=2;DP4=0,0,13,0;MQ=60;RB=4,132977984,132978352,AGA,TAT
1	106281587	NA	CT	C	145	PASS;CTATCTATCTATCTATCT	INDEL;IDV=11;IMF=0.916667;DP=12;VDB=2.26006e-08;SGB=-0.676189;MQ0F=0;AC=2;AN=2;DP4=0,0,0,11;MQ=60;RB=1,106281061,106281597,TAC,GGG
8	17108285	NA	AT	A	116	PASS;CAAAAAAAATAGGTGAAT	INDEL;IDV=7;IMF=1;DP=7;VDB=0.000411984;SGB=-0.616816;MQ0F=0;AC=2;AN=2;DP4=0,0,0,6;MQ=60;RB=8,17107780,17108329,GTT,GTA
6	94459517	NA	C	CA	63	PASS;GGGAGGCACAAAAAGAAT	INDEL;IDV=15;IMF=0.9375;DP=16;VDB=4.49525e-10;SGB=-0.688148;MQ0F=0;AC=2;AN=2;DP4=0,0,0,15;MQ=60;RB=6,94459193,94459546,GGG,AAA
12	10311925	NA	TGTCC	T	225	NEI_IND[4/348];TGTCTGTCTGTCCGTAAG	INDEL;IDV=10;IMF=1;DP=10;VDB=6.99472e-07;SGB=-0.670168;MQ0F=0;AC=2;AN=2;DP4=0,0,0,10;MQ=60;RB=12,10311554,10312051,GTT,TAA
2	133824604	NA	TTA	T	106	NEI_IND[5/342];TTTATTTTTTATTTTTTT	INDEL;IDV=7;IMF=1;DP=7;VDB=6.71664e-05;SGB=-0.636426;MQ0F=0;AC=2;AN=2;DP4=0,0,7,0;MQ=60;RB=2,133824473,133824781,AAA,TGA
5	37124382	NA	AC	A	165	NEI_IND[38/225];TAATCTAAACTGTAATCT	INDEL;IDV=16;IMF=1;DP=16;VDB=1.29641e-11;SGB=-0.689466;MQ0F=0;AC=2;AN=2;DP4=0,0,16,0;MQ=60;RB=5,37124247,37124705,CGT,CCG
1	191167531	NA	AC	A	191	PASS;TTTTTTTAACAAAACCTT	INDEL;IDV=14;IMF=1;DP=14;VDB=0.996044;SGB=-0.686358;MQSB=0.966012;MQ0F=0;AC=2;AN=2;DP4=0,0,7,7;MQ=60;RB=1,191167400,191167640,GTG,AAG
1	188371296	NA	CA	C	17.4922	MASKED;AACTTTACCAAAAAAAAT	INDEL;IDV=16;IMF=1;DP=16;VDB=1.29641e-11;SGB=-0.689466;MQ0F=0;AC=2;AN=2;DP4=0,0,16,0;MQ=60;RB=1,188371166,188371481,ATG,GAT
12	45382256	NA	TTTAA	T	225	PASS;TTTCATAGTTTAATGTAT	INDEL;IDV=16;IMF=1;DP=16;VDB=1.29641e-11;SGB=-0.689466;MQ0F=0;AC=2;AN=2;DP4=0,0,0,16;MQ=60;RB=12,45382093,45382365,TAG,CCT
1	188371296	NA	CA	C	19.4636	MASKED;AACTTTACCAAAAAAAAT	INDEL;IDV=12;IMF=1;DP=12;VDB=2.26006e-08;SGB=-0.680642;MQ0F=0;AC=2;AN=2;DP4=0,0,12,0;MQ=60;RB=1,188371165,188371481,TTT,TTA
8	107587667	NA	TC	T	140	PASS;ATGGACATTCACAGCCCC	INDEL;IDV=9;IMF=1;DP=9;VDB=5.52906e-06;SGB=-0.662043;MQ0F=0;AC=2;AN=2;DP4=0,0,0,9;MQ=60;RB=8,107587439,107587773,TAT,ACC
5	37124382	NA	AC	A	144	NEI_IND[38/225];TAATCTAAACTGTAATCT	INDEL;IDV=10;IMF=1;DP=10;VDB=6.99472e-07;SGB=-0.670168;MQ0F=0;AC=2;AN=2;DP4=0,0,10,0;MQ=60;RB=5,37124247,37124706,CGT,CGT
13	59262735	NA	TC	T	80	MASKED;AAAATTTTTCTTCAATCA	INDEL;IDV=4;IMF=1;DP=4;VDB=0.0058656;SGB=-0.556411;MQ0F=0;AC=2;AN=2;DP4=0,0,4,0;MQ=60;RB=13,59262725,59262978,TTT,CGT
X	110894901	NA	CA	C	102	PASS;TGTCCGCCCAAATCTAGA	INDEL;IDV=7;IMF=1;DP=7;VDB=6.71664e-05;SGB=-0.636426;MQ0F=0;AC=2;AN=2;DP4=0,0,7,0;MQ=60;RB=X,110894884,110895416,TGT,GAC
8	90149865	NA	AG	A	161	PASS;ACAGACAGAGTAGATAGA	INDEL;IDV=15;IMF=1;DP=15;VDB=4.49525e-10;SGB=-0.688148;MQ0F=0;AC=2;AN=2;DP4=0,0,15,0;MQ=60;RB=8,90149730,90150014,TGT,CGC
15	27013948	NA	AT	A	62	MASKED;GTCAACTAATTTTTAAAA	INDEL;IDV=17;IMF=1;DP=17;VDB=1.29641e-11;SGB=-0.690438;MQ0F=0;AC=2;AN=2;DP4=0,0,0,17;MQ=60;RB=15,27013664,27014008,GAA,TCA
2	133824604	NA	TTA	T	136	NEI_IND[5/342];TTTATTTTTTATTTTTTT	INDEL;IDV=14;IMF=0.933333;DP=15;VDB=2.26006e-08;SGB=-0.686358;MQ0F=0;AC=2;AN=2;DP4=0,0,14,0;MQ=60;RB=2,133824474,133824780,ACG,GGG
8	90149865	NA	AG	A	100	PASS;ACAGACAGAGTAGATAGA	INDEL;IDV=5;IMF=1;DP=5;VDB=0.00187095;SGB=-0.590765;MQ0F=0;AC=2;AN=2;DP4=0,0,5,0;MQ=60;RB=8,90149730,90150015,CTT,AAT
18	27583010	NA	GT	G	125	PASS;CACAAAGGGTTTGGCTTT	INDEL;IDV=10;IMF=1;DP=10;VDB=8.4981e-07;SGB=-0.670168;MQ0F=0;AC=2;AN=2;DP4=0,0,0,10;MQ=60;RB=18,27582798,27583084,TCT,TAG
4	132978116	NA	TCTG	T	225	MASKED;GTATTTTATCTGTTTTTT	INDEL;IDV=10;IMF=1;DP=10;VDB=6.99472e-07;SGB=-0.670168;MQ0F=0;AC=2;AN=2;DP4=0,0,10,0;MQ=60;RB=4,132977984,132978351,TTT,ATG
1	188371296	NA	CA	C	18.4763	MASKED;AACTTTACCAAAAAAAAT	INDEL;IDV=14;IMF=1;DP=14;VDB=2.26006e-08;SGB=-0.686358;MQ0F=0;AC=2;AN=2;DP4=0,0,14,0;MQ=60;RB=1,188371165,188371480,CCT,CAG
16	23891885	NA	C	CT	70	PASS;AACTCAAGCTTTGTATTT	INDEL;IDV=4;IMF=1;DP=4;VDB=0.0058656;SGB=-0.556411;MQ0F=0;AC=2;AN=2;DP4=0,0,4,0;MQ=60;RB=16,23891859,23892087,GCT,AGT
1	188371296	NA	CA	C	15.5372	MASKED;AACTTTACCAAAAAAAAT	INDEL;IDV=19;IMF=0.95;DP=20;VDB=1.29641e-11;SGB=-0.69168;MQ0F=0;AC=2;AN=2;DP4=0,0,19,0;MQ=60;RB=1,188371165,188371481,CTA,TTA
1	106281587	NA	CT	C	119	MASKED;CTATCTATCTATCTATCT	INDEL;IDV=7;IMF=1;DP=7;VDB=6.71664e-05;SGB=-0.636426;MQ0F=0;AC=2;AN=2;DP4=0,0,0,7;MQ=60;RB=1,106281060,106281598,AAA,TGA
8	90149865	NA	AG	A	134	MASKED;ACAGACAGAGTAGATAGA	INDEL;IDV=8;IMF=1;DP=8;VDB=1.33331e-05;SGB=-0.651104;MQ0F=0;AC=2;AN=2;DP4=0,0,8,0;MQ=60;RB=8,90149731,90150014,TGC,ACG
12	16395303	NA	GACTTTTAACCCA	G	225	NEI_IND[36/335];GTATCAGGGACTTTTAAC	INDEL;IDV=12;IMF=1;DP=12;VDB=2.26006e-08;SGB=-0.680642;MQ0F=0;AC=2;AN=2;DP4=0,0,0,12;MQ=60;RB=12,16395060,16395338,GTA,GGG
1	106281587	NA	CT	C	129	MASKED;CTATCTATCTATCTATCT	INDEL;IDV=8;IMF=1;DP=8;VDB=1.33331e-05;SGB=-0.651104;MQ0F=0;AC=2;AN=2;DP4=0,0,0,8;MQ=60;RB=1,106281061,106281598,CCG,CTA
X	83155546	NA	C	CA	13.6076	PASS;ATCAGAAACAAAAAAAAA	INDEL;IDV=10;IMF=1;DP=10;VDB=6.99472e-07;SGB=-0.670168;MQ0F=0;AC=2;AN=2;DP4=0,0,10,0;MQ=60;RB=X,83155478,83155753,CCC,AAG
X	76080575	NA	CATA	C	225	PASS;AATGTCCTCATAATAAGA	INDEL;IDV=17;IMF=1;DP=17;VDB=4.49525e-10;SGB=-0.688148;MQ0F=0;AC=2;AN=2;DP4=0,0,0,15;MQ=60;RB=X,76080120,76080602,TCT,CGG
16	5699579	NA	TC	T	123	PASS;TAAGCTCATCCCATCGTC	INDEL;IDV=12;IMF=0.923077;DP=12;VDB=4.42314e-08;SGB=-0.676189;MQ0F=0;AC=2;AN=2;DP4=0,0,0,11;MQ=60;RB=16,5699250,5699621,ATT,AGA
1	188371296	NA	CA	C	18.4763	MASKED;AACTTTACCAAAAAAAAT	INDEL;IDV=14;IMF=1;DP=14;VDB=2.26006e-08;SGB=-0.686358;MQ0F=0;AC=2;AN=2;DP4=0,0,14,0;MQ=60;RB=1,188371165,188371480,TGA,TGC
9	119760868	NA	CCATG	C	173	MASKED;CCATACATCCATGCATCC	INDEL;IDV=5;IMF=1;DP=5;VDB=0.00187095;SGB=-0.590765;MQ0F=0;AC=2;AN=2;DP4=0,0,0,5;MQ=60;RB=9,119760243,119760886,CTG,GTT
10	17112020	NA	TA	T	165	PASS;CTGACATTTAGGTCTATA	INDEL;IDV=15;IMF=1;DP=15;VDB=4.49525e-10;SGB=-0.688148;MQ0F=0;AC=2;AN=2;DP4=0,0,0,15;MQ=60;RB=10,17111623,17112087,AGA,ATT
13	59262735	NA	TC	T	135	MASKED;AAAATTTTTCTTCAATCA	INDEL;IDV=9;IMF=1;DP=9;VDB=5.52906e-06;SGB=-0.662043;MQ0F=0;AC=2;AN=2;DP4=0,0,9,0;MQ=60;RB=13,59262725,59262978,CCT,GTT
7	54502126	NA	TA	T	17.4922	PASS;TTTGACTTTAAAAAAAAT	INDEL;IDV=8;IMF=1;DP=8;VDB=1.33331e-05;SGB=-0.651104;MQ0F=0;AC=2;AN=2;DP4=0,0,8,0;MQ=60;RB=7,54502085,54502356,GTA,GAG
1	188371296	NA	CA	C	16.5122	MASKED;AACTTTACCAAAAAAAAT	INDEL;IDV=18;IMF=1;DP=18;VDB=1.29641e-11;SGB=-0.690438;MQ0F=0;AC=2;AN=2;DP4=0,0,17,0;MQ=60;RB=1,188371165,188371480,CAA,ATG
1	170902680	NA	AAAG	A	225	NEI_IND[5/381];AAGAAAGAAAAGAGAAAG	INDEL;IDV=14;IMF=1;DP=14;VDB=2.26006e-08;SGB=-0.686358;MQ0F=0;AC=2;AN=2;DP4=0,0,14,0;MQ=60;RB=1,170902546,170902997,AAA,TCC
12	62390942	NA	GTA	G	188	NEI_IND[8/210];GACTATATGTATATATGT	INDEL;IDV=8;IMF=1;DP=8;VDB=1.33331e-05;SGB=-0.651104;MQ0F=0;AC=2;AN=2;DP4=0,0,0,8;MQ=60;RB=12,62390743,62391007,GCA,ACC
7	143083141	NA	T	TCTG	225	NEI_IND[50/283];GTGAGTGGTGTATGTGTG	INDEL;IDV=17;IMF=1;DP=17;VDB=1.29641e-11;SGB=-0.690438;MQ0F=0;AC=2;AN=2;DP4=0,0,0,17;MQ=60;RB=7,143082795,143083152,CCG,CCT
12	72919414	NA	TGAGAGAGAGA	T	225	NEI_IND[14/235];TGTGTGTGTGAGAGAGAG	INDEL;IDV=13;IMF=1;DP=13;VDB=2.26006e-08;SGB=-0.683931;MQ0F=0;AC=2;AN=2;DP4=0,0,0,13;MQ=60;RB=12,72919086,72919556,CTT,TCT
1	116265902	NA	CTA	C	193	PASS;TCATCTATCTATATCTCT	INDEL;IDV=8;IMF=1;DP=8;VDB=1.33331e-05;SGB=-0.651104;MQ0F=0;AC=2;AN=2;DP4=0,0,8,0;MQ=60;RB=1,116265779,116266042,ATG,CAT
1	116265926	NA	T	TTATC	225	NEI_IND[15/289];CTATCTATTTATCTATCT	INDEL;IDV=8;IMF=1;DP=8;VDB=1.33331e-05;SGB=-0.651104;MQ0F=0;AC=2;AN=2;DP4=0,0,0,8;MQ=60;RB=1,116265779,116266042,ATG,CAT
2	199593051	NA	GTCC	G	225	PASS;TTGACAATGTCCTTTCTT	INDEL;IDV=17;IMF=1;DP=17;VDB=1.29641e-11;SGB=-0.690438;MQ0F=0;AC=2;AN=2;DP4=0,0,17,0;MQ=60;RB=2,199592992,199593445,GTC,TGG
4	181432637	NA	CCTTCCCT	C	154	NEI_IND[19/273];CCTTCCTTCCTTCCCTCC	INDEL;IDV=5;IMF=1;DP=5;VDB=0.0058656;SGB=-0.556411;MQ0F=0;AC=2;AN=2;DP4=0,0,0,4;MQ=60;RB=4,181432073,181432769,CGT,CCT
22	16857938	NA	GCAATC	G	225	NEI_IND[15/334];CTTCGAATGCAATCGAAT	INDEL;IDV=23;IMF=1;DP=23;VDB=1.63623e-15;SGB=-0.692717;MQ0F=0;AC=2;AN=2;DP4=0,0,23,0;MQ=60;RB=22,16857932,16858281,GGG,ATA
12	72919414	NA	TGAGAGAGAGA	T	219	NEI_IND[14/235];TGTGTGTGTGAGAGAGAG	INDEL;IDV=17;IMF=0.944444;DP=18;VDB=1.59422e-11;SGB=-0.691153;MQ0F=0;AC=2;AN=2;DP4=0,0,0,18;MQ=60;RB=12,72919086,72919556,GAA,CGT
11	6039000	NA	TG	T	120	PASS;ATGTAGACTGGCTGATAA	INDEL;IDV=8;IMF=1;DP=8;VDB=1.33331e-05;SGB=-0.651104;MQ0F=0;AC=2;AN=2;DP4=0,0,0,8;MQ=60;RB=11,6038464,6039108,TCC,GGA
8	131319904	NA	TCAAGTGATCATCTAA	T	225	PASS;TCCACCTCTCAAGTGATC	INDEL;IDV=14;IMF=1;DP=14;VDB=2.26006e-08;SGB=-0.686358;MQ0F=0;AC=2;AN=2;DP4=0,0,14,0;MQ=60;RB=8,131319868,131320186,CGT,AGG
4	188296922	NA	ATT	A	106	PASS;TAATAATAATTTTTTAAA	INDEL;IDV=7;IMF=1;DP=7;VDB=6.71664e-05;SGB=-0.636426;MQ0F=0;AC=2;AN=2;DP4=0,0,7,0;MQ=60;RB=4,188296787,188297406,CGT,AAA
6	62029208	NA	TCTG	T	225	PASS;AATAAGAATCTGCTTTCT	INDEL;IDV=12;IMF=1;DP=12;VDB=2.26006e-08;SGB=-0.680642;MQ0F=0;AC=2;AN=2;DP4=0,0,12,0;MQ=60;RB=6,62029193,62029620,GGA,TCG
4	157475570	NA	TAGAC	T	225	PASS;GAATGAGTTAGACAGAAT	INDEL;IDV=8;IMF=1;DP=8;VDB=1.33331e-05;SGB=-0.651104;MQ0F=0;AC=2;AN=2;DP4=0,0,8,0;MQ=60;RB=4,157475521,157475761,CGT,CTG
9	6397603	NA	AG	A	122	PASS;AGAAAGAAAGAAAGAAAA	INDEL;IDV=7;IMF=1;DP=7;VDB=6.71664e-05;SGB=-0.636426;MQ0F=0;AC=2;AN=2;DP4=0,0,7,0;MQ=60;RB=9,6397468,6397994,ATG,TTG
1	176239965	NA	A	AT	27.4221	PASS;CCCGGCTAATTTTTTGTA	INDEL;IDV=10;IMF=1;DP=10;VDB=0.00187095;SGB=-0.590765;MQ0F=0;AC=2;AN=2;DP4=0,0,5,0;MQ=60;RB=1,176239863,176240073,GCT,CTC
2	43005777	NA	TAAACTTTA	T	225	PASS;AGTCCTGCTAAACTTTAA	INDEL;IDV=10;IMF=1;DP=10;VDB=1.94256e-06;SGB=-0.670168;MQ0F=0;AC=2;AN=2;DP4=0,0,0,10;MQ=60;RB=2,43005550,43005846,GCC,GGC
X	15416782	NA	AGGAG	A	225	NEI_IND[4/328];AGCCCTTGAGGAGGGAGG	INDEL;IDV=14;IMF=0.875;DP=15;VDB=2.26006e-08;SGB=-0.686358;MQ0F=0;AC=2;AN=2;DP4=0,0,14,0;MQ=60;RB=X,15416664,15417112,TGC,CCT
1	85985680	NA	TTGGAC	T	225	NEI_IND[15/462];TTTATTTATTGGACTTAT	INDEL;IDV=11;IMF=1;DP=11;VDB=6.99472e-07;SGB=-0.670168;MQ0F=0;AC=2;AN=2;DP4=0,0,10,0;MQ=60;RB=1,85985545,85985834,CTG,GGA
1	193834773	NA	T	TTCTAGAAGAC	157	NEI_IND[10/322];TGTTTTTGTTATGTTAAT	INDEL;IDV=20;IMF=1;DP=20;VDB=1.95868e-11;SGB=-0.691153;MQ0F=0;AC=2;AN=2;DP4=0,0,18,0;MQ=60;RB=1,193834681,193835041,GGA,GGC
3	135538590	NA	TG	T	96	PASS;ATGACCAGTGGGTCGATG	INDEL;IDV=6;IMF=1;DP=6;VDB=0.000411984;SGB=-0.616816;MQ0F=0;AC=2;AN=2;DP4=0,0,0,6;MQ=60;RB=3,135538389,135538630,AAC,TTT
8	96354069	NA	A	ATAT	225	PASS;TTCCGTTCATATTATTAT	INDEL;IDV=19;IMF=0.95;DP=20;VDB=2.63505e-13;SGB=-0.692067;MQ0F=0;AC=2;AN=2;DP4=0,0,0,20;MQ=60;RB=8,96353735,96354137,CAC,TGT
8	5155617	NA	TATA	T	225	PASS;TTTATCATTATATTTATA	INDEL;IDV=9;IMF=1;DP=9;VDB=5.52906e-06;SGB=-0.662043;MQ0F=0;AC=2;AN=2;DP4=0,0,9,0;MQ=60;RB=8,5155608,5155857,GTT,CGT
10	82978144	NA	AT	A	93	PASS;GAAATGAGATGGGCTAAA	INDEL;IDV=7;IMF=1;DP=7;VDB=6.71664e-05;SGB=-0.636426;MQ0F=0;AC=2;AN=2;DP4=0,0,0,7;MQ=60;RB=10,82977970,82978201,CGG,ACG
1	170902680	NA	AAAG	A	225	NEI_IND[5/381];AAGAAAGAAAAGAGAAAG	INDEL;IDV=11;IMF=1;DP=11;VDB=6.99472e-07;SGB=-0.670168;MQ0F=0;AC=2;AN=2;DP4=0,0,10,0;MQ=60;RB=1,170902546,170902998,CGT,CTT
8	32195353	NA	C	CA	146	PASS;GTGTCACTCACACCATTC	INDEL;IDV=8;IMF=1;DP=8;VDB=1.33331e-05;SGB=-0.651104;MQ0F=0;AC=2;AN=2;DP4=0,0,8,0;MQ=60;RB=8,32195295,32195769,AGC,TTG
9	119760868	NA	CCATG	C	210	MASKED;CCATACATCCATGCATCC	INDEL;IDV=7;IMF=1;DP=7;VDB=6.71664e-05;SGB=-0.636426;MQ0F=0;AC=2;AN=2;DP4=0,0,0,7;MQ=60;RB=9,119760242,119760886,AGA,TAT
8	90149865	NA	AG	A	147	MASKED;ACAGACAGAGTAGATAGA	INDEL;IDV=10;IMF=1;DP=10;VDB=6.99472e-07;SGB=-0.670168;MQ0F=0;AC=2;AN=2;DP4=0,0,10,0;MQ=60;RB=8,90149731,90150014,CCC,GCG
13	36354395	NA	CTCCATG	C	225	PASS;GCTTGAGGCTCCATGAAC	INDEL;IDV=13;IMF=1;DP=13;VDB=2.26006e-08;SGB=-0.683931;MQ0F=0;AC=2;AN=2;DP4=0,0,0,13;MQ=60;RB=13,36354173,36354489,TAG,CTT
1	188371296	NA	CA	C	16.5122	MASKED;AACTTTACCAAAAAAAAT	INDEL;IDV=18;IMF=1;DP=18;VDB=1.29641e-11;SGB=-0.690438;MQ0F=0;AC=2;AN=2;DP4=0,0,17,0;MQ=60;RB=1,188371165,188371481,TTA,ATT
3	82872585	NA	GT	G	18.4763	PASS;GAGTTATTGTTTTTTTTA	INDEL;IDV=9;IMF=1;DP=9;VDB=5.52906e-06;SGB=-0.662043;MQ0F=0;AC=2;AN=2;DP4=0,0,0,9;MQ=60;RB=3,82872366,82872695,GAA,CAC
19	20723727	NA	GAAC	G	225	PASS;CACACATAGAACAATAAA	INDEL;IDV=23;IMF=1;DP=23;VDB=8.8892e-15;SGB=-0.692717;MQ0F=0;AC=2;AN=2;DP4=0,0,23,0;MQ=60;RB=19,20723703,20724020,GGG,GAC
12	61596093	NA	AT	A	32.4168	PASS;GCCATTAGATTTTTTCTC	INDEL;IDV=6;IMF=1;DP=6;VDB=0.000560625;SGB=-0.616816;MQ0F=0;AC=2;AN=2;DP4=0,0,6,0;MQ=60;RB=12,61595997,61596240,CCT,GTT
7	89630573	NA	T	TA	73	PASS;TATATATATTGTGTATAT	INDEL;IDV=15;IMF=0.9375;DP=16;VDB=2.26006e-08;SGB=-0.683931;MQ0F=0;AC=2;AN=2;DP4=0,0,13,0;MQ=60;RB=7,89630444,89630930,GGG,CCA
1	188371296	NA	CA	C	17.4922	MASKED;AACTTTACCAAAAAAAAT	INDEL;IDV=8;IMF=1;DP=8;VDB=1.33331e-05;SGB=-0.651104;MQ0F=0;AC=2;AN=2;DP4=0,0,8,0;MQ=60;RB=1,188371166,188371481,TCC,AAA
1	188371296	NA	CA	C	18.4763	MASKED;AACTTTACCAAAAAAAAT	INDEL;IDV=9;IMF=1;DP=9;VDB=5.52906e-06;SGB=-0.662043;MQ0F=0;AC=2;AN=2;DP4=0,0,9,0;MQ=60;RB=1,188371165,188371480,CGT,CAG
11	90667742	NA	TA	T	30.4183	PASS;ATCTCTACTAAAAATAAC	INDEL;IDV=8;IMF=1;DP=8;VDB=0.0058656;SGB=-0.556411;MQ0F=0;AC=2;AN=2;DP4=0,0,4,0;MQ=60;RB=11,90667624,90667843,CCT,TTT
8	90149865	NA	AG	A	167	PASS;ACAGACAGAGTAGATAGA	INDEL;IDV=19;IMF=0.95;DP=20;VDB=2.63505e-13;SGB=-0.692067;MQ0F=0;AC=2;AN=2;DP4=0,0,20,0;MQ=60;RB=8,90149730,90150015,TCA,GAA
4	141514531	NA	T	TTTTG	225	NEI_IND[4/340];TGAGGGTTTTTTGTTTGT	INDEL;IDV=23;IMF=0.958333;DP=24;VDB=2.01374e-15;SGB=-0.692831;MQ0F=0;AC=2;AN=2;DP4=0,0,0,24;MQ=60;RB=4,141514212,141514591,CGG,TTA
11	30315940	NA	AAAAGCTAT	A	225	NEI_IND[8/235];AAACAGTAAAAAGCTATA	INDEL;IDV=8;IMF=1;DP=8;VDB=1.33331e-05;SGB=-0.651104;MQ0F=0;AC=2;AN=2;DP4=0,0,8,0;MQ=60;RB=11,30315814,30316036,CCG,TTT
8	90149865	NA	AG	A	142	MASKED;ACAGACAGAGTAGATAGA	INDEL;IDV=9;IMF=1;DP=9;VDB=5.52906e-06;SGB=-0.662043;MQ0F=0;AC=2;AN=2;DP4=0,0,9,0;MQ=60;RB=8,90149731,90150014,TCC,AGC
1	170902680	NA	AAAG	A	225	NEI_IND[5/381];AAGAAAGAAAAGAGAAAG	INDEL;IDV=17;IMF=1;DP=17;VDB=1.29641e-11;SGB=-0.690438;MQ0F=0;AC=2;AN=2;DP4=0,0,17,0;MQ=60;RB=1,170902546,170902998,TGA,TCA
1	106281587	NA	CT	C	135	MASKED;CTATCTATCTATCTATCT	INDEL;IDV=10;IMF=1;DP=10;VDB=6.99472e-07;SGB=-0.670168;MQ0F=0;AC=2;AN=2;DP4=0,0,0,10;MQ=60;RB=1,106281060,106281598,TCT,TGT
1	15437033	NA	GTGCATA	G	224	NEI_IND[13/451];TTGTGTGTGTGCATATGT	INDEL;IDV=8;IMF=0.8;DP=9;VDB=6.71664e-05;SGB=-0.636426;MQ0F=0;AC=2;AN=2;DP4=0,0,7,0;MQ=60;RB=1,15437019,15437480,TTG,AAC
1	188371296	NA	CA	C	19.4636	MASKED;AACTTTACCAAAAAAAAT	INDEL;IDV=11;IMF=0.916667;DP=12;VDB=2.26006e-08;SGB=-0.676189;MQ0F=0;AC=2;AN=2;DP4=0,0,11,0;MQ=60;RB=1,188371165,188371481,GCT,TAT
6	34514778	NA	CGCAG	C	201	PASS;CCCCCCCCCGCAGCCCCC	INDEL;IDV=9;IMF=1;DP=9;VDB=5.52906e-06;SGB=-0.662043;MQ0F=0;AC=2;AN=2;DP4=0,0,9,0;MQ=60;RB=6,34514646,34515099,GTT,GTA
14	105711910	NA	AACAGG	A	225	NEI_IND[5/304];CAGAACAGAACAGGACAG	INDEL;IDV=19;IMF=1;DP=19;VDB=1.29641e-11;SGB=-0.69168;MQ0F=0;AC=2;AN=2;DP4=0,0,0,19;MQ=60;RB=14,105711665,105711999,CAC,GGG
1	106281587	NA	CT	C	139	MASKED;CTATCTATCTATCTATCT	INDEL;IDV=11;IMF=1;DP=11;VDB=2.26006e-08;SGB=-0.676189;MQ0F=0;AC=2;AN=2;DP4=0,0,0,11;MQ=60;RB=1,106281060,106281598,AAT,ATT
2	4230703	NA	AC	A	144	PASS;AATACAAAACCATATAAG	INDEL;IDV=13;IMF=0.928571;DP=14;VDB=2.7085e-08;SGB=-0.686358;MQ0F=0;AC=2;AN=2;DP4=0,0,0,14;MQ=60;RB=2,4230492,4230785,GGA,CCC
2	138424104	NA	AT	A	122	MASKED;TTTGATTGATTTCCCCCC	INDEL;IDV=11;IMF=0.916667;DP=12;VDB=2.26006e-08;SGB=-0.676189;MQ0F=0;AC=2;AN=2;DP4=0,0,0,11;MQ=60;RB=2,138423792,138424221,TAT,AAA
18	66630096	NA	GT	G	60	PASS;CTCAGCAGGTTTTTAAAA	INDEL;IDV=10;IMF=0.909091;DP=11;VDB=2.26006e-08;SGB=-0.676189;MQ0F=0;AC=2;AN=2;DP4=0,0,0,11;MQ=60;RB=18,66629851,66630124,GTT,ATG
9	113711985	NA	CTAATT	C	225	PASS;GAGTTAATCTAATTTAAG	INDEL;IDV=17;IMF=1;DP=17;VDB=1.29641e-11;SGB=-0.690438;MQ0F=0;AC=2;AN=2;DP4=0,0,0,17;MQ=60;RB=9,113711745,113712020,TCC,TCG
19	56524962	NA	GTTT	G	13.6161	NEI_IND[17/346];ACATTTGGGTTTTTTTTT	INDEL;IDV=12;IMF=1;DP=12;VDB=1.27566e-06;SGB=-0.670168;MQ0F=0;AC=2;AN=2;DP4=0,0,0,10;MQ=60;RB=19,56524639,56524997,GTT,TTT
1	188371296	NA	CA	C	17.4922	MASKED;AACTTTACCAAAAAAAAT	INDEL;IDV=8;IMF=1;DP=8;VDB=1.33331e-05;SGB=-0.651104;MQ0F=0;AC=2;AN=2;DP4=0,0,8,0;MQ=60;RB=1,188371166,188371480,TTC,CTC
22	16857938	NA	GCAATC	G	225	NEI_IND[15/334];CTTCGAATGCAATCGAAT	INDEL;IDV=22;IMF=1;DP=22;VDB=1.65232e-15;SGB=-0.692562;MQ0F=0;AC=2;AN=2;DP4=0,0,22,0;MQ=60;RB=22,16857932,16858280,CAC,CTG
