CHROM	POS	ID	REF	ALT	QUAL	FILTER	INFO
16	26965568	NA	TCACA	T	182	NEI_IND[6/426];TCATGTCATCACACACAC	INDEL;IDV=5;IMF=1;DP=5;VDB=0.00187095;SGB=-0.590765;MQ0F=0;AC=2;AN=2;DP4=0,0,5,0;MQ=60;RB=16,26965456,26965799,TTG,GTT
5	2777444	NA	CTTATTTTATT	C	58	NEI_IND[6/196];AAATTTGCCTTATTTTAT	INDEL;IDV=4;IMF=1;DP=4;VDB=0.0058656;SGB=-0.556411;MQ0F=0;AC=2;AN=2;DP4=0,0,0,4;MQ=60;RB=5,2777225,2777548,GTC,GTA
9	26072922	NA	CT	C	84	PASS;AATGTCTTCTTTTGACAA	INDEL;IDV=10;IMF=1;DP=10;VDB=6.99472e-07;SGB=-0.670168;MQ0F=0;AC=2;AN=2;DP4=0,0,10,0;MQ=60;RB=9,26072859,26073101,GTT,TCG
15	35875895	NA	TA	T	139	PASS;AATAGATTTATTTTTCTG	INDEL;IDV=9;IMF=1;DP=9;VDB=5.52906e-06;SGB=-0.662043;MQ0F=0;AC=2;AN=2;DP4=0,0,0,9;MQ=60;RB=15,35875538,35875913,TTG,GAT
X	65372543	NA	TTA	T	157	PASS;TAATTTCATTATTCTTTA	INDEL;IDV=5;IMF=1;DP=5;VDB=0.00187095;SGB=-0.590765;MQ0F=0;AC=2;AN=2;DP4=0,0,0,5;MQ=60;RB=X,65372329,65372650,TAA,TGT
22	16857938	NA	GCAATC	G	225	NEI_IND[13/353];CTTCGAATGCAATCGAAT	INDEL;IDV=8;IMF=1;DP=8;VDB=1.60207e-05;SGB=-0.651104;MQ0F=0;AC=2;AN=2;DP4=0,0,8,0;MQ=60;RB=22,16857932,16858281,GAG,ACT
2	169149983	NA	T	TA	27.4221	PASS;AAAAATATTAAAAAAATG	INDEL;IDV=18;IMF=1;DP=18;VDB=5.52906e-06;SGB=-0.662043;MQ0F=0;AC=2;AN=2;DP4=0,0,9,0;MQ=60;RB=2,169149900,169150112,AGT,ATA
1	193834773	NA	T	TTCTAGAAGAC	67	NEI_IND[5/265];TGTTTTTGTTATGTTAAT	INDEL;IDV=6;IMF=1;DP=6;VDB=0.00187095;SGB=-0.590765;MQ0F=0;AC=2;AN=2;DP4=0,0,5,0;MQ=60;RB=1,193834681,193835042,TAA,CTT
13	55477247	NA	AG	A	84	PASS;ATATTTATAGGTTGCTGG	INDEL;IDV=5;IMF=1;DP=5;VDB=0.00187095;SGB=-0.590765;MQ0F=0;AC=2;AN=2;DP4=0,0,0,5;MQ=60;RB=13,55476854,55477341,AAC,TCC
11	2209160	NA	CGCT	C	182	MASKED;ACACCACACGCTACACAC	INDEL;IDV=5;IMF=1;DP=5;VDB=0.00187095;SGB=-0.590765;MQ0F=0;AC=2;AN=2;DP4=0,0,0,5;MQ=60;RB=11,2208928,2209178,GCT,GGT
2	38292515	NA	AT	A	45.4146	MASKED;AGGAATAAATTTTAAAAA	INDEL;IDV=4;IMF=1;DP=4;VDB=0.0058656;SGB=-0.556411;MQ0F=0;AC=2;AN=2;DP4=0,0,4,0;MQ=60;RB=2,38292449,38292691,AAT,GAG
5	31042954	NA	GATAT	G	154	NEI_IND[4/234];GAAAATGTGATATATATA	INDEL;IDV=4;IMF=1;DP=4;VDB=0.0058656;SGB=-0.556411;MQ0F=0;AC=2;AN=2;DP4=0,0,4,0;MQ=60;RB=5,31042834,31043125,CGT,GTT
5	31043032	NA	C	CATAT	154	NEI_IND[7/229];CGCATACACATTTATGTA	INDEL;IDV=4;IMF=1;DP=4;VDB=0.0058656;SGB=-0.556411;MQ0F=0;AC=2;AN=2;DP4=0,0,0,4;MQ=60;RB=5,31042834,31043125,CGT,GTT
1	207963214	NA	TGAAA	T	11.7636	NEI_IND[18/347];CTGTGTCTTGAAAAAAAA	INDEL;IDV=4;IMF=1;DP=4;VDB=0.0249187;SGB=-0.511536;MQ0F=0;AC=2;AN=2;DP4=0,0,0,3;MQ=60;RB=1,207962933,207963322,CAC,AAA
20	48772777	NA	CTTTTTTTTTTTT	C	142	NEI_IND[43/327];TGATCTGACTTTTTTTTT	INDEL;IDV=8;IMF=1;DP=8;VDB=1.82474e-05;SGB=-0.651104;MQ0F=0;AC=2;AN=2;DP4=0,0,0,8;MQ=60;RB=20,48772557,48772836,GGA,TGC
19	52926812	NA	CAG	C	225	MASKED;TGTAGAGACAGGGTTTTG	INDEL;IDV=8;IMF=1;DP=8;VDB=1.33331e-05;SGB=-0.651104;MQ0F=0;AC=2;AN=2;DP4=0,0,8,0;MQ=60;RB=19,52926768,52927172,ATA,TCT
5	31042954	NA	GATAT	G	225	NEI_IND[4/234];GAAAATGTGATATATATA	INDEL;IDV=10;IMF=1;DP=10;VDB=6.99472e-07;SGB=-0.670168;MQ0F=0;AC=2;AN=2;DP4=0,0,10,0;MQ=60;RB=5,31042835,31043125,TAC,GAA
5	31043032	NA	C	CATAT	225	NEI_IND[7/229];CGCATACACATTTATGTA	INDEL;IDV=10;IMF=1;DP=10;VDB=6.99472e-07;SGB=-0.670168;MQ0F=0;AC=2;AN=2;DP4=0,0,0,10;MQ=60;RB=5,31042835,31043125,TAC,GAA
1	64048934	NA	TCTATAAAG	T	205	PASS;TGCCCTTATCTATAAAGG	INDEL;IDV=6;IMF=1;DP=6;VDB=0.000411984;SGB=-0.616816;MQ0F=0;AC=2;AN=2;DP4=0,0,6,0;MQ=60;RB=1,64048906,64049547,ATA,GTT
18	40767613	NA	ATG	A	184	MASKED;ACACGCACATGCACACAC	INDEL;IDV=6;IMF=1;DP=6;VDB=0.000411984;SGB=-0.616816;MQ0F=0;AC=2;AN=2;DP4=0,0,0,6;MQ=60;RB=18,40767099,40767627,ACT,CAT
15	60280518	NA	GC	G	81	PASS;GCCAGCCAGCCCAGCCAG	INDEL;IDV=5;IMF=1;DP=5;VDB=0.00187095;SGB=-0.590765;MQ0F=0;AC=2;AN=2;DP4=0,0,5,0;MQ=60;RB=15,60280383,60280696,GCC,CCT
11	101003785	NA	GCT	G	217	PASS;TGTCTTGTGCTCCTCTTG	INDEL;IDV=9;IMF=1;DP=9;VDB=5.52906e-06;SGB=-0.662043;MQ0F=0;AC=2;AN=2;DP4=0,0,0,9;MQ=60;RB=11,101003480,101003867,AAC,CCT
2	138477882	NA	C	CATATAT,CATAT	71	MASKED;TACATATACATATATATA	INDEL;IDV=4;IMF=1;DP=4;VDB=0.0058656;SGB=-0.556411;MQ0F=0;AC=1,1;AN=2;DP4=0,0,4,0;MQ=60;RB=2,138477812,138478177,TAT,ACA
8	50513851	NA	GT	G	85	PASS;TCTGAGGTGTTTAATGAA	INDEL;IDV=5;IMF=1;DP=5;VDB=0.00187095;SGB=-0.590765;MQ0F=0;AC=2;AN=2;DP4=0,0,0,5;MQ=60;RB=8,50513653,50513904,CCG,TTA
11	83293196	NA	TC	T	84	PASS;GGGGTTTCTCCATGTTGG	INDEL;IDV=5;IMF=1;DP=5;VDB=0.00187095;SGB=-0.590765;MQ0F=0;AC=2;AN=2;DP4=0,0,5,0;MQ=60;RB=11,83293080,83293523,GGA,GTC
22	22000849	NA	CA	C	143	MASKED;TATATGACCAAGGGACAG	INDEL;IDV=12;IMF=1;DP=12;VDB=2.26006e-08;SGB=-0.680642;MQ0F=0;AC=2;AN=2;DP4=0,0,0,12;MQ=60;RB=22,22000570,22000891,TTA,CTG
16	26965568	NA	TCACA	T	147	NEI_IND[6/426];TCATGTCATCACACACAC	INDEL;IDV=4;IMF=1;DP=4;VDB=0.0058656;SGB=-0.556411;MQ0F=0;AC=2;AN=2;DP4=0,0,4,0;MQ=60;RB=16,26965455,26965799,GAA,ATA
6	78654028	NA	AAGAAAAAAAGG	A	154	NEI_IND[6/261];TCTCAAAAAAGAAAAAAA	INDEL;IDV=4;IMF=1;DP=4;VDB=0.0058656;SGB=-0.556411;MQ0F=0;AC=2;AN=2;DP4=0,0,4,0;MQ=60;RB=6,78653992,78654208,CAG,TCG
15	60280518	NA	GC	G	82	PASS;GCCAGCCAGCCCAGCCAG	INDEL;IDV=5;IMF=1;DP=5;VDB=0.00187095;SGB=-0.590765;MQ0F=0;AC=2;AN=2;DP4=0,0,5,0;MQ=60;RB=15,60280383,60280696,CCC,TTA
17	32560290	NA	GA	G	75	MASKED;GAAAGAAAGAAAGAAAGA	INDEL;IDV=5;IMF=1;DP=5;VDB=0.00187095;SGB=-0.590765;MQ0F=0;AC=2;AN=2;DP4=0,0,5,0;MQ=60;RB=17,32560158,32560532,ATA,TAC
X	110271253	NA	ATG	A	109	MASKED;ACATATATATGTGTGTAT	INDEL;IDV=4;IMF=1;DP=4;VDB=0.0058656;SGB=-0.556411;MQ0F=0;AC=2;AN=2;DP4=0,0,4,0;MQ=60;RB=X,110271128,110271543,CCT,TTT
3	85608848	NA	ATC	A	167	MASKED;ATATATATATCACTTTTT	INDEL;IDV=5;IMF=1;DP=5;VDB=0.00187095;SGB=-0.590765;MQ0F=0;AC=2;AN=2;DP4=0,0,0,5;MQ=60;RB=3,85608520,85608968,GCT,ATT
19	4409250	NA	GA	G	89	PASS;GCCAGCGAGAAGACACTG	INDEL;IDV=5;IMF=1;DP=5;VDB=0.00187095;SGB=-0.590765;MQ0F=0;AC=2;AN=2;DP4=0,0,0,5;MQ=60;RB=19,4408982,4409336,AGA,TAT
12	16395303	NA	GACTTTTAACCCA	G	225	NEI_IND[44/358];GTATCAGGGACTTTTAAC	INDEL;IDV=9;IMF=1;DP=9;VDB=5.52906e-06;SGB=-0.662043;MQ0F=0;AC=2;AN=2;DP4=0,0,0,9;MQ=60;RB=12,16395060,16395338,TAT,TTC
1	188371296	NA	CA	C	15.5372	MASKED;AACTTTACCAAAAAAAAT	INDEL;IDV=7;IMF=1;DP=7;VDB=6.71664e-05;SGB=-0.636426;MQ0F=0;AC=2;AN=2;DP4=0,0,7,0;MQ=60;RB=1,188371166,188371481,CAG,TAT
20	62315319	NA	TGCCGAC	T	182	MASKED;GGATCCCATGCCGACATA	INDEL;IDV=5;IMF=1;DP=5;VDB=0.00187095;SGB=-0.590765;MQ0F=0;AC=2;AN=2;DP4=0,0,5,0;MQ=60;RB=20,62315186,62315470,GGT,CCC
20	62315399	NA	C	CTTG	205	NEI_IND[33/413];CATGTTTCCTTGTCAGAT	INDEL;IDV=6;IMF=1;DP=6;VDB=0.000411984;SGB=-0.616816;MQ0F=0;AC=2;AN=2;DP4=0,0,0,6;MQ=60;RB=20,62315186,62315470,GGT,CCC
X	74653491	NA	AGTGTGTGTGTGTGTGTGT	A	205	NEI_IND[6/272];GGCTGAGTAGTGTGTGTG	INDEL;IDV=6;IMF=1;DP=6;VDB=0.000411984;SGB=-0.616816;MQ0F=0;AC=2;AN=2;DP4=0,0,0,6;MQ=60;RB=X,74653322,74653613,ATA,GGC
X	74653491	NA	AGTGTGTGTGTGTGTGTGT	A	205	NEI_IND[6/272];GGCTGAGTAGTGTGTGTG	INDEL;IDV=6;IMF=1;DP=6;VDB=0.000411984;SGB=-0.616816;MQ0F=0;AC=2;AN=2;DP4=0,0,0,6;MQ=60;RB=X,74653323,74653614,AAC,ATT
X	16487774	NA	ACACGCG	A	224	NEI_IND[12/428];GTGCACACACACGCGCAC	INDEL;IDV=7;IMF=1;DP=7;VDB=0.000415643;SGB=-0.636426;MQ0F=0;AC=2;AN=2;DP4=0,0,7,0;MQ=60;RB=X,16487757,16488089,CAT,TCC
11	2209160	NA	CGCT	C	203	MASKED;ACACCACACGCTACACAC	INDEL;IDV=6;IMF=1;DP=6;VDB=0.000411984;SGB=-0.616816;MQ0F=0;AC=2;AN=2;DP4=0,0,0,6;MQ=60;RB=11,2208928,2209178,CTT,GTT
1	26412444	NA	T	TCTAGTTTG	225	NEI_IND[10/499];TATGATCTTTTAGTTTGT	INDEL;IDV=9;IMF=1;DP=9;VDB=5.52906e-06;SGB=-0.662043;MQ0F=0;AC=2;AN=2;DP4=0,0,0,9;MQ=60;RB=1,26412206,26412501,GAT,GCA
2	104764492	NA	AG	A	143	PASS;AGCTCCCCAGCCCCTTCC	INDEL;IDV=10;IMF=1;DP=10;VDB=6.99472e-07;SGB=-0.670168;MQ0F=0;AC=2;AN=2;DP4=0,0,10,0;MQ=60;RB=2,104764364,104764710,CTG,GGC
16	64144914	NA	AT	A	20.4535	PASS;GCATCTTTATTTTTTTAT	INDEL;IDV=6;IMF=1;DP=6;VDB=0.000411984;SGB=-0.616816;MQ0F=0;AC=2;AN=2;DP4=0,0,6,0;MQ=60;RB=16,64144890,64145299,TTT,CGC
22	16857938	NA	GCAATC	G	225	NEI_IND[13/353];CTTCGAATGCAATCGAAT	INDEL;IDV=8;IMF=1;DP=8;VDB=1.33331e-05;SGB=-0.651104;MQ0F=0;AC=2;AN=2;DP4=0,0,8,0;MQ=60;RB=22,16857932,16858280,CTG,ATG
