CHROM	POS	ID	REF	ALT	QUAL	FILTER	INFO
7	81001524	NA	CAT	C	225	MASKED;TCTCCTTGCATGTGTGTG	INDEL;IDV=12;IMF=1;DP=12;VDB=2.26006e-08;SGB=-0.680642;MQ0F=0;AC=2;AN=2;DP4=0,0,12,0;MQ=60;RB=7,81001395,81001935,AAT,AGA
X	57076703	NA	CT	C	128	PASS;CTCAGTAGCTGATTGGAT	INDEL;IDV=8;IMF=1;DP=8;VDB=1.33331e-05;SGB=-0.651104;MQ0F=0;AC=2;AN=2;DP4=0,0,8,0;MQ=60;RB=X,57076691,57076909,AAC,GGG
15	68205915	NA	CTGTGTGTG	C	199	NEI_IND[6/238];AACAAATGCTGTGTGTGT	INDEL;IDV=11;IMF=1;DP=11;VDB=2.26006e-08;SGB=-0.676189;MQ0F=0;AC=2;AN=2;DP4=0,0,11,0;MQ=60;RB=15,68205827,68206288,TGT,TGA
2	173197241	NA	TACAC	T	182	MASKED;CCTGTAAATACACACACA	INDEL;IDV=5;IMF=1;DP=5;VDB=0.00187095;SGB=-0.590765;MQ0F=0;AC=2;AN=2;DP4=0,0,0,5;MQ=60;RB=2,173197050,173197267,TAC,GCC
17	61264913	NA	TA	T	54	MASKED;ATGTTTTTTATATATATA	INDEL;IDV=4;IMF=1;DP=4;VDB=0.0221621;SGB=-0.511536;MQ0F=0;AC=2;AN=2;DP4=0,0,3,0;MQ=60;RB=17,61264781,61265506,TAG,TAG
11	51421046	NA	AC	A	165	PASS;ATGACAGTACTGGACAGG	INDEL;IDV=22;IMF=1;DP=22;VDB=1.30483e-15;SGB=-0.692562;MQ0F=0;AC=2;AN=2;DP4=0,0,22,0;MQ=60;RB=11,51420939,51421327,GTA,CTG
6	44615913	NA	CCTT	C	225	NEI_IND[38/511];ATCTAGATCCTTCTCCTG	INDEL;IDV=24;IMF=1;DP=24;VDB=1.30483e-15;SGB=-0.692831;MQ0F=0;AC=2;AN=2;DP4=0,0,0,24;MQ=60;RB=6,44615614,44615923,CAG,CCC
6	167262978	NA	AAAG	A	208	PASS;GAAGAATAAAAGAAGAAG	INDEL;IDV=7;IMF=1;DP=7;VDB=8.97585e-05;SGB=-0.636426;MQ0F=0;AC=2;AN=2;DP4=0,0,0,7;MQ=60;RB=6,167262818,167263107,GTA,ACT
2	71799356	NA	AGCACAT	A	154	NEI_IND[21/493];TCACACCCAGCACATGCA	INDEL;IDV=4;IMF=1;DP=4;VDB=0.0058656;SGB=-0.556411;MQ0F=0;AC=2;AN=2;DP4=0,0,4,0;MQ=60;RB=2,71799344,71799557,TAT,ATT
7	15765637	NA	TTA	T	220	PASS;TAGAAATGTTATGTCTAT	INDEL;IDV=13;IMF=1;DP=13;VDB=2.26006e-08;SGB=-0.680642;MQ0F=0;AC=2;AN=2;DP4=0,0,0,12;MQ=60;RB=7,15765451,15765726,GAG,CGT
20	7356702	NA	CGT	C	225	MASKED;ATTAATATCGTTTTTTTA	INDEL;IDV=26;IMF=1;DP=26;VDB=1.30483e-15;SGB=-0.692976;MQ0F=0;AC=2;AN=2;DP4=0,0,26,0;MQ=60;RB=20,7356581,7356991,TCG,GGC
8	11118320	NA	TG	T	150	PASS;TTGGCTAGTGTTAAAGGT	INDEL;IDV=11;IMF=1;DP=11;VDB=6.99472e-07;SGB=-0.670168;MQ0F=0;AC=2;AN=2;DP4=0,0,10,0;MQ=60;RB=8,11118255,11118543,ATT,CTA
3	103560082	NA	TATC	T	225	MASKED;TATCTATCTATCATCTAT	INDEL;IDV=16;IMF=0.941176;DP=17;VDB=1.29641e-11;SGB=-0.689466;MQ0F=0;AC=2;AN=2;DP4=0,0,16,0;MQ=60;RB=3,103559950,103560452,GTA,AAA
3	138162574	NA	GCATC	GTC,G	192	NEI_IND[30/572];GTGTTTGTGCATCTGTGT	INDEL;IDV=13;IMF=0.928571;DP=14;VDB=2.26006e-08;SGB=-0.680642;MQ0F=0;AC=1,1;AN=2;DP4=0,0,12,0;MQ=60;RB=3,138162563,138162871,AGA,CCA
3	103560082	NA	TATC	T	228	MASKED;TATCTATCTATCATCTAT	INDEL;IDV=22;IMF=0.956522;DP=23;VDB=1.30483e-15;SGB=-0.692562;MQ0F=0;AC=2;AN=2;DP4=1,0,22,0;MQ=60;RB=3,103559950,103560451,CCT,GAG
X	39591881	NA	AAGAG	A	225	NEI_IND[4/383];AAGAAAGAAAGAGAGAAA	INDEL;IDV=15;IMF=0.9375;DP=16;VDB=2.58261e-11;SGB=-0.689466;MQ0F=0;AC=2;AN=2;DP4=0,0,16,0;MQ=59;RB=X,39591749,39592054,CCC,GGT
X	17204541	NA	AC	A	129	PASS;TTATGACAACCCTCTCTT	INDEL;IDV=17;IMF=1;DP=17;VDB=4.49525e-10;SGB=-0.688148;MQ0F=0;AC=2;AN=2;DP4=0,0,15,0;MQ=60;RB=X,17204524,17205125,TCT,CCA
6	94097688	NA	G	GA	171	PASS;GATAGATAGATAGATAGA	INDEL;IDV=14;IMF=0.933333;DP=15;VDB=1.26753e-09;SGB=-0.688148;MQ0F=0;AC=2;AN=2;DP4=0,0,15,0;MQ=60;RB=6,94097556,94097872,ACG,TCA
17	53240457	NA	CATATCCA	C	225	PASS;TTTTGGTACATATCCATA	INDEL;IDV=11;IMF=1;DP=11;VDB=2.26006e-08;SGB=-0.676189;MQ0F=0;AC=2;AN=2;DP4=0,0,11,0;MQ=60;RB=17,53240369,53240848,ACC,GCA
4	187798452	NA	GTA	G	186	NEI_IND[65/421];ATGTTTGTGTATATATAT	INDEL;IDV=10;IMF=1;DP=10;VDB=1.32286e-05;SGB=-0.670168;MQ0F=0;AC=2;AN=2;DP4=0,0,0,10;MQ=60;RB=4,187797877,187798515,CTG,TCC
1	116265902	NA	CTA	C	225	MASKED;TCATCTATCTATATCTCT	INDEL;IDV=17;IMF=0.944444;DP=18;VDB=2.48697e-11;SGB=-0.690438;MQ0F=0;AC=2;AN=2;DP4=0,0,17,0;MQ=60;RB=1,116265779,116266042,GTC,AGA
15	60280518	NA	GC	G	136	PASS;GCCAGCCAGCCCAGCCAG	INDEL;IDV=15;IMF=0.9375;DP=16;VDB=4.49525e-10;SGB=-0.688148;MQ0F=0;AC=2;AN=2;DP4=0,0,15,0;MQ=60;RB=15,60280383,60280695,ATG,AGG
20	55255186	NA	AG	A	151	PASS;AGGGAACCAGGCAGGAAC	INDEL;IDV=19;IMF=1;DP=19;VDB=1.29641e-11;SGB=-0.691153;MQ0F=0;AC=2;AN=2;DP4=0,0,0,18;MQ=60;RB=20,55254874,55255296,CAA,GCG
11	30315940	NA	AAAAGCTAT	A	225	NEI_IND[6/391];AAACAGTAAAAAGCTATA	INDEL;IDV=10;IMF=1;DP=10;VDB=6.99472e-07;SGB=-0.670168;MQ0F=0;AC=2;AN=2;DP4=0,0,10,0;MQ=60;RB=11,30315813,30316035,ACT,GAC
1	202856465	NA	GAA	G	160	MASKED;AACATTATGAAAAATTTT	INDEL;IDV=10;IMF=1;DP=10;VDB=6.99472e-07;SGB=-0.670168;MQ0F=0;AC=2;AN=2;DP4=0,0,0,10;MQ=60;RB=1,202855935,202856481,TCT,AGG
1	190490720	NA	GTATGCA	G	175	MASKED;GTGTGTGTGTATGCATGT	INDEL;IDV=5;IMF=0.714286;DP=7;VDB=0.000652271;SGB=-0.616816;MQ0F=0;AC=2;AN=2;DP4=0,0,0,6;MQ=60;RB=1,190490387,190490736,CTA,CAT
18	70017325	NA	CA	C	141	PASS;CAACACTCCAACCTTCAG	INDEL;IDV=15;IMF=1;DP=15;VDB=2.26006e-08;SGB=-0.686358;MQ0F=0;AC=2;AN=2;DP4=0,0,0,14;MQ=60;RB=18,70017120,70017454,CTG,GAT
1	193834773	NA	T	TTCTAGAAGAC	106	NEI_IND[28/378];TGTTTTTGTTATGTTAAT	INDEL;IDV=21;IMF=1;DP=21;VDB=1.29641e-11;SGB=-0.69168;MQ0F=0;AC=2;AN=2;DP4=0,0,19,0;MQ=60;RB=1,193834681,193835042,TAT,CCT
10	72420908	NA	AAGTTGGGACTGCTGTAT	A	225	PASS;CCATGGATAAGTTGGGAC	INDEL;IDV=10;IMF=1;DP=10;VDB=6.99472e-07;SGB=-0.670168;MQ0F=0;AC=2;AN=2;DP4=0,0,10,0;MQ=60;RB=10,72420808,72421066,TGG,AGC
11	41302625	NA	TGTC	T	225	NEI_IND[7/301];TCTCTCTCTGTCCTCTCT	INDEL;IDV=22;IMF=0.956522;DP=23;VDB=1.3103e-13;SGB=-0.692352;MQ0F=0;AC=2;AN=2;DP4=0,0,21,0;MQ=60;RB=11,41302521,41302913,CAT,CCC
1	190490720	NA	GTATGCA	G	210	MASKED;GTGTGTGTGTATGCATGT	INDEL;IDV=5;IMF=0.555556;DP=9;VDB=8.63276e-06;SGB=-0.662043;MQ0F=0;AC=2;AN=2;DP4=0,0,0,9;MQ=60;RB=1,190490388,190490736,CCG,CAT
8	38514913	NA	TC	T	162	PASS;TTTTTCTTTCTTTTGCTT	INDEL;IDV=16;IMF=1;DP=16;VDB=1.29641e-11;SGB=-0.689466;MQ0F=0;AC=2;AN=2;DP4=0,0,0,16;MQ=60;RB=8,38514660,38514943,ATG,GTT
1	188371296	NA	CA	C	19.4636	MASKED;AACTTTACCAAAAAAAAT	INDEL;IDV=12;IMF=1;DP=12;VDB=2.26006e-08;SGB=-0.680642;MQ0F=0;AC=2;AN=2;DP4=0,0,12,0;MQ=60;RB=1,188371165,188371480,GAA,TCG
9	9584355	NA	TCAC	T	111	NEI_IND[5/277];TTATTTCATCACCATTAT	INDEL;IDV=17;IMF=0.944444;DP=18;VDB=1.29641e-11;SGB=-0.690438;MQ0F=0;AC=2;AN=2;DP4=1,0,17,0;MQ=60;RB=9,9584229,9584623,GAG,CTT
1	188371296	NA	CA	C	18.4763	MASKED;AACTTTACCAAAAAAAAT	INDEL;IDV=14;IMF=0.933333;DP=15;VDB=2.26006e-08;SGB=-0.686358;MQ0F=0;AC=2;AN=2;DP4=0,0,14,0;MQ=60;RB=1,188371165,188371481,GAA,GAA
5	12988754	NA	GTA	G	97	NEI_IND[32/150];GGAAATAGGTATATATAT	INDEL;IDV=6;IMF=1;DP=6;VDB=0.00187095;SGB=-0.590765;MQ0F=0;AC=2;AN=2;DP4=0,0,5,0;MQ=60;RB=5,12988649,12989169,TGA,GCT
5	12989155	NA	GCA	G	175	NEI_IND[18/338];GTGTGTGTGCATGTGTGT	INDEL;IDV=6;IMF=1;DP=6;VDB=0.000411984;SGB=-0.616816;MQ0F=0;AC=2;AN=2;DP4=0,0,0,6;MQ=60;RB=5,12988649,12989169,TGA,GCT
13	70893226	NA	AACAC	A	225	MASKED;TACACACAAACACACACA	INDEL;IDV=12;IMF=1;DP=12;VDB=6.20607e-08;SGB=-0.680642;MQ0F=0;AC=2;AN=2;DP4=0,0,12,0;MQ=60;RB=13,70893125,70893551,GTA,TAC
7	78394327	NA	AG	A	152	PASS;AGGAAAAGAGGTACCTTA	INDEL;IDV=18;IMF=0.9;DP=20;VDB=1.29641e-11;SGB=-0.691153;MQ0F=0;AC=2;AN=2;DP4=0,0,18,0;MQ=60;RB=7,78394287,78394651,AAT,AAT
6	94097688	NA	G	GA	173	PASS;GATAGATAGATAGATAGA	INDEL;IDV=16;IMF=1;DP=16;VDB=1.29641e-11;SGB=-0.689466;MQ0F=0;AC=2;AN=2;DP4=0,0,16,0;MQ=60;RB=6,94097555,94097871,TCT,CAC
3	138162574	NA	GCATC	G	154	NEI_IND[30/572];GTGTTTGTGCATCTGTGT	INDEL;IDV=4;IMF=1;DP=4;VDB=0.0058656;SGB=-0.556411;MQ0F=0;AC=2;AN=2;DP4=0,0,4,0;MQ=60;RB=3,138162564,138162871,TCG,AAT
4	55813308	NA	AGAGATG	A	200	NEI_IND[17/400];ACACACACAGAGATGCAC	INDEL;IDV=6;IMF=1;DP=6;VDB=0.000411984;SGB=-0.616816;MQ0F=0;AC=2;AN=2;DP4=0,0,6,0;MQ=60;RB=4,55813299,55813645,ACT,GTA
12	26130233	NA	TTGGGC	T	205	PASS;CATCCTTGTTGGGCTGTG	INDEL;IDV=6;IMF=1;DP=6;VDB=0.000411984;SGB=-0.616816;MQ0F=0;AC=2;AN=2;DP4=0,0,6,0;MQ=60;RB=12,26130219,26130445,GTT,TCA
4	143709437	NA	GAA	G	225	PASS;AACATATTGAAAGTAGTA	INDEL;IDV=36;IMF=0.972973;DP=36;VDB=3.75937e-20;SGB=-0.693139;MQ0F=0;AC=2;AN=2;DP4=0,0,36,0;MQ=60;RB=4,143709370,143709708,TAT,ATG
22	16857938	NA	GCAATC	G	225	NEI_IND[12/331];CTTCGAATGCAATCGAAT	INDEL;IDV=23;IMF=1;DP=23;VDB=1.63623e-15;SGB=-0.692717;MQ0F=0;AC=2;AN=2;DP4=0,0,23,0;MQ=60;RB=22,16857932,16858280,CCG,CTG
1	188371296	NA	CA	C	15.5372	MASKED;AACTTTACCAAAAAAAAT	INDEL;IDV=19;IMF=0.95;DP=20;VDB=1.29641e-11;SGB=-0.69168;MQ0F=0;AC=2;AN=2;DP4=0,0,19,0;MQ=60;RB=1,188371165,188371480,GTT,CCG
9	16444709	NA	G	GA	176	PASS;CTGTGGAAGAGAAACCTT	INDEL;IDV=16;IMF=1;DP=16;VDB=1.29641e-11;SGB=-0.689466;MQ0F=0;AC=2;AN=2;DP4=0,0,0,16;MQ=60;RB=9,16444415,16444763,GTC,AAT
14	89635870	NA	CACTCACAAA	C	224	NEI_IND[6/437];CACACACACACTCACAAA	INDEL;IDV=7;IMF=1;DP=7;VDB=6.71664e-05;SGB=-0.636426;MQ0F=0;AC=2;AN=2;DP4=0,0,7,0;MQ=60;RB=14,89635751,89636328,GGA,CTT
22	16857938	NA	GCAATC	G	225	NEI_IND[12/331];CTTCGAATGCAATCGAAT	INDEL;IDV=19;IMF=1;DP=19;VDB=1.29641e-11;SGB=-0.691153;MQ0F=0;AC=2;AN=2;DP4=0,0,18,0;MQ=60;RB=22,16857932,16858280,CCG,ATG
1	188371296	NA	CA	C	14.5685	MASKED;AACTTTACCAAAAAAAAT	INDEL;IDV=20;IMF=1;DP=20;VDB=2.63505e-13;SGB=-0.692067;MQ0F=0;AC=2;AN=2;DP4=0,0,20,0;MQ=60;RB=1,188371166,188371481,CGC,CCT
6	94097688	NA	G	GA	170	PASS;GATAGATAGATAGATAGA	INDEL;IDV=14;IMF=0.933333;DP=15;VDB=2.26006e-08;SGB=-0.686358;MQ0F=0;AC=2;AN=2;DP4=0,0,14,0;MQ=60;RB=6,94097556,94097871,TCG,CCC
1	51861161	NA	TCA	T	225	PASS;TCTGACCCTCAGAGAGAA	INDEL;IDV=21;IMF=1;DP=21;VDB=1.30483e-15;SGB=-0.692352;MQ0F=0;AC=2;AN=2;DP4=0,0,21,0;MQ=60;RB=1,51861152,51861507,GCT,CCG
1	193834773	NA	T	TTCTAGAAGAC	139	NEI_IND[28/378];TGTTTTTGTTATGTTAAT	INDEL;IDV=20;IMF=1;DP=20;VDB=1.29641e-11;SGB=-0.69168;MQ0F=0;AC=2;AN=2;DP4=0,0,19,0;MQ=60;RB=1,193834681,193835041,CTA,GGG
22	16857938	NA	GCAATC	G	225	NEI_IND[12/331];CTTCGAATGCAATCGAAT	INDEL;IDV=19;IMF=1;DP=19;VDB=1.29641e-11;SGB=-0.69168;MQ0F=0;AC=2;AN=2;DP4=0,0,19,0;MQ=60;RB=22,16857932,16858281,AAC,TGT
4	188296922	NA	ATT	A	125	PASS;TAATAATAATTTTTTAAA	INDEL;IDV=12;IMF=0.923077;DP=13;VDB=6.99472e-07;SGB=-0.670168;MQ0F=0;AC=2;AN=2;DP4=0,0,10,0;MQ=60;RB=4,188296787,188297405,CCT,TGG
X	16487774	NA	ACACGCG	A	225	NEI_IND[30/502];GTGCACACACACGCGCAC	INDEL;IDV=17;IMF=0.894737;DP=19;VDB=1.29641e-11;SGB=-0.690438;MQ0F=0;AC=2;AN=2;DP4=0,0,17,0;MQ=60;RB=X,16487757,16488089,CTT,GAG
12	17413807	NA	C	CACAT	123	NEI_IND[22/277];TACATACACATATGTACA	INDEL;IDV=9;IMF=1;DP=9;VDB=5.52906e-06;SGB=-0.662043;MQ0F=0;AC=2;AN=2;DP4=0,0,9,0;MQ=60;RB=12,17413729,17413972,GAT,GGG
11	30315940	NA	AAAAGCTAT	A	225	NEI_IND[6/391];AAACAGTAAAAAGCTATA	INDEL;IDV=15;IMF=0.9375;DP=16;VDB=4.49525e-10;SGB=-0.688148;MQ0F=0;AC=2;AN=2;DP4=0,0,15,0;MQ=60;RB=11,30315814,30316036,ACG,GTT
1	188371296	NA	CA	C	9.88465	MASKED;AACTTTACCAAAAAAAAT	INDEL;IDV=30;IMF=0.967742;DP=31;VDB=3.84674e-18;SGB=-0.693097;MQ0F=0;AC=2;AN=2;DP4=0,0,30,0;MQ=60;RB=1,188371165,188371481,GAA,GTT
2	28620087	NA	AT	A	161	MASKED;AATAAAAAATAAAAATAA	INDEL;IDV=16;IMF=1;DP=16;VDB=1.29641e-11;SGB=-0.689466;MQ0F=0;AC=2;AN=2;DP4=0,0,16,0;MQ=60;RB=2,28620055,28620453,TCT,GAT
