CHROM	POS	ID	REF	ALT	QUAL	FILTER	INFO
18	11138272	NA	G	GT	13.6146	PASS;GATATAGTGTTTTTTTTG	INDEL;IDV=20;IMF=1;DP=20;VDB=3.27321e-13;SGB=-0.692067;MQ0F=0;AC=2;AN=2;DP4=0,0,0,20;MQ=60;RB=18,11137964,11138370,CCT,AAT
X	145861551	NA	GC	G	148	PASS;CATATATAGCCATTTTTG	INDEL;IDV=15;IMF=0.9375;DP=15;VDB=2.26006e-08;SGB=-0.686358;MQ0F=0;AC=2;AN=2;DP4=0,0,0,14;MQ=60;RB=X,145861321,145861609,GAA,ATG
14	20609900	NA	CA	C	6.41433	PASS;CACTGCTTCAAAAAAAAA	INDEL;IDV=31;IMF=0.96875;DP=32;VDB=1.98989e-17;SGB=-0.69311;MQ0F=0;AC=2;AN=2;DP4=0,1,0,31;MQ=60;RB=14,20609594,20609996,TTA,GGA
7	134258364	NA	AG	A	152	PASS;CAGAGGGGAGGAAAAAAG	INDEL;IDV=20;IMF=1;DP=20;VDB=1.57795e-11;SGB=-0.69168;MQ0F=0;AC=2;AN=2;DP4=0,0,0,19;MQ=60;RB=7,134258090,134258420,GGA,GGT
10	36323737	NA	A	AT	129	NEI_IND[29/405];AGCTTCAGAATTTTTTTT	INDEL;IDV=11;IMF=1;DP=11;VDB=2.26006e-08;SGB=-0.676189;MQ0F=0;AC=2;AN=2;DP4=0,0,0,11;MQ=60;RB=10,36323357,36323780,GCC,GGC
4	128668066	NA	TC	T	144	PASS;TGGGTTTTTCATTTAAGT	INDEL;IDV=9;IMF=1;DP=9;VDB=5.52906e-06;SGB=-0.662043;MQ0F=0;AC=2;AN=2;DP4=0,0,9,0;MQ=60;RB=4,128667968,128668241,GTG,GCG
17	7450315	NA	T	TTG	34.4159	PASS;TCTTTTTTTTTTTTTGAG	INDEL;IDV=13;IMF=1;DP=13;VDB=2.26006e-08;SGB=-0.683931;MQ0F=0;AC=2;AN=2;DP4=0,0,0,13;MQ=60;RB=17,7450042,7450337,TAC,AAG
12	127088921	NA	CA	C	80	PASS;TTAAATAGCAAACTTTAA	INDEL;IDV=6;IMF=1;DP=6;VDB=0.000411984;SGB=-0.616816;MQ0F=0;AC=2;AN=2;DP4=0,0,0,6;MQ=60;RB=12,127088743,127088985,TTT,GTA
6	154364670	NA	GTGTATA	G	225	NEI_IND[56/360];GTGTGTGTGTGTATATAT	INDEL;IDV=12;IMF=1;DP=12;VDB=5.15975e-08;SGB=-0.680642;MQ0F=0;AC=2;AN=2;DP4=0,0,0,12;MQ=60;RB=6,154364439,154364727,GTG,CAC
13	40888503	NA	CTT	C	193	PASS;TCCTATGACTTTACCTGG	INDEL;IDV=7;IMF=1;DP=7;VDB=6.71664e-05;SGB=-0.636426;MQ0F=0;AC=2;AN=2;DP4=0,0,7,0;MQ=60;RB=13,40888472,40888703,GTT,TAG
20	7356702	NA	CGT	C	225	MASKED;ATTAATATCGTTTTTTTA	INDEL;IDV=15;IMF=1;DP=15;VDB=4.49525e-10;SGB=-0.688148;MQ0F=0;AC=2;AN=2;DP4=0,0,15,0;MQ=60;RB=20,7356581,7356991,ATC,GAG
13	70031331	NA	G	GA	25.4267	PASS;ATTTAATTGAAAAAAATA	INDEL;IDV=22;IMF=0.956522;DP=23;VDB=1.30483e-15;SGB=-0.692562;MQ0F=0;AC=2;AN=2;DP4=0,0,22,0;MQ=60;RB=13,70031320,70031674,TGG,ACG
10	129494921	NA	AG	A	124	PASS;AGAAAGAAAGAAAGGCCA	INDEL;IDV=7;IMF=1;DP=7;VDB=6.71664e-05;SGB=-0.636426;MQ0F=0;AC=2;AN=2;DP4=0,0,0,7;MQ=60;RB=10,129494709,129494945,TCA,CCC
7	49491536	NA	G	GT	45.4146	PASS;ATTGAAAGGTTTTTTGTG	INDEL;IDV=17;IMF=1;DP=17;VDB=1.29641e-11;SGB=-0.690438;MQ0F=0;AC=2;AN=2;DP4=0,0,0,17;MQ=60;RB=7,49491343,49491601,TGG,TCC
2	39033876	NA	ATATT	A	225	PASS;TAATATATATATTCTCAT	INDEL;IDV=15;IMF=1;DP=15;VDB=4.49525e-10;SGB=-0.688148;MQ0F=0;AC=2;AN=2;DP4=0,0,15,0;MQ=60;RB=2,39033785,39034046,CTG,GTT
5	12698576	NA	CAAAAA	C	48.9739	NEI_IND[18/220];CTCCATCTCAAAAAAAAA	INDEL;IDV=13;IMF=1;DP=13;VDB=2.7432e-08;SGB=-0.683931;MQ0F=0;AC=2;AN=2;DP4=0,0,13,0;MQ=60;RB=5,12698545,12698794,AGG,ACT
5	40001438	NA	GA	G	11.7169	MASKED;TATTAAAAGAAAAAAAAA	INDEL;IDV=17;IMF=1;DP=17;VDB=1.29641e-11;SGB=-0.690438;MQ0F=0;AC=2;AN=2;DP4=0,0,17,0;MQ=60;RB=5,40001384,40001771,CCG,GCA
3	82409265	NA	CT	C	14.5685	PASS;AAAATTACCTTTTTTTTC	INDEL;IDV=20;IMF=1;DP=20;VDB=2.63505e-13;SGB=-0.692067;MQ0F=0;AC=2;AN=2;DP4=0,0,0,20;MQ=60;RB=3,82408895,82409286,TCT,CTG
6	169465928	NA	AAG	A	39.4149	NEI_IND[7/334];AAGAAAGAAAGAAAGAAA	INDEL;IDV=12;IMF=0.923077;DP=13;VDB=2.26006e-08;SGB=-0.676189;MQ0F=0;AC=2;AN=2;DP4=0,0,0,11;MQ=60;RB=6,169465769,169466057,AGA,CTG
6	67940076	NA	GA	G	92	PASS;AGAAGAAAGAAAATCAGA	INDEL;IDV=17;IMF=1;DP=17;VDB=1.29641e-11;SGB=-0.690438;MQ0F=0;AC=2;AN=2;DP4=0,0,17,0;MQ=60;RB=6,67939968,67940320,CTT,TGA
4	36992130	NA	T	TC	105	PASS;AAAATCTCTGAAAAGCAG	INDEL;IDV=6;IMF=1;DP=6;VDB=0.000411984;SGB=-0.616816;MQ0F=0;AC=2;AN=2;DP4=0,0,6,0;MQ=60;RB=4,36992083,36992781,CTC,CAG
17	31220169	NA	AAAAAAGAAAAAAAC	A	225	MASKED;AAAGTATAAAAAAAGAAA	INDEL;IDV=10;IMF=0.714286;DP=13;VDB=6.99472e-07;SGB=-0.670168;MQ0F=0;AC=2;AN=2;DP4=0,0,10,0;MQ=60;RB=17,31220144,31220435,CCT,ACT
17	31220347	NA	CATTTT	C	225	NEI_IND[75/225];ATAAATGGCATTTTATTT	INDEL;IDV=14;IMF=1;DP=14;VDB=2.26006e-08;SGB=-0.686358;MQ0F=0;AC=2;AN=2;DP4=0,0,0,14;MQ=60;RB=17,31220144,31220435,CCT,ACT
16	49481858	NA	AT	A	39.4149	PASS;ATCATACCATTTTTTCCC	INDEL;IDV=30;IMF=1;DP=30;VDB=3.84674e-18;SGB=-0.693097;MQ0F=0;AC=2;AN=2;DP4=0,0,0,30;MQ=60;RB=16,49481579,49481887,CCT,CTG
5	7351027	NA	GT	G	27.4221	MASKED;TTGTTTTGGTTTTTTTCC	INDEL;IDV=18;IMF=1;DP=18;VDB=1.29641e-11;SGB=-0.691153;MQ0F=0;AC=2;AN=2;DP4=0,0,0,18;MQ=60;RB=5,7350836,7351119,TCA,TGT
4	168914831	NA	AT	A	44.4146	PASS;GTTCATCAATTTTTTAAT	INDEL;IDV=11;IMF=1;DP=11;VDB=2.26006e-08;SGB=-0.676189;MQ0F=0;AC=2;AN=2;DP4=0,0,11,0;MQ=60;RB=4,168914712,168915096,CCT,CCT
8	73861738	NA	CA	C	8.99861	PASS;AACGCGCACAAAAAAAAA	INDEL;IDV=9;IMF=1;DP=9;VDB=1.33331e-05;SGB=-0.651104;MQ0F=0;AC=2;AN=2;DP4=0,0,0,8;MQ=60;RB=8,73861503,73861777,GGT,TTG
1	193994150	NA	C	CT	13.6076	PASS;TAAAACAGCTTTTTTTTG	INDEL;IDV=22;IMF=0.956522;DP=23;VDB=1.30483e-15;SGB=-0.692717;MQ0F=0;AC=2;AN=2;DP4=0,0,0,23;MQ=60;RB=1,193993857,193994258,CAC,TTC
4	182000600	NA	AT	A	8.99861	MASKED;ATTGCTATATTTTTTTTT	INDEL;IDV=23;IMF=1;DP=23;VDB=1.30483e-15;SGB=-0.692562;MQ0F=0;AC=2;AN=2;DP4=0,0,0,22;MQ=60;RB=4,182000376,182000698,AGA,CCT
1	188371296	NA	CA	C	12.6563	MASKED;AACTTTACCAAAAAAAAT	INDEL;IDV=24;IMF=1;DP=24;VDB=1.30483e-15;SGB=-0.692831;MQ0F=0;AC=2;AN=2;DP4=0,0,24,0;MQ=60;RB=1,188371166,188371481,CGC,GGT
X	141311341	NA	AT	A	26.4242	PASS;TATTTAAAATTTTTTTAA	INDEL;IDV=20;IMF=1;DP=20;VDB=3.27321e-13;SGB=-0.692067;MQ0F=0;AC=2;AN=2;DP4=0,0,20,0;MQ=60;RB=X,141311299,141311591,TAT,GTA
11	41441201	NA	GC	G	142	PASS;CTTACTCTGCCCTAATTA	INDEL;IDV=26;IMF=1;DP=26;VDB=1.30483e-15;SGB=-0.692976;MQ0F=0;AC=2;AN=2;DP4=0,0,0,26;MQ=60;RB=11,41440972,41441298,TTG,TTG
3	171020814	NA	TATA	T	45.4146	PASS;AATTACTTTATATAATAA	INDEL;IDV=19;IMF=1;DP=19;VDB=1.29641e-11;SGB=-0.689466;MQ0F=0;AC=2;AN=2;DP4=0,0,16,0;MQ=60;RB=3,171020756,171021329,TAG,TCG
1	168493010	NA	T	TA	17.4922	PASS;AAAAAATTTAAAAAAAAT	INDEL;IDV=17;IMF=1;DP=17;VDB=1.29641e-11;SGB=-0.689466;MQ0F=0;AC=2;AN=2;DP4=0,0,16,0;MQ=60;RB=1,168492951,168493291,ACG,GTT
14	72166119	NA	TC	T	159	PASS;GTTTAGTTTCACAGTTCA	INDEL;IDV=16;IMF=1;DP=16;VDB=2.26006e-08;SGB=-0.686358;MQ0F=0;AC=2;AN=2;DP4=0,0,14,0;MQ=60;RB=14,72166088,72166369,ACT,CCT
6	137971217	NA	CAT	C	101	MASKED;TATCTATACATATATATA	INDEL;IDV=7;IMF=1;DP=7;VDB=0.0058656;SGB=-0.556411;MQ0F=0;AC=2;AN=2;DP4=0,0,0,4;MQ=60;RB=6,137970450,137971243,AAC,GGG
8	65844102	NA	G	GGAGA,GGA	191	NEI_IND[23/424];CATGGGCTGGAGAGAGAG	INDEL;IDV=7;IMF=0.636364;DP=11;VDB=1.82474e-05;SGB=-0.651104;MQ0F=0;AC=1,1;AN=2;DP4=0,0,0,8;MQ=60;RB=8,65843897,65844242,GAA,GAT
8	65844213	NA	CCACACA	C	225	NEI_IND[14/451];ACACACACCCACACACAC	INDEL;IDV=23;IMF=1;DP=23;VDB=5.01417e-15;SGB=-0.692717;MQ0F=0;AC=2;AN=2;DP4=0,0,0,23;MQ=60;RB=8,65843897,65844242,GAA,GAT
6	154364670	NA	GTGTATA	G	225	NEI_IND[56/360];GTGTGTGTGTGTATATAT	INDEL;IDV=13;IMF=0.928571;DP=13;VDB=2.26006e-08;SGB=-0.680642;MQ0F=0;AC=2;AN=2;DP4=0,0,0,12;MQ=60;RB=6,154364439,154364728,AAC,GTA
11	90908276	NA	TA	T	85	PASS;CCTCAGTCTAACTTCTAG	INDEL;IDV=5;IMF=1;DP=5;VDB=0.00187095;SGB=-0.590765;MQ0F=0;AC=2;AN=2;DP4=0,0,0,5;MQ=60;RB=11,90908086,90908303,TAT,TTT
6	66165817	NA	TA	T	148	PASS;TTTGATTTTAATACCGGA	INDEL;IDV=22;IMF=1;DP=22;VDB=1.30483e-15;SGB=-0.692562;MQ0F=0;AC=2;AN=2;DP4=0,0,0,22;MQ=60;RB=6,66165461,66165832,GAG,AAA
4	27586259	NA	T	TA	28.4205	NEI_IND[17/591];TTCATGATTAAAAAAATA	INDEL;IDV=10;IMF=1;DP=10;VDB=6.99472e-07;SGB=-0.670168;MQ0F=0;AC=2;AN=2;DP4=0,0,10,0;MQ=60;RB=4,27586222,27586492,ATC,TTA
4	27586472	NA	AG	A	145	PASS;GGAAAGGGAGAAATCAAA	INDEL;IDV=10;IMF=1;DP=10;VDB=6.99472e-07;SGB=-0.670168;MQ0F=0;AC=2;AN=2;DP4=0,0,0,10;MQ=60;RB=4,27586222,27586492,ATC,TTA
12	16395303	NA	GACTTTTAACCCA	G	225	NEI_IND[60/211];GTATCAGGGACTTTTAAC	INDEL;IDV=13;IMF=1;DP=13;VDB=2.26006e-08;SGB=-0.683931;MQ0F=0;AC=2;AN=2;DP4=0,0,0,13;MQ=60;RB=12,16395061,16395338,TGC,AAG
1	189909908	NA	CT	C	90	PASS;GATATAATCTTTTATATT	INDEL;IDV=30;IMF=1;DP=30;VDB=3.84674e-18;SGB=-0.693097;MQ0F=0;AC=2;AN=2;DP4=0,0,30,0;MQ=60;RB=1,189909874,189910147,TAC,CAC
1	76884966	NA	G	GA	45.4146	PASS;GATTCTCAGAAAAAATTA	INDEL;IDV=14;IMF=1;DP=14;VDB=2.26006e-08;SGB=-0.686358;MQ0F=0;AC=2;AN=2;DP4=0,0,14,0;MQ=60;RB=1,76884866,76885156,AGA,ACT
3	36179253	NA	ATATGTGTGTGTGTGTGTG	A	225	NEI_IND[10/210];ATATGTATATATGTGTGT	INDEL;IDV=14;IMF=0.933333;DP=14;VDB=2.26006e-08;SGB=-0.686358;MQ0F=0;AC=2;AN=2;DP4=0,0,14,0;MQ=60;RB=3,36179143,36179471,CAA,CAT
4	135202377	NA	C	CA	44.4146	PASS;AACCTTAGCAAAAAATCT	INDEL;IDV=12;IMF=0.923077;DP=13;VDB=2.26006e-08;SGB=-0.683931;MQ0F=0;AC=2;AN=2;DP4=0,0,0,13;MQ=60;RB=4,135202033,135202482,ATG,TAG
16	12990794	NA	CT	C	26.4242	PASS;GAAATCGACTTTTTTTCT	INDEL;IDV=19;IMF=1;DP=19;VDB=1.29641e-11;SGB=-0.69168;MQ0F=0;AC=2;AN=2;DP4=0,0,0,19;MQ=60;RB=16,12990392,12990804,CTT,CCT
18	1532060	NA	AGTG	A	225	PASS;ATAAAACCAGTGGTGGAG	INDEL;IDV=23;IMF=1;DP=23;VDB=1.30483e-15;SGB=-0.692717;MQ0F=0;AC=2;AN=2;DP4=0,0,23,0;MQ=60;RB=18,1531950,1532271,GGG,CAA
4	132978116	NA	TCTG	T	225	MASKED;GTATTTTATCTGTTTTTT	INDEL;IDV=19;IMF=1;DP=19;VDB=1.29641e-11;SGB=-0.691153;MQ0F=0;AC=2;AN=2;DP4=0,0,18,0;MQ=60;RB=4,132977984,132978351,TAT,TAG
7	122757935	NA	GC	G	142	PASS;CAAAAACAGCAACCATTT	INDEL;IDV=11;IMF=1;DP=11;VDB=2.26006e-08;SGB=-0.676189;MQ0F=0;AC=2;AN=2;DP4=0,0,11,0;MQ=60;RB=7,122757801,122758250,GAC,GCG
6	68083384	NA	TTA	T	225	PASS;TAAGATAATTATATGTGT	INDEL;IDV=19;IMF=1;DP=19;VDB=1.29641e-11;SGB=-0.69168;MQ0F=0;AC=2;AN=2;DP4=0,0,19,0;MQ=60;RB=6,68083371,68083684,AAA,CTC
5	37124382	NA	AC	A	170	NEI_IND[68/404];TAATCTAAACTGTAATCT	INDEL;IDV=24;IMF=0.96;DP=25;VDB=1.30483e-15;SGB=-0.692831;MQ0F=0;AC=2;AN=2;DP4=0,0,24,0;MQ=60;RB=5,37124247,37124706,GTA,GGA
2	47566085	NA	A	AG	12.5394	PASS;TATTATAAAGGGGGGGGT	INDEL;IDV=15;IMF=1;DP=15;VDB=4.49525e-10;SGB=-0.688148;MQ0F=0;AC=2;AN=2;DP4=0,0,15,0;MQ=60;RB=2,47566021,47566317,AAA,AGG
2	4733254	NA	T	TA	24.4299	PASS;GTCTGGATTAAAAAAACA	INDEL;IDV=23;IMF=1;DP=23;VDB=1.63624e-15;SGB=-0.692717;MQ0F=0;AC=2;AN=2;DP4=0,0,23,0;MQ=60;RB=2,4733158,4733459,CTT,AAT
13	30605487	NA	GA	G	14.5685	PASS;ATCAATCTGAAAAAAAAT	INDEL;IDV=20;IMF=1;DP=20;VDB=2.63505e-13;SGB=-0.692067;MQ0F=0;AC=2;AN=2;DP4=0,0,20,0;MQ=60;RB=13,30605444,30605824,AGA,GTG
3	23631678	NA	G	GT	9.88465	PASS;GTGGTTTTGTTTTTTTTG	INDEL;IDV=5;IMF=1;DP=5;VDB=0.00187095;SGB=-0.590765;MQ0F=0;AC=2;AN=2;DP4=0,0,5,0;MQ=60;RB=3,23631615,23631820,TGA,TCA
1	248316504	NA	AT	A	61	PASS;ACATCTTAATTTTTCACC	INDEL;IDV=13;IMF=1;DP=13;VDB=2.26006e-08;SGB=-0.683931;MQ0F=0;AC=2;AN=2;DP4=0,0,0,13;MQ=60;RB=1,248316315,248316603,TCG,CGA
6	66165817	NA	TA	T	149	PASS;TTTGATTTTAATACCGGA	INDEL;IDV=33;IMF=1;DP=33;VDB=3.75937e-20;SGB=-0.69312;MQ0F=0;AC=2;AN=2;DP4=0,0,0,32;MQ=60;RB=6,66165460,66165831,GTT,ACG
8	111913425	NA	A	AC	182	PASS;AATAAAAAATAAAAACAC	INDEL;IDV=18;IMF=1;DP=18;VDB=1.29641e-11;SGB=-0.691153;MQ0F=0;AC=2;AN=2;DP4=0,0,0,18;MQ=60;RB=8,111913145,111913486,TGC,TAA
3	60835451	NA	T	TCC	225	PASS;GCCATGCTTTCTCTCTCT	INDEL;IDV=17;IMF=1;DP=17;VDB=1.29641e-11;SGB=-0.689466;MQ0F=0;AC=2;AN=2;DP4=0,0,16,0;MQ=60;RB=3,60835391,60835927,TCA,TCG
3	172796906	NA	GC	G	125	PASS;CTCTAGGTGCCCAAATTT	INDEL;IDV=22;IMF=1;DP=22;VDB=2.26006e-08;SGB=-0.676189;MQ0F=0;AC=2;AN=2;DP4=0,0,11,0;MQ=60;RB=3,172796794,172797039,TAT,GGG
8	97094643	NA	AAAG	A	70	PASS;AACAAAAAAAAGAAAAAG	INDEL;IDV=3;IMF=0.5;DP=5;VDB=0.0058656;SGB=-0.556411;MQ0F=0;AC=2;AN=2;DP4=0,0,4,0;MQ=60;RB=8,97094576,97094834,AAA,CTA
20	32002051	NA	CAAAAAAAAAAAAA	C,CA	192	NEI_IND[15/364];TCAAAAACCAAAAAAAAA	INDEL;IDV=24;IMF=1;DP=24;VDB=1.30483e-15;SGB=-0.692831;MQ0F=0;AC=1,1;AN=2;DP4=0,0,24,0;MQ=60;RB=20,32002010,32002337,ATA,TCA
2	182233124	NA	T	TA	28.4205	PASS;TCTACCTATAAAAAAATG	INDEL;IDV=15;IMF=1;DP=15;VDB=4.49525e-10;SGB=-0.688148;MQ0F=0;AC=2;AN=2;DP4=0,0,15,0;MQ=60;RB=2,182233026,182233644,CCG,TGA
17	37292630	NA	C	CA	29.4193	PASS;AATGAATACAAAAAAATA	INDEL;IDV=13;IMF=1;DP=13;VDB=2.26006e-08;SGB=-0.683931;MQ0F=0;AC=2;AN=2;DP4=0,0,13,0;MQ=60;RB=17,37292605,37292887,ACT,CAC
5	154827229	NA	G	GT	16.5122	PASS;TCATATTTGTTTTTTTAT	INDEL;IDV=5;IMF=1;DP=5;VDB=0.00187095;SGB=-0.590765;MQ0F=0;AC=2;AN=2;DP4=0,0,5,0;MQ=60;RB=5,154827194,154827383,GCG,GTT
11	38298085	NA	CA	C	144	PASS;ATTTTTTTCAGTGGGTAT	INDEL;IDV=12;IMF=1;DP=12;VDB=1.52484e-06;SGB=-0.676189;MQ0F=0;AC=2;AN=2;DP4=0,0,0,11;MQ=60;RB=11,38297579,38298181,CGG,TAT
20	15225915	NA	A	AT	185	PASS;GGTTCAACATAAGGATGA	INDEL;IDV=24;IMF=0.96;DP=25;VDB=1.30483e-15;SGB=-0.692831;MQ0F=0;AC=2;AN=2;DP4=0,0,0,24;MQ=60;RB=20,15225563,15225932,TTG,ATA
12	64529278	NA	AACCAGCTTCACT	A	225	PASS;GAACAACCAACCAGCTTC	INDEL;IDV=13;IMF=1;DP=13;VDB=2.26006e-08;SGB=-0.683931;MQ0F=0;AC=2;AN=2;DP4=0,0,0,13;MQ=60;RB=12,64529101,64529388,GGT,GCG
10	23862147	NA	AT	A	13.6076	PASS;AAAACATGATTTTTTTTT	INDEL;IDV=9;IMF=1;DP=9;VDB=5.52906e-06;SGB=-0.662043;MQ0F=0;AC=2;AN=2;DP4=0,0,0,9;MQ=60;RB=10,23861949,23862208,AAT,CCA
5	128897558	NA	TA	T	150	PASS;TATCTATCTAATCTATCT	INDEL;IDV=17;IMF=1;DP=17;VDB=1.29641e-11;SGB=-0.690438;MQ0F=0;AC=2;AN=2;DP4=0,0,17,0;MQ=60;RB=5,128897424,128897910,GTT,CAA
6	44615913	NA	CCTT	C	225	NEI_IND[39/474];ATCTAGATCCTTCTCCTG	INDEL;IDV=15;IMF=1;DP=15;VDB=4.49525e-10;SGB=-0.688148;MQ0F=0;AC=2;AN=2;DP4=0,0,0,15;MQ=60;RB=6,44615614,44615923,CCC,CTG
10	23862147	NA	AT	A	13.6076	PASS;AAAACATGATTTTTTTTT	INDEL;IDV=10;IMF=1;DP=10;VDB=6.99472e-07;SGB=-0.670168;MQ0F=0;AC=2;AN=2;DP4=0,0,0,10;MQ=60;RB=10,23861950,23862208,GTG,TTT
14	36670029	NA	TG	T	62	PASS;TCACAATTTGGGGGTGGA	INDEL;IDV=20;IMF=1;DP=20;VDB=2.63505e-13;SGB=-0.692067;MQ0F=0;AC=2;AN=2;DP4=0,0,0,20;MQ=60;RB=14,36669810,36670145,CTG,GTG
2	100916393	NA	GA	G	27.4221	PASS;TTAAGTGGGAAAAAAAGG	INDEL;IDV=9;IMF=1;DP=9;VDB=5.52906e-06;SGB=-0.662043;MQ0F=0;AC=2;AN=2;DP4=0,0,0,9;MQ=60;RB=2,100916220,100916443,TCA,CCC
2	47566085	NA	A	AG	17.4922	PASS;TATTATAAAGGGGGGGGT	INDEL;IDV=16;IMF=0.941176;DP=17;VDB=1.29641e-11;SGB=-0.689466;MQ0F=0;AC=2;AN=2;DP4=0,0,16,0;MQ=60;RB=2,47566022,47566318,GCC,CCT
7	45274515	NA	A	AC	45.4146	PASS;CTAGAAAAAATTATTAAA	INDEL;IDV=13;IMF=1;DP=13;VDB=2.26006e-08;SGB=-0.683931;MQ0F=0;AC=2;AN=2;DP4=0,0,0,13;MQ=60;RB=7,45274328,45274607,ATG,CCT
3	89412821	NA	GGT	G	212	MASKED;TAGTCAGTGGTGTGTGTG	INDEL;IDV=14;IMF=1;DP=14;VDB=2.26006e-08;SGB=-0.686358;MQ0F=0;AC=2;AN=2;DP4=0,0,0,14;MQ=60;RB=3,89412577,89412845,TTA,GAC
13	86115436	NA	TG	T	152	PASS;TAAATGCCTGTGGAACAC	INDEL;IDV=13;IMF=1;DP=13;VDB=2.26006e-08;SGB=-0.680642;MQ0F=0;AC=2;AN=2;DP4=0,0,12,0;MQ=60;RB=13,86115327,86115595,GCT,GAT
18	38234246	NA	AT	A	13.6076	PASS;GTATTGGGATTTTTTTTA	INDEL;IDV=24;IMF=0.923077;DP=25;VDB=1.30483e-15;SGB=-0.692717;MQ0F=0;AC=2;AN=2;DP4=0,0,23,0;MQ=60;RB=18,38234151,38234569,GAG,TAA
5	136851253	NA	TATA	T	145	PASS;GCACTATTTATAATGGAA	INDEL;IDV=9;IMF=1;DP=9;VDB=0.00187095;SGB=-0.590765;MQ0F=0;AC=2;AN=2;DP4=0,0,0,5;MQ=60;RB=5,136850720,136851325,GCT,GGG
5	37124382	NA	AC	A	161	NEI_IND[68/404];TAATCTAAACTGTAATCT	INDEL;IDV=16;IMF=1;DP=16;VDB=2.26006e-08;SGB=-0.686358;MQ0F=0;AC=2;AN=2;DP4=0,0,14,0;MQ=60;RB=5,37124247,37124706,TTA,TGA
1	203068522	NA	TTC	T	225	PASS;GTGGGAAGTTCGGACGTT	INDEL;IDV=15;IMF=1;DP=15;VDB=2.26006e-08;SGB=-0.680642;MQ0F=0;AC=2;AN=2;DP4=0,0,12,0;MQ=60;RB=1,203068389,203068710,AAT,GAA
8	34390495	NA	TG	T	139	PASS;AGATAATCTGTTTTTCTT	INDEL;IDV=9;IMF=1;DP=9;VDB=5.52906e-06;SGB=-0.662043;MQ0F=0;AC=2;AN=2;DP4=0,0,0,9;MQ=60;RB=8,34390230,34390517,GTT,TGT
5	151496557	NA	GT	G	137	PASS;TCCTTTGGGTTTGACTTA	INDEL;IDV=16;IMF=0.941176;DP=17;VDB=1.29641e-11;SGB=-0.689466;MQ0F=0;AC=2;AN=2;DP4=0,0,16,0;MQ=60;RB=5,151496480,151496930,GGA,ACG
9	119760868	NA	CCATG	C	225	MASKED;CCATACATCCATGCATCC	INDEL;IDV=14;IMF=1;DP=14;VDB=2.26006e-08;SGB=-0.686358;MQ0F=0;AC=2;AN=2;DP4=0,0,0,14;MQ=60;RB=9,119760242,119760886,GTT,AAA
7	14102796	NA	AG	A	5.07162	NEI_IND[13/298];GCCTTCCCAGCAAAAAAA	INDEL;IDV=4;IMF=0.8;DP=4;VDB=0.0389723;SGB=-0.511536;MQ0F=0;AC=2;AN=2;DP4=0,0,0,3;MQ=60;RB=7,14102564,14102917,TGA,GTT
17	37292630	NA	C	CA	29.4193	PASS;AATGAATACAAAAAAATA	INDEL;IDV=11;IMF=1;DP=11;VDB=2.26006e-08;SGB=-0.676189;MQ0F=0;AC=2;AN=2;DP4=0,0,11,0;MQ=60;RB=17,37292606,37292887,CGG,AGG
6	133764342	NA	AT	A	5.7555	MASKED;TAAAAAAAATTTTTTTTT	INDEL;IDV=31;IMF=1;DP=31;VDB=1.30483e-15;SGB=-0.693079;MQ0F=0;AC=2;AN=2;DP4=0,0,0,29;MQ=60;RB=6,133764033,133764455,CGT,GCT
16	12990794	NA	CT	C	22.4391	PASS;GAAATCGACTTTTTTTCT	INDEL;IDV=27;IMF=1;DP=27;VDB=1.30483e-15;SGB=-0.693021;MQ0F=0;AC=2;AN=2;DP4=0,0,0,27;MQ=60;RB=16,12990393,12990804,CTG,GGT
8	70070319	NA	GT	G	29.4193	PASS;AGCCAGGGGTTTTTTTGT	INDEL;IDV=13;IMF=0.928571;DP=14;VDB=2.26006e-08;SGB=-0.683931;MQ0F=0;AC=2;AN=2;DP4=0,0,13,0;MQ=60;RB=8,70070291,70070614,GGT,AAT
9	23455508	NA	AT	A	151	PASS;AAACTATCATTGCTAATG	INDEL;IDV=24;IMF=0.96;DP=24;VDB=1.63623e-15;SGB=-0.692717;MQ0F=0;AC=2;AN=2;DP4=0,0,0,23;MQ=60;RB=9,23455189,23455611,GTT,CCG
7	10283623	NA	CT	C	9.88465	MASKED;GAGCATGACTTTTTTTTT	INDEL;IDV=22;IMF=1;DP=22;VDB=2.26006e-08;SGB=-0.676189;MQ0F=0;AC=2;AN=2;DP4=0,0,11,0;MQ=60;RB=7,10283521,10283754,GCA,TGA
8	425660	NA	G	GT	26.4242	PASS;ATATTTCAGTTTTTTTGT	INDEL;IDV=8;IMF=1;DP=8;VDB=1.33331e-05;SGB=-0.651104;MQ0F=0;AC=2;AN=2;DP4=0,0,0,8;MQ=60;RB=8,425496,425760,TTC,GCC
X	145861551	NA	GC	G	128	PASS;CATATATAGCCATTTTTG	INDEL;IDV=9;IMF=1;DP=9;VDB=5.52906e-06;SGB=-0.662043;MQ0F=0;AC=2;AN=2;DP4=0,0,0,9;MQ=60;RB=X,145861321,145861610,CCT,GCT
3	146693148	NA	CT	C	92	PASS;AAGTATAACTTTTGAAAT	INDEL;IDV=19;IMF=1;DP=19;VDB=9.84204e-11;SGB=-0.691153;MQ0F=0;AC=2;AN=2;DP4=0,0,0,18;MQ=60;RB=3,146692905,146693205,GCC,TCT
12	69418457	NA	AG	A	169	PASS;TGCTCCGAAGAGAACTGA	INDEL;IDV=28;IMF=0.965517;DP=29;VDB=1.56413e-15;SGB=-0.693079;MQ0F=0;AC=2;AN=2;DP4=0,0,29,0;MQ=60;RB=12,69418346,69418730,CGA,TCC
3	186576899	NA	A	AT	22.4391	PASS;TTTAGTTTATTTTTTTCA	INDEL;IDV=27;IMF=1;DP=27;VDB=1.30483e-15;SGB=-0.693021;MQ0F=0;AC=2;AN=2;DP4=0,0,0,27;MQ=60;RB=3,186576595,186576909,CGC,TCT
1	46552521	NA	TCTC	T	224	PASS;TCCTTAGTTCTCCTCCCT	INDEL;IDV=7;IMF=1;DP=7;VDB=6.71664e-05;SGB=-0.636426;MQ0F=0;AC=2;AN=2;DP4=0,0,7,0;MQ=60;RB=1,46552439,46552703,ACG,CTC
11	21670338	NA	G	GA	169	NEI_IND[36/495];TCTTTGGAGACAATATTC	INDEL;IDV=16;IMF=0.941176;DP=17;VDB=1.61247e-11;SGB=-0.690438;MQ0F=0;AC=2;AN=2;DP4=0,0,0,17;MQ=60;RB=11,21670075,21670462,TGT,AAT
11	21670435	NA	TA	T	62	PASS;TGAAGCTATAAAAAGGAG	INDEL;IDV=18;IMF=1;DP=18;VDB=2.94851e-11;SGB=-0.691153;MQ0F=0;AC=2;AN=2;DP4=0,0,0,18;MQ=60;RB=11,21670075,21670462,TGT,AAT
3	77043012	NA	AT	A	20.4535	PASS;TACTATATATTTTTTTAA	INDEL;IDV=30;IMF=1;DP=30;VDB=3.84674e-18;SGB=-0.693097;MQ0F=0;AC=2;AN=2;DP4=0,0,30,0;MQ=60;RB=3,77042961,77043277,ACT,TAT
3	77043252	NA	TTG	T	39.4149	NEI_IND[60/343];TTTTTTTTTTGTTGTTTT	INDEL;IDV=30;IMF=1;DP=30;VDB=3.84674e-18;SGB=-0.693097;MQ0F=0;AC=2;AN=2;DP4=0,0,0,30;MQ=60;RB=3,77042961,77043277,ACT,TAT
3	146693148	NA	CT	C	71	PASS;AAGTATAACTTTTGAAAT	INDEL;IDV=7;IMF=1;DP=7;VDB=6.71664e-05;SGB=-0.636426;MQ0F=0;AC=2;AN=2;DP4=0,0,0,7;MQ=60;RB=3,146692905,146693204,CCC,TAG
17	68523258	NA	TA	T	43.4147	PASS;ACAAAATATAAAAAATAA	INDEL;IDV=21;IMF=1;DP=21;VDB=1.30483e-15;SGB=-0.692352;MQ0F=0;AC=2;AN=2;DP4=0,0,0,21;MQ=60;RB=17,68522935,68523337,GTA,CTG
8	17718864	NA	C	CTG	85	PASS;TTCTCTCTCTTTTTTATT	INDEL;IDV=5;IMF=1;DP=5;VDB=0.00187095;SGB=-0.590765;MQ0F=0;AC=2;AN=2;DP4=0,0,0,5;MQ=60;RB=8,17718711,17718934,ACG,CAC
6	169465928	NA	AAG	A	34.4159	NEI_IND[7/334];AAGAAAGAAAGAAAGAAA	INDEL;IDV=28;IMF=0.903226;DP=31;VDB=1.30483e-15;SGB=-0.692717;MQ0F=0;AC=2;AN=2;DP4=0,0,0,23;MQ=60;RB=6,169465769,169466058,CCT,GGA
7	141144625	NA	AC	A	89	PASS;CATGTTCAACCCCGTGTT	INDEL;IDV=15;IMF=1;DP=15;VDB=2.26006e-08;SGB=-0.686358;MQ0F=0;AC=2;AN=2;DP4=0,0,14,0;MQ=60;RB=7,141144571,141144950,CAT,AGA
7	45274515	NA	A	AC	44.4146	PASS;CTAGAAAAAATTATTAAA	INDEL;IDV=19;IMF=1;DP=19;VDB=1.29641e-11;SGB=-0.691153;MQ0F=0;AC=2;AN=2;DP4=0,0,0,18;MQ=60;RB=7,45274328,45274607,GCG,TTT
11	90288475	NA	TACTA	T	225	PASS;ACAAACAATACTAACTCT	INDEL;IDV=33;IMF=1;DP=33;VDB=3.75937e-20;SGB=-0.69312;MQ0F=0;AC=2;AN=2;DP4=0,0,32,0;MQ=60;RB=11,90288375,90288772,GGA,GCT
1	157914389	NA	CT	C	14.5685	MASKED;TTTTTCTTCTTTTTTTTG	INDEL;IDV=21;IMF=1;DP=21;VDB=1.30483e-15;SGB=-0.692352;MQ0F=0;AC=2;AN=2;DP4=0,0,0,21;MQ=60;RB=1,157914094,157914440,GTC,GTG
2	100916393	NA	GA	G	26.4242	PASS;TTAAGTGGGAAAAAAAGG	INDEL;IDV=8;IMF=1;DP=8;VDB=1.33331e-05;SGB=-0.651104;MQ0F=0;AC=2;AN=2;DP4=0,0,0,8;MQ=60;RB=2,100916220,100916444,CCT,AGA
4	93338067	NA	A	AT	13.6076	PASS;ATTTTAGGATTTTTTTTC	INDEL;IDV=6;IMF=1;DP=6;VDB=0.000411984;SGB=-0.616816;MQ0F=0;AC=2;AN=2;DP4=0,0,6,0;MQ=60;RB=4,93338054,93338266,GTT,TCG
17	70358947	NA	AT	A	114	PASS;TGGAGGCGATTTGGTTCC	INDEL;IDV=9;IMF=0.9;DP=10;VDB=0.987537;SGB=-0.636426;MQSB=1.01283;MQ0F=0;AC=2;AN=2;DP4=0,0,4,3;MQ=60;RB=17,70358823,70359068,AGA,GGC
4	27961912	NA	AC	A	137	PASS;CTCAGAAAACTAAAAATA	INDEL;IDV=17;IMF=1;DP=17;VDB=1.29641e-11;SGB=-0.689466;MQ0F=0;AC=2;AN=2;DP4=0,0,0,16;MQ=60;RB=4,27961742,27962018,GTA,AAT
5	110934424	NA	TC	T	77	MASKED;GGCTTTTTTCCCCCTTAA	INDEL;IDV=20;IMF=1;DP=20;VDB=0.00537451;SGB=-0.676189;MQSB=1;MQ0F=0;AC=2;AN=2;DP4=0,0,10,1;MQ=60;RB=5,110934312,110934561,TCT,TCG
21	26745655	NA	CT	C	23.434	PASS;TTTACCTTCTTTTTTTGT	INDEL;IDV=7;IMF=1;DP=7;VDB=6.71664e-05;SGB=-0.636426;MQ0F=0;AC=2;AN=2;DP4=0,0,7,0;MQ=60;RB=21,26745621,26745847,AAG,ACT
5	21910350	NA	AG	A	86	PASS;TTGCCTTAAGGGGAAAAG	INDEL;IDV=12;IMF=1;DP=12;VDB=2.26006e-08;SGB=-0.676189;MQ0F=0;AC=2;AN=2;DP4=0,0,11,0;MQ=60;RB=5,21910296,21910583,CGT,TGA
14	56520371	NA	C	CA	21.4454	PASS;GCCAGACACAAAAAAATA	INDEL;IDV=27;IMF=0.964286;DP=28;VDB=1.30483e-15;SGB=-0.693054;MQ0F=0;AC=2;AN=2;DP4=0,0,28,0;MQ=60;RB=14,56520259,56520610,AAC,GGA
11	29338353	NA	GAGAGAGAT	G	225	NEI_IND[8/251];GAGAGAGAGAGAGAGATA	INDEL;IDV=16;IMF=1;DP=16;VDB=6.82743e-10;SGB=-0.688148;MQ0F=0;AC=2;AN=2;DP4=0,0,0,15;MQ=60;RB=11,29338155,29338480,TTG,CTT
11	29338391	NA	GTA	G	122	NEI_IND[42/235];CATAGTGTGTATATATAT	INDEL;IDV=16;IMF=1;DP=16;VDB=5.54295e-10;SGB=-0.688148;MQ0F=0;AC=2;AN=2;DP4=0,0,0,15;MQ=60;RB=11,29338155,29338480,TTG,CTT
5	7026085	NA	TA	T	54	PASS;TATGTAAATAAAAATATA	INDEL;IDV=9;IMF=1;DP=9;VDB=5.52906e-06;SGB=-0.662043;MQ0F=0;AC=2;AN=2;DP4=0,0,0,9;MQ=60;RB=5,7025929,7026180,TGG,TCG
17	28119667	NA	T	TAAG	225	PASS;ACACCTGATAATAATAAT	INDEL;IDV=11;IMF=1;DP=11;VDB=2.26006e-08;SGB=-0.676189;MQ0F=0;AC=2;AN=2;DP4=0,0,0,11;MQ=60;RB=17,28119492,28119746,AGC,CGT
1	70720193	NA	CGTGTGTGTGT	CGT,C	194	NEI_IND[20/305];TTAGCAATCGTGTGTGTG	INDEL;IDV=18;IMF=1;DP=18;VDB=1.17161e-10;SGB=-0.690438;MQ0F=0;AC=1,1;AN=2;DP4=0,0,0,17;MQ=60;RB=1,70719818,70720286,CAG,TTG
6	109786689	NA	C	CA	25.4267	PASS;CTAGAAAACAAAAAAACA	INDEL;IDV=20;IMF=0.952381;DP=21;VDB=1.30483e-15;SGB=-0.692352;MQ0F=0;AC=2;AN=2;DP4=0,0,0,21;MQ=60;RB=6,109786492,109786809,TGC,TAT
5	6207583	NA	A	AATAC	225	PASS;AATAAATAAATAAATAAA	INDEL;IDV=11;IMF=0.916667;DP=12;VDB=2.26006e-08;SGB=-0.680642;MQ0F=0;AC=2;AN=2;DP4=0,0,12,0;MQ=60;RB=5,6207538,6207776,ACG,CCG
12	16395303	NA	GACTTTTAACCCA	G	225	NEI_IND[60/211];GTATCAGGGACTTTTAAC	INDEL;IDV=12;IMF=1;DP=12;VDB=2.26006e-08;SGB=-0.680642;MQ0F=0;AC=2;AN=2;DP4=0,0,0,12;MQ=60;RB=12,16395061,16395338,ACG,TTG
11	134478214	NA	G	GTAA	224	PASS;CTGTTACTGTAGTCTCTT	INDEL;IDV=7;IMF=1;DP=7;VDB=6.71664e-05;SGB=-0.636426;MQ0F=0;AC=2;AN=2;DP4=0,0,7,0;MQ=60;RB=11,134478131,134478393,TTT,GGA
6	66165817	NA	TA	T	146	PASS;TTTGATTTTAATACCGGA	INDEL;IDV=23;IMF=1;DP=23;VDB=1.63624e-15;SGB=-0.692717;MQ0F=0;AC=2;AN=2;DP4=0,0,0,23;MQ=60;RB=6,66165460,66165831,TAA,CAG
15	88604234	NA	G	GA	16.5122	PASS;TTCACTAAGAAAAAAAAG	INDEL;IDV=19;IMF=0.904762;DP=21;VDB=1.29641e-11;SGB=-0.691153;MQ0F=0;AC=2;AN=2;DP4=0,0,18,0;MQ=60;RB=15,88604147,88604502,TTT,CTT
22	16857938	NA	GCAATC	G	225	NEI_IND[14/478];CTTCGAATGCAATCGAAT	INDEL;IDV=9;IMF=1;DP=9;VDB=5.52906e-06;SGB=-0.662043;MQ0F=0;AC=2;AN=2;DP4=0,0,9,0;MQ=60;RB=22,16857932,16858280,GGG,TAG
17	28119667	NA	T	TAAG	225	PASS;ACACCTGATAATAATAAT	INDEL;IDV=8;IMF=1;DP=8;VDB=1.33331e-05;SGB=-0.651104;MQ0F=0;AC=2;AN=2;DP4=0,0,0,8;MQ=60;RB=17,28119491,28119746,CAT,GCA
12	20582977	NA	CT	C	14.5685	PASS;GTTAAACTCTTTTTTTTC	INDEL;IDV=21;IMF=0.954545;DP=22;VDB=1.30483e-15;SGB=-0.692352;MQ0F=0;AC=2;AN=2;DP4=0,0,0,21;MQ=60;RB=12,20582602,20583074,AAC,CTA
14	72166119	NA	TC	T	162	PASS;GTTTAGTTTCACAGTTCA	INDEL;IDV=15;IMF=1;DP=15;VDB=4.49525e-10;SGB=-0.688148;MQ0F=0;AC=2;AN=2;DP4=0,0,15,0;MQ=60;RB=14,72166089,72166369,TCG,ACT
4	170231306	NA	TC	T	127	NEI_IND[21/403];ACTCCGTCTCAAAAAAAA	INDEL;IDV=8;IMF=1;DP=8;VDB=1.33331e-05;SGB=-0.651104;MQ0F=0;AC=2;AN=2;DP4=0,0,8,0;MQ=60;RB=4,170231275,170231570,GCG,TTT
2	114032743	NA	CA	C	43.4147	PASS;ATAGACATCAAAAAAGTG	INDEL;IDV=21;IMF=1;DP=21;VDB=2.63505e-13;SGB=-0.692067;MQ0F=0;AC=2;AN=2;DP4=0,0,0,20;MQ=60;RB=2,114032490,114032868,ACA,GAT
4	125033246	NA	AG	A	88	PASS;ATGTCTCAAGGGGACGGA	INDEL;IDV=12;IMF=1;DP=12;VDB=2.26006e-08;SGB=-0.680642;MQ0F=0;AC=2;AN=2;DP4=0,0,0,12;MQ=60;RB=4,125032987,125033268,AAC,TTT
6	23937469	NA	AAG	A	225	PASS;TCTTATTTAAGAAAGCAT	INDEL;IDV=20;IMF=1;DP=20;VDB=2.63505e-13;SGB=-0.692067;MQ0F=0;AC=2;AN=2;DP4=0,0,0,20;MQ=60;RB=6,23937180,23937485,TAG,CTT
10	4674924	NA	A	AC	61	PASS;ATTAGAAAAAGGAAATAA	INDEL;IDV=12;IMF=1;DP=12;VDB=2.26006e-08;SGB=-0.680642;MQ0F=0;AC=2;AN=2;DP4=0,0,12,0;MQ=60;RB=10,4674869,4675137,AAC,AAG
3	65421177	NA	GGAA	G	225	PASS;GGATGGATGGAAGATGGA	INDEL;IDV=22;IMF=0.916667;DP=24;VDB=1.30483e-15;SGB=-0.692352;MQ0F=0;AC=2;AN=2;DP4=0,0,21,0;MQ=60;RB=3,65421042,65421491,TAG,CTC
19	22603167	NA	G	GT	17.4922	PASS;GAAGTCAGGTTTTTTTTC	INDEL;IDV=9;IMF=1;DP=9;VDB=1.33331e-05;SGB=-0.651104;MQ0F=0;AC=2;AN=2;DP4=0,0,8,0;MQ=60;RB=19,22603139,22603414,CCT,TAG
3	86296495	NA	CA	C	18.4763	PASS;CTTAAAGACAAAAAAAAC	INDEL;IDV=14;IMF=1;DP=14;VDB=1.8562e-07;SGB=-0.686358;MQ0F=0;AC=2;AN=2;DP4=0,0,0,14;MQ=60;RB=3,86296148,86296558,TAG,TTG
4	125033246	NA	AG	A	77	PASS;ATGTCTCAAGGGGACGGA	INDEL;IDV=9;IMF=1;DP=9;VDB=1.33331e-05;SGB=-0.651104;MQ0F=0;AC=2;AN=2;DP4=0,0,0,8;MQ=60;RB=4,125032986,125033268,GTA,CCT
4	70015526	NA	CA	C	92	PASS;CAAATTTTCAAAAGTCAC	INDEL;IDV=18;IMF=1;DP=18;VDB=1.29641e-11;SGB=-0.690438;MQ0F=0;AC=2;AN=2;DP4=0,0,17,0;MQ=60;RB=4,70015487,70015893,AGT,AAC
3	136973249	NA	A	AT	27.4221	PASS;GGGCAAGGATTTTTTTGA	INDEL;IDV=10;IMF=1;DP=10;VDB=5.52906e-06;SGB=-0.662043;MQ0F=0;AC=2;AN=2;DP4=0,0,0,9;MQ=60;RB=3,136973084,136973357,GTC,CAA
5	58302414	NA	AG	A	54	PASS;CTCAAAAAAGAAAAAAAA	INDEL;IDV=7;IMF=0.7;DP=8;VDB=1.33331e-05;SGB=-0.636426;MQ0F=0;ICB=1;HOB=0.5;AC=1;AN=2;DP4=1,0,7,0;MQ=60;RB=5,58302368,58302674,GCG,GAG
2	61194774	NA	TG	T	165	PASS;TAATTCACTGACATGAAA	INDEL;IDV=21;IMF=1;DP=21;VDB=2.63505e-13;SGB=-0.692067;MQ0F=0;AC=2;AN=2;DP4=0,0,0,20;MQ=60;RB=2,61194360,61194815,TAT,GCC
18	42386588	NA	CTTTTTTTTTTTTTT	CT,C	150	NEI_IND[8/402];ATGAGCTCCTTTTTTTTT	INDEL;IDV=19;IMF=0.863636;DP=19;VDB=8.31174e-09;SGB=-0.688148;MQ0F=0;AC=1,1;AN=2;DP4=0,0,0,15;MQ=60;RB=18,42386325,42386685,CAC,GTA
7	10180967	NA	TA	T	154	PASS;GAAATTTCTAAGCAAGTA	INDEL;IDV=20;IMF=1;DP=20;VDB=2.63505e-13;SGB=-0.692067;MQ0F=0;AC=2;AN=2;DP4=0,0,20,0;MQ=60;RB=7,10180905,10181207,TTT,AGG
1	168493010	NA	T	TA	11.7169	PASS;AAAAAATTTAAAAAAAAT	INDEL;IDV=26;IMF=1;DP=26;VDB=1.30483e-15;SGB=-0.692976;MQ0F=0;AC=2;AN=2;DP4=0,0,26,0;MQ=60;RB=1,168492950,168493290,CAA,ACC
4	167072242	NA	AAGGCAAAGAAGATGC	A	225	MASKED;AGAAGAAGAAGGCAAAGA	INDEL;IDV=9;IMF=1;DP=9;VDB=5.52906e-06;SGB=-0.662043;MQ0F=0;AC=2;AN=2;DP4=0,0,0,9;MQ=60;RB=4,167071863,167072277,GTA,GCG
17	31220170	NA	AAAAAGAAAAAAAC	A	205	MASKED;AAGTATAAAAAAAGAAAA	INDEL;IDV=6;IMF=0.5;DP=6;VDB=0.000411984;SGB=-0.616816;MQ0F=0;AC=2;AN=2;DP4=0,0,6,0;MQ=60;RB=17,31220145,31220435,CAC,CCA
17	31220347	NA	CATTTT	C	225	NEI_IND[75/225];ATAAATGGCATTTTATTT	INDEL;IDV=12;IMF=1;DP=12;VDB=2.26006e-08;SGB=-0.680642;MQ0F=0;AC=2;AN=2;DP4=0,0,0,12;MQ=60;RB=17,31220145,31220435,CAC,CCA
6	66165817	NA	TA	T	148	PASS;TTTGATTTTAATACCGGA	INDEL;IDV=23;IMF=1;DP=23;VDB=1.30483e-15;SGB=-0.692717;MQ0F=0;AC=2;AN=2;DP4=0,0,0,23;MQ=60;RB=6,66165461,66165832,GTC,AAT
9	12373638	NA	AAGG	A	225	PASS;CTCCCATCAAGGAGAAGT	INDEL;IDV=16;IMF=1;DP=16;VDB=1.29641e-11;SGB=-0.689466;MQ0F=0;AC=2;AN=2;DP4=0,0,0,16;MQ=60;RB=9,12373309,12373677,ACT,AGG
1	168493010	NA	T	TA	18.4763	PASS;AAAAAATTTAAAAAAAAT	INDEL;IDV=14;IMF=0.933333;DP=15;VDB=4.49525e-10;SGB=-0.688148;MQ0F=0;AC=2;AN=2;DP4=0,0,15,0;MQ=60;RB=1,168492950,168493290,GCA,TTG
8	127082383	NA	T	TG	43.4147	PASS;GAGCAGGATTTTTTGATT	INDEL;IDV=20;IMF=1;DP=20;VDB=2.63505e-13;SGB=-0.692067;MQ0F=0;AC=2;AN=2;DP4=0,0,20,0;MQ=60;RB=8,127082308,127082631,ATG,GTT
4	93338067	NA	A	AT	9.88465	PASS;ATTTTAGGATTTTTTTTC	INDEL;IDV=5;IMF=1;DP=5;VDB=0.00187095;SGB=-0.590765;MQ0F=0;AC=2;AN=2;DP4=0,0,5,0;MQ=60;RB=4,93338055,93338266,CTC,CTG
7	11103402	NA	T	TA	29.4193	PASS;TCGTTTAATAAAAAAAGT	INDEL;IDV=15;IMF=0.9375;DP=16;VDB=2.26006e-08;SGB=-0.683931;MQ0F=0;AC=2;AN=2;DP4=0,0,0,13;MQ=60;RB=7,11102982,11103500,AGA,GGG
3	23631678	NA	G	GT	9.88465	PASS;GTGGTTTTGTTTTTTTTG	INDEL;IDV=5;IMF=1;DP=5;VDB=0.00187095;SGB=-0.590765;MQ0F=0;AC=2;AN=2;DP4=0,0,5,0;MQ=60;RB=3,23631615,23631820,CCT,GCT
18	33835761	NA	AG	A	91	PASS;CCTGCCAAAGGGAGATGG	INDEL;IDV=18;IMF=1;DP=18;VDB=3.65876e-11;SGB=-0.689466;MQ0F=0;AC=2;AN=2;DP4=0,0,0,16;MQ=60;RB=18,33835607,33835875,TAT,GAG
2	75438784	NA	GAGAA	G	117	MASKED;GAGAGAGAGAGAAAGAGA	INDEL;IDV=20;IMF=0.909091;DP=22;VDB=1.30483e-15;SGB=-0.692067;MQ0F=0;AC=2;AN=2;DP4=2,0,20,0;MQ=60;RB=2,75438652,75439012,GGC,AAT
6	66165817	NA	TA	T	146	PASS;TTTGATTTTAATACCGGA	INDEL;IDV=18;IMF=1;DP=18;VDB=1.29641e-11;SGB=-0.691153;MQ0F=0;AC=2;AN=2;DP4=0,0,0,18;MQ=60;RB=6,66165461,66165832,GGC,TGA
4	20601765	NA	A	AT	13.6931	PASS;TGTGGTTCATTTTTTTTA	INDEL;IDV=18;IMF=1;DP=18;VDB=1.95e-11;SGB=-0.690438;MQ0F=0;AC=2;AN=2;DP4=0,0,0,17;MQ=60;RB=4,20601506,20601802,ACA,ATG
21	24888955	NA	TC	T	167	PASS;AACTGTTTTCAACAAAAC	INDEL;IDV=25;IMF=1;DP=25;VDB=1.30483e-15;SGB=-0.692914;MQ0F=0;AC=2;AN=2;DP4=0,0,0,25;MQ=60;RB=21,24888592,24888980,GAT,ATA
7	43417239	NA	A	AG	18.4763	PASS;GAAATAACATTTTTTTTC	INDEL;IDV=9;IMF=1;DP=9;VDB=5.52906e-06;SGB=-0.662043;MQ0F=0;AC=2;AN=2;DP4=0,0,9,0;MQ=60;RB=7,43417229,43417464,CCT,AAA
12	129947983	NA	C	CTATT	225	PASS;TCCCTGTCCTATTTATTT	INDEL;IDV=10;IMF=1;DP=10;VDB=6.99472e-07;SGB=-0.670168;MQ0F=0;AC=2;AN=2;DP4=0,0,0,10;MQ=60;RB=12,129947772,129948058,CTG,CAA
3	186576899	NA	A	AT	28.4205	PASS;TTTAGTTTATTTTTTTCA	INDEL;IDV=16;IMF=1;DP=16;VDB=1.29641e-11;SGB=-0.689466;MQ0F=0;AC=2;AN=2;DP4=0,0,0,16;MQ=60;RB=3,186576594,186576909,GTA,GTA
12	24130932	NA	GT	G	137	PASS;GTTCACAAGTTTGGGACA	INDEL;IDV=28;IMF=1;DP=28;VDB=1.30483e-15;SGB=-0.693054;MQ0F=0;AC=2;AN=2;DP4=0,0,0,28;MQ=60;RB=12,24130626,24130944,GAG,GCT
3	6019154	NA	CT	C	165	NEI_IND[32/390];TTTTCCCCCTCCCGCCAA	INDEL;IDV=20;IMF=1;DP=20;VDB=2.63505e-13;SGB=-0.692067;MQ0F=0;AC=2;AN=2;DP4=0,0,20,0;MQ=60;RB=3,6019036,6019411,GTT,AGG
3	6019369	NA	A	AC	184	PASS;CCTTAAAAATGTATGTAA	INDEL;IDV=19;IMF=0.95;DP=20;VDB=3.27324e-13;SGB=-0.692067;MQ0F=0;AC=2;AN=2;DP4=0,0,0,20;MQ=60;RB=3,6019036,6019411,GTT,AGG
4	163987981	NA	GA	G	12.6563	PASS;CAGAATTAGAAAAAAAAA	INDEL;IDV=16;IMF=1;DP=16;VDB=1.29641e-11;SGB=-0.689466;MQ0F=0;AC=2;AN=2;DP4=0,0,16,0;MQ=60;RB=4,163987943,163988326,AGA,TAA
1	188562687	NA	T	TAGGTA	175	PASS;ATGATAGATGATAGATAG	INDEL;IDV=12;IMF=0.75;DP=16;VDB=2.26006e-08;SGB=-0.676189;MQ0F=0;AC=2;AN=2;DP4=0,0,0,11;MQ=60;RB=1,188562382,188562806,CTG,TAT
15	23760146	NA	T	TA	124	PASS;CTCCATCTTGAAAAAAGA	INDEL;IDV=15;IMF=0.9375;DP=16;VDB=1.29641e-11;SGB=-0.688148;MQ0F=0;AC=2;AN=2;DP4=1,0,15,0;MQ=60;RB=15,23760113,23760434,GTC,AAT
2	170468267	NA	CAT	C	225	PASS;TAATCCTTCATATATATA	INDEL;IDV=25;IMF=1;DP=25;VDB=1.30483e-15;SGB=-0.692831;MQ0F=0;AC=2;AN=2;DP4=0,0,24,0;MQ=60;RB=2,170468231,170468537,TGG,CTT
6	123531540	NA	G	GA	40.2081	PASS;GTCAAACAGAAAAAATAG	INDEL;IDV=19;IMF=0.95;DP=20;VDB=2.63505e-13;SGB=-0.69168;MQ0F=0;AC=2;AN=2;DP4=1,0,19,0;MQ=60;RB=6,123531485,123531761,CCC,CAC
6	123531734	NA	T	TACAC	225	NEI_IND[4/222];TATATATATACACACACA	INDEL;IDV=16;IMF=0.8;DP=20;VDB=2.48697e-11;SGB=-0.690438;MQ0F=0;AC=2;AN=2;DP4=0,0,0,17;MQ=60;RB=6,123531485,123531761,CCC,CAC
8	96757795	NA	G	GA	18.4763	PASS;TAGAAAAAGAAAAAAAAT	INDEL;IDV=14;IMF=0.933333;DP=15;VDB=2.26006e-08;SGB=-0.686358;MQ0F=0;AC=2;AN=2;DP4=0,0,14,0;MQ=60;RB=8,96757737,96758118,CCT,CCT
14	27097243	NA	AT	A	123	PASS;TGATTCCAATTATATGAC	INDEL;IDV=8;IMF=1;DP=8;VDB=1.33331e-05;SGB=-0.651104;MQ0F=0;AC=2;AN=2;DP4=0,0,8,0;MQ=60;RB=14,27097195,27097529,AGA,AGT
13	70153749	NA	CCTT	C	225	PASS;ATGTTTCTCCTTCTTCTT	INDEL;IDV=11;IMF=1;DP=11;VDB=6.99472e-07;SGB=-0.670168;MQ0F=0;AC=2;AN=2;DP4=0,0,10,0;MQ=60;RB=13,70153646,70153926,GTT,CCC
7	141879890	NA	TG	T	171	PASS;TGGGAGGTTGTGTGTTTC	INDEL;IDV=21;IMF=1;DP=21;VDB=1.30483e-15;SGB=-0.692352;MQ0F=0;AC=2;AN=2;DP4=0,0,0,21;MQ=60;RB=7,141879590,141879938,TAG,ATT
X	28336888	NA	GA	G	11.7169	MASKED;AATAACAGGAAAAAAAAA	INDEL;IDV=13;IMF=0.928571;DP=14;VDB=7.99768e-05;SGB=-0.636426;MQ0F=0;AC=2;AN=2;DP4=0,0,7,0;MQ=60;RB=X,28336773,28337009,CCT,CGC
13	109954721	NA	TA	T	28.4205	PASS;TTCTCCTGTAAAAAAATA	INDEL;IDV=10;IMF=1;DP=10;VDB=6.99472e-07;SGB=-0.670168;MQ0F=0;AC=2;AN=2;DP4=0,0,10,0;MQ=60;RB=13,109954588,109955001,CTA,ACT
8	60344412	NA	AT	A	8.99861	MASKED;CTTCAGGTATTTTTTTTA	INDEL;IDV=35;IMF=0.972222;DP=35;VDB=3.75937e-20;SGB=-0.693132;MQ0F=0;AC=2;AN=2;DP4=0,0,0,34;MQ=60;RB=8,60344110,60344507,CCT,TTT
3	94812294	NA	GA	G	17.4922	MASKED;GAAATGATGAAAAAAAAG	INDEL;IDV=16;IMF=1;DP=16;VDB=1.29641e-11;SGB=-0.689466;MQ0F=0;AC=2;AN=2;DP4=0,0,16,0;MQ=60;RB=3,94812245,94812740,TGA,TCG
18	42386588	NA	CTTTTTTTTTTTT	CT,C	64	NEI_IND[8/402];ATGAGCTCCTTTTTTTTT	INDEL;IDV=15;IMF=1;DP=15;VDB=1.47916e-06;SGB=-0.670168;MQ0F=0;AC=1,1;AN=2;DP4=0,0,0,10;MQ=60;RB=18,42386324,42386684,GGA,CTC
3	117326401	NA	C	CA	63	PASS;CTGCCCCACAAAAACAAA	INDEL;IDV=15;IMF=1;DP=15;VDB=4.49525e-10;SGB=-0.688148;MQ0F=0;AC=2;AN=2;DP4=0,0,0,15;MQ=60;RB=3,117325911,117326448,CTC,AAC
18	72700604	NA	TA	T	15.5372	PASS;AATAATAATAAAAAAAAT	INDEL;IDV=7;IMF=1;DP=7;VDB=6.71664e-05;SGB=-0.636426;MQ0F=0;AC=2;AN=2;DP4=0,0,0,7;MQ=60;RB=18,72700041,72700648,CCA,TTT
19	10106360	NA	TA	T	9.88465	PASS;TATTGTATTAAAAAAAAT	INDEL;IDV=31;IMF=1;DP=31;VDB=3.84674e-18;SGB=-0.693097;MQ0F=0;AC=2;AN=2;DP4=0,0,30,0;MQ=60;RB=19,10106281,10106630,AAT,CGC
3	47343154	NA	AC	A	53	PASS;GAATGTTGACCCCCTGCC	INDEL;IDV=8;IMF=1;DP=8;VDB=1.33331e-05;SGB=-0.651104;MQ0F=0;AC=2;AN=2;DP4=0,0,0,8;MQ=60;RB=3,47342928,47343181,GAG,TAT
15	33774427	NA	GT	G	17.4922	PASS;ATTATTTAGTTTTTTTTC	INDEL;IDV=16;IMF=1;DP=16;VDB=1.29641e-11;SGB=-0.689466;MQ0F=0;AC=2;AN=2;DP4=0,0,0,16;MQ=60;RB=15,33774056,33774442,TTA,GGG
2	179964184	NA	TAAC	T	225	PASS;AGAATAAATAACAAACTA	INDEL;IDV=20;IMF=1;DP=20;VDB=0.992635;SGB=-0.69168;MQSB=1;MQ0F=0;AC=2;AN=2;DP4=0,0,10,9;MQ=60;RB=2,179964053,179964289,CTG,ATG
19	31911989	NA	A	AT	16.5122	PASS;ATGCTTTAATTTTTTTTC	INDEL;IDV=18;IMF=0.947368;DP=19;VDB=1.29641e-11;SGB=-0.691153;MQ0F=0;AC=2;AN=2;DP4=0,0,18,0;MQ=60;RB=19,31911920,31912227,GTT,TCG
9	10524516	NA	GA	G	8.99861	PASS;ATTTTTCAGAAAAAAAAA	INDEL;IDV=8;IMF=1;DP=8;VDB=1.33331e-05;SGB=-0.651104;MQ0F=0;AC=2;AN=2;DP4=0,0,0,8;MQ=60;RB=9,10524276,10524530,CCT,ATT
21	43804457	NA	TC	T	148	PASS;CCCAATGTTCTCCACCTC	INDEL;IDV=11;IMF=1;DP=11;VDB=2.26006e-08;SGB=-0.676189;MQ0F=0;AC=2;AN=2;DP4=0,0,11,0;MQ=60;RB=21,43804439,43804718,GTG,ATG
4	125033246	NA	AG	A	92	PASS;ATGTCTCAAGGGGACGGA	INDEL;IDV=18;IMF=1;DP=18;VDB=1.29641e-11;SGB=-0.691153;MQ0F=0;AC=2;AN=2;DP4=0,0,0,18;MQ=60;RB=4,125032986,125033268,GGA,TTA
2	140500122	NA	TA	T	77	PASS;ACTAACAATAAAACTCCC	INDEL;IDV=8;IMF=1;DP=8;VDB=1.33331e-05;SGB=-0.651104;MQ0F=0;AC=2;AN=2;DP4=0,0,0,8;MQ=60;RB=2,140499897,140500137,CCG,ACT
13	62579611	NA	ATG	A	207	MASKED;ACACACACATGCACACAC	INDEL;IDV=9;IMF=1;DP=9;VDB=1.33331e-05;SGB=-0.651104;MQ0F=0;AC=2;AN=2;DP4=0,0,0,8;MQ=60;RB=13,62579093,62579623,AGG,CCT
7	45572468	NA	GT	G	79	PASS;ATACTTCTGTTTTTTTTC	INDEL;IDV=30;IMF=0.9375;DP=31;VDB=1;SGB=-0.692914;MQSB=1;MQ0F=0;AC=2;AN=2;DP4=0,0,13,12;MQ=60;RB=7,45572352,45572605,GGT,TTC
7	10180967	NA	TA	T	153	PASS;GAAATTTCTAAGCAAGTA	INDEL;IDV=19;IMF=1;DP=19;VDB=1.29641e-11;SGB=-0.69168;MQ0F=0;AC=2;AN=2;DP4=0,0,19,0;MQ=60;RB=7,10180906,10181207,GGC,TAG
1	168493010	NA	T	TA	18.4763	PASS;AAAAAATTTAAAAAAAAT	INDEL;IDV=13;IMF=0.928571;DP=14;VDB=2.26006e-08;SGB=-0.683931;MQ0F=0;AC=2;AN=2;DP4=0,0,13,0;MQ=60;RB=1,168492951,168493290,CCG,AGG
5	145285922	NA	AG	A	45.4146	MASKED;AAAAAAAAAGGGGGGTGC	INDEL;IDV=16;IMF=0.941176;DP=17;VDB=6.57556e-10;SGB=-0.689466;MQ0F=0;AC=2;AN=2;DP4=0,0,16,0;MQ=60;RB=5,145285831,145286315,GTG,GCG
22	16857938	NA	GCAATC	G	225	NEI_IND[14/478];CTTCGAATGCAATCGAAT	INDEL;IDV=29;IMF=1;DP=29;VDB=1.30483e-15;SGB=-0.693079;MQ0F=0;AC=2;AN=2;DP4=0,0,29,0;MQ=60;RB=22,16857932,16858280,AAC,GGG
14	80129210	NA	TC	T	87	PASS;AGAAATTGTCCCCATGAT	INDEL;IDV=17;IMF=1;DP=17;VDB=4.49525e-10;SGB=-0.688148;MQ0F=0;AC=2;AN=2;DP4=0,0,0,15;MQ=60;RB=14,80128889,80129346,GGC,TTT
13	87730279	NA	GA	G	91	PASS;CTCAGGCTGAAAACAAGC	INDEL;IDV=19;IMF=1;DP=19;VDB=1.29641e-11;SGB=-0.69168;MQ0F=0;AC=2;AN=2;DP4=0,0,19,0;MQ=60;RB=13,87730193,87730653,CGT,TTA
13	87730614	NA	T	TACACACAC,TACACAC	191	NEI_IND[15/433];TAGATATGTACACACACA	INDEL;IDV=17;IMF=0.944444;DP=18;VDB=5.87498e-11;SGB=-0.691153;MQ0F=0;AC=1,1;AN=2;DP4=0,0,0,18;MQ=60;RB=13,87730193,87730653,CGT,TTA
1	20275588	NA	T	TG	97	PASS;GAAGAAACTGGGCATGTC	INDEL;IDV=6;IMF=1;DP=6;VDB=0.000411984;SGB=-0.616816;MQ0F=0;AC=2;AN=2;DP4=0,0,0,6;MQ=60;RB=1,20275361,20275691,CTG,ATT
7	141144625	NA	AC	A	92	PASS;CATGTTCAACCCCGTGTT	INDEL;IDV=18;IMF=1;DP=18;VDB=1.29641e-11;SGB=-0.691153;MQ0F=0;AC=2;AN=2;DP4=0,0,18,0;MQ=60;RB=7,141144571,141144950,GCT,AGA
4	158921523	NA	G	GAC	225	PASS;CTGAGAGAGAGAGATGTG	INDEL;IDV=19;IMF=1;DP=19;VDB=1.29641e-11;SGB=-0.691153;MQ0F=0;AC=2;AN=2;DP4=0,0,18,0;MQ=60;RB=4,158921395,158921819,GAC,TTT
4	132978116	NA	TCTG	T	225	MASKED;GTATTTTATCTGTTTTTT	INDEL;IDV=20;IMF=0.909091;DP=21;VDB=2.63505e-13;SGB=-0.692067;MQ0F=0;AC=2;AN=2;DP4=0,0,20,0;MQ=60;RB=4,132977984,132978352,TCA,GTA
21	10829539	NA	CT	C	13.6076	MASKED;TTTTTTTTCTTTTTTTTA	INDEL;IDV=22;IMF=1;DP=22;VDB=1.30483e-15;SGB=-0.692562;MQ0F=0;AC=2;AN=2;DP4=0,0,0,22;MQ=60;RB=21,10829276,10829599,CTG,CCG
18	37066820	NA	T	TAC	140	NEI_IND[12/281];TGTATATATATATACACA	INDEL;IDV=10;IMF=1;DP=10;VDB=6.99472e-07;SGB=-0.670168;MQ0F=0;AC=2;AN=2;DP4=0,0,0,10;MQ=60;RB=18,37066667,37066913,CCT,GTT
13	70031331	NA	G	GA	25.4267	PASS;ATTTAATTGAAAAAAATA	INDEL;IDV=22;IMF=1;DP=22;VDB=1.30483e-15;SGB=-0.692562;MQ0F=0;AC=2;AN=2;DP4=0,0,22,0;MQ=60;RB=13,70031319,70031675,TAT,CTA
4	125033246	NA	AG	A	84	PASS;ATGTCTCAAGGGGACGGA	INDEL;IDV=10;IMF=1;DP=10;VDB=6.99472e-07;SGB=-0.670168;MQ0F=0;AC=2;AN=2;DP4=0,0,0,10;MQ=60;RB=4,125032987,125033268,GTG,GAA
8	35889268	NA	AG	A	137	PASS;ACAGAAAAAGAAAATTTC	INDEL;IDV=12;IMF=0.923077;DP=13;VDB=5.52906e-06;SGB=-0.662043;MQ0F=0;AC=2;AN=2;DP4=0,0,0,9;MQ=60;RB=8,35888867,35889394,ACC,GGG
9	6397603	NA	AG	A	151	PASS;AGAAAGAAAGAAAGAAAA	INDEL;IDV=12;IMF=1;DP=12;VDB=2.26006e-08;SGB=-0.680642;MQ0F=0;AC=2;AN=2;DP4=0,0,12,0;MQ=60;RB=9,6397468,6397995,ATG,CGT
22	40891286	NA	T	TA	8.99861	PASS;GTCTCTACTAAAAAAAAA	INDEL;IDV=22;IMF=0.956522;DP=23;VDB=1.30483e-15;SGB=-0.692352;MQ0F=0;AC=2;AN=2;DP4=0,0,0,21;MQ=60;RB=22,40891078,40891392,TCG,GCG
2	170468267	NA	CAT	C	225	PASS;TAATCCTTCATATATATA	INDEL;IDV=24;IMF=1;DP=24;VDB=1.30483e-15;SGB=-0.692831;MQ0F=0;AC=2;AN=2;DP4=0,0,24,0;MQ=60;RB=2,170468231,170468537,CAG,ATT
5	17768308	NA	AT	A	7.37985	PASS;TGTCTTTGATTTTTTTTT	INDEL;IDV=21;IMF=1;DP=21;VDB=1.30483e-15;SGB=-0.692352;MQ0F=0;AC=2;AN=2;DP4=0,0,21,0;MQ=60;RB=5,17768224,17768644,TGA,AAT
6	127955935	NA	G	GA	14.5685	PASS;GTAAAAAGGAAAAAAAAT	INDEL;IDV=21;IMF=1;DP=21;VDB=1.30483e-15;SGB=-0.692352;MQ0F=0;AC=2;AN=2;DP4=0,0,21,0;MQ=60;RB=6,127955888,127956193,TAG,TGG
X	76133293	NA	A	AC	12.6563	PASS;AACAAAAAAAAGAAAACT	INDEL;IDV=23;IMF=0.958333;DP=24;VDB=1.62156e-15;SGB=-0.692831;MQ0F=0;AC=2;AN=2;DP4=0,0,0,24;MQ=60;RB=X,76132972,76133329,GTA,GAG
5	158193657	NA	T	TA	28.4205	PASS;AAAAATTCTAAAAAAAGA	INDEL;IDV=17;IMF=1;DP=17;VDB=1.29641e-11;SGB=-0.690438;MQ0F=0;AC=2;AN=2;DP4=0,0,0,17;MQ=60;RB=5,158193431,158193712,CTC,CAG
X	149436794	NA	GA	G	45.4146	PASS;CTTCTGTGGAAAAAAGAA	INDEL;IDV=13;IMF=0.928571;DP=14;VDB=3.24265e-08;SGB=-0.686358;MQ0F=0;AC=2;AN=2;DP4=0,0,0,14;MQ=60;RB=X,149436501,149436919,GAC,ACT
8	96757795	NA	G	GA	9.88465	PASS;TAGAAAAAGAAAAAAAAT	INDEL;IDV=31;IMF=1;DP=31;VDB=3.75937e-20;SGB=-0.69311;MQ0F=0;AC=2;AN=2;DP4=0,0,31,0;MQ=60;RB=8,96757738,96758117,GTG,ATG
4	180009585	NA	C	CG	146	PASS;AATTTTCTCATTTTTTTG	INDEL;IDV=17;IMF=1;DP=17;VDB=1.29641e-11;SGB=-0.690438;MQ0F=0;AC=2;AN=2;DP4=0,0,0,17;MQ=60;RB=4,180009256,180009619,GAG,GCT
10	83231465	NA	GTTT	G	58	NEI_IND[12/385];CTGTGTGTGTTTTTTTTT	INDEL;IDV=19;IMF=1;DP=19;VDB=1.57795e-11;SGB=-0.69168;MQ0F=0;AC=2;AN=2;DP4=0,0,0,19;MQ=60;RB=10,83231235,83231577,GAT,TCA
11	80245542	NA	GTT	G	51	NEI_IND[23/330];TTTGTTTTGTTTTTTTTT	INDEL;IDV=13;IMF=1;DP=13;VDB=2.26006e-08;SGB=-0.683931;MQ0F=0;AC=2;AN=2;DP4=0,0,0,13;MQ=60;RB=11,80245385,80245656,TAC,CTG
6	133764342	NA	AT	A	9.88465	MASKED;TAAAAAAAATTTTTTTTT	INDEL;IDV=22;IMF=1;DP=22;VDB=4.06244e-13;SGB=-0.692067;MQ0F=0;AC=2;AN=2;DP4=0,0,0,20;MQ=60;RB=6,133764034,133764454,ACG,ACG
1	163042164	NA	A	AT	21.4454	PASS;ATTTATTCATTTTTTTCT	INDEL;IDV=30;IMF=1;DP=30;VDB=1.30483e-15;SGB=-0.693079;MQ0F=0;AC=2;AN=2;DP4=0,0,0,29;MQ=60;RB=1,163041792,163042179,AAT,AAT
4	168914831	NA	AT	A	41.4148	PASS;GTTCATCAATTTTTTAAT	INDEL;IDV=25;IMF=1;DP=25;VDB=1.30483e-15;SGB=-0.692914;MQ0F=0;AC=2;AN=2;DP4=0,0,25,0;MQ=60;RB=4,168914713,168915096,CGG,TCA
11	80245542	NA	GTT	G	51	NEI_IND[23/330];TTTGTTTTGTTTTTTTTT	INDEL;IDV=13;IMF=1;DP=13;VDB=2.26006e-08;SGB=-0.683931;MQ0F=0;AC=2;AN=2;DP4=0,0,0,13;MQ=60;RB=11,80245385,80245657,TAC,GGA
4	164828248	NA	TC	T	111	PASS;TACAGAAGTCCTTTTTCC	INDEL;IDV=7;IMF=1;DP=7;VDB=6.71664e-05;SGB=-0.636426;MQ0F=0;AC=2;AN=2;DP4=0,0,7,0;MQ=60;RB=4,164828160,164828412,CGT,GTT
8	105911583	NA	CA	C	27.4221	PASS;ATTGATCACAAAAAATGG	INDEL;IDV=5;IMF=1;DP=5;VDB=0.00187095;SGB=-0.590765;MQ0F=0;AC=2;AN=2;DP4=0,0,0,5;MQ=60;RB=8,105911401,105911618,GTG,GTT
2	35295811	NA	GT	G	26.4242	PASS;AAAAGTAGGTTTTTTTAA	INDEL;IDV=25;IMF=1;DP=25;VDB=2.25762e-11;SGB=-0.69168;MQ0F=0;AC=2;AN=2;DP4=0,0,0,19;MQ=60;RB=2,35295589,35295879,CTG,ATG
9	94002018	NA	AAC	A	135	NEI_IND[4/292];GCAATGAAAACACACACG	INDEL;IDV=6;IMF=1;DP=6;VDB=0.00187095;SGB=-0.590765;MQ0F=0;AC=2;AN=2;DP4=0,0,0,5;MQ=60;RB=9,94001797,94002042,GCA,GAC
1	16621489	NA	TC	T	135	PASS;TATATTTTTCAAAGCTTA	INDEL;IDV=10;IMF=1;DP=10;VDB=6.99472e-07;SGB=-0.670168;MQ0F=0;AC=2;AN=2;DP4=0,0,10,0;MQ=60;RB=1,16621413,16621745,GAG,TTC
8	115358100	NA	AAAG	A	97	PASS;TAAAAAAAAAAGAAGAAG	INDEL;IDV=8;IMF=1;DP=8;VDB=1.33331e-05;SGB=-0.651104;MQ0F=0;AC=2;AN=2;DP4=0,0,8,0;MQ=60;RB=8,115358046,115358284,AGG,GTA
2	35401163	NA	CTT	C	30.4224	NEI_IND[12/393];TTCTTTTTCTTTTTTTTT	INDEL;IDV=20;IMF=1;DP=20;VDB=3.27321e-13;SGB=-0.692067;MQ0F=0;AC=2;AN=2;DP4=0,0,0,20;MQ=60;RB=2,35400857,35401217,GTG,CAT
5	24266085	NA	TA	T	11.7169	PASS;TTTTTAATTAAAAAAAAT	INDEL;IDV=26;IMF=1;DP=26;VDB=1.30483e-15;SGB=-0.692976;MQ0F=0;AC=2;AN=2;DP4=0,0,0,26;MQ=60;RB=5,24265720,24266137,GGC,AAG
X	145861551	NA	GC	G	134	PASS;CATATATAGCCATTTTTG	INDEL;IDV=10;IMF=1;DP=10;VDB=6.99472e-07;SGB=-0.670168;MQ0F=0;AC=2;AN=2;DP4=0,0,0,10;MQ=60;RB=X,145861322,145861610,GGG,CCT
