CHROM	POS	ID	REF	ALT	QUAL	FILTER	INFO
8	126282783	NA	T	TA	70	PASS;AATTGCTTTAAATAGAAG	INDEL;IDV=8;IMF=1;DP=8;VDB=0.0058656;SGB=-0.556411;MQ0F=0;AC=2;AN=2;DP4=0,0,4,0;MQ=60;RB=8,126282673,126282850,CCT,GTC
10	3828337	NA	G	GT	94	PASS;AGAAACGTGTTTATCTTG	INDEL;IDV=6;IMF=1;DP=6;VDB=0.000411984;SGB=-0.616816;MQ0F=0;AC=2;AN=2;DP4=0,0,0,6;MQ=60;RB=10,3827784,3828415,GCC,GCT
9	9220319	NA	T	TTTTTTAA	209	NEI_IND[16/500];TTTTTTTTTAAAAGCACT	INDEL;IDV=13;IMF=1;DP=13;VDB=2.83141e-08;SGB=-0.676189;MQ0F=0;AC=2;AN=2;DP4=0,0,0,11;MQ=60;RB=9,9219936,9220345,GTT,GAC
3	142690996	NA	CA	C	123	MASKED;TTCTACTTCAGCCTCATA	INDEL;IDV=15;IMF=1;DP=15;VDB=2.26006e-08;SGB=-0.683931;MQ0F=0;AC=2;AN=2;DP4=0,0,0,13;MQ=60;RB=3,142690822,142691081,CTT,CCC
4	25995886	NA	ACT	A	177	MASKED;AAAATAAGACTCTATTCA	INDEL;IDV=7;IMF=1;DP=7;VDB=9.50611e-05;SGB=-0.636426;MQ0F=0;AC=2;AN=2;DP4=0,0,0,7;MQ=60;RB=4,25995668,25995995,ATC,TTG
1	188371296	NA	CA	C	18.4763	MASKED;AACTTTACCAAAAAAAAT	INDEL;IDV=9;IMF=1;DP=9;VDB=5.52906e-06;SGB=-0.662043;MQ0F=0;AC=2;AN=2;DP4=0,0,9,0;MQ=60;RB=1,188371165,188371481,TTT,TCA
8	5846919	NA	C	CA	115	PASS;TTTTATTTCTATATTTGT	INDEL;IDV=8;IMF=1;DP=8;VDB=1.33331e-05;SGB=-0.651104;MQ0F=0;AC=2;AN=2;DP4=0,0,0,8;MQ=60;RB=8,5846745,5846949,GCT,TCT
6	24149621	NA	ATC	A	149	NEI_IND[7/196];ATATATATATCTCACACA	INDEL;IDV=5;IMF=1;DP=5;VDB=0.00187095;SGB=-0.590765;MQ0F=0;AC=2;AN=2;DP4=0,0,5,0;MQ=60;RB=6,24149601,24149882,GAG,TGG
16	28058721	NA	TA	T	13.6076	PASS;TAAAAGATTAAAAAAAAA	INDEL;IDV=12;IMF=0.923077;DP=13;VDB=2.26006e-08;SGB=-0.680642;MQ0F=0;AC=2;AN=2;DP4=0,0,12,0;MQ=60;RB=16,28058661,28058995,AAG,TAG
1	50233255	NA	GA	G	13.6076	MASKED;CATAAGCGGAAAAAAAAA	INDEL;IDV=10;IMF=1;DP=10;VDB=6.99472e-07;SGB=-0.670168;MQ0F=0;AC=2;AN=2;DP4=0,0,10,0;MQ=60;RB=1,50233212,50233494,GGG,CCG
X	116740712	NA	CAA	C	213	PASS;ATTAAAAACAAAGAAAAA	INDEL;IDV=9;IMF=1;DP=9;VDB=5.52906e-06;SGB=-0.662043;MQ0F=0;AC=2;AN=2;DP4=0,0,9,0;MQ=60;RB=X,116740700,116740940,GAT,AAG
8	19890598	NA	C	CA	70	PASS;CAAGCCCCCAAATGAGAT	INDEL;IDV=8;IMF=1;DP=8;VDB=0.0058656;SGB=-0.556411;MQ0F=0;AC=2;AN=2;DP4=0,0,4,0;MQ=60;RB=8,19890508,19890696,GTA,TCA
7	149399795	NA	G	GTC	206	PASS;TTTGCTCTGTCTCTCTCT	INDEL;IDV=7;IMF=1;DP=7;VDB=6.71664e-05;SGB=-0.636426;MQ0F=0;AC=2;AN=2;DP4=0,0,7,0;MQ=60;RB=7,149399777,149399957,GAG,TTT
4	93504806	NA	TTATA	T	225	NEI_IND[18/229];GATAATAATTATATATAT	INDEL;IDV=8;IMF=1;DP=8;VDB=1.33331e-05;SGB=-0.651104;MQ0F=0;AC=2;AN=2;DP4=0,0,8,0;MQ=60;RB=4,93504681,93504969,TTG,GTG
4	93504856	NA	T	TTA	225	NEI_IND[6/285];CATATAATTTATATATAA	INDEL;IDV=8;IMF=1;DP=8;VDB=1.33331e-05;SGB=-0.651104;MQ0F=0;AC=2;AN=2;DP4=0,0,0,8;MQ=60;RB=4,93504681,93504969,TTG,GTG
11	131313152	NA	G	GT	86	PASS;AATATTTAGTAACAAAAT	INDEL;IDV=4;IMF=1;DP=4;VDB=0.0058656;SGB=-0.556411;MQ0F=0;AC=2;AN=2;DP4=0,0,4,0;MQ=60;RB=11,131313068,131313297,CGA,CTT
1	96512165	NA	AT	A	27.4221	MASKED;TTTTAATGATTTTTTCTG	INDEL;IDV=5;IMF=1;DP=5;VDB=0.00187095;SGB=-0.590765;MQ0F=0;AC=2;AN=2;DP4=0,0,0,5;MQ=60;RB=1,96511901,96512187,CAG,GTG
11	105211309	NA	TA	T	84	PASS;AGAAAATATAAAACAGCA	INDEL;IDV=10;IMF=1;DP=10;VDB=6.99472e-07;SGB=-0.670168;MQ0F=0;AC=2;AN=2;DP4=0,0,0,10;MQ=60;RB=11,105210930,105211373,GAA,TTA
1	239797704	NA	AG	A	5.04449	NEI_IND[5/471];AGAAAGAAAGGAAAGAAA	INDEL;IDV=12;IMF=1;DP=12;SGB=-0.379885;MQ0F=0;AC=2;AN=2;DP4=0,0,1,0;MQ=53;RB=1,239797582,239798138,TAT,GAT
16	46462718	NA	CG	C	62	PASS;CGCAGCGGCGGGGGCAAA	INDEL;IDV=14;IMF=1;DP=14;VDB=4.87158e-08;SGB=-0.683931;MQ0F=0;AC=2;AN=2;DP4=0,0,0,13;MQ=60;RB=16,46462181,46462743,GAA,AAA
2	82953046	NA	TA	T	140	PASS;ATTATAATTAGACTTTAT	INDEL;IDV=9;IMF=1;DP=9;VDB=5.52906e-06;SGB=-0.662043;MQ0F=0;AC=2;AN=2;DP4=0,0,9,0;MQ=60;RB=2,82953030,82953274,AAT,CTT
11	131313152	NA	G	GT	141	PASS;AATATTTAGTAACAAAAT	INDEL;IDV=8;IMF=1;DP=8;VDB=1.33331e-05;SGB=-0.651104;MQ0F=0;AC=2;AN=2;DP4=0,0,8,0;MQ=60;RB=11,131313069,131313296,GGG,TTC
16	24270209	NA	G	GA	23.434	PASS;TGATCTATGAAAAAAATA	INDEL;IDV=7;IMF=1;DP=7;VDB=6.71664e-05;SGB=-0.636426;MQ0F=0;AC=2;AN=2;DP4=0,0,7,0;MQ=60;RB=16,24270170,24270455,TGC,TGG
2	71799356	NA	AGCACAT	A	205	NEI_IND[21/385];TCACACCCAGCACATGCA	INDEL;IDV=6;IMF=1;DP=6;VDB=0.000411984;SGB=-0.616816;MQ0F=0;AC=2;AN=2;DP4=0,0,6,0;MQ=60;RB=2,71799344,71799556,ACT,ACG
2	50806328	NA	C	CT	44.4146	PASS;AGCAAGTGCTTTTTGGGC	INDEL;IDV=6;IMF=1;DP=6;VDB=0.000411984;SGB=-0.616816;MQ0F=0;AC=2;AN=2;DP4=0,0,6,0;MQ=60;RB=2,50806304,50806516,CAA,GTA
X	94125127	NA	C	CT	134	PASS;GAAGTTTACTGAAAAAAT	INDEL;IDV=12;IMF=1;DP=12;VDB=2.26006e-08;SGB=-0.680642;MQ0F=0;AC=2;AN=2;DP4=0,0,0,12;MQ=60;RB=X,94124937,94125199,TGA,CCT
1	26139097	NA	CTT	C	156	MASKED;CACACACACTTGCACACA	INDEL;IDV=6;IMF=0.75;DP=6;VDB=0.000411984;SGB=-0.616816;MQ0F=0;AC=2;AN=2;DP4=0,0,0,6;MQ=60;RB=1,26138805,26139108,GTC,ATA
2	71799356	NA	AGCACAT	A	205	NEI_IND[21/385];TCACACCCAGCACATGCA	INDEL;IDV=6;IMF=1;DP=6;VDB=0.000411984;SGB=-0.616816;MQ0F=0;AC=2;AN=2;DP4=0,0,6,0;MQ=60;RB=2,71799344,71799556,GGT,TTG
19	39564791	NA	GGA	G	171	NEI_IND[7/451];GAGAGAGAGGAAGGAAGG	INDEL;IDV=8;IMF=1;DP=8;VDB=6.71664e-05;SGB=-0.636426;MQ0F=0;AC=2;AN=2;DP4=0,0,7,0;MQ=60;RB=19,39564659,39565006,ATA,CCG
11	109799881	NA	TCACACA	T	202	NEI_IND[8/407];TCTCTCTCTCACACACAC	INDEL;IDV=13;IMF=1;DP=13;VDB=2.78366e-08;SGB=-0.680642;MQ0F=0;AC=2;AN=2;DP4=0,0,0,12;MQ=60;RB=11,109799720,109800020,GAC,TCC
9	7198174	NA	TC	T	70	NEI_IND[115/274];TTTTCTTTTCCTTTCTTT	INDEL;IDV=6;IMF=0.857143;DP=6;VDB=0.00459396;SGB=-0.590765;MQ0F=0;AC=2;AN=2;DP4=0,0,5,0;MQ=60;RB=9,7198090,7198376,GGG,GCG
6	141417299	NA	CT	C	56	PASS;TTAAACCTCTTTTCTTTA	INDEL;IDV=5;IMF=1;DP=5;VDB=0.00187095;SGB=-0.590765;MQ0F=0;AC=2;AN=2;DP4=0,0,5,0;MQ=60;RB=6,141417278,141417487,TCC,CTC
1	202856465	NA	GAA	G	142	MASKED;AACATTATGAAAAATTTT	INDEL;IDV=9;IMF=0.9;DP=9;VDB=1.33331e-05;SGB=-0.651104;MQ0F=0;AC=2;AN=2;DP4=0,0,0,8;MQ=60;RB=1,202855936,202856481,CTC,GTG
10	120639199	NA	AAG	A	69	MASKED;AAGAAAGAAAGAGAGAGA	INDEL;IDV=11;IMF=1;DP=11;VDB=2.75158e-05;SGB=-0.651104;MQ0F=0;AC=2;AN=2;DP4=0,0,0,8;MQ=60;RB=10,120639050,120639275,TTG,TTA
3	11457315	NA	CAT	C	214	PASS;TATATAAACATAACATAG	INDEL;IDV=19;IMF=0.95;DP=19;VDB=8.63276e-06;SGB=-0.662043;MQ0F=0;AC=2;AN=2;DP4=0,0,9,0;MQ=60;RB=3,11457227,11457438,ATA,GGA
2	61974997	NA	ACTT	A	225	NEI_IND[3/231];CTATTTATACTTCTTCTT	INDEL;IDV=13;IMF=0.928571;DP=14;VDB=2.26006e-08;SGB=-0.683931;MQ0F=0;AC=2;AN=2;DP4=0,0,13,0;MQ=60;RB=2,61974871,61975162,AGA,GAC
4	23188878	NA	TA	T	95	PASS;TTTTATAATATTTTTCTA	INDEL;IDV=6;IMF=1;DP=6;VDB=0.000411984;SGB=-0.616816;MQ0F=0;AC=2;AN=2;DP4=0,0,0,6;MQ=60;RB=4,23188694,23188901,CGT,CAG
2	236856700	NA	GT	G	94	PASS;TGAAGGCCGTGTGAATGA	INDEL;IDV=5;IMF=1;DP=5;VDB=0.00187095;SGB=-0.590765;MQ0F=0;AC=2;AN=2;DP4=0,0,5,0;MQ=60;RB=2,236856683,236856878,TTC,ATA
2	75438784	NA	GAGAA	G	110	MASKED;GAGAGAGAGAGAAAGAGA	INDEL;IDV=12;IMF=0.923077;DP=13;VDB=6.99472e-07;SGB=-0.670168;MQ0F=0;AC=2;AN=2;DP4=0,0,10,0;MQ=60;RB=2,75438652,75439012,TCC,TAT
7	100997172	NA	GT	G	129	PASS;TGAGCACGGTGGCTCACA	INDEL;IDV=14;IMF=1;DP=14;VDB=6.71664e-05;SGB=-0.636426;MQ0F=0;AC=2;AN=2;DP4=0,0,7,0;MQ=60;RB=7,100997086,100997284,TCT,CTG
3	56832951	NA	A	AC	44.4146	PASS;CAATTCAAACCCCCATGT	INDEL;IDV=7;IMF=1;DP=7;VDB=0.000411984;SGB=-0.616816;MQ0F=0;AC=2;AN=2;DP4=0,0,0,6;MQ=60;RB=3,56832787,56833003,TCT,CTG
2	133824604	NA	TTA	T	106	MASKED;TTTATTTTTTATTTTTTT	INDEL;IDV=7;IMF=1;DP=7;VDB=6.71664e-05;SGB=-0.636426;MQ0F=0;AC=2;AN=2;DP4=0,0,7,0;MQ=60;RB=2,133824474,133824781,GTC,TAA
10	130020502	NA	C	CT	18.4763	PASS;GGGAGAATCTTTTTTTTC	INDEL;IDV=15;IMF=0.9375;DP=16;VDB=2.13681e-07;SGB=-0.688148;MQ0F=0;AC=2;AN=2;DP4=0,0,15,0;MQ=60;RB=10,130020465,130020814,AAG,AAG
12	16395303	NA	GACTTTTAACCCA	G	225	NEI_IND[16/352];GTATCAGGGACTTTTAAC	INDEL;IDV=10;IMF=1;DP=10;VDB=6.99472e-07;SGB=-0.670168;MQ0F=0;AC=2;AN=2;DP4=0,0,0,10;MQ=60;RB=12,16395060,16395338,CAA,TTC
9	29288954	NA	ATGTATGTGTATG	A	127	NEI_IND[6/249];CAAGCTTTATGTATGTGT	INDEL;IDV=11;IMF=1;DP=11;VDB=2.26006e-08;SGB=-0.676189;MQ0F=0;AC=2;AN=2;DP4=0,0,0,11;MQ=60;RB=9,29288629,29289042,GGG,CGT
5	92310144	NA	AC	A	74	PASS;GATATACTACACACACTT	INDEL;IDV=4;IMF=1;DP=4;VDB=0.0058656;SGB=-0.556411;MQ0F=0;AC=2;AN=2;DP4=0,0,4,0;MQ=60;RB=5,92310112,92310323,CTC,CCC
5	27438399	NA	A	AAAAT	225	NEI_IND[9/241];ACCAAAAAAAAATAAATA	INDEL;IDV=16;IMF=0.888889;DP=18;VDB=0.959025;SGB=-0.691153;MQSB=1;MQ0F=0;AC=2;AN=2;DP4=0,0,9,9;MQ=60;RB=5,27438284,27438508,CAT,GGA
5	27438495	NA	AG	A	135	PASS;TACAGAAAAGTTGTGAAG	INDEL;IDV=9;IMF=1;DP=9;VDB=5.52906e-06;SGB=-0.662043;MQ0F=0;AC=2;AN=2;DP4=0,0,0,9;MQ=60;RB=5,27438284,27438508,CAT,GGA
2	84694406	NA	C	CT	17.4922	PASS;CTTACAATCTTTTTTTTA	INDEL;IDV=8;IMF=1;DP=8;VDB=1.33331e-05;SGB=-0.651104;MQ0F=0;AC=2;AN=2;DP4=0,0,0,8;MQ=60;RB=2,84694204,84694447,CAA,GTT
16	34487128	NA	CTTTATA	C	154	NEI_IND[39/474];CATATCATCTTTATATTT	INDEL;IDV=4;IMF=1;DP=4;VDB=0.0058656;SGB=-0.556411;MQ0F=0;AC=2;AN=2;DP4=0,0,4,0;MQ=60;RB=16,34486999,34487646,TGG,ATG
16	55424984	NA	CA	C	145	PASS;GAGCGTGACATATTTTTA	INDEL;IDV=10;IMF=1;DP=10;VDB=6.99472e-07;SGB=-0.670168;MQ0F=0;AC=2;AN=2;DP4=0,0,0,10;MQ=60;RB=16,55424778,55424999,AAG,CCA
16	24270209	NA	G	GA	28.4205	PASS;TGATCTATGAAAAAAATA	INDEL;IDV=10;IMF=1;DP=10;VDB=6.99472e-07;SGB=-0.670168;MQ0F=0;AC=2;AN=2;DP4=0,0,10,0;MQ=60;RB=16,24270169,24270456,TGT,TCA
16	55424984	NA	CA	C	145	PASS;GAGCGTGACATATTTTTA	INDEL;IDV=10;IMF=1;DP=10;VDB=6.99472e-07;SGB=-0.670168;MQ0F=0;AC=2;AN=2;DP4=0,0,0,10;MQ=60;RB=16,55424778,55424998,AAC,CAC
16	55424984	NA	CA	C	113	PASS;GAGCGTGACATATTTTTA	INDEL;IDV=6;IMF=1;DP=6;VDB=0.000411984;SGB=-0.616816;MQ0F=0;AC=2;AN=2;DP4=0,0,0,6;MQ=60;RB=16,55424777,55424998,CTT,CCG
4	37455959	NA	AT	A	136	PASS;GGCGTTTAATTGGTTGTG	INDEL;IDV=11;IMF=1;DP=11;VDB=2.26006e-08;SGB=-0.676189;MQ0F=0;AC=2;AN=2;DP4=0,0,0,11;MQ=60;RB=4,37455453,37456013,GAC,GGG
2	230151545	NA	TAG	T	225	PASS;AAAGCATCTAGATCAGCC	INDEL;IDV=12;IMF=1;DP=12;VDB=2.26006e-08;SGB=-0.680642;MQ0F=0;AC=2;AN=2;DP4=0,0,12,0;MQ=60;RB=2,230151431,230151729,AGT,AAT
5	25609914	NA	TC	T	128	PASS;AATAAGCCTCCTAAGAGG	INDEL;IDV=14;IMF=1;DP=14;VDB=6.71664e-05;SGB=-0.636426;MQ0F=0;AC=2;AN=2;DP4=0,0,7,0;MQ=60;RB=5,25609825,25610043,ATG,TGA
11	126638013	NA	ATCTG	A	225	MASKED;GTCCATCCATCTGTCTAT	INDEL;IDV=12;IMF=0.923077;DP=13;VDB=2.26006e-08;SGB=-0.680642;MQ0F=0;AC=2;AN=2;DP4=0,0,0,12;MQ=60;RB=11,126637797,126638146,ACT,CTG
2	165480118	NA	CCTCTCT	C	176	NEI_IND[16/243];CCTCACCTCCTCTCTCTC	INDEL;IDV=6;IMF=1;DP=6;VDB=0.000411984;SGB=-0.616816;MQ0F=0;AC=2;AN=2;DP4=0,0,6,0;MQ=54;RB=2,165480009,165480294,TAT,TTT
2	165480175	NA	C	CAGAG	182	NEI_IND[18/344];GGGTGGGACAGAGAGAGA	INDEL;IDV=6;IMF=1;DP=6;VDB=0.00187095;SGB=-0.590765;MQ0F=0;AC=2;AN=2;DP4=0,0,0,5;MQ=60;RB=2,165480009,165480294,TAT,TTT
3	84673278	NA	C	CA	44.4146	PASS;TTCCTTGTCAAAAATATT	INDEL;IDV=6;IMF=1;DP=6;VDB=0.000411984;SGB=-0.616816;MQ0F=0;AC=2;AN=2;DP4=0,0,6,0;MQ=60;RB=3,84673261,84673493,CTA,AGG
8	5846919	NA	C	CA	129	PASS;TTTTATTTCTATATTTGT	INDEL;IDV=11;IMF=1;DP=11;VDB=2.26006e-08;SGB=-0.676189;MQ0F=0;AC=2;AN=2;DP4=0,0,0,11;MQ=60;RB=8,5846745,5846948,GAA,TTC
10	130020502	NA	C	CT	18.4763	PASS;GGGAGAATCTTTTTTTTC	INDEL;IDV=11;IMF=1;DP=11;VDB=6.99472e-07;SGB=-0.670168;MQ0F=0;AC=2;AN=2;DP4=0,0,10,0;MQ=60;RB=10,130020464,130020815,AAT,GAA
1	57698928	NA	CTTT	C	5.18791	NEI_IND[9/245];CTCCGATTCTTTTTTTTT	INDEL;IDV=12;IMF=1;DP=12;VDB=3.76021e-08;SGB=-0.680642;MQ0F=0;AC=2;AN=2;DP4=0,0,0,12;MQ=60;RB=1,57698675,57698988,GGA,GTC
12	17413807	NA	C	CACAT	110	NEI_IND[17/240];TACATACACATATGTACA	INDEL;IDV=7;IMF=1;DP=7;VDB=6.71664e-05;SGB=-0.636426;MQ0F=0;AC=2;AN=2;DP4=0,0,7,0;MQ=60;RB=12,17413729,17413973,TAT,CCT
17	61264913	NA	TA	T	66	MASKED;ATGTTTTTTATATATATA	INDEL;IDV=4;IMF=1;DP=4;VDB=0.0058656;SGB=-0.556411;MQ0F=0;AC=2;AN=2;DP4=0,0,4,0;MQ=60;RB=17,61264780,61265506,TCT,GTC
3	163939139	NA	CTT	C	165	MASKED;TTCAAACTCTTTTAATCC	INDEL;IDV=6;IMF=1;DP=6;VDB=0.000411984;SGB=-0.616816;MQ0F=0;AC=2;AN=2;DP4=0,0,6,0;MQ=60;RB=3,163939126,163939354,CCT,ATC
5	37124382	NA	AC	A	80	NEI_IND[44/297];TAATCTAAACTGTAATCT	INDEL;IDV=5;IMF=1;DP=5;VDB=0.00187095;SGB=-0.590765;MQ0F=0;AC=2;AN=2;DP4=0,0,5,0;MQ=60;RB=5,37124247,37124706,CGT,TGA
5	27438429	NA	AT	A	44.4146	PASS;AAAGTGTGATTTTTTGTT	INDEL;IDV=14;IMF=1;DP=14;VDB=2.26006e-08;SGB=-0.686358;MQ0F=0;AC=2;AN=2;DP4=0,0,0,14;MQ=60;RB=5,27438284,27438507,CGT,TTC
X	45446704	NA	TG	T	60	PASS;GCTTGTTTTGAGGATATA	INDEL;IDV=6;IMF=1;DP=6;VDB=0.000411984;SGB=-0.616816;MQ0F=0;AC=2;AN=2;DP4=0,0,0,6;MQ=60;RB=X,45446550,45446758,CTA,CTC
18	40767613	NA	ATG	A	197	MASKED;ACACGCACATGCACACAC	INDEL;IDV=8;IMF=1;DP=8;VDB=1.33331e-05;SGB=-0.651104;MQ0F=0;AC=2;AN=2;DP4=0,0,0,8;MQ=60;RB=18,40767100,40767627,ATC,AAT
2	125706610	NA	TC	T	81	PASS;CCTCAGCCTCCCCAGTAC	INDEL;IDV=9;IMF=1;DP=9;VDB=5.52906e-06;SGB=-0.662043;MQ0F=0;AC=2;AN=2;DP4=0,0,9,0;MQ=60;RB=2,125706570,125706802,TCC,ATT
9	126979528	NA	CCACACACA	C	224	MASKED;ACCACCCACCACACACAC	INDEL;IDV=7;IMF=1;DP=7;VDB=6.71664e-05;SGB=-0.636426;MQ0F=0;AC=2;AN=2;DP4=0,0,7,0;MQ=60;RB=9,126979435,126979688,TAA,GGG
2	82953046	NA	TA	T	99	PASS;ATTATAATTAGACTTTAT	INDEL;IDV=5;IMF=1;DP=5;VDB=0.00187095;SGB=-0.590765;MQ0F=0;AC=2;AN=2;DP4=0,0,5,0;MQ=60;RB=2,82953031,82953273,CAC,GAG
5	92310144	NA	AC	A	154	PASS;GATATACTACACACACTT	INDEL;IDV=12;IMF=1;DP=12;VDB=2.26006e-08;SGB=-0.680642;MQ0F=0;AC=2;AN=2;DP4=0,0,12,0;MQ=60;RB=5,92310111,92310323,TCT,ATG
16	15606347	NA	A	AT	161	PASS;TGTAAGTAATCCCAGCAT	INDEL;IDV=10;IMF=0.909091;DP=11;VDB=2.8314e-08;SGB=-0.676189;MQ0F=0;AC=2;AN=2;DP4=0,0,11,0;MQ=60;RB=16,15606259,15606673,AAT,TAA
18	35318498	NA	TG	T	70	PASS;CTGCTAGCTGGGATTTGA	INDEL;IDV=8;IMF=1;DP=8;VDB=0.0058656;SGB=-0.556411;MQ0F=0;AC=2;AN=2;DP4=0,0,4,0;MQ=60;RB=18,35318445,35318604,TTT,ATT
20	7356702	NA	CGT	C	213	MASKED;ATTAATATCGTTTTTTTA	INDEL;IDV=11;IMF=1;DP=11;VDB=1.33557e-05;SGB=-0.662043;MQ0F=0;AC=2;AN=2;DP4=0,0,9,0;MQ=60;RB=20,7356580,7356991,TTA,AGC
18	67966796	NA	C	CG	45.4146	PASS;GATAGGGACGGGGGGTCG	INDEL;IDV=12;IMF=1;DP=12;VDB=2.26006e-08;SGB=-0.680642;MQ0F=0;AC=2;AN=2;DP4=0,0,12,0;MQ=60;RB=18,67966710,67967045,AAA,GTT
5	136548011	NA	CT	C	12.6563	MASKED;AAACAGGGCTTTTTTTTT	INDEL;IDV=8;IMF=1;DP=8;VDB=1.33331e-05;SGB=-0.651104;MQ0F=0;AC=2;AN=2;DP4=0,0,0,8;MQ=60;RB=5,136547588,136548085,CCT,TCC
20	46330398	NA	C	CA	131	PASS;TGTAATAACCCCAAACTG	INDEL;IDV=14;IMF=1;DP=14;VDB=0.993562;SGB=-0.683931;MQSB=0.961166;MQ0F=0;AC=2;AN=2;DP4=0,0,7,6;MQ=60;RB=20,46330287,46330524,TGG,TGT
8	126282783	NA	T	TA	70	PASS;AATTGCTTTAAATAGAAG	INDEL;IDV=8;IMF=1;DP=8;VDB=0.0058656;SGB=-0.556411;MQ0F=0;AC=2;AN=2;DP4=0,0,4,0;MQ=60;RB=8,126282673,126282850,AGT,ATG
2	230151545	NA	TAG	T	204	PASS;AAAGCATCTAGATCAGCC	INDEL;IDV=8;IMF=1;DP=8;VDB=1.33331e-05;SGB=-0.651104;MQ0F=0;AC=2;AN=2;DP4=0,0,8,0;MQ=60;RB=2,230151431,230151728,CCT,ACG
2	211163054	NA	CACACATACT	C	225	MASKED;TACACACACACACATACT	INDEL;IDV=11;IMF=1;DP=11;VDB=3.54164e-08;SGB=-0.676189;MQ0F=0;AC=2;AN=2;DP4=0,0,0,11;MQ=60;RB=2,211162894,211163179,GAT,TGC
9	7198174	NA	TC	T	49.4146	NEI_IND[115/274];TTTTCTTTTCCTTTCTTT	INDEL;IDV=9;IMF=0.9;DP=9;VDB=0.00169601;SGB=-0.616816;MQ0F=0;AC=2;AN=2;DP4=0,0,6,0;MQ=60;RB=9,7198089,7198377,AAT,AAT
6	154513486	NA	GTATGCA	G	154	MASKED;GTGTGTGTGTATGCATGT	INDEL;IDV=4;IMF=1;DP=4;VDB=0.0058656;SGB=-0.556411;MQ0F=0;AC=2;AN=2;DP4=0,0,0,4;MQ=60;RB=6,154513242,154513501,GTG,GCC
X	45446704	NA	TG	T	76	PASS;GCTTGTTTTGAGGATATA	INDEL;IDV=9;IMF=1;DP=9;VDB=5.52906e-06;SGB=-0.662043;MQ0F=0;AC=2;AN=2;DP4=0,0,0,9;MQ=60;RB=X,45446550,45446758,AAA,CCC
4	74023903	NA	AAGAGAG	A	207	MASKED;AAGAAAGAAAGAGAGAGA	INDEL;IDV=7;IMF=1;DP=7;VDB=6.71664e-05;SGB=-0.636426;MQ0F=0;AC=2;AN=2;DP4=0,0,7,0;MQ=60;RB=4,74023775,74024158,CCG,GGA
4	23188878	NA	TA	T	93	PASS;TTTTATAATATTTTTCTA	INDEL;IDV=6;IMF=1;DP=6;VDB=0.000411984;SGB=-0.616816;MQ0F=0;AC=2;AN=2;DP4=0,0,0,6;MQ=60;RB=4,23188695,23188901,CTC,ACC
10	85585767	NA	T	TA	166	PASS;TTGTTGTATATTCTGTGT	INDEL;IDV=11;IMF=0.916667;DP=12;VDB=2.26006e-08;SGB=-0.680642;MQ0F=0;AC=2;AN=2;DP4=0,0,0,12;MQ=60;RB=10,85585497,85585873,TGA,TGA
20	57265340	NA	CAT	C	211	PASS;ATCAAAAACATAAGTTGA	INDEL;IDV=9;IMF=1;DP=9;VDB=5.52906e-06;SGB=-0.662043;MQ0F=0;AC=2;AN=2;DP4=0,0,0,9;MQ=60;RB=20,57265014,57265358,GCG,TTT
1	193834773	NA	T	TTCTAGAAGAC	111	NEI_IND[13/382];TGTTTTTGTTATGTTAAT	INDEL;IDV=7;IMF=1;DP=7;VDB=0.000157941;SGB=-0.636426;MQ0F=0;AC=2;AN=2;DP4=0,0,7,0;MQ=60;RB=1,193834681,193835042,GAA,CCT
5	92310144	NA	AC	A	132	PASS;GATATACTACACACACTT	INDEL;IDV=8;IMF=1;DP=8;VDB=1.33331e-05;SGB=-0.651104;MQ0F=0;AC=2;AN=2;DP4=0,0,8,0;MQ=60;RB=5,92310111,92310324,ATT,TGT
20	46330398	NA	C	CA	167	PASS;TGTAATAACCCCAAACTG	INDEL;IDV=26;IMF=1;DP=26;VDB=0.999503;SGB=-0.692976;MQSB=1;MQ0F=0;AC=2;AN=2;DP4=0,0,13,13;MQ=60;RB=20,46330287,46330524,CCG,CCT
5	27438429	NA	AT	A	25.4267	PASS;AAAGTGTGATTTTTTGTT	INDEL;IDV=5;IMF=1;DP=5;VDB=0.00187095;SGB=-0.590765;MQ0F=0;AC=2;AN=2;DP4=0,0,0,5;MQ=60;RB=5,27438284,27438508,GCT,GTT
5	96236894	NA	TTTTG	T	182	MASKED;TTGTTTGATTTTGTTTGT	INDEL;IDV=5;IMF=1;DP=5;VDB=0.00187095;SGB=-0.590765;MQ0F=0;AC=2;AN=2;DP4=0,0,0,5;MQ=60;RB=5,96236736,96237022,TAT,CAT
22	16857938	NA	GCAATC	G	225	NEI_IND[15/429];CTTCGAATGCAATCGAAT	INDEL;IDV=13;IMF=1;DP=13;VDB=2.26006e-08;SGB=-0.683931;MQ0F=0;AC=2;AN=2;DP4=0,0,13,0;MQ=60;RB=22,16857932,16858280,AAG,AAC
3	18265934	NA	T	TA	67	PASS;GTAAGTGCTCCAAAAAAG	INDEL;IDV=8;IMF=1;DP=8;VDB=0.00671048;SGB=-0.556411;MQ0F=0;AC=2;AN=2;DP4=0,0,4,0;MQ=60;RB=3,18265876,18266046,TTG,GTT
12	16395303	NA	GACTTTTAACCCA	G	225	NEI_IND[16/352];GTATCAGGGACTTTTAAC	INDEL;IDV=13;IMF=1;DP=13;VDB=2.26006e-08;SGB=-0.683931;MQ0F=0;AC=2;AN=2;DP4=0,0,0,13;MQ=60;RB=12,16395061,16395338,CAG,TCG
6	25532349	NA	CAG	C	184	PASS;TTTTGAGACAGAGTTTCA	INDEL;IDV=8;IMF=1;DP=8;VDB=2.30147e-05;SGB=-0.651104;MQ0F=0;AC=2;AN=2;DP4=0,0,0,8;MQ=60;RB=6,25532080,25532379,ACG,TGT
4	90870156	NA	ATGGGGTAAAATAGCACCCTC	A	224	PASS;ATTGGAAAATGGGGTAAA	INDEL;IDV=7;IMF=1;DP=7;VDB=6.71664e-05;SGB=-0.636426;MQ0F=0;AC=2;AN=2;DP4=0,0,7,0;MQ=60;RB=4,90870092,90870322,CTA,TAC
3	11457315	NA	CAT	C	113	PASS;TATATAAACATAACATAG	INDEL;IDV=10;IMF=1;DP=10;VDB=0.00701511;SGB=-0.556411;MQ0F=0;AC=2;AN=2;DP4=0,0,4,0;MQ=60;RB=3,11457227,11457438,TGA,GGA
16	24270209	NA	G	GA	11.7169	PASS;TGATCTATGAAAAAAATA	INDEL;IDV=4;IMF=1;DP=4;VDB=0.0058656;SGB=-0.556411;MQ0F=0;AC=2;AN=2;DP4=0,0,4,0;MQ=60;RB=16,24270170,24270456,CTC,TTT
6	50792750	NA	G	GA	18.4763	PASS;ACCTTGCTGAAAAAAAAT	INDEL;IDV=9;IMF=1;DP=9;VDB=5.52906e-06;SGB=-0.662043;MQ0F=0;AC=2;AN=2;DP4=0,0,9,0;MQ=60;RB=6,50792726,50793020,GCT,GGA
2	30635786	NA	CG	C	101	MASKED;TTCTACCCCGGGTAGAGC	INDEL;IDV=14;IMF=1;DP=14;VDB=6.71664e-05;SGB=-0.636426;MQ0F=0;AC=2;AN=2;DP4=0,0,7,0;MQ=60;RB=2,30635670,30635883,TTG,CAC
6	24149621	NA	ATC	A	225	NEI_IND[7/196];ATATATATATCTCACACA	INDEL;IDV=12;IMF=1;DP=12;VDB=2.26006e-08;SGB=-0.680642;MQ0F=0;AC=2;AN=2;DP4=0,0,12,0;MQ=60;RB=6,24149600,24149882,TGA,GTC
18	76879108	NA	CTG	C	220	MASKED;GGTTAAAACTGTTTTAAC	INDEL;IDV=9;IMF=1;DP=9;VDB=5.52906e-06;SGB=-0.662043;MQ0F=0;AC=2;AN=2;DP4=0,0,9,0;MQ=60;RB=18,76879038,76879321,GGC,CGT
X	119358546	NA	ATTGGGTTT	A	225	PASS;CAGAGGGAATTGGGTTTT	INDEL;IDV=10;IMF=1;DP=10;VDB=0.952152;SGB=-0.670168;MQSB=0.952347;MQ0F=0;AC=2;AN=2;DP4=0,0,5,5;MQ=60;RB=X,119358425,119358663,GGA,CAT
7	125642039	NA	TA	T	86	NEI_IND[15/309];TAGATAGATAGATAGATA	INDEL;IDV=5;IMF=1;DP=5;VDB=0.00187095;SGB=-0.590765;MQ0F=0;AC=2;AN=2;DP4=0,0,5,0;MQ=60;RB=7,125641907,125642299,TAC,GCG
18	2444898	NA	TA	T	14.5685	MASKED;CAACGTCATAAAAAAAAA	INDEL;IDV=11;IMF=1;DP=11;VDB=3.54163e-08;SGB=-0.676189;MQ0F=0;AC=2;AN=2;DP4=0,0,0,11;MQ=60;RB=18,2444671,2444938,AAC,TCT
15	31161605	NA	CAAAAAAAA	CA,C	61	NEI_IND[14/335];CTCCGTCTCAAAAAAAAA	INDEL;IDV=5;IMF=1;DP=5;VDB=0.00187095;SGB=-0.590765;MQ0F=0;AC=1,1;AN=2;DP4=0,0,5,0;MQ=60;RB=15,31161581,31161750,GGT,TCT
12	40030728	NA	A	ATTTT	103	PASS;TCTTTTTAATTTTTTTAA	INDEL;IDV=6;IMF=1;DP=6;VDB=0.000411984;SGB=-0.616816;MQ0F=0;AC=2;AN=2;DP4=0,0,6,0;MQ=60;RB=12,40030715,40031346,ATG,ATT
8	15340827	NA	TTG	T	134	NEI_IND[12/319];CACTGTTTTTGTTGTTGT	INDEL;IDV=11;IMF=1;DP=11;VDB=6.99472e-07;SGB=-0.670168;MQ0F=0;AC=2;AN=2;DP4=0,0,10,0;MQ=60;RB=8,15340701,15340995,AGT,ATA
4	23188878	NA	TA	T	98	PASS;TTTTATAATATTTTTCTA	INDEL;IDV=7;IMF=1;DP=7;VDB=6.71664e-05;SGB=-0.636426;MQ0F=0;AC=2;AN=2;DP4=0,0,0,7;MQ=60;RB=4,23188695,23188901,CCG,GAG
20	46330398	NA	C	CA	113	PASS;TGTAATAACCCCAAACTG	INDEL;IDV=12;IMF=1;DP=12;VDB=0.972931;SGB=-0.670168;MQSB=1.00775;MQ0F=0;AC=2;AN=2;DP4=0,0,6,4;MQ=60;RB=20,46330286,46330523,GGA,GAC
2	84694406	NA	C	CT	17.4922	PASS;CTTACAATCTTTTTTTTA	INDEL;IDV=8;IMF=1;DP=8;VDB=1.33331e-05;SGB=-0.651104;MQ0F=0;AC=2;AN=2;DP4=0,0,0,8;MQ=60;RB=2,84694205,84694447,GGC,ACT
12	16395303	NA	GACTTTTAACCCA	G	154	NEI_IND[16/352];GTATCAGGGACTTTTAAC	INDEL;IDV=4;IMF=0.666667;DP=4;VDB=0.0058656;SGB=-0.556411;MQ0F=0;AC=2;AN=2;DP4=0,0,0,4;MQ=60;RB=12,16395061,16395338,TAG,TGG
2	82953046	NA	TA	T	113	PASS;ATTATAATTAGACTTTAT	INDEL;IDV=6;IMF=1;DP=6;VDB=0.000411984;SGB=-0.616816;MQ0F=0;AC=2;AN=2;DP4=0,0,6,0;MQ=60;RB=2,82953031,82953274,CTG,GCT
2	230151545	NA	TAG	T	225	PASS;AAAGCATCTAGATCAGCC	INDEL;IDV=12;IMF=1;DP=12;VDB=2.26006e-08;SGB=-0.680642;MQ0F=0;AC=2;AN=2;DP4=0,0,12,0;MQ=60;RB=2,230151431,230151729,GGA,GTT
5	92310144	NA	AC	A	124	PASS;GATATACTACACACACTT	INDEL;IDV=7;IMF=1;DP=7;VDB=6.71664e-05;SGB=-0.636426;MQ0F=0;AC=2;AN=2;DP4=0,0,7,0;MQ=60;RB=5,92310112,92310323,GAC,GCC
17	80857226	NA	CGT	C	83	MASKED;CCTCAGTGCGTGTCCGCA	INDEL;IDV=13;IMF=1;DP=13;VDB=2.26006e-08;SGB=-0.680642;MQ0F=0;AC=2;AN=2;DP4=0,0,0,12;MQ=60;RB=17,80857009,80857358,GAC,AGT
14	86440416	NA	TC	T	137	PASS;AGCTTTGTTCCGTTGCTG	INDEL;IDV=11;IMF=1;DP=11;VDB=2.26006e-08;SGB=-0.676189;MQ0F=0;AC=2;AN=2;DP4=0,0,11,0;MQ=60;RB=14,86440313,86440644,CTT,GAG
5	13597801	NA	AT	A	8.99861	PASS;CCTGGCTAATTTTTTTTT	INDEL;IDV=12;IMF=1;DP=12;VDB=2.26006e-08;SGB=-0.680642;MQ0F=0;AC=2;AN=2;DP4=0,0,12,0;MQ=60;RB=5,13597718,13597950,GTC,TAT
7	69553595	NA	GT	G	71	PASS;GTTTGTTTGTTTTGTTTT	INDEL;IDV=7;IMF=1;DP=7;VDB=6.71664e-05;SGB=-0.636426;MQ0F=0;AC=2;AN=2;DP4=0,0,0,7;MQ=60;RB=7,69553191,69553650,CTG,AAT
16	55424984	NA	CA	C	112	PASS;GAGCGTGACATATTTTTA	INDEL;IDV=6;IMF=1;DP=6;VDB=0.000481013;SGB=-0.616816;MQ0F=0;AC=2;AN=2;DP4=0,0,0,6;MQ=60;RB=16,55424778,55424998,AGC,GAG
6	154513486	NA	GTATGCA	G	225	MASKED;GTGTGTGTGTATGCATGT	INDEL;IDV=9;IMF=1;DP=9;VDB=5.52906e-06;SGB=-0.662043;MQ0F=0;AC=2;AN=2;DP4=0,0,0,9;MQ=60;RB=6,154513242,154513502,GAG,CGT
13	50792082	NA	A	AT	20.4535	PASS;TTTTTTATATTTTTTTGT	INDEL;IDV=6;IMF=1;DP=6;VDB=0.000411984;SGB=-0.616816;MQ0F=0;AC=2;AN=2;DP4=0,0,6,0;MQ=60;RB=13,50791987,50792244,CTG,ATA
X	94125127	NA	C	CT	83	PASS;GAAGTTTACTGAAAAAAT	INDEL;IDV=5;IMF=1;DP=5;VDB=0.00187095;SGB=-0.590765;MQ0F=0;AC=2;AN=2;DP4=0,0,0,5;MQ=60;RB=X,94124938,94125199,ACC,GGA
X	131860918	NA	A	AT	12.6563	PASS;TATCCACAATTTTTTTTT	INDEL;IDV=8;IMF=1;DP=8;VDB=1.33331e-05;SGB=-0.651104;MQ0F=0;AC=2;AN=2;DP4=0,0,0,8;MQ=60;RB=X,131860613,131860935,GAT,TGC
2	71799356	NA	AGCACAT	A	182	NEI_IND[21/385];TCACACCCAGCACATGCA	INDEL;IDV=5;IMF=1;DP=5;VDB=0.00187095;SGB=-0.590765;MQ0F=0;AC=2;AN=2;DP4=0,0,5,0;MQ=60;RB=2,71799344,71799557,GTT,AAT
2	133824604	NA	TTA	T	70	MASKED;TTTATTTTTTATTTTTTT	INDEL;IDV=4;IMF=1;DP=4;VDB=0.0058656;SGB=-0.556411;MQ0F=0;AC=2;AN=2;DP4=0,0,4,0;MQ=60;RB=2,133824474,133824781,CCG,TCT
6	50792750	NA	G	GA	13.6076	PASS;ACCTTGCTGAAAAAAAAT	INDEL;IDV=6;IMF=1;DP=6;VDB=0.000411984;SGB=-0.616816;MQ0F=0;AC=2;AN=2;DP4=0,0,6,0;MQ=60;RB=6,50792726,50793020,CCT,TAT
8	5846919	NA	C	CA	97	PASS;TTTTATTTCTATATTTGT	INDEL;IDV=6;IMF=1;DP=6;VDB=0.000411984;SGB=-0.616816;MQ0F=0;AC=2;AN=2;DP4=0,0,0,6;MQ=60;RB=8,5846746,5846949,ACC,ATT
11	2751676	NA	G	GC	173	PASS;TGGCTTGTGGCCTTTCCC	INDEL;IDV=13;IMF=1;DP=13;VDB=2.26006e-08;SGB=-0.683931;MQ0F=0;AC=2;AN=2;DP4=0,0,0,13;MQ=60;RB=11,2751421,2751758,TTT,ACG
1	31834610	NA	G	GT	18.4763	PASS;CCATAGGTGTTTTTTTTG	INDEL;IDV=11;IMF=1;DP=11;VDB=1.24888e-06;SGB=-0.670168;MQ0F=0;AC=2;AN=2;DP4=0,0,0,10;MQ=60;RB=1,31834374,31834710,TTG,CTA
1	31834633	NA	ATTAT	A	199	NEI_IND[68/197];AGGGGGAGATTATTTATT	INDEL;IDV=11;IMF=1;DP=11;VDB=4.42314e-08;SGB=-0.676189;MQ0F=0;AC=2;AN=2;DP4=0,0,0,11;MQ=60;RB=1,31834374,31834710,TTG,CTA
2	16159881	NA	AT	A	125	PASS;AAAGGGAAATTATTCCCT	INDEL;IDV=9;IMF=1;DP=9;VDB=5.52906e-06;SGB=-0.662043;MQ0F=0;AC=2;AN=2;DP4=0,0,0,9;MQ=60;RB=2,16159664,16159999,GTA,CCC
6	33933228	NA	TTTCC	T	168	NEI_IND[49/360];TCCTTTTCTTTCCTTCCT	INDEL;IDV=5;IMF=1;DP=5;VDB=0.00328271;SGB=-0.590765;MQ0F=0;AC=2;AN=2;DP4=0,0,0,5;MQ=60;RB=6,33933031,33933340,ATA,TTT
6	33933290	NA	C	CTTCT	182	NEI_IND[10/399];TTCCTTTCCTTCTTTCTT	INDEL;IDV=4;IMF=0.8;DP=5;VDB=0.003065;SGB=-0.590765;MQ0F=0;AC=2;AN=2;DP4=0,0,0,5;MQ=60;RB=6,33933031,33933340,ATA,TTT
20	46330398	NA	C	CA	141	PASS;TGTAATAACCCCAAACTG	INDEL;IDV=16;IMF=1;DP=16;VDB=0.996547;SGB=-0.688148;MQSB=1;MQ0F=0;AC=2;AN=2;DP4=0,0,8,7;MQ=60;RB=20,46330286,46330524,ACT,AGA
2	75438784	NA	GAGAA	G	198	MASKED;GAGAGAGAGAGAAAGAGA	INDEL;IDV=6;IMF=1;DP=6;VDB=0.000411984;SGB=-0.616816;MQ0F=0;AC=2;AN=2;DP4=0,0,6,0;MQ=60;RB=2,75438651,75439012,AAT,TCA
16	80750936	NA	TGCAC	T	170	PASS;TGGATGGATGCACGGATG	INDEL;IDV=5;IMF=1;DP=5;VDB=0.00187095;SGB=-0.590765;MQ0F=0;AC=2;AN=2;DP4=0,0,0,5;MQ=60;RB=16,80750407,80750947,GGT,ATA
11	92022700	NA	CACAT	C	170	MASKED;CACACACACACATATATA	INDEL;IDV=7;IMF=1;DP=7;VDB=0.000481013;SGB=-0.616816;MQ0F=0;AC=2;AN=2;DP4=0,0,0,6;MQ=60;RB=11,92022257,92022712,ACC,GTC
20	7356702	NA	CGT	C	219	MASKED;ATTAATATCGTTTTTTTA	INDEL;IDV=9;IMF=1;DP=9;VDB=6.61498e-06;SGB=-0.662043;MQ0F=0;AC=2;AN=2;DP4=0,0,9,0;MQ=60;RB=20,7356580,7356991,TAT,CAC
2	230151545	NA	TAG	T	186	PASS;AAAGCATCTAGATCAGCC	INDEL;IDV=7;IMF=1;DP=7;VDB=6.71664e-05;SGB=-0.636426;MQ0F=0;AC=2;AN=2;DP4=0,0,7,0;MQ=60;RB=2,230151431,230151728,GTT,CTG
22	25470555	NA	TGC	T	210	MASKED;TGTGTGTGTGCGTGTATA	INDEL;IDV=9;IMF=1;DP=9;VDB=5.52906e-06;SGB=-0.662043;MQ0F=0;AC=2;AN=2;DP4=0,0,9,0;MQ=60;RB=22,25470542,25470744,GAC,GTT
12	18401236	NA	GT	G	155	PASS;CGGGCGCGGTGGCTCACG	INDEL;IDV=11;IMF=1;DP=11;VDB=2.26006e-08;SGB=-0.676189;MQ0F=0;AC=2;AN=2;DP4=0,0,11,0;MQ=60;RB=12,18401172,18401441,TAT,ACC
2	50806328	NA	C	CT	44.4146	PASS;AGCAAGTGCTTTTTGGGC	INDEL;IDV=6;IMF=1;DP=6;VDB=0.000411984;SGB=-0.616816;MQ0F=0;AC=2;AN=2;DP4=0,0,6,0;MQ=60;RB=2,50806304,50806516,GTA,CCA
X	16487774	NA	ACACGCG	A	225	NEI_IND[12/333];GTGCACACACACGCGCAC	INDEL;IDV=10;IMF=0.833333;DP=12;VDB=6.99472e-07;SGB=-0.670168;MQ0F=0;AC=2;AN=2;DP4=0,0,10,0;MQ=60;RB=X,16487757,16488090,CTT,TGT
X	94125127	NA	C	CT	130	PASS;GAAGTTTACTGAAAAAAT	INDEL;IDV=12;IMF=1;DP=12;VDB=2.26006e-08;SGB=-0.676189;MQ0F=0;AC=2;AN=2;DP4=0,0,0,11;MQ=60;RB=X,94124937,94125199,TAA,GCA
1	193834773	NA	T	TTCTAGAAGAC	48.4146	NEI_IND[13/382];TGTTTTTGTTATGTTAAT	INDEL;IDV=6;IMF=1;DP=6;VDB=0.000411984;SGB=-0.616816;MQ0F=0;AC=2;AN=2;DP4=0,0,6,0;MQ=60;RB=1,193834681,193835041,CAT,TAC
5	25609914	NA	TC	T	117	PASS;AATAAGCCTCCTAAGAGG	INDEL;IDV=12;IMF=1;DP=12;VDB=0.000411984;SGB=-0.616816;MQ0F=0;AC=2;AN=2;DP4=0,0,6,0;MQ=60;RB=5,25609824,25610043,CTA,TGT
1	106216942	NA	TC	T	120	PASS;ATGGGATTTCCCAGTTGA	INDEL;IDV=9;IMF=1;DP=9;VDB=5.52906e-06;SGB=-0.662043;MQ0F=0;AC=2;AN=2;DP4=0,0,9,0;MQ=60;RB=1,106216885,106217186,TAC,TAA
5	25609914	NA	TC	T	149	PASS;AATAAGCCTCCTAAGAGG	INDEL;IDV=20;IMF=1;DP=20;VDB=6.99472e-07;SGB=-0.670168;MQ0F=0;AC=2;AN=2;DP4=0,0,10,0;MQ=60;RB=5,25609824,25610042,TGA,GGG
3	68555613	NA	C	CAGAG	225	PASS;TCAACACACACACACAGA	INDEL;IDV=14;IMF=0.933333;DP=15;VDB=2.26006e-08;SGB=-0.686358;MQ0F=0;AC=2;AN=2;DP4=0,0,0,14;MQ=60;RB=3,68555390,68555747,AAT,CAA
5	27438429	NA	AT	A	45.4146	PASS;AAAGTGTGATTTTTTGTT	INDEL;IDV=16;IMF=1;DP=16;VDB=9.34903e-08;SGB=-0.686358;MQ0F=0;AC=2;AN=2;DP4=0,0,0,14;MQ=60;RB=5,27438284,27438508,TAA,CAA
5	50180816	NA	G	GT	175	PASS;TTCCCATTGTCTTCCCAC	INDEL;IDV=14;IMF=1;DP=14;VDB=2.26006e-08;SGB=-0.686358;MQ0F=0;AC=2;AN=2;DP4=0,0,0,14;MQ=60;RB=5,50180488,50180861,GAT,CCG
11	92022700	NA	CACAT	C	152	MASKED;CACACACACACATATATA	INDEL;IDV=5;IMF=0.833333;DP=5;VDB=0.00215942;SGB=-0.590765;MQ0F=0;AC=2;AN=2;DP4=0,0,0,5;MQ=60;RB=11,92022257,92022713,CTC,CAT
