CHROM	POS	ID	REF	ALT	QUAL	FILTER	INFO
17	31971974	NA	TGATA	T	225	PASS;ATGTCGGTTGATAGATAG	INDEL;IDV=18;IMF=1;DP=18;VDB=1.29641e-11;SGB=-0.691153;MQ0F=0;AC=2;AN=2;DP4=0,0,0,18;MQ=60;RB=17,31971757,31972086,GAT,GCT
8	116774970	NA	CTGCATGCTAT	C	225	PASS;CACAGAGCCTGCATGCTA	INDEL;IDV=21;IMF=1;DP=21;VDB=1.30483e-15;SGB=-0.692352;MQ0F=0;AC=2;AN=2;DP4=0,0,21,0;MQ=60;RB=8,116774845,116775267,GAT,CTC
5	37124382	NA	AC	A	167	NEI_IND[69/419];TAATCTAAACTGTAATCT	INDEL;IDV=19;IMF=1;DP=19;VDB=1.29641e-11;SGB=-0.691153;MQ0F=0;AC=2;AN=2;DP4=0,0,18,0;MQ=60;RB=5,37124247,37124705,TCT,AGG
6	156237975	NA	AC	A	148	MASKED;GTAAAAAAACGTGCTCTT	INDEL;IDV=14;IMF=0.933333;DP=15;VDB=2.26006e-08;SGB=-0.680642;MQ0F=0;AC=2;AN=2;DP4=0,0,0,12;MQ=60;RB=6,156237602,156238106,GTA,GCG
4	171438844	NA	G	GA	101	PASS;TTACCAGTGAAATGCTGG	INDEL;IDV=18;IMF=0.9;DP=20;VDB=2.63505e-13;SGB=-0.691153;MQ0F=0;AC=2;AN=2;DP4=2,0,18,0;MQ=60;RB=4,171438778,171439065,CAT,AGA
6	10433458	NA	TGTGCCATGCATTGTTACA	T	225	PASS;ATCTTCCGTGTGCCATGC	INDEL;IDV=11;IMF=1;DP=11;VDB=2.26006e-08;SGB=-0.676189;MQ0F=0;AC=2;AN=2;DP4=0,0,11,0;MQ=60;RB=6,10433372,10433657,AGC,AGG
4	11093398	NA	G	GT	46.4146	PASS;TGGGGGGGGGGGCATTGA	INDEL;IDV=18;IMF=0.9;DP=20;VDB=0.999996;SGB=-0.691153;MQSB=1;MQ0F=0;AC=2;AN=2;DP4=0,0,9,9;MQ=60;RB=4,11093277,11093530,AGG,GGA
8	90149865	NA	AG	A	171	PASS;ACAGACAGAGTAGATAGA	INDEL;IDV=28;IMF=1;DP=28;VDB=1.30483e-15;SGB=-0.693054;MQ0F=0;AC=2;AN=2;DP4=0,0,28,0;MQ=60;RB=8,90149730,90150015,GAT,TTA
15	33003906	NA	CAT	C	225	MASKED;TGCACACACATACACATG	INDEL;IDV=29;IMF=1;DP=29;VDB=1.30483e-15;SGB=-0.692976;MQ0F=0;AC=2;AN=2;DP4=0,0,0,26;MQ=60;RB=15,33003595,33003919,ATA,CCA
9	83607417	NA	TG	T	173	PASS;TATGTTTTTGCTATCGAG	INDEL;IDV=24;IMF=1;DP=24;VDB=1.30483e-15;SGB=-0.692831;MQ0F=0;AC=2;AN=2;DP4=0,0,0,24;MQ=60;RB=9,83607081,83607467,GTC,CTG
13	85203994	NA	TTTTC	T	225	MASKED;AGTAAGATTTTTCTTTCT	INDEL;IDV=8;IMF=1;DP=8;VDB=1.33331e-05;SGB=-0.651104;MQ0F=0;AC=2;AN=2;DP4=0,0,8,0;MQ=60;RB=13,85203965,85204199,CTG,GGA
X	96114609	NA	CTTAT	C	225	MASKED;AATAGATTCTTATTTATT	INDEL;IDV=22;IMF=0.956522;DP=22;VDB=4.21255e-15;SGB=-0.692562;MQ0F=0;AC=2;AN=2;DP4=0,0,0,22;MQ=60;RB=X,96114301,96114692,AAT,GCT
1	188371296	NA	CA	C	9.88465	MASKED;AACTTTACCAAAAAAAAT	INDEL;IDV=30;IMF=0.909091;DP=33;VDB=4.70205e-20;SGB=-0.69311;MQ0F=0;AC=2;AN=2;DP4=0,0,31,0;MQ=60;RB=1,188371165,188371481,GTA,GAA
1	188371296	NA	CA	C	14.5685	MASKED;AACTTTACCAAAAAAAAT	INDEL;IDV=21;IMF=0.954545;DP=22;VDB=1.30483e-15;SGB=-0.692352;MQ0F=0;AC=2;AN=2;DP4=0,0,21,0;MQ=60;RB=1,188371166,188371481,GCG,AGA
18	10305333	NA	AT	A	110	PASS;GAACGAAAATTCATTTAT	INDEL;IDV=7;IMF=1;DP=7;VDB=6.71664e-05;SGB=-0.636426;MQ0F=0;AC=2;AN=2;DP4=0,0,0,7;MQ=60;RB=18,10305116,10305343,GAG,ATG
X	96763963	NA	AAC	A	225	NEI_IND[7/221];ACAACAACAACAAAAAAA	INDEL;IDV=14;IMF=0.875;DP=16;VDB=5.54297e-10;SGB=-0.688148;MQ0F=0;AC=2;AN=2;DP4=0,0,0,15;MQ=60;RB=X,96763710,96764097,ACC,AAT
X	96764011	NA	G	GTTAT	225	NEI_IND[12/198];CATACAAAGTTATTTATT	INDEL;IDV=17;IMF=0.944444;DP=18;VDB=6.01517e-11;SGB=-0.691153;MQ0F=0;AC=2;AN=2;DP4=0,0,0,18;MQ=60;RB=X,96763710,96764097,ACC,AAT
15	60280518	NA	GC	G	137	PASS;GCCAGCCAGCCCAGCCAG	INDEL;IDV=16;IMF=1;DP=16;VDB=1.29641e-11;SGB=-0.689466;MQ0F=0;AC=2;AN=2;DP4=0,0,16,0;MQ=60;RB=15,60280383,60280696,GGC,GGA
12	16395303	NA	GACTTTTAACCCA	G	225	NEI_IND[56/456];GTATCAGGGACTTTTAAC	INDEL;IDV=16;IMF=1;DP=16;VDB=6.37193e-11;SGB=-0.689466;MQ0F=0;AC=2;AN=2;DP4=0,0,0,16;MQ=60;RB=12,16395061,16395338,ATG,GCG
4	162596888	NA	TG	T	160	MASKED;AAGGAAATTGTTTTTTTA	INDEL;IDV=22;IMF=0.956522;DP=23;VDB=1.30483e-15;SGB=-0.692562;MQ0F=0;AC=2;AN=2;DP4=0,0,22,0;MQ=60;RB=4,162596755,162597047,CCC,TTT
6	154513486	NA	GTATGCA	G	224	MASKED;GTGTGTGTGTATGCATGT	INDEL;IDV=7;IMF=1;DP=7;VDB=6.71664e-05;SGB=-0.636426;MQ0F=0;AC=2;AN=2;DP4=0,0,0,7;MQ=60;RB=6,154513241,154513501,GGT,CCG
4	98878303	NA	AATATATATGAAAT	A	205	MASKED;ACATGTGAAATATATATG	INDEL;IDV=6;IMF=1;DP=6;VDB=0.000411984;SGB=-0.616816;MQ0F=0;AC=2;AN=2;DP4=0,0,0,6;MQ=60;RB=4,98877720,98878424,CTA,AGG
1	193834773	NA	T	TTCTAGAAGAC	136	NEI_IND[32/437];TGTTTTTGTTATGTTAAT	INDEL;IDV=21;IMF=1;DP=21;VDB=2.63505e-13;SGB=-0.692067;MQ0F=0;AC=2;AN=2;DP4=0,0,20,0;MQ=60;RB=1,193834681,193835041,CCT,GTC
7	97124088	NA	AT	A	132	PASS;TAAAAAACATACATCAGG	INDEL;IDV=8;IMF=1;DP=8;VDB=1.33331e-05;SGB=-0.651104;MQ0F=0;AC=2;AN=2;DP4=0,0,0,8;MQ=60;RB=7,97123888,97124121,GTT,GCA
13	41783795	NA	TG	T	132	PASS;TATTTACCTGGGTCTTCT	INDEL;IDV=14;IMF=1;DP=14;VDB=2.7432e-08;SGB=-0.683931;MQ0F=0;AC=2;AN=2;DP4=0,0,13,0;MQ=60;RB=13,41783751,41784205,TCC,TGA
3	153918190	NA	TC	T	93	PASS;TTCTTTTTTCTGCTCCAC	INDEL;IDV=7;IMF=1;DP=7;VDB=0.000411984;SGB=-0.616816;MQ0F=0;AC=2;AN=2;DP4=0,0,6,0;MQ=60;RB=3,153918064,153918731,CAT,AAG
21	33360995	NA	TTC	T	225	MASKED;TCTTTCTTTTCTTTTTCT	INDEL;IDV=15;IMF=0.9375;DP=16;VDB=1.63308e-11;SGB=-0.689466;MQ0F=0;AC=2;AN=2;DP4=0,0,16,0;MQ=60;RB=21,33360861,33361195,ACA,GTA
X	7429738	NA	ATAAT	A	224	PASS;TGTTGAAAATAATTAATT	INDEL;IDV=7;IMF=1;DP=7;VDB=6.71664e-05;SGB=-0.636426;MQ0F=0;AC=2;AN=2;DP4=0,0,0,7;MQ=60;RB=X,7429575,7429786,CCA,GTT
7	112662357	NA	C	CT	27.4221	PASS;TCTCTCCACTTTTTTTGA	INDEL;IDV=18;IMF=1;DP=18;VDB=1.29641e-11;SGB=-0.691153;MQ0F=0;AC=2;AN=2;DP4=0,0,18,0;MQ=60;RB=7,112662323,112662608,CTA,GTA
9	6397603	NA	AG	A	150	PASS;AGAAAGAAAGAAAGAAAA	INDEL;IDV=14;IMF=1;DP=14;VDB=2.26006e-08;SGB=-0.686358;MQ0F=0;AC=2;AN=2;DP4=0,0,14,0;MQ=60;RB=9,6397468,6397994,CTG,ATG
1	193834773	NA	T	TTCTAGAAGAC	177	NEI_IND[32/437];TGTTTTTGTTATGTTAAT	INDEL;IDV=26;IMF=1;DP=26;VDB=2.09058e-15;SGB=-0.692562;MQ0F=0;AC=2;AN=2;DP4=0,0,22,0;MQ=60;RB=1,193834681,193835042,CTA,TAA
5	166014770	NA	AG	A	76	PASS;AGAGGGACAGGACAGTCA	INDEL;IDV=4;IMF=1;DP=4;VDB=0.0058656;SGB=-0.556411;MQ0F=0;AC=2;AN=2;DP4=0,0,4,0;MQ=60;RB=5,166014723,166014927,CCG,TCT
8	104330246	NA	CA	C	81	PASS;TTAACAGCCAAATGGAGT	INDEL;IDV=5;IMF=1;DP=5;VDB=0.00187095;SGB=-0.590765;MQ0F=0;AC=2;AN=2;DP4=0,0,5,0;MQ=60;RB=8,104330217,104330471,GGG,TGA
17	50611982	NA	ATAAGTGTGC	A	225	PASS;AGTTCTGAATAAGTGTGC	INDEL;IDV=22;IMF=1;DP=22;VDB=1.30483e-15;SGB=-0.692562;MQ0F=0;AC=2;AN=2;DP4=0,0,0,22;MQ=60;RB=17,50611683,50612087,TTT,GGT
21	10841753	NA	ACAGACTCAAG	A	225	MASKED;GGAATGGAACAGACTCAA	INDEL;IDV=24;IMF=0.923077;DP=26;VDB=1.30483e-15;SGB=-0.692831;MQ0F=0;AC=2;AN=2;DP4=0,0,24,0;MQ=60;RB=21,10841623,10841962,GGA,TCG
21	10841904	NA	AGGAAT	A	225	NEI_IND[396/712];GACTCGAAAGGAATGGAA	INDEL;IDV=25;IMF=0.925926;DP=27;VDB=5.97399e-14;SGB=-0.692914;MQ0F=0;AC=2;AN=2;DP4=0,0,0,25;MQ=58;RB=21,10841623,10841962,GGA,TCG
17	15984254	NA	CT	C	153	PASS;GGATATGTCTTCTAAAAT	INDEL;IDV=28;IMF=0.965517;DP=28;VDB=1.30483e-15;SGB=-0.692976;MQ0F=0;AC=2;AN=2;DP4=0,0,0,26;MQ=60;RB=17,15983897,15984328,GCT,CTT
1	188371296	NA	CA	C	15.5372	MASKED;AACTTTACCAAAAAAAAT	INDEL;IDV=18;IMF=0.947368;DP=19;VDB=1.57797e-11;SGB=-0.69168;MQ0F=0;AC=2;AN=2;DP4=0,0,19,0;MQ=60;RB=1,188371165,188371481,GGT,GGA
18	38630251	NA	CAT	C	225	NEI_IND[4/367];CACATACACATACACACA	INDEL;IDV=31;IMF=0.96875;DP=32;VDB=3.75937e-20;SGB=-0.69311;MQ0F=0;AC=2;AN=2;DP4=0,0,31,0;MQ=60;RB=18,38630135,38630531,ATG,CGT
4	156622180	NA	TG	T	167	PASS;TTGAATCCTGCTTATAAT	INDEL;IDV=17;IMF=1;DP=17;VDB=1.29641e-11;SGB=-0.689466;MQ0F=0;AC=2;AN=2;DP4=0,0,0,16;MQ=60;RB=4,156621817,156622262,TGT,GGA
2	9271256	NA	CCATTA	C	225	NEI_IND[70/279];ATGTAATCCCATTACAAC	INDEL;IDV=21;IMF=1;DP=21;VDB=1.30483e-15;SGB=-0.692352;MQ0F=0;AC=2;AN=2;DP4=0,0,21,0;MQ=60;RB=2,9271192,9271466,GCT,CAG
2	9271454	NA	C	CCA	92	NEI_IND[12/435];ACAAGATCCCCCCCCAAA	INDEL;IDV=21;IMF=1;DP=21;VDB=1.30483e-15;SGB=-0.692352;MQ0F=0;AC=2;AN=2;DP4=0,0,0,21;MQ=60;RB=2,9271192,9271466,GCT,CAG
14	53349869	NA	TCAAA	T	225	MASKED;ACTCTATCTCAAACAAAC	INDEL;IDV=20;IMF=1;DP=20;VDB=5.03761e-13;SGB=-0.692067;MQ0F=0;AC=2;AN=2;DP4=0,0,20,0;MQ=60;RB=14,53349838,53350152,TTC,CCG
1	188371296	NA	CA	C	15.5372	MASKED;AACTTTACCAAAAAAAAT	INDEL;IDV=19;IMF=1;DP=19;VDB=1.29641e-11;SGB=-0.69168;MQ0F=0;AC=2;AN=2;DP4=0,0,19,0;MQ=60;RB=1,188371165,188371481,TGA,GGT
1	188371296	NA	CA	C	18.4763	MASKED;AACTTTACCAAAAAAAAT	INDEL;IDV=15;IMF=0.9375;DP=16;VDB=4.49525e-10;SGB=-0.688148;MQ0F=0;AC=2;AN=2;DP4=0,0,15,0;MQ=60;RB=1,188371165,188371481,CCA,GGT
4	30754444	NA	GA	G	25.4267	MASKED;AAAAAAAAGAAAAAAAGA	INDEL;IDV=12;IMF=1;DP=12;VDB=0.000108203;SGB=-0.651104;MQ0F=0;AC=2;AN=2;DP4=0,0,0,8;MQ=60;RB=4,30754273,30754534,CAC,GTC
4	185554717	NA	GC	G	79	PASS;ATCCTCCTGCCTTGGCCT	INDEL;IDV=8;IMF=1;DP=8;VDB=1.33331e-05;SGB=-0.651104;MQ0F=0;AC=2;AN=2;DP4=0,0,0,8;MQ=60;RB=4,185554551,185554814,AAT,GAT
3	54131013	NA	TC	T	52	NEI_IND[5/279];CTTCTTTCTCTTCTTTCT	INDEL;IDV=24;IMF=1;DP=24;VDB=0.0221621;SGB=-0.511536;MQ0F=0;AC=2;AN=2;DP4=0,0,0,3;MQ=60;RB=3,54130686,54131127,CTT,TAA
5	97551559	NA	TTACA	T	225	PASS;AAAAAATGTTACATATAT	INDEL;IDV=22;IMF=1;DP=22;VDB=1.30483e-15;SGB=-0.692562;MQ0F=0;AC=2;AN=2;DP4=0,0,0,22;MQ=60;RB=5,97551097,97551596,CGT,GGT
1	193834773	NA	T	TTCTAGAAGAC	135	NEI_IND[32/437];TGTTTTTGTTATGTTAAT	INDEL;IDV=33;IMF=1;DP=33;VDB=1.30483e-15;SGB=-0.693079;MQ0F=0;AC=2;AN=2;DP4=0,0,29,0;MQ=60;RB=1,193834681,193835041,GTT,CAG
5	37124382	NA	AC	A	170	NEI_IND[69/419];TAATCTAAACTGTAATCT	INDEL;IDV=21;IMF=1;DP=21;VDB=1.30483e-15;SGB=-0.692352;MQ0F=0;AC=2;AN=2;DP4=0,0,21,0;MQ=60;RB=5,37124247,37124706,GTT,CAA
8	112820646	NA	CA	C	18.4763	MASKED;CGCTTTGGCAAAAAAAAT	INDEL;IDV=14;IMF=1;DP=14;VDB=2.26006e-08;SGB=-0.686358;MQ0F=0;AC=2;AN=2;DP4=0,0,14,0;MQ=60;RB=8,112820633,112820906,TCT,CGG
6	78918933	NA	AT	A	8.99861	MASKED;TGTCTTTCATTTTTTTTT	INDEL;IDV=22;IMF=0.916667;DP=23;VDB=1.30483e-15;SGB=-0.692562;MQ0F=0;AC=2;AN=2;DP4=0,0,22,0;MQ=60;RB=6,78918810,78919168,CCG,ACG
6	78919120	NA	A	ATTTTTTTT,ATTTTTTTTT	192	NEI_IND[33/513];CCGGGTAAATTTTTTTTT	INDEL;IDV=23;IMF=1;DP=23;VDB=1.21825e-10;SGB=-0.690438;MQ0F=0;AC=1,1;AN=2;DP4=0,0,0,17;MQ=59;RB=6,78918810,78919168,CCG,ACG
5	32891267	NA	ATAGAAT	A	225	PASS;GTTAGGCCATAGAATTAG	INDEL;IDV=9;IMF=1;DP=9;VDB=5.52906e-06;SGB=-0.662043;MQ0F=0;AC=2;AN=2;DP4=0,0,0,9;MQ=60;RB=5,32891097,32891343,TCG,ATT
1	188371296	NA	CA	C	17.4922	MASKED;AACTTTACCAAAAAAAAT	INDEL;IDV=16;IMF=0.941176;DP=17;VDB=1.29641e-11;SGB=-0.689466;MQ0F=0;AC=2;AN=2;DP4=0,0,16,0;MQ=60;RB=1,188371165,188371480,CCT,GTG
6	154513486	NA	GTATGCA	G	225	MASKED;GTGTGTGTGTATGCATGT	INDEL;IDV=11;IMF=1;DP=11;VDB=6.99472e-07;SGB=-0.670168;MQ0F=0;AC=2;AN=2;DP4=0,0,0,10;MQ=60;RB=6,154513242,154513502,CCC,TCT
15	60280518	NA	GC	G	139	PASS;GCCAGCCAGCCCAGCCAG	INDEL;IDV=23;IMF=1;DP=23;VDB=1.30483e-15;SGB=-0.692717;MQ0F=0;AC=2;AN=2;DP4=0,0,23,0;MQ=60;RB=15,60280383,60280695,GAG,TCG
1	109115969	NA	AC	A	146	PASS;CTTATGTGACCTCTTTAT	INDEL;IDV=19;IMF=1;DP=19;VDB=1.29641e-11;SGB=-0.69168;MQ0F=0;AC=2;AN=2;DP4=0,0,19,0;MQ=60;RB=1,109115846,109116235,AGA,ATT
9	130175468	NA	AAGAAAC	A	122	NEI_IND[13/392];GTCTCCAAAAGAAACAAA	INDEL;IDV=10;IMF=0.909091;DP=11;VDB=6.99472e-07;SGB=-0.670168;MQ0F=0;AC=2;AN=2;DP4=0,0,10,0;MQ=60;RB=9,130175337,130175606,TTT,ATG
6	162374097	NA	ATATGGAAAAGTGC	A	225	PASS;GAGTAAACATATGGAAAA	INDEL;IDV=16;IMF=1;DP=16;VDB=1.29641e-11;SGB=-0.689466;MQ0F=0;AC=2;AN=2;DP4=0,0,0,16;MQ=60;RB=6,162373610,162374195,GGG,ACT
