CHROM	POS	ID	REF	ALT	QUAL	FILTER	INFO
3	68555613	NA	C	CAGAG	225	PASS;TCAACACACACACACAGA	INDEL;IDV=12;IMF=0.923077;DP=13;VDB=2.26006e-08;SGB=-0.680642;MQ0F=0;AC=2;AN=2;DP4=0,0,0,12;MQ=60;RB=3,68555391,68555747,GGC,CTA
14	63494893	NA	TCTAA	T	225	PASS;TGGATCATTCTAACTATT	INDEL;IDV=17;IMF=1;DP=17;VDB=2.00355e-11;SGB=-0.690438;MQ0F=0;AC=2;AN=2;DP4=0,0,17,0;MQ=60;RB=14,63494814,63495284,CCT,ACA
1	188371296	NA	CA	C	19.4636	MASKED;AACTTTACCAAAAAAAAT	INDEL;IDV=12;IMF=1;DP=12;VDB=2.26006e-08;SGB=-0.680642;MQ0F=0;AC=2;AN=2;DP4=0,0,12,0;MQ=60;RB=1,188371166,188371480,TCC,CCG
9	7198175	NA	C	CTTT	194	NEI_IND[55/371];TTTCTTTTCCTTTCTTTC	INDEL;IDV=6;IMF=0.545455;DP=6;VDB=0.000411984;SGB=-0.616816;MQ0F=0;AC=2;AN=2;DP4=0,0,6,0;MQ=60;RB=9,7198089,7198377,CTA,CCT
22	16857938	NA	GCAATC	G	225	NEI_IND[42/552];CTTCGAATGCAATCGAAT	INDEL;IDV=9;IMF=1;DP=9;VDB=6.61497e-06;SGB=-0.662043;MQ0F=0;AC=2;AN=2;DP4=0,0,9,0;MQ=60;RB=22,16857932,16858281,TCC,TCT
22	16857938	NA	GCAATC	G	225	NEI_IND[42/552];CTTCGAATGCAATCGAAT	INDEL;IDV=13;IMF=1;DP=13;VDB=2.26006e-08;SGB=-0.683931;MQ0F=0;AC=2;AN=2;DP4=0,0,13,0;MQ=60;RB=22,16857932,16858280,GAC,GAG
1	188371296	NA	CA	C	17.4922	MASKED;AACTTTACCAAAAAAAAT	INDEL;IDV=16;IMF=1;DP=16;VDB=1.29641e-11;SGB=-0.689466;MQ0F=0;AC=2;AN=2;DP4=0,0,16,0;MQ=60;RB=1,188371166,188371481,AGG,ATA
11	29338353	NA	GAGAGAGAT	G	225	NEI_IND[16/242];GAGAGAGAGAGAGAGATA	INDEL;IDV=10;IMF=1;DP=10;VDB=6.99472e-07;SGB=-0.670168;MQ0F=0;AC=2;AN=2;DP4=0,0,0,10;MQ=59;RB=11,29338155,29338480,AAC,GGT
11	29338391	NA	GTA	G	102	NEI_IND[38/224];CATAGTGTGTATATATAT	INDEL;IDV=10;IMF=1;DP=10;VDB=5.52906e-06;SGB=-0.662043;MQ0F=0;AC=2;AN=2;DP4=0,0,0,9;MQ=59;RB=11,29338155,29338480,AAC,GGT
4	106501032	NA	TTG	T	124	PASS;TCTTTTGGTTGGTAGGCT	INDEL;IDV=4;IMF=1;DP=4;VDB=0.0058656;SGB=-0.556411;MQ0F=0;AC=2;AN=2;DP4=0,0,0,4;MQ=60;RB=4,106500816,106501167,AGG,AGG
1	188371296	NA	CA	C	18.4763	MASKED;AACTTTACCAAAAAAAAT	INDEL;IDV=13;IMF=1;DP=13;VDB=2.26006e-08;SGB=-0.683931;MQ0F=0;AC=2;AN=2;DP4=0,0,13,0;MQ=60;RB=1,188371165,188371481,CCA,AAT
1	69841134	NA	ATGTGTGTGTGTGTGTG	A	225	NEI_IND[9/276];CAAGGCAGATGTGTGTGT	INDEL;IDV=15;IMF=0.9375;DP=16;VDB=1.29641e-11;SGB=-0.689466;MQ0F=0;AC=2;AN=2;DP4=0,0,16,0;MQ=60;RB=1,69841042,69841389,GAT,GCC
12	60589599	NA	AAACT	A	225	PASS;TCTTATAAAAACTAACTG	INDEL;IDV=16;IMF=1;DP=16;VDB=1.29641e-11;SGB=-0.689466;MQ0F=0;AC=2;AN=2;DP4=0,0,16,0;MQ=60;RB=12,60589504,60589798,GAG,TAG
6	169465928	NA	AAG	A	38.415	NEI_IND[4/265];AAGAAAGAAAGAAAGAAA	INDEL;IDV=11;IMF=0.916667;DP=12;VDB=1.33331e-05;SGB=-0.651104;MQ0F=0;AC=2;AN=2;DP4=0,0,0,8;MQ=60;RB=6,169465770,169466057,CTG,TTG
4	13820530	NA	TG	T	134	PASS;ATTCCCATTGGGTGGAAT	INDEL;IDV=13;IMF=1;DP=13;VDB=2.26006e-08;SGB=-0.683931;MQ0F=0;AC=2;AN=2;DP4=0,0,13,0;MQ=60;RB=4,13820421,13820792,CAT,CCA
22	16857938	NA	GCAATC	G	225	NEI_IND[42/552];CTTCGAATGCAATCGAAT	INDEL;IDV=17;IMF=1;DP=17;VDB=1.29641e-11;SGB=-0.690438;MQ0F=0;AC=2;AN=2;DP4=0,0,17,0;MQ=60;RB=22,16857932,16858280,GGC,ATG
12	16815791	NA	C	CTT	225	NEI_IND[24/302];CTATCTATCTATCTATCT	INDEL;IDV=10;IMF=1;DP=10;VDB=6.99472e-07;SGB=-0.670168;MQ0F=0;AC=2;AN=2;DP4=0,0,10,0;MQ=60;RB=12,16815674,16816002,GGG,TGA
12	16815897	NA	C	CATCT	225	NEI_IND[28/392];CTCTATCACATCTATCTA	INDEL;IDV=10;IMF=1;DP=10;VDB=6.99472e-07;SGB=-0.670168;MQ0F=0;AC=2;AN=2;DP4=0,0,0,10;MQ=60;RB=12,16815674,16816002,GGG,TGA
2	4779638	NA	TATATC	T	225	MASKED;TATCTATCTATATCATCT	INDEL;IDV=8;IMF=1;DP=8;VDB=1.33331e-05;SGB=-0.651104;MQ0F=0;AC=2;AN=2;DP4=0,0,8,0;MQ=60;RB=2,4779513,4779806,CGT,AAC
12	19986929	NA	CAT	C	225	MASKED;CACACACACATACACACA	INDEL;IDV=12;IMF=0.923077;DP=13;VDB=2.26006e-08;SGB=-0.680642;MQ0F=0;AC=2;AN=2;DP4=0,0,12,0;MQ=60;RB=12,19986813,19987211,GTG,AAA
21	10841753	NA	ACAGACTCAAG	A	225	PASS;GGAATGGAACAGACTCAA	INDEL;IDV=14;IMF=0.933333;DP=15;VDB=2.26006e-08;SGB=-0.686358;MQ0F=0;AC=2;AN=2;DP4=0,0,14,0;MQ=60;RB=21,10841623,10841963,AAA,TCA
21	10841904	NA	AGGAAT	A	225	NEI_IND[408/757];GACTCGAAAGGAATGGAA	INDEL;IDV=14;IMF=0.933333;DP=14;VDB=5.43343e-07;SGB=-0.686358;MQ0F=0;AC=2;AN=2;DP4=0,0,0,14;MQ=59;RB=21,10841623,10841963,AAA,TCA
4	25543425	NA	TGA	T	225	PASS;TTTTATTATGACATAAAC	INDEL;IDV=19;IMF=1;DP=19;VDB=1.29641e-11;SGB=-0.69168;MQ0F=0;AC=2;AN=2;DP4=0,0,19,0;MQ=60;RB=4,25543417,25543771,CTC,GAG
10	91299661	NA	TC	T	157	PASS;TCTTTCTTTCTTTCTTTT	INDEL;IDV=16;IMF=0.941176;DP=17;VDB=1.29641e-11;SGB=-0.689466;MQ0F=0;AC=2;AN=2;DP4=0,0,16,0;MQ=60;RB=10,91299527,91299907,CTA,TTT
1	236068805	NA	AAC	A	69	MASKED;GAAAAAAAAACAACAACA	INDEL;IDV=11;IMF=0.916667;DP=12;VDB=6.99472e-07;SGB=-0.670168;MQ0F=0;AC=2;AN=2;DP4=0,0,10,0;MQ=60;RB=1,236068673,236069153,GCC,TGG
4	167072242	NA	AAGGCAAAGAAGATGC	A	225	NEI_IND[12/672];AGAAGAAGAAGGCAAAGA	INDEL;IDV=9;IMF=1;DP=9;VDB=5.52906e-06;SGB=-0.662043;MQ0F=0;AC=2;AN=2;DP4=0,0,0,9;MQ=60;RB=4,167071863,167072277,GAA,TGG
22	16857938	NA	GCAATC	G	225	NEI_IND[42/552];CTTCGAATGCAATCGAAT	INDEL;IDV=11;IMF=1;DP=11;VDB=3.38702e-08;SGB=-0.676189;MQ0F=0;AC=2;AN=2;DP4=0,0,11,0;MQ=60;RB=22,16857932,16858280,CCC,ATG
3	165713459	NA	ATATT	A	225	PASS;AAAGGAAAATATTTATTA	INDEL;IDV=9;IMF=1;DP=9;VDB=1.33331e-05;SGB=-0.651104;MQ0F=0;AC=2;AN=2;DP4=0,0,0,8;MQ=60;RB=3,165713261,165713575,CGT,TCT
12	78320281	NA	T	TAG	225	PASS;TAGATAGATATAGATATA	INDEL;IDV=14;IMF=0.933333;DP=15;VDB=2.70849e-08;SGB=-0.686358;MQ0F=0;AC=2;AN=2;DP4=0,0,14,0;MQ=60;RB=12,78320155,78320530,ATT,AAG
18	68798874	NA	GC	G	109	PASS;TCTAAAATGCAATGGAAT	INDEL;IDV=6;IMF=1;DP=6;VDB=0.000411984;SGB=-0.616816;MQ0F=0;AC=2;AN=2;DP4=0,0,0,6;MQ=60;RB=18,68798645,68798885,AAT,TGA
22	16857938	NA	GCAATC	G	225	NEI_IND[42/552];CTTCGAATGCAATCGAAT	INDEL;IDV=17;IMF=1;DP=17;VDB=1.61247e-11;SGB=-0.690438;MQ0F=0;AC=2;AN=2;DP4=0,0,17,0;MQ=60;RB=22,16857932,16858280,CTG,AGG
13	50592008	NA	T	TG	150	PASS;AGCCTAATTGGTGCCTAA	INDEL;IDV=12;IMF=1;DP=12;VDB=2.26006e-08;SGB=-0.676189;MQ0F=0;AC=2;AN=2;DP4=0,0,0,11;MQ=60;RB=13,50591718,50592138,GAT,GCC
9	7198175	NA	C	CTTT	205	NEI_IND[55/371];TTTCTTTTCCTTTCTTTC	INDEL;IDV=7;IMF=0.538462;DP=8;VDB=0.000411984;SGB=-0.616816;MQ0F=0;AC=2;AN=2;DP4=0,0,6,0;MQ=60;RB=9,7198089,7198377,AGT,TAT
1	166506651	NA	GATTTA	G	225	PASS;TGAGAGGAGATTTAATTT	INDEL;IDV=10;IMF=1;DP=10;VDB=6.99472e-07;SGB=-0.670168;MQ0F=0;AC=2;AN=2;DP4=0,0,0,10;MQ=60;RB=1,166506080,166506690,TTC,GTA
18	38630251	NA	CAT	C	215	NEI_IND[5/435];CACATACACATACACACA	INDEL;IDV=9;IMF=0.9;DP=9;VDB=5.52906e-06;SGB=-0.662043;MQ0F=0;AC=2;AN=2;DP4=0,0,9,0;MQ=60;RB=18,38630135,38630531,AAG,CGA
6	169465928	NA	AAG	A	42.4147	NEI_IND[4/265];AAGAAAGAAAGAAAGAAA	INDEL;IDV=18;IMF=0.9;DP=20;VDB=1.03244e-09;SGB=-0.688148;MQ0F=0;AC=2;AN=2;DP4=0,0,0,15;MQ=60;RB=6,169465770,169466058,CTC,GTT
6	4290683	NA	CA	C	15.5372	PASS;AATAAAAACAAAAAAAAT	INDEL;IDV=7;IMF=1;DP=7;VDB=0.00181155;SGB=-0.636426;MQ0F=0;AC=2;AN=2;DP4=0,0,0,7;MQ=60;RB=6,4290334,4290751,GAC,ATA
10	9885827	NA	G	GAAAT	225	PASS;GTCTTCATGAAATGAATG	INDEL;IDV=10;IMF=0.909091;DP=11;VDB=4.42314e-08;SGB=-0.676189;MQ0F=0;AC=2;AN=2;DP4=0,0,0,11;MQ=60;RB=10,9885634,9885941,GGA,CCA
2	189153710	NA	AATAC	A	100	NEI_IND[49/343];CTACTAAAAATACAAAAA	INDEL;IDV=4;IMF=1;DP=4;VDB=0.0389723;SGB=-0.511536;MQ0F=0;AC=2;AN=2;DP4=0,0,0,3;MQ=60;RB=2,189153456,189153825,GTA,TCC
14	22494572	NA	CCACCAG	C	182	PASS;TTGCCCCTCCACCAGCTC	INDEL;IDV=5;IMF=1;DP=5;VDB=0.00187095;SGB=-0.590765;MQ0F=0;AC=2;AN=2;DP4=0,0,5,0;MQ=60;RB=14,22494469,22494716,TAG,AAA
12	19986929	NA	CAT	C	185	MASKED;CACACACACATACACACA	INDEL;IDV=14;IMF=0.933333;DP=15;VDB=2.26006e-08;SGB=-0.686358;MQ0F=0;AC=2;AN=2;DP4=0,0,14,0;MQ=60;RB=12,19986813,19987211,GGC,TGT
1	188371296	NA	CA	C	18.4763	MASKED;AACTTTACCAAAAAAAAT	INDEL;IDV=14;IMF=1;DP=14;VDB=2.26006e-08;SGB=-0.686358;MQ0F=0;AC=2;AN=2;DP4=0,0,14,0;MQ=60;RB=1,188371165,188371480,CGT,CAC
12	61833017	NA	AAG	A	44.4146	PASS;AAAAAAAAAAGAAGAAGA	INDEL;IDV=8;IMF=1;DP=8;VDB=1.33331e-05;SGB=-0.651104;MQ0F=0;AC=2;AN=2;DP4=0,0,8,0;MQ=60;RB=12,61832882,61833424,TGA,TAA
6	169465928	NA	AAG	A	39.4149	NEI_IND[4/265];AAGAAAGAAAGAAAGAAA	INDEL;IDV=14;IMF=0.933333;DP=15;VDB=6.99472e-07;SGB=-0.670168;MQ0F=0;AC=2;AN=2;DP4=0,0,0,10;MQ=60;RB=6,169465769,169466057,CGT,AAC
1	46876429	NA	GT	G	116	PASS;TGAAGAAGGTTGACGTCT	INDEL;IDV=9;IMF=1;DP=9;VDB=1.33331e-05;SGB=-0.651104;MQ0F=0;AC=2;AN=2;DP4=0,0,0,8;MQ=60;RB=1,46875984,46876480,GGG,ATT
15	60280518	NA	GC	G	122	PASS;GCCAGCCAGCCCAGCCAG	INDEL;IDV=10;IMF=1;DP=10;VDB=6.99472e-07;SGB=-0.670168;MQ0F=0;AC=2;AN=2;DP4=0,0,10,0;MQ=60;RB=15,60280383,60280695,AGC,TTG
4	16902488	NA	A	AT	125	PASS;CTTATTCAAATGAGAATG	INDEL;IDV=10;IMF=1;DP=10;VDB=6.99472e-07;SGB=-0.670168;MQ0F=0;AC=2;AN=2;DP4=0,0,0,10;MQ=60;RB=4,16902295,16902573,AGA,AAA
1	188371296	NA	CA	C	16.5122	MASKED;AACTTTACCAAAAAAAAT	INDEL;IDV=18;IMF=0.947368;DP=19;VDB=1.29641e-11;SGB=-0.691153;MQ0F=0;AC=2;AN=2;DP4=0,0,18,0;MQ=60;RB=1,188371166,188371480,AAC,ATG
8	84272033	NA	ATG	A	195	MASKED;ACACACACATGCACGCAC	INDEL;IDV=7;IMF=1;DP=7;VDB=6.71664e-05;SGB=-0.636426;MQ0F=0;AC=2;AN=2;DP4=0,0,0,7;MQ=60;RB=8,84271710,84272045,GGA,CGA
11	39595979	NA	AG	A	165	PASS;TGGCTAAAAGAACATTTT	INDEL;IDV=19;IMF=1;DP=19;VDB=1.29641e-11;SGB=-0.69168;MQ0F=0;AC=2;AN=2;DP4=0,0,19,0;MQ=60;RB=11,39595944,39596309,GTT,CCT
1	188371296	NA	CA	C	16.5122	MASKED;AACTTTACCAAAAAAAAT	INDEL;IDV=18;IMF=0.947368;DP=19;VDB=1.29641e-11;SGB=-0.691153;MQ0F=0;AC=2;AN=2;DP4=0,0,18,0;MQ=60;RB=1,188371165,188371481,TGA,TGT
12	79973247	NA	TA	T	88	PASS;AACATCACTAATCATCAG	INDEL;IDV=5;IMF=1;DP=5;VDB=0.00187095;SGB=-0.590765;MQ0F=0;AC=2;AN=2;DP4=0,0,0,5;MQ=60;RB=12,79973019,79973260,CGG,TTG
13	61552380	NA	ATATG	A	225	NEI_IND[48/300];GTGTATACATATGTGTGT	INDEL;IDV=10;IMF=1;DP=10;VDB=5.52906e-06;SGB=-0.662043;MQ0F=0;AC=2;AN=2;DP4=0,0,9,0;MQ=60;RB=13,61552324,61552607,ACC,CTT
13	61552488	NA	G	GTGTGTA	124	NEI_IND[58/301];ATACATATGTGTGTGTAT	INDEL;IDV=11;IMF=1;DP=11;VDB=6.99472e-07;SGB=-0.670168;MQ0F=0;AC=2;AN=2;DP4=0,0,0,10;MQ=60;RB=13,61552324,61552607,ACC,CTT
13	24916030	NA	AGTGT	A	225	MASKED;AACAGGTGAGTGTGTGTG	INDEL;IDV=9;IMF=0.9;DP=10;VDB=5.52906e-06;SGB=-0.662043;MQ0F=0;AC=2;AN=2;DP4=0,0,9,0;MQ=60;RB=13,24915909,24916440,TGT,ACC
4	167072242	NA	AAGGCAAAGAAGATGC	A	225	NEI_IND[12/672];AGAAGAAGAAGGCAAAGA	INDEL;IDV=8;IMF=1;DP=8;VDB=1.60207e-05;SGB=-0.651104;MQ0F=0;AC=2;AN=2;DP4=0,0,0,8;MQ=60;RB=4,167071863,167072278,GTT,TTA
10	65700065	NA	AAT	A	191	MASKED;TAAAAATAAATAAGAAAA	INDEL;IDV=12;IMF=1;DP=12;VDB=6.61497e-06;SGB=-0.662043;MQ0F=0;AC=2;AN=2;DP4=0,0,0,9;MQ=60;RB=10,65699887,65700167,TCG,GAA
4	188296922	NA	ATT	A	85	PASS;TAATAATAATTTTTTAAA	INDEL;IDV=5;IMF=1;DP=5;VDB=0.00187095;SGB=-0.590765;MQ0F=0;AC=2;AN=2;DP4=0,0,5,0;MQ=60;RB=4,188296788,188297405,GCC,CCC
16	81774925	NA	TTCAAGC	T	225	PASS;GTGACTTGTTCAAGCTCA	INDEL;IDV=16;IMF=1;DP=16;VDB=4.49525e-10;SGB=-0.688148;MQ0F=0;AC=2;AN=2;DP4=0,0,0,15;MQ=60;RB=16,81774612,81775013,CCA,TTA
8	91846250	NA	GC	G	151	PASS;TTAGCTAGGCATGGTGGC	INDEL;IDV=11;IMF=1;DP=11;VDB=2.26006e-08;SGB=-0.676189;MQ0F=0;AC=2;AN=2;DP4=0,0,0,11;MQ=60;RB=8,91845939,91846328,TTA,TCT
1	188371296	NA	CA	C	16.5122	MASKED;AACTTTACCAAAAAAAAT	INDEL;IDV=17;IMF=0.944444;DP=18;VDB=1.59423e-11;SGB=-0.691153;MQ0F=0;AC=2;AN=2;DP4=0,0,18,0;MQ=60;RB=1,188371166,188371481,GAG,CTA
5	78614564	NA	AATAT	A	184	NEI_IND[4/315];TGTAAAGGAATATATATA	INDEL;IDV=7;IMF=1;DP=7;VDB=6.71664e-05;SGB=-0.636426;MQ0F=0;AC=2;AN=2;DP4=0,0,0,7;MQ=51;RB=5,78614368,78614610,TCG,CCG
1	188371296	NA	CA	C	18.4763	MASKED;AACTTTACCAAAAAAAAT	INDEL;IDV=10;IMF=0.909091;DP=11;VDB=6.99472e-07;SGB=-0.670168;MQ0F=0;AC=2;AN=2;DP4=0,0,10,0;MQ=60;RB=1,188371165,188371481,GTA,GTA
1	219264273	NA	CAAAGAAGGTCATTATAT	C	225	PASS;AACAGAGACAAAGAAGGT	INDEL;IDV=10;IMF=1;DP=10;VDB=6.99472e-07;SGB=-0.670168;MQ0F=0;AC=2;AN=2;DP4=0,0,10,0;MQ=60;RB=1,219264192,219264564,GGG,CTT
12	16395303	NA	GACTTTTAACCCA	G	225	NEI_IND[62/270];GTATCAGGGACTTTTAAC	INDEL;IDV=10;IMF=1;DP=10;VDB=6.99472e-07;SGB=-0.670168;MQ0F=0;AC=2;AN=2;DP4=0,0,0,10;MQ=60;RB=12,16395060,16395338,GGA,ATG
16	47160841	NA	CA	C	163	PASS;AGTACTAACAGGCAAACA	INDEL;IDV=14;IMF=1;DP=14;VDB=2.26006e-08;SGB=-0.686358;MQ0F=0;AC=2;AN=2;DP4=0,0,14,0;MQ=60;RB=16,47160743,47161054,TAG,TCC
1	188371296	NA	CA	C	18.4763	MASKED;AACTTTACCAAAAAAAAT	INDEL;IDV=10;IMF=1;DP=10;VDB=6.99472e-07;SGB=-0.670168;MQ0F=0;AC=2;AN=2;DP4=0,0,10,0;MQ=60;RB=1,188371165,188371481,GCT,TGT
6	169465928	NA	AAG	A	38.415	NEI_IND[4/265];AAGAAAGAAAGAAAGAAA	INDEL;IDV=11;IMF=1;DP=11;VDB=5.52906e-06;SGB=-0.662043;MQ0F=0;AC=2;AN=2;DP4=0,0,0,9;MQ=60;RB=6,169465769,169466057,AGT,TCG
2	133824604	NA	TTA	T	123	MASKED;TTTATTTTTTATTTTTTT	INDEL;IDV=10;IMF=0.909091;DP=11;VDB=6.99472e-07;SGB=-0.670168;MQ0F=0;AC=2;AN=2;DP4=0,0,10,0;MQ=60;RB=2,133824474,133824781,AGG,GAA
2	4779638	NA	TATATC	T	225	MASKED;TATCTATCTATATCATCT	INDEL;IDV=19;IMF=1;DP=19;VDB=1.29641e-11;SGB=-0.691153;MQ0F=0;AC=2;AN=2;DP4=0,0,18,0;MQ=60;RB=2,4779513,4779806,TAA,CCG
5	23618494	NA	AAT	A	223	NEI_IND[3/275];TATATGTAAATATATATG	INDEL;IDV=19;IMF=1;DP=19;VDB=1.29641e-11;SGB=-0.691153;MQ0F=0;AC=2;AN=2;DP4=0,0,0,18;MQ=60;RB=5,23618231,23618628,ATG,GTC
17	35683177	NA	CAGGCATA	C	225	PASS;GCCAGGGTCAGGCATAGG	INDEL;IDV=10;IMF=0.909091;DP=10;VDB=7.90256e-06;SGB=-0.662043;MQ0F=0;AC=2;AN=2;DP4=0,0,9,0;MQ=60;RB=17,35683107,35683423,TCG,TGA
17	51950777	NA	GA	G	30.4183	PASS;ATTTATGGGAAAAACTAT	INDEL;IDV=8;IMF=1;DP=8;VDB=0.0058656;SGB=-0.556411;MQ0F=0;AC=2;AN=2;DP4=0,0,4,0;MQ=60;RB=17,51950705,51950867,CAT,ACG
1	188371296	NA	CA	C	18.4763	MASKED;AACTTTACCAAAAAAAAT	INDEL;IDV=15;IMF=1;DP=15;VDB=4.49525e-10;SGB=-0.688148;MQ0F=0;AC=2;AN=2;DP4=0,0,15,0;MQ=60;RB=1,188371165,188371480,CCT,TAG
2	138722037	NA	CTCTG	C	193	PASS;GCTTCCTGCTCTGTCTTT	INDEL;IDV=6;IMF=1;DP=6;VDB=0.000411984;SGB=-0.616816;MQ0F=0;AC=2;AN=2;DP4=0,0,0,6;MQ=60;RB=2,138721862,138722151,GTT,CCT
4	182303111	NA	TA	T	120	PASS;ATAATAAGTAAGCAAAGT	INDEL;IDV=9;IMF=0.9;DP=10;VDB=1.33331e-05;SGB=-0.651104;MQ0F=0;AC=2;AN=2;DP4=0,0,0,8;MQ=60;RB=4,182302610,182303174,TGG,TAG
18	31091805	NA	TC	T	147	PASS;TAGAAAGTTCATTTGAAG	INDEL;IDV=10;IMF=1;DP=10;VDB=6.99472e-07;SGB=-0.670168;MQ0F=0;AC=2;AN=2;DP4=0,0,0,10;MQ=60;RB=18,31091570,31091865,AAG,AAT
2	4779638	NA	TATATC	T	225	MASKED;TATCTATCTATATCATCT	INDEL;IDV=17;IMF=0.944444;DP=18;VDB=1.19938e-10;SGB=-0.691153;MQ0F=0;AC=2;AN=2;DP4=0,0,18,0;MQ=60;RB=2,4779514,4779807,GCC,TCA
11	2209160	NA	CGCT	C	165	MASKED;ACACCACACGCTACACAC	INDEL;IDV=7;IMF=1;DP=7;VDB=6.71664e-05;SGB=-0.636426;MQ0F=0;AC=2;AN=2;DP4=0,0,0,7;MQ=60;RB=11,2208928,2209178,GGT,TAT
5	23618494	NA	AAT	A	222	NEI_IND[3/275];TATATGTAAATATATATG	INDEL;IDV=16;IMF=1;DP=16;VDB=4.49525e-10;SGB=-0.688148;MQ0F=0;AC=2;AN=2;DP4=0,0,0,15;MQ=60;RB=5,23618231,23618629,TTC,CGA
6	67148094	NA	TTTCA	T	225	PASS;ACATGAACTTTCATATGC	INDEL;IDV=14;IMF=1;DP=14;VDB=2.26006e-08;SGB=-0.683931;MQ0F=0;AC=2;AN=2;DP4=0,0,13,0;MQ=60;RB=6,67147976,67148411,ATA,CCT
3	74397502	NA	TGA	T	225	PASS;ACTAAAACTGAGGGGGAG	INDEL;IDV=15;IMF=1;DP=15;VDB=2.26006e-08;SGB=-0.686358;MQ0F=0;AC=2;AN=2;DP4=0,0,0,14;MQ=60;RB=3,74397288,74397577,CCA,CCT
11	2209160	NA	CGCT	C	71	MASKED;ACACCACACGCTACACAC	INDEL;IDV=4;IMF=1;DP=4;VDB=0.0058656;SGB=-0.556411;MQ0F=0;AC=2;AN=2;DP4=0,0,0,4;MQ=60;RB=11,2208928,2209178,TCT,TCT
22	16857938	NA	GCAATC	G	225	NEI_IND[42/552];CTTCGAATGCAATCGAAT	INDEL;IDV=15;IMF=1;DP=15;VDB=4.49525e-10;SGB=-0.688148;MQ0F=0;AC=2;AN=2;DP4=0,0,15,0;MQ=60;RB=22,16857932,16858281,GAG,TCT
11	115818208	NA	TATTGC	T	225	MASKED;TTCTATTCTATTGCATTC	INDEL;IDV=11;IMF=1;DP=11;VDB=2.26006e-08;SGB=-0.676189;MQ0F=0;AC=2;AN=2;DP4=0,0,0,11;MQ=60;RB=11,115817885,115818230,GGT,AAA
11	120048955	NA	CA	C	121	NEI_IND[13/360];CACACACACACCCCCCAC	INDEL;IDV=11;IMF=1;DP=11;VDB=6.99472e-07;SGB=-0.670168;MQ0F=0;AC=2;AN=2;DP4=0,0,10,0;MQ=60;RB=11,120048945,120049400,CCT,CTT
9	7198174	NA	TC	T	125	NEI_IND[56/370];TTTTCTTTTCCTTTCTTT	INDEL;IDV=12;IMF=0.923077;DP=13;VDB=3.05957e-06;SGB=-0.670168;MQ0F=0;AC=2;AN=2;DP4=0,0,10,0;MQ=60;RB=9,7198090,7198376,GCG,CTG
1	188371296	NA	CA	C	18.4763	MASKED;AACTTTACCAAAAAAAAT	INDEL;IDV=13;IMF=1;DP=13;VDB=2.26006e-08;SGB=-0.683931;MQ0F=0;AC=2;AN=2;DP4=0,0,13,0;MQ=60;RB=1,188371166,188371480,ATG,TGC
2	183222015	NA	AAC	A	61	PASS;CAAAAAAAAACAAACAAA	INDEL;IDV=12;IMF=0.857143;DP=14;VDB=2.26006e-08;SGB=-0.680642;MQ0F=0;AC=2;AN=2;DP4=1,0,12,0;MQ=60;RB=2,183221881,183222179,CAT,GCT
1	188371296	NA	CA	C	18.4763	MASKED;AACTTTACCAAAAAAAAT	INDEL;IDV=14;IMF=1;DP=14;VDB=2.26006e-08;SGB=-0.686358;MQ0F=0;AC=2;AN=2;DP4=0,0,14,0;MQ=60;RB=1,188371166,188371481,TGG,GGA
9	19562021	NA	CT	C	77	PASS;CTGTAATCCTGCAAAATG	INDEL;IDV=4;IMF=1;DP=4;VDB=0.0058656;SGB=-0.556411;MQ0F=0;AC=2;AN=2;DP4=0,0,0,4;MQ=60;RB=9,19561514,19562052,CCC,AAT
18	40990183	NA	AT	A	44.4146	PASS;TTTTTTTTATTTTTTATT	INDEL;IDV=18;IMF=1;DP=18;VDB=1.29641e-11;SGB=-0.691153;MQ0F=0;AC=2;AN=2;DP4=0,0,18,0;MQ=60;RB=18,40990157,40990430,CCT,ACT
12	21114793	NA	AC	A	144	PASS;TTAAAAAAACATTTTCTA	INDEL;IDV=10;IMF=1;DP=10;VDB=6.99472e-07;SGB=-0.670168;MQ0F=0;AC=2;AN=2;DP4=0,0,10,0;MQ=60;RB=12,21114761,21115064,CCA,TGA
14	30086338	NA	TC	T	108	PASS;ACATGATTTCCCTTTTTT	INDEL;IDV=8;IMF=1;DP=8;VDB=1.33331e-05;SGB=-0.651104;MQ0F=0;AC=2;AN=2;DP4=0,0,8,0;MQ=60;RB=14,30086327,30086783,CTT,GTC
X	52871296	NA	AG	A	162	PASS;TCTGATATAGCCATTTTT	INDEL;IDV=14;IMF=0.933333;DP=15;VDB=2.26006e-08;SGB=-0.683931;MQ0F=0;AC=2;AN=2;DP4=0,0,0,13;MQ=60;RB=X,52870968,52871363,GTT,TCT
7	33168230	NA	GT	G	126	NEI_IND[21/435];CAGTCTCAGTTAAAAAAA	INDEL;IDV=8;IMF=0.615385;DP=13;VDB=2.26006e-08;SGB=-0.676189;MQ0F=0;AC=2;AN=2;DP4=0,0,11,0;MQ=60;RB=7,33168192,33168472,TCG,TGT
7	33168380	NA	CAAGGTTGGCTACATTG	C	225	PASS;AAAAACTTCAAGGTTGGC	INDEL;IDV=13;IMF=1;DP=13;VDB=2.26006e-08;SGB=-0.683931;MQ0F=0;AC=2;AN=2;DP4=0,0,0,13;MQ=60;RB=7,33168192,33168472,TCG,TGT
4	101313019	NA	TA	T	118	PASS;CATTTCATTATAGGTCTT	INDEL;IDV=9;IMF=1;DP=9;VDB=5.52906e-06;SGB=-0.662043;MQ0F=0;AC=2;AN=2;DP4=0,0,0,9;MQ=60;RB=4,101312869,101313151,GCT,AAG
2	116038863	NA	CT	C	143	PASS;TGTGCTTGCTGATCTGTG	INDEL;IDV=12;IMF=1;DP=12;VDB=2.26006e-08;SGB=-0.680642;MQ0F=0;AC=2;AN=2;DP4=0,0,0,12;MQ=60;RB=2,116038260,116038894,CCT,CTT
12	16395303	NA	GACTTTTAACCCA	G	225	NEI_IND[62/270];GTATCAGGGACTTTTAAC	INDEL;IDV=9;IMF=1;DP=9;VDB=5.52906e-06;SGB=-0.662043;MQ0F=0;AC=2;AN=2;DP4=0,0,0,9;MQ=60;RB=12,16395061,16395338,TCC,AAC
1	188371296	NA	CA	C	18.4763	MASKED;AACTTTACCAAAAAAAAT	INDEL;IDV=15;IMF=1;DP=15;VDB=4.49525e-10;SGB=-0.688148;MQ0F=0;AC=2;AN=2;DP4=0,0,15,0;MQ=60;RB=1,188371166,188371481,AAC,TGA
1	245776748	NA	TA	T	29.4193	PASS;ACTAAAAATAAAAAAATT	INDEL;IDV=13;IMF=1;DP=13;VDB=2.26006e-08;SGB=-0.683931;MQ0F=0;AC=2;AN=2;DP4=0,0,0,13;MQ=60;RB=1,245776470,245776836,AGG,GGC
3	177498110	NA	GT	G	109	PASS;AATGTTAAGTTTCCTGAA	INDEL;IDV=8;IMF=1;DP=8;VDB=1.33331e-05;SGB=-0.651104;MQ0F=0;AC=2;AN=2;DP4=0,0,8,0;MQ=60;RB=3,177497986,177498338,CCT,CCG
22	16857938	NA	GCAATC	G	225	NEI_IND[42/552];CTTCGAATGCAATCGAAT	INDEL;IDV=16;IMF=1;DP=16;VDB=1.29641e-11;SGB=-0.689466;MQ0F=0;AC=2;AN=2;DP4=0,0,16,0;MQ=60;RB=22,16857932,16858281,AAC,TGT
2	4779638	NA	TATATC	T	225	MASKED;TATCTATCTATATCATCT	INDEL;IDV=11;IMF=1;DP=11;VDB=2.26006e-08;SGB=-0.676189;MQ0F=0;AC=2;AN=2;DP4=0,0,11,0;MQ=60;RB=2,4779513,4779807,CGA,TCA
4	167072242	NA	AAGGCAAAGAAGATGC	A	225	NEI_IND[12/672];AGAAGAAGAAGGCAAAGA	INDEL;IDV=9;IMF=1;DP=9;VDB=5.52906e-06;SGB=-0.662043;MQ0F=0;AC=2;AN=2;DP4=0,0,0,9;MQ=60;RB=4,167071863,167072277,ATA,GAG
1	188371296	NA	CA	C	18.4763	MASKED;AACTTTACCAAAAAAAAT	INDEL;IDV=15;IMF=0.9375;DP=16;VDB=4.49525e-10;SGB=-0.688148;MQ0F=0;AC=2;AN=2;DP4=0,0,15,0;MQ=60;RB=1,188371165,188371480,GCT,ACC
2	133824604	NA	TTA	T	139	MASKED;TTTATTTTTTATTTTTTT	INDEL;IDV=18;IMF=0.947368;DP=19;VDB=1.29641e-11;SGB=-0.691153;MQ0F=0;AC=2;AN=2;DP4=0,0,18,0;MQ=60;RB=2,133824473,133824781,TAT,CGA
18	38630251	NA	CAT	C	225	NEI_IND[5/435];CACATACACATACACACA	INDEL;IDV=11;IMF=1;DP=11;VDB=2.26006e-08;SGB=-0.676189;MQ0F=0;AC=2;AN=2;DP4=0,0,11,0;MQ=60;RB=18,38630135,38630531,ATG,TAT
18	40767613	NA	ATG	A	219	MASKED;ACACGCACATGCACACAC	INDEL;IDV=9;IMF=1;DP=9;VDB=5.52906e-06;SGB=-0.662043;MQ0F=0;AC=2;AN=2;DP4=0,0,0,9;MQ=60;RB=18,40767099,40767627,TCT,GGA
10	49919178	NA	CATCAGAAA	C	225	PASS;AACTTATTCATCAGAAAT	INDEL;IDV=17;IMF=1;DP=17;VDB=1.29641e-11;SGB=-0.690438;MQ0F=0;AC=2;AN=2;DP4=0,0,0,17;MQ=60;RB=10,49918901,49919241,TCT,GGA
21	10841753	NA	ACAGACTCAAG	A	225	MASKED;GGAATGGAACAGACTCAA	INDEL;IDV=9;IMF=0.9;DP=10;VDB=5.52906e-06;SGB=-0.662043;MQ0F=0;AC=2;AN=2;DP4=0,0,9,0;MQ=60;RB=21,10841624,10841962,GCC,AGG
21	10841904	NA	AGGAAT	A	225	NEI_IND[408/757];GACTCGAAAGGAATGGAA	INDEL;IDV=10;IMF=1;DP=10;VDB=8.04628e-05;SGB=-0.670168;MQ0F=0;AC=2;AN=2;DP4=0,0,0,10;MQ=60;RB=21,10841624,10841962,GCC,AGG
