CHROM	POS	ID	REF	ALT	QUAL	FILTER	INFO
9	99123190	NA	AT	A	45.4146	PASS;CCCAGCTAATTTTTTGTA	INDEL;IDV=15;IMF=1;DP=15;VDB=4.49525e-10;SGB=-0.688148;MQ0F=0;AC=2;AN=2;DP4=0,0,15,0;MQ=60;RB=9,99123104,99123459,TTT,TCC
1	145115658	NA	TATTTTTAA	T	225	NEI_IND[6/192];ATTTTGGTTATTTTTAAT	INDEL;IDV=11;IMF=1;DP=11;VDB=2.26006e-08;SGB=-0.676189;MQ0F=0;AC=2;AN=2;DP4=0,0,11,0;MQ=60;RB=1,145115593,145116009,CTG,TCC
6	32455706	NA	CCTTGTGGT	C	200	MASKED;ACATCTGGCCTTGTGGTT	INDEL;IDV=11;IMF=1;DP=11;VDB=2.26006e-08;SGB=-0.676189;MQ0F=0;AC=2;AN=2;DP4=0,0,11,0;MQ=60;RB=6,32455665,32455924,GCT,CCT
9	868427	NA	ATTC	A	225	PASS;TTCACAGAATTCTTCACT	INDEL;IDV=16;IMF=1;DP=16;VDB=4.49525e-10;SGB=-0.688148;MQ0F=0;AC=2;AN=2;DP4=0,0,0,15;MQ=60;RB=9,868058,868483,AGT,ATA
4	175099668	NA	AG	A	142	PASS;TTAGTCAAAGGTTTCAAA	INDEL;IDV=12;IMF=1;DP=12;VDB=2.26006e-08;SGB=-0.680642;MQ0F=0;AC=2;AN=2;DP4=0,0,0,12;MQ=60;RB=4,175099432,175099780,AGG,GTC
10	87753648	NA	AGAT	A	225	NEI_IND[3/209];TGTTCAGTAGATGATGTT	INDEL;IDV=9;IMF=1;DP=9;VDB=1.33331e-05;SGB=-0.651104;MQ0F=0;AC=2;AN=2;DP4=0,0,0,8;MQ=60;RB=10,87753318,87753768,GAC,AAC
13	112793199	NA	CAT	C	157	MASKED;TAAATGCACATAGAGTCC	INDEL;IDV=5;IMF=1;DP=5;VDB=0.00187095;SGB=-0.590765;MQ0F=0;AC=2;AN=2;DP4=0,0,5,0;MQ=60;RB=13,112793157,112793578,ATT,ATG
3	2532208	NA	CA	C	58	MASKED;AAGTTGTTCAAAAATGCA	INDEL;IDV=10;IMF=1;DP=10;VDB=6.99472e-07;SGB=-0.670168;MQ0F=0;AC=2;AN=2;DP4=0,0,0,10;MQ=60;RB=3,2531970,2532265,CCG,GTT
1	69783172	NA	GC	G	151	PASS;TTCCAGAAGCTGCAAGTC	INDEL;IDV=11;IMF=1;DP=11;VDB=2.26006e-08;SGB=-0.676189;MQ0F=0;AC=2;AN=2;DP4=0,0,0,11;MQ=60;RB=1,69782623,69783209,CTT,GAT
7	147650505	NA	A	AT	110	NEI_IND[37/444];TAAGAAATACGATTCTCA	INDEL;IDV=16;IMF=1;DP=16;VDB=4.49525e-10;SGB=-0.688148;MQ0F=0;AC=2;AN=2;DP4=0,0,0,15;MQ=60;RB=7,147650033,147650585,ACC,ATG
7	147650539	NA	TA	T	57	MASKED;TGGGTTGATAAGGTGCAG	INDEL;IDV=16;IMF=1;DP=16;VDB=2.26006e-08;SGB=-0.686358;MQ0F=0;AC=2;AN=2;DP4=0,0,0,14;MQ=60;RB=7,147650033,147650585,ACC,ATG
3	134357749	NA	GGT	G	179	MASKED;GACTGTCAGGTGTGTGTG	INDEL;IDV=9;IMF=1;DP=9;VDB=5.52906e-06;SGB=-0.662043;MQ0F=0;AC=2;AN=2;DP4=0,0,0,9;MQ=60;RB=3,134357337,134357773,GAT,AAG
11	27475645	NA	A	AT	134	PASS;ACTCGGACATTCCTTTCT	INDEL;IDV=7;IMF=1;DP=7;VDB=6.71664e-05;SGB=-0.636426;MQ0F=0;AC=2;AN=2;DP4=0,0,7,0;MQ=60;RB=11,27475600,27476177,TGG,CCT
1	200575744	NA	CTAAA	C	225	MASKED;GTAGAAGGCTAAATAAAT	INDEL;IDV=11;IMF=1;DP=11;VDB=2.26006e-08;SGB=-0.676189;MQ0F=0;AC=2;AN=2;DP4=0,0,0,11;MQ=60;RB=1,200575440,200575791,CTA,TTC
4	171538481	NA	TAA	T	55	MASKED;TTATCTCCTAAGAGCCAT	INDEL;IDV=15;IMF=1;DP=15;VDB=2.26006e-08;SGB=-0.683931;MQ0F=0;AC=2;AN=2;DP4=0,0,13,0;MQ=60;RB=4,171538382,171538688,TTG,GTT
9	101281295	NA	C	CA	125	PASS;GCAGTACTCAGAGACTCC	INDEL;IDV=6;IMF=1;DP=6;VDB=0.000411984;SGB=-0.616816;MQ0F=0;AC=2;AN=2;DP4=0,0,6,0;MQ=60;RB=9,101281202,101281542,CTG,TGA
9	101281435	NA	T	TCC	205	PASS;TGAGCAACTGAAGGGCCT	INDEL;IDV=6;IMF=1;DP=6;VDB=0.000411984;SGB=-0.616816;MQ0F=0;AC=2;AN=2;DP4=0,0,0,6;MQ=60;RB=9,101281202,101281542,CTG,TGA
13	98374969	NA	ATCCTGTTGAAAGAT	A	225	PASS;CAATGAATATCCTGTTGA	INDEL;IDV=13;IMF=1;DP=13;VDB=2.26006e-08;SGB=-0.683931;MQ0F=0;AC=2;AN=2;DP4=0,0,13,0;MQ=60;RB=13,98374948,98375328,AAT,GGT
4	138719629	NA	CTGGA	C	225	NEI_IND[4/398];TACAATATCTGGATGGAT	INDEL;IDV=13;IMF=0.928571;DP=13;VDB=2.26006e-08;SGB=-0.683931;MQ0F=0;AC=2;AN=2;DP4=0,0,0,13;MQ=60;RB=4,138719282,138719693,TCA,ACT
3	189882655	NA	T	TTC	47.4146	NEI_IND[52/624];TAATGACTTTTTTTTTTT	INDEL;IDV=9;IMF=1;DP=9;VDB=5.52906e-06;SGB=-0.662043;MQ0F=0;AC=2;AN=2;DP4=0,0,9,0;MQ=60;RB=3,189882523,189883091,TTT,TCA
2	206200191	NA	TG	T	167	MASKED;TACCTGTGTGTTGCACTG	INDEL;IDV=16;IMF=0.941176;DP=17;VDB=1.29641e-11;SGB=-0.690438;MQ0F=0;AC=2;AN=2;DP4=0,0,0,17;MQ=60;RB=2,206199517,206200292,CAT,CAA
5	73769453	NA	CAT	C	135	MASKED;TGTGCGCACATGTGTGTG	INDEL;IDV=4;IMF=1;DP=4;VDB=0.0058656;SGB=-0.556411;MQ0F=0;AC=2;AN=2;DP4=0,0,0,4;MQ=60;RB=5,73769238,73769486,TAT,TCT
13	39691435	NA	AT	A	85	MASKED;AATCTTGAATTTTAATTT	INDEL;IDV=12;IMF=1;DP=12;VDB=2.26006e-08;SGB=-0.676189;MQ0F=0;AC=2;AN=2;DP4=0,0,11,0;MQ=60;RB=13,39691375,39691992,CAT,GAA
7	41838439	NA	CAT	C	220	MASKED;CACACACACATATATGTG	INDEL;IDV=12;IMF=1;DP=12;VDB=2.26006e-08;SGB=-0.680642;MQ0F=0;AC=2;AN=2;DP4=0,0,0,12;MQ=60;RB=7,41838054,41838490,GTT,ATA
20	51727272	NA	TTAAAA	T	224	MASKED;AGATAACATTAAAATAAA	INDEL;IDV=9;IMF=1;DP=9;VDB=1.33331e-05;SGB=-0.651104;MQ0F=0;AC=2;AN=2;DP4=0,0,0,8;MQ=60;RB=20,51726932,51727404,CCT,ATG
6	50769356	NA	TG	T	61	MASKED;GCCCAGGCTGGGGTGCAA	INDEL;IDV=7;IMF=1;DP=7;VDB=0.00269412;SGB=-0.616816;MQ0F=0;AC=2;AN=2;DP4=0,0,0,6;MQ=59;RB=6,50769116,50769383,CAG,CCG
2	43118137	NA	GC	G	157	PASS;CCCCTTCGGCGGTTACAT	INDEL;IDV=12;IMF=1;DP=12;VDB=2.26006e-08;SGB=-0.680642;MQ0F=0;AC=2;AN=2;DP4=0,0,12,0;MQ=60;RB=2,43118078,43118628,TCA,TAT
5	58550965	NA	GC	G	134	PASS;TCAAAATAGCCAAAAAGT	INDEL;IDV=11;IMF=1;DP=11;VDB=2.26006e-08;SGB=-0.676189;MQ0F=0;AC=2;AN=2;DP4=0,0,11,0;MQ=60;RB=5,58550951,58551348,TAC,TTA
X	3999798	NA	GCATTC	G	225	NEI_IND[5/392];GTGTATAAGCATTCCTTT	INDEL;IDV=14;IMF=1;DP=14;VDB=2.26006e-08;SGB=-0.686358;MQ0F=0;AC=2;AN=2;DP4=0,0,0,14;MQ=60;RB=X,3999496,3999900,TAT,ACC
15	46146001	NA	AGGTGGTAGGTATT	A	225	NEI_IND[6/302];TAGGTTGGAGGTGGTAGG	INDEL;IDV=13;IMF=0.928571;DP=13;VDB=2.26006e-08;SGB=-0.683931;MQ0F=0;AC=2;AN=2;DP4=0,0,0,13;MQ=60;RB=15,46145786,46146102,AGG,CGA
12	3565633	NA	ACTC	A	224	PASS;CAAGCAAAACTCCTCTCC	INDEL;IDV=7;IMF=1;DP=7;VDB=6.71664e-05;SGB=-0.636426;MQ0F=0;AC=2;AN=2;DP4=0,0,0,7;MQ=60;RB=12,3565418,3565697,GGG,GTT
3	101329902	NA	AT	A	45.4146	NEI_IND[66/726];TGTCTTTAATTTTTTACT	INDEL;IDV=13;IMF=1;DP=13;VDB=2.26006e-08;SGB=-0.683931;MQ0F=0;AC=2;AN=2;DP4=0,0,13,0;MQ=60;RB=3,101329894,101330377,CGT,AAG
3	101330310	NA	T	TTTTTG	225	PASS;CTCCCAGGTTTTTGTTTT	INDEL;IDV=13;IMF=1;DP=13;VDB=2.26006e-08;SGB=-0.683931;MQ0F=0;AC=2;AN=2;DP4=0,0,0,13;MQ=60;RB=3,101329894,101330377,CGT,AAG
4	151644987	NA	TA	T	102	PASS;CACTGACCTAAAGAGCGA	INDEL;IDV=7;IMF=0.875;DP=7;VDB=6.71664e-05;SGB=-0.636426;MQ0F=0;AC=2;AN=2;DP4=0,0,7,0;MQ=60;RB=4,151644860,151645172,TTA,AAA
2	225316003	NA	ATG	A	164	MASKED;TGAGGAATATGTGTGTGT	INDEL;IDV=9;IMF=1;DP=9;VDB=6.61497e-06;SGB=-0.662043;MQ0F=0;AC=2;AN=2;DP4=0,0,0,9;MQ=60;RB=2,225315467,225316073,CTG,GGA
13	89067532	NA	CT	C	115	MASKED;AAGATAACCTTCTTGCAG	INDEL;IDV=7;IMF=1;DP=7;VDB=6.71664e-05;SGB=-0.636426;MQ0F=0;AC=2;AN=2;DP4=0,0,0,7;MQ=60;RB=13,89067333,89067641,AAT,GGT
14	45640894	NA	TTG	T	159	MASKED;AGTCCATGTTGTGTGTGT	INDEL;IDV=8;IMF=1;DP=8;VDB=1.33331e-05;SGB=-0.651104;MQ0F=0;AC=2;AN=2;DP4=0,0,0,8;MQ=60;RB=14,45640646,45640990,TTA,CCG
1	145115658	NA	TATTTTTAA	T	182	NEI_IND[6/192];ATTTTGGTTATTTTTAAT	INDEL;IDV=5;IMF=1;DP=5;VDB=0.00187095;SGB=-0.590765;MQ0F=0;AC=2;AN=2;DP4=0,0,5,0;MQ=60;RB=1,145115593,145115827,ACG,ACG
13	39691435	NA	AT	A	91	MASKED;AATCTTGAATTTTAATTT	INDEL;IDV=16;IMF=1;DP=16;VDB=4.49525e-10;SGB=-0.688148;MQ0F=0;AC=2;AN=2;DP4=0,0,15,0;MQ=60;RB=13,39691376,39691786,AAG,GTA
7	133487535	NA	GA	G	161	MASKED;GAGGCGGAGAGTTGCAGT	INDEL;IDV=15;IMF=1;DP=15;VDB=4.49525e-10;SGB=-0.688148;MQ0F=0;AC=2;AN=2;DP4=0,0,0,15;MQ=60;RB=7,133487098,133487562,CCC,CTT
8	18883898	NA	G	GT	175	PASS;TTTTTTTTGTAAGTTTTC	INDEL;IDV=15;IMF=1;DP=15;VDB=2.26006e-08;SGB=-0.686358;MQ0F=0;AC=2;AN=2;DP4=0,0,0,14;MQ=60;RB=8,18883561,18883957,TTT,GAC
3	18309407	NA	CT	C	156	MASKED;AGGGGAATCTCCTGCAGG	INDEL;IDV=12;IMF=1;DP=12;VDB=2.26006e-08;SGB=-0.680642;MQ0F=0;AC=2;AN=2;DP4=0,0,0,12;MQ=60;RB=3,18308873,18309477,GAT,ATA
2	159510353	NA	T	TA	161	PASS;ATCAGTCTTACTACATCT	INDEL;IDV=10;IMF=1;DP=10;VDB=6.99472e-07;SGB=-0.670168;MQ0F=0;AC=2;AN=2;DP4=0,0,10,0;MQ=60;RB=2,159510277,159510699,TTT,CCT
17	30491743	NA	GTA	G	131	NEI_IND[7/220];TTAGCCAGGTATATAGTA	INDEL;IDV=7;IMF=1;DP=7;VDB=6.71664e-05;SGB=-0.636426;MQ0F=0;AC=2;AN=2;DP4=0,0,0,7;MQ=60;RB=17,30491334,30491753,GCC,ACT
3	5364309	NA	TAG	T	225	PASS;TCAAAATTTAGGTTTGCA	INDEL;IDV=12;IMF=1;DP=12;VDB=3.42399e-08;SGB=-0.680642;MQ0F=0;AC=2;AN=2;DP4=0,0,0,12;MQ=60;RB=3,5363578,5364325,TAT,CCT
1	183713580	NA	CTT	C	225	NEI_IND[2/190];CACTCACTCTTAGGTTTA	INDEL;IDV=11;IMF=1;DP=11;VDB=2.26006e-08;SGB=-0.676189;MQ0F=0;AC=2;AN=2;DP4=0,0,0,11;MQ=60;RB=1,183713228,183713599,AAA,TTC
13	89067532	NA	CT	C	132	MASKED;AAGATAACCTTCTTGCAG	INDEL;IDV=10;IMF=1;DP=10;VDB=6.99472e-07;SGB=-0.670168;MQ0F=0;AC=2;AN=2;DP4=0,0,0,10;MQ=60;RB=13,89067334,89067641,GCG,CGA
2	205476573	NA	CTA	C	113	MASKED;ATCTATATCTATATATAT	INDEL;IDV=4;IMF=1;DP=4;VDB=0.0058656;SGB=-0.556411;MQ0F=0;AC=2;AN=2;DP4=0,0,0,4;MQ=60;RB=2,205475684,205476590,AAA,ATG
5	73769453	NA	CAT	C	225	MASKED;TGTGCGCACATGTGTGTG	INDEL;IDV=12;IMF=1;DP=12;VDB=2.26006e-08;SGB=-0.680642;MQ0F=0;AC=2;AN=2;DP4=0,0,0,12;MQ=60;RB=5,73769238,73769485,ACA,TAC
2	220051999	NA	CT	C	131	MASKED;AAGGCCTCCTTCTCCCTC	INDEL;IDV=10;IMF=1;DP=10;VDB=6.99472e-07;SGB=-0.670168;MQ0F=0;AC=2;AN=2;DP4=0,0,10,0;MQ=60;RB=2,220051917,220053088,CCC,TGA
5	139036041	NA	CAT	C	212	MASKED;TACACACACATGTGTGCA	INDEL;IDV=7;IMF=1;DP=7;VDB=6.71664e-05;SGB=-0.636426;MQ0F=0;AC=2;AN=2;DP4=0,0,0,7;MQ=60;RB=5,139035834,139036095,GGG,GCA
3	18309407	NA	CT	C	144	MASKED;AGGGGAATCTCCTGCAGG	INDEL;IDV=9;IMF=1;DP=9;VDB=5.52906e-06;SGB=-0.662043;MQ0F=0;AC=2;AN=2;DP4=0,0,0,9;MQ=60;RB=3,18308873,18309476,CCT,GAG
1	22996396	NA	AGC	A	225	MASKED;GCAAAGGAAGCAAAGCAG	INDEL;IDV=8;IMF=1;DP=8;VDB=1.33331e-05;SGB=-0.651104;MQ0F=0;AC=2;AN=2;DP4=0,0,0,8;MQ=60;RB=1,22996153,22996452,GTG,AGC
9	121898745	NA	GAAA	G	129	MASKED;GAAAGAAAGAAAAAAAAA	INDEL;IDV=11;IMF=1;DP=11;VDB=2.8314e-08;SGB=-0.676189;MQ0F=0;AC=2;AN=2;DP4=0,0,0,11;MQ=60;RB=9,121898474,121898829,TGC,ATA
20	33427650	NA	TTTTC	T	225	PASS;TGGAATTGTTTTCTTTCT	INDEL;IDV=15;IMF=1;DP=15;VDB=4.49525e-10;SGB=-0.688148;MQ0F=0;AC=2;AN=2;DP4=0,0,0,15;MQ=60;RB=20,33427449,33427719,CTG,TTT
7	121835738	NA	G	GA	115	NEI_IND[32/588];GAAAGAAAGAAAGAAAGA	INDEL;IDV=9;IMF=1;DP=9;VDB=5.52906e-06;SGB=-0.662043;MQ0F=0;AC=2;AN=2;DP4=0,0,9,0;MQ=60;RB=7,121835644,121835976,GAA,GAT
7	121835857	NA	AGG	A	140	NEI_IND[27/478];AAGAAAGAAGGAAAGAAA	INDEL;IDV=7;IMF=0.875;DP=7;VDB=0.00215942;SGB=-0.590765;MQ0F=0;AC=2;AN=2;DP4=0,0,0,5;MQ=60;RB=7,121835644,121835976,GAA,GAT
13	100210976	NA	TTG	T	190	MASKED;GTTGCATTTTGTGTGTGT	INDEL;IDV=12;IMF=1;DP=12;VDB=2.26006e-08;SGB=-0.680642;MQ0F=0;AC=2;AN=2;DP4=0,0,12,0;MQ=60;RB=13,100210955,100211301,ACC,GTT
2	220051999	NA	CT	C	135	MASKED;AAGGCCTCCTTCTCCCTC	INDEL;IDV=10;IMF=1;DP=10;VDB=6.99472e-07;SGB=-0.670168;MQ0F=0;AC=2;AN=2;DP4=0,0,10,0;MQ=60;RB=2,220051917,220053088,CTG,TTT
18	12876393	NA	GT	G	81	MASKED;AGCCAGGAGTTTTGAGTC	INDEL;IDV=9;IMF=1;DP=9;VDB=6.61498e-06;SGB=-0.662043;MQ0F=0;AC=2;AN=2;DP4=0,0,0,9;MQ=60;RB=18,12876112,12876426,TGA,TTT
10	86895230	NA	TATA	T	225	NEI_IND[45/351];CATATACATATAATCATA	INDEL;IDV=8;IMF=1;DP=8;VDB=1.33331e-05;SGB=-0.651104;MQ0F=0;AC=2;AN=2;DP4=0,0,8,0;MQ=60;RB=10,86895119,86895522,TAA,ATT
10	86895480	NA	CTCCTGTCGTT	C	225	MASKED;TGTCAAAGCTCCTGTCGT	INDEL;IDV=8;IMF=1;DP=8;VDB=1.33331e-05;SGB=-0.651104;MQ0F=0;AC=2;AN=2;DP4=0,0,0,8;MQ=60;RB=10,86895119,86895522,TAA,ATT
13	88669566	NA	CCTT	C	225	MASKED;GGGTGATTCCTTCTTTAT	INDEL;IDV=12;IMF=1;DP=12;VDB=2.26006e-08;SGB=-0.680642;MQ0F=0;AC=2;AN=2;DP4=0,0,0,12;MQ=60;RB=13,88669176,88669615,ATC,CTC
6	24747149	NA	GC	G	137	PASS;TAATCATTGCCACATGCT	INDEL;IDV=11;IMF=1;DP=11;VDB=2.26006e-08;SGB=-0.676189;MQ0F=0;AC=2;AN=2;DP4=0,0,0,11;MQ=60;RB=6,24746844,24747218,TCA,AAT
2	123363611	NA	CTCTAAT	C	225	PASS;CTCTATAACTCTAATTCT	INDEL;IDV=14;IMF=1;DP=14;VDB=2.26006e-08;SGB=-0.686358;MQ0F=0;AC=2;AN=2;DP4=0,0,14,0;MQ=60;RB=2,123363492,123363771,AGA,ACA
6	154670517	NA	AT	A	83	PASS;TTTATTTTATTTTATTTA	INDEL;IDV=10;IMF=1;DP=10;VDB=6.99472e-07;SGB=-0.670168;MQ0F=0;AC=2;AN=2;DP4=0,0,10,0;MQ=60;RB=6,154670382,154670812,TTA,CTA
11	80765174	NA	TA	T	81	MASKED;GAACATACTAAAATTGCA	INDEL;IDV=9;IMF=1;DP=9;VDB=5.52906e-06;SGB=-0.662043;MQ0F=0;AC=2;AN=2;DP4=0,0,0,9;MQ=60;RB=11,80764910,80765288,CTG,TTA
4	29631881	NA	ATG	A	141	MASKED;ATATACATATGTGTGTGT	INDEL;IDV=7;IMF=1;DP=7;VDB=0.000411984;SGB=-0.616816;MQ0F=0;AC=2;AN=2;DP4=0,0,0,6;MQ=60;RB=4,29631632,29631948,CGT,AAC
6	24541169	NA	TTGTA	T	225	MASKED;GCACTCATTTGTATGTGA	INDEL;IDV=9;IMF=1;DP=9;VDB=5.52906e-06;SGB=-0.662043;MQ0F=0;AC=2;AN=2;DP4=0,0,9,0;MQ=60;RB=6,24541117,24541368,TAG,AAT
5	28037863	NA	C	CT	84	PASS;TTTCAGCACTTTTGTGGG	INDEL;IDV=10;IMF=1;DP=10;VDB=6.99472e-07;SGB=-0.670168;MQ0F=0;AC=2;AN=2;DP4=0,0,0,10;MQ=60;RB=5,28037554,28037987,ACG,TCA
11	30279515	NA	AGTACTATGAAAG	A	225	MASKED;CCTGCAATAGTACTATGA	INDEL;IDV=9;IMF=1;DP=9;VDB=5.52906e-06;SGB=-0.662043;MQ0F=0;AC=2;AN=2;DP4=0,0,9,0;MQ=60;RB=11,30279454,30279876,ATA,GTC
17	71659099	NA	GA	G	58	MASKED;AACAGGGGGAAAAATTAC	INDEL;IDV=10;IMF=1;DP=10;VDB=6.99472e-07;SGB=-0.670168;MQ0F=0;AC=2;AN=2;DP4=0,0,10,0;MQ=60;RB=17,71658993,71659417,CTG,TCG
2	26624390	NA	CTCTT	C	205	PASS;CACTTTTCCTCTTTCATA	INDEL;IDV=6;IMF=1;DP=6;VDB=0.000481013;SGB=-0.616816;MQ0F=0;AC=2;AN=2;DP4=0,0,0,6;MQ=60;RB=2,26624016,26624408,GTT,GTG
18	74347153	NA	CT	C	124	MASKED;CTTACCCCCTGGATGGTA	INDEL;IDV=8;IMF=1;DP=8;VDB=6.71664e-05;SGB=-0.636426;MQ0F=0;AC=2;AN=2;DP4=0,0,7,0;MQ=60;RB=18,74347032,74348120,TCG,CTG
14	62950696	NA	CTGTT	C	225	MASKED;TAGAGCTTCTGTTTGTTT	INDEL;IDV=10;IMF=1;DP=10;VDB=6.99472e-07;SGB=-0.670168;MQ0F=0;AC=2;AN=2;DP4=0,0,0,10;MQ=60;RB=14,62950358,62950721,GGG,TAT
7	109890346	NA	TA	T	113	MASKED;TAGATTGTTAACGCTAAA	INDEL;IDV=8;IMF=1;DP=8;VDB=1.33331e-05;SGB=-0.651104;MQ0F=0;AC=2;AN=2;DP4=0,0,0,8;MQ=60;RB=7,109889672,109890361,ACA,GAA
4	62733233	NA	CATATATAT	C	182	MASKED;TATATATGCATATATATA	INDEL;IDV=5;IMF=1;DP=5;VDB=0.00187095;SGB=-0.590765;MQ0F=0;AC=2;AN=2;DP4=0,0,5,0;MQ=60;RB=4,62733185,62733520,AAC,ACT
15	22301755	NA	AC	A	86	PASS;TTTTGGGGACTTTTTCTT	INDEL;IDV=4;IMF=1;DP=4;VDB=0.0058656;SGB=-0.556411;MQ0F=0;AC=2;AN=2;DP4=0,0,0,4;MQ=60;RB=15,22301555,22301818,GAG,GTC
5	173811756	NA	CGGTGTG	C	225	NEI_IND[6/186];TGCACACACGGTGTGTTA	INDEL;IDV=11;IMF=1;DP=11;VDB=2.26006e-08;SGB=-0.676189;MQ0F=0;AC=2;AN=2;DP4=0,0,11,0;MQ=60;RB=5,173811725,173811975,CTT,TTT
7	31539312	NA	GTCACT	G	225	PASS;ACAAATGTGTCACTTCAC	INDEL;IDV=10;IMF=1;DP=10;VDB=6.99472e-07;SGB=-0.670168;MQ0F=0;AC=2;AN=2;DP4=0,0,0,10;MQ=60;RB=7,31539055,31539390,GCA,TAT
6	123259647	NA	C	CT	23.434	PASS;TTTGTATGCTTTTTTTCC	INDEL;IDV=8;IMF=1;DP=8;VDB=6.71664e-05;SGB=-0.636426;MQ0F=0;AC=2;AN=2;DP4=0,0,7,0;MQ=60;RB=6,123259524,123260189,CGC,CAA
5	16479195	NA	CTT	C	225	NEI_IND[2/178];CTGAAAAACTTAAGTTTT	INDEL;IDV=13;IMF=1;DP=13;VDB=2.26006e-08;SGB=-0.683931;MQ0F=0;AC=2;AN=2;DP4=0,0,0,13;MQ=60;RB=5,16478932,16479296,AAC,TCA
1	84356391	NA	AG	A	145	MASKED;AGTAGTCAAGGATGCAGT	INDEL;IDV=14;IMF=1;DP=14;VDB=2.26006e-08;SGB=-0.683931;MQ0F=0;AC=2;AN=2;DP4=0,0,0,13;MQ=60;RB=1,84355892,84356497,AAT,AGC
11	113334346	NA	CTTA	C	225	MASKED;GCTGCTGTCTTATTATGG	INDEL;IDV=11;IMF=1;DP=11;VDB=2.26006e-08;SGB=-0.676189;MQ0F=0;AC=2;AN=2;DP4=0,0,0,11;MQ=60;RB=11,113333747,113334403,TTT,CTT
9	121898745	NA	GAAA	G	132	MASKED;GAAAGAAAGAAAAAAAAA	INDEL;IDV=12;IMF=1;DP=12;VDB=2.26006e-08;SGB=-0.680642;MQ0F=0;AC=2;AN=2;DP4=0,0,0,12;MQ=60;RB=9,121898473,121898828,CAA,CTC
20	61024288	NA	CACCG	C	225	MASKED;CACAGAGCCACCGACCGG	INDEL;IDV=18;IMF=1;DP=18;VDB=1.29641e-11;SGB=-0.691153;MQ0F=0;AC=2;AN=2;DP4=0,0,0,18;MQ=60;RB=20,61023791,61024328,TTC,GCA
4	142670253	NA	GAAAC	G	224	MASKED;TCTGCACAGAAACAAACA	INDEL;IDV=7;IMF=1;DP=7;VDB=6.71664e-05;SGB=-0.636426;MQ0F=0;AC=2;AN=2;DP4=0,0,7,0;MQ=60;RB=4,142670198,142670530,CCC,CAT
2	125917526	NA	TA	T	12.6563	MASKED;AACTATTCTAAAAAAAAA	INDEL;IDV=15;IMF=1;DP=15;VDB=4.49525e-10;SGB=-0.688148;MQ0F=0;AC=2;AN=2;DP4=0,0,0,15;MQ=60;RB=2,125917298,125917656,GGT,TGT
12	133761207	NA	ATTTG	A	160	MASKED;ATTTATTTATTTGTTTAT	INDEL;IDV=6;IMF=1;DP=6;VDB=0.00187095;SGB=-0.590765;MQ0F=0;AC=2;AN=2;DP4=0,0,0,5;MQ=60;RB=12,133760319,133761256,CAT,TGA
2	215748084	NA	TG	T	114	MASKED;GTTGTTTGTGGCAATCTG	INDEL;IDV=7;IMF=1;DP=7;VDB=6.71664e-05;SGB=-0.636426;MQ0F=0;AC=2;AN=2;DP4=0,0,7,0;MQ=60;RB=2,215747982,215748245,CCT,TAA
7	38478133	NA	C	CATG	71	MASKED;TGCAAGTTCTCCATAAAA	INDEL;IDV=7;IMF=1;DP=7;VDB=6.71664e-05;SGB=-0.636426;MQ0F=0;AC=2;AN=2;DP4=0,0,7,0;MQ=60;RB=7,38478107,38478428,GTA,GTG
15	90649547	NA	AGTGCAGTG	A	225	PASS;CAGGTTGGAGTGCAGTGG	INDEL;IDV=8;IMF=1;DP=8;VDB=1.33331e-05;SGB=-0.651104;MQ0F=0;AC=2;AN=2;DP4=0,0,0,8;MQ=60;RB=15,90649390,90649675,ATT,TTA
1	215417279	NA	AATG	A	205	MASKED;TCATTAGCAATGATGAGA	INDEL;IDV=6;IMF=1;DP=6;VDB=0.000411984;SGB=-0.616816;MQ0F=0;AC=2;AN=2;DP4=0,0,0,6;MQ=60;RB=1,215417061,215417378,TTG,CAA
12	13568070	NA	GTCT	G	225	NEI_IND[3/239];AGCTAAAAGTCTTCTGCA	INDEL;IDV=9;IMF=1;DP=9;VDB=5.52906e-06;SGB=-0.662043;MQ0F=0;AC=2;AN=2;DP4=0,0,0,9;MQ=60;RB=12,13567751,13568136,AAT,TGC
2	220051999	NA	CT	C	127	MASKED;AAGGCCTCCTTCTCCCTC	INDEL;IDV=11;IMF=1;DP=11;VDB=8.53579e-08;SGB=-0.676189;MQ0F=0;AC=2;AN=2;DP4=0,0,11,0;MQ=60;RB=2,220051917,220053088,CAG,GCA
1	179158757	NA	AG	A	120	PASS;ACGGTAAGAGGAGTCTGA	INDEL;IDV=9;IMF=1;DP=9;VDB=5.52906e-06;SGB=-0.662043;MQ0F=0;AC=2;AN=2;DP4=0,0,0,9;MQ=60;RB=1,179158352,179158875,AGC,CCT
5	87929500	NA	GC	G	122	PASS;AAATGAATGCCCATGCTC	INDEL;IDV=10;IMF=1;DP=10;VDB=6.99472e-07;SGB=-0.670168;MQ0F=0;AC=2;AN=2;DP4=0,0,0,10;MQ=60;RB=5,87929218,87929615,AAA,GGT
2	151144494	NA	AC	A	45.4146	PASS;ACACATAAACCCCCCTTT	INDEL;IDV=13;IMF=1;DP=13;VDB=2.26006e-08;SGB=-0.683931;MQ0F=0;AC=2;AN=2;DP4=0,0,13,0;MQ=60;RB=2,151144454,151144773,TTC,CCC
1	212904496	NA	AATCT	A	157	MASKED;CATAATATAATCTATTTG	INDEL;IDV=12;IMF=1;DP=12;VDB=6.71664e-05;SGB=-0.636426;MQ0F=0;AC=2;AN=2;DP4=0,0,0,7;MQ=60;RB=1,212904278,212904622,GGT,GTA
8	13475550	NA	GT	G	19.4636	MASKED;GCAGACTTGTTTTTTTTC	INDEL;IDV=12;IMF=1;DP=12;VDB=2.26006e-08;SGB=-0.680642;MQ0F=0;AC=2;AN=2;DP4=0,0,0,12;MQ=60;RB=8,13475215,13475665,ATT,GTT
4	106172783	NA	CTGTT	C	225	PASS;GCTGGAGTCTGTTTGCAG	INDEL;IDV=11;IMF=1;DP=11;VDB=2.26006e-08;SGB=-0.676189;MQ0F=0;AC=2;AN=2;DP4=0,0,0,11;MQ=60;RB=4,106172451,106172897,TGT,GAG
X	87684596	NA	AG	A	145	PASS;GGGAAAAAAGTCTTATGT	INDEL;IDV=10;IMF=1;DP=10;VDB=6.99472e-07;SGB=-0.670168;MQ0F=0;AC=2;AN=2;DP4=0,0,0,10;MQ=60;RB=X,87684331,87684712,AAG,CCT
X	115475058	NA	CT	C	19.4636	PASS;GTTGTTTTCTTTTTTTTA	INDEL;IDV=11;IMF=1;DP=11;VDB=2.26006e-08;SGB=-0.676189;MQ0F=0;AC=2;AN=2;DP4=0,0,0,11;MQ=60;RB=X,115474683,115475107,ACC,GAA
19	22672709	NA	CA	C	16.5122	MASKED;TTAATAGGCAAAAAAAAT	INDEL;IDV=18;IMF=1;DP=18;VDB=1.29641e-11;SGB=-0.691153;MQ0F=0;AC=2;AN=2;DP4=0,0,0,18;MQ=60;RB=19,22672417,22672777,TCG,TTG
19	15727750	NA	AG	A	139	MASKED;TGTGCAAAAGGTGCTCCC	INDEL;IDV=11;IMF=1;DP=11;VDB=2.26006e-08;SGB=-0.676189;MQ0F=0;AC=2;AN=2;DP4=0,0,11,0;MQ=60;RB=19,15727704,15728183,TGA,ATG
5	40069972	NA	GA	G	154	MASKED;GATGTCTTGACACTGATT	INDEL;IDV=12;IMF=1;DP=12;VDB=2.26006e-08;SGB=-0.680642;MQ0F=0;AC=2;AN=2;DP4=0,0,0,12;MQ=60;RB=5,40069672,40070009,GTC,AAT
8	15660723	NA	TA	T	141	MASKED;ATAGAATTTATCTTTCCG	INDEL;IDV=10;IMF=1;DP=10;VDB=6.99472e-07;SGB=-0.670168;MQ0F=0;AC=2;AN=2;DP4=0,0,0,10;MQ=60;RB=8,15660011,15660796,GAT,TGT
19	13617642	NA	TAAAG	T	225	MASKED;TTTAAAAATAAAGAAAGA	INDEL;IDV=8;IMF=1;DP=8;VDB=0.000294599;SGB=-0.651104;MQ0F=0;AC=2;AN=2;DP4=0,0,8,0;MQ=60;RB=19,13617571,13618005,CGT,GCA
7	37951252	NA	AGT	A	172	MASKED;CACCTTAAAGTGTGTGTG	INDEL;IDV=10;IMF=1;DP=10;VDB=5.52906e-06;SGB=-0.662043;MQ0F=0;AC=2;AN=2;DP4=0,0,0,9;MQ=60;RB=7,37950719,37951278,CCT,ATC
13	89067532	NA	CT	C	126	MASKED;AAGATAACCTTCTTGCAG	INDEL;IDV=9;IMF=1;DP=9;VDB=5.52906e-06;SGB=-0.662043;MQ0F=0;AC=2;AN=2;DP4=0,0,0,9;MQ=60;RB=13,89067334,89067640,CCG,CCG
16	8988927	NA	GAA	G	225	PASS;AACGTTCCGAAGACCTCT	INDEL;IDV=10;IMF=1;DP=10;VDB=6.99472e-07;SGB=-0.670168;MQ0F=0;AC=2;AN=2;DP4=0,0,0,10;MQ=60;RB=16,8988639,8989041,CCG,TGA
11	119785198	NA	GTCTTT	G	225	PASS;CCAAAAATGTCTTTTATT	INDEL;IDV=9;IMF=1;DP=9;VDB=5.52906e-06;SGB=-0.662043;MQ0F=0;AC=2;AN=2;DP4=0,0,0,9;MQ=60;RB=11,119784821,119785228,AAA,GGT
1	52726701	NA	CTG	C	225	PASS;TACTATTACTGTCTCTTC	INDEL;IDV=15;IMF=1;DP=15;VDB=4.49525e-10;SGB=-0.688148;MQ0F=0;AC=2;AN=2;DP4=0,0,15,0;MQ=60;RB=1,52726593,52726950,CTG,CCT
4	153961780	NA	TTCTC	T	225	MASKED;TAGCATGTTTCTCTCTAT	INDEL;IDV=11;IMF=1;DP=11;VDB=2.26006e-08;SGB=-0.676189;MQ0F=0;AC=2;AN=2;DP4=0,0,0,11;MQ=60;RB=4,153961510,153961855,AAG,ATA
4	151338139	NA	A	ATATTAT	175	MASKED;AGTTGGACAAAATATGGA	INDEL;IDV=12;IMF=1;DP=12;VDB=2.26006e-08;SGB=-0.680642;MQ0F=0;AC=2;AN=2;DP4=0,0,0,12;MQ=60;RB=4,151337979,151338227,TAT,ACT
12	13568070	NA	GTCT	G	225	NEI_IND[3/239];AGCTAAAAGTCTTCTGCA	INDEL;IDV=12;IMF=1;DP=12;VDB=2.26006e-08;SGB=-0.680642;MQ0F=0;AC=2;AN=2;DP4=0,0,0,12;MQ=60;RB=12,13567751,13568137,CGT,ACT
12	81693413	NA	TAATGGAATTAGA	T	205	PASS;TTAAGTGCTAATGGAATT	INDEL;IDV=6;IMF=1;DP=6;VDB=0.000411984;SGB=-0.616816;MQ0F=0;AC=2;AN=2;DP4=0,0,0,6;MQ=60;RB=12,81692884,81693496,GTA,TCG
14	45640894	NA	TTG	T	158	MASKED;AGTCCATGTTGTGTGTGT	INDEL;IDV=8;IMF=1;DP=8;VDB=1.33331e-05;SGB=-0.651104;MQ0F=0;AC=2;AN=2;DP4=0,0,0,8;MQ=60;RB=14,45640646,45640991,AAA,GTT
6	158447025	NA	ATACG	A	182	NEI_IND[4/368];ATACATACATACGTACAT	INDEL;IDV=5;IMF=1;DP=5;VDB=0.00187095;SGB=-0.590765;MQ0F=0;AC=2;AN=2;DP4=0,0,5,0;MQ=60;RB=6,158446951,158447259,TAG,GCG
11	98250573	NA	GTTAGTTAAAATATGCT	G	225	NEI_IND[6/498];CACCTGCTGTTAGTTAAA	INDEL;IDV=10;IMF=1;DP=10;VDB=6.99472e-07;SGB=-0.670168;MQ0F=0;AC=2;AN=2;DP4=0,0,0,10;MQ=60;RB=11,98250380,98250660,AGG,CCG
12	14379706	NA	GTGTATA	G	225	NEI_IND[6/426];CTACTACCGTGTATATGT	INDEL;IDV=11;IMF=1;DP=11;VDB=2.26006e-08;SGB=-0.676189;MQ0F=0;AC=2;AN=2;DP4=0,0,0,11;MQ=60;RB=12,14379480,14379789,CCA,GTT
5	40069972	NA	GA	G	150	MASKED;GATGTCTTGACACTGATT	INDEL;IDV=11;IMF=1;DP=11;VDB=2.26006e-08;SGB=-0.676189;MQ0F=0;AC=2;AN=2;DP4=0,0,0,11;MQ=60;RB=5,40069672,40070009,CTC,GTT
4	158797906	NA	CATGATGAATTTTACCACT	C	182	MASKED;TACATCTTCATGATGAAT	INDEL;IDV=5;IMF=1;DP=5;VDB=0.00187095;SGB=-0.590765;MQ0F=0;AC=2;AN=2;DP4=0,0,5,0;MQ=60;RB=4,158797871,158798360,ACC,TTA
8	83361777	NA	TTTTCTCTTG	T	224	PASS;GGGCTTGTTTTTCTCTTG	INDEL;IDV=7;IMF=1;DP=7;VDB=6.71664e-05;SGB=-0.636426;MQ0F=0;AC=2;AN=2;DP4=0,0,7,0;MQ=60;RB=8,83361711,83362334,GTT,GGG
22	33156252	NA	TTGAG	T	225	PASS;TTCCTTGATTGAGTCTAA	INDEL;IDV=16;IMF=1;DP=16;VDB=1.29641e-11;SGB=-0.689466;MQ0F=0;AC=2;AN=2;DP4=0,0,16,0;MQ=60;RB=22,33156232,33156557,TGA,CTA
10	10777401	NA	TA	T	108	PASS;TAAGTTTTTATTAATTTT	INDEL;IDV=15;IMF=0.9375;DP=16;VDB=4.49525e-10;SGB=-0.688148;MQ0F=0;AC=2;AN=2;DP4=0,0,15,0;MQ=60;RB=10,10777275,10777601,ATG,GGA
15	98437599	NA	ACAT	A	225	MASKED;GTCTGCAAACATCATCAT	INDEL;IDV=11;IMF=0.916667;DP=11;VDB=2.26006e-08;SGB=-0.676189;MQ0F=0;AC=2;AN=2;DP4=0,0,11,0;MQ=60;RB=15,98437507,98438274,GTT,TTT
2	61332780	NA	CG	C	48.4146	PASS;ATTACAGGCGTGAGCCAC	INDEL;IDV=5;IMF=1;DP=5;VDB=0.0058656;SGB=-0.556411;MQ0F=0;AC=2;AN=2;DP4=0,0,0,4;MQ=60;RB=2,61332582,61332858,ATA,GGA
2	61332803	NA	AC	A	20.4535	NEI_IND[30/330];CTGGCCGCACCCCCCTCC	INDEL;IDV=5;IMF=1;DP=5;VDB=0.0058656;SGB=-0.556411;MQ0F=0;AC=2;AN=2;DP4=0,0,0,4;MQ=60;RB=2,61332582,61332858,ATA,GGA
18	72022561	NA	AT	A	71	MASKED;ATCTTAATATTTTAATGC	INDEL;IDV=8;IMF=1;DP=8;VDB=6.71664e-05;SGB=-0.636426;MQ0F=0;AC=2;AN=2;DP4=0,0,0,7;MQ=60;RB=18,72022049,72022618,GAC,TAC
10	12045829	NA	CAGG	C	151	NEI_IND[3/257];GGCTAAAGCAGGAGAATC	INDEL;IDV=4;IMF=1;DP=4;VDB=0.0058656;SGB=-0.556411;MQ0F=0;AC=2;AN=2;DP4=0,0,0,4;MQ=60;RB=10,12045641,12045861,AGA,TGA
9	29879342	NA	GAATTTTCAGCT	G	225	MASKED;TTCTAGCTGAATTTTCAG	INDEL;IDV=12;IMF=1;DP=12;VDB=2.26006e-08;SGB=-0.680642;MQ0F=0;AC=2;AN=2;DP4=0,0,12,0;MQ=60;RB=9,29879258,29879590,CCT,AAC
12	38237860	NA	CT	C	20.4535	MASKED;ACCATAGGCTTTTTTTGC	INDEL;IDV=6;IMF=1;DP=6;VDB=0.000411984;SGB=-0.616816;MQ0F=0;AC=2;AN=2;DP4=0,0,0,6;MQ=60;RB=12,38237627,38237886,ACG,GAT
7	19899622	NA	TAA	T	225	MASKED;TATATACTTAACATGCAA	INDEL;IDV=17;IMF=0.944444;DP=18;VDB=1.29641e-11;SGB=-0.690438;MQ0F=0;AC=2;AN=2;DP4=0,0,0,17;MQ=60;RB=7,19899336,19899695,GAC,GAC
10	54827126	NA	TA	T	32.4168	MASKED;TAACACAATAAAAAATCT	INDEL;IDV=6;IMF=1;DP=6;VDB=0.000411984;SGB=-0.616816;MQ0F=0;AC=2;AN=2;DP4=0,0,0,6;MQ=60;RB=10,54826894,54827189,TTT,GCT
2	24035577	NA	CA	C	32.4168	PASS;TAAAAATACAAAAAATTA	INDEL;IDV=6;IMF=1;DP=6;VDB=0.000411984;SGB=-0.616816;MQ0F=0;AC=2;AN=2;DP4=0,0,0,6;MQ=60;RB=2,24035181,24035670,GAA,CTT
16	62187499	NA	GATAT	G	225	MASKED;TAGTGGTGGATATATATA	INDEL;IDV=10;IMF=1;DP=10;VDB=6.99472e-07;SGB=-0.670168;MQ0F=0;AC=2;AN=2;DP4=0,0,0,10;MQ=60;RB=16,62187215,62187557,AGC,GAA
1	72748665	NA	GCGGAGCGCTGCGC	G	225	MASKED;GAAGCAGCGCGGAGCGCT	INDEL;IDV=8;IMF=1;DP=8;VDB=1.33331e-05;SGB=-0.651104;MQ0F=0;AC=2;AN=2;DP4=0,0,8,0;MQ=60;RB=1,72748618,72748868,GTA,ATT
14	26257950	NA	CTTTT	C	8.35349	NEI_IND[97/491];ATTATTTTCTTTTTTTTT	INDEL;IDV=5;IMF=0.5;DP=10;VDB=6.71664e-05;SGB=-0.636426;MQ0F=0;AC=2;AN=2;DP4=0,0,7,0;MQ=60;RB=14,26257878,26258386,TCC,AGT
14	26258362	NA	TCTCA	T	225	MASKED;AGACAGAGTCTCACTCTG	INDEL;IDV=10;IMF=1;DP=10;VDB=6.99472e-07;SGB=-0.670168;MQ0F=0;AC=2;AN=2;DP4=0,0,0,10;MQ=60;RB=14,26257878,26258386,TCC,AGT
8	97538325	NA	TG	T	133	MASKED;GCCAGGCATGGTGCAGGG	INDEL;IDV=10;IMF=1;DP=10;VDB=6.99472e-07;SGB=-0.670168;MQ0F=0;AC=2;AN=2;DP4=0,0,0,10;MQ=60;RB=8,97537924,97538403,GTA,TCA
20	24206904	NA	GA	G	62	MASKED;ACTAATAAGAAAAAGTGC	INDEL;IDV=14;IMF=1;DP=14;VDB=2.26006e-08;SGB=-0.686358;MQ0F=0;AC=2;AN=2;DP4=0,0,0,14;MQ=60;RB=20,24206548,24207033,TAG,TAC
20	14167010	NA	TCACTAATAATTAGA	T	225	MASKED;GCTCAACATCACTAATAA	INDEL;IDV=13;IMF=1;DP=13;VDB=2.26006e-08;SGB=-0.683931;MQ0F=0;AC=2;AN=2;DP4=0,0,0,13;MQ=60;RB=20,14166565,14167113,CGG,CCA
8	15660723	NA	TA	T	147	MASKED;ATAGAATTTATCTTTCCG	INDEL;IDV=12;IMF=1;DP=12;VDB=2.26006e-08;SGB=-0.680642;MQ0F=0;AC=2;AN=2;DP4=0,0,0,12;MQ=60;RB=8,15660080,15660735,TTG,CCG
10	10975091	NA	C	CTT	188	PASS;CCAAGTCTCTTAAAAAAA	INDEL;IDV=6;IMF=1;DP=6;VDB=0.000411984;SGB=-0.616816;MQ0F=0;AC=2;AN=2;DP4=0,0,0,6;MQ=60;RB=10,10974928,10975203,TGA,TTA
8	27597654	NA	TAATA	T	225	MASKED;AAGAACACTAATAAATAA	INDEL;IDV=11;IMF=1;DP=11;VDB=2.26006e-08;SGB=-0.676189;MQ0F=0;AC=2;AN=2;DP4=0,0,0,11;MQ=60;RB=8,27597330,27597680,GAT,AAA
6	62368779	NA	TA	T	150	MASKED;CTCTGCACTAGTAAAAAT	INDEL;IDV=11;IMF=1;DP=11;VDB=2.26006e-08;SGB=-0.676189;MQ0F=0;AC=2;AN=2;DP4=0,0,11,0;MQ=60;RB=6,62368757,62369106,ATT,TCA
6	50769356	NA	TG	T	79	MASKED;GCCCAGGCTGGGGTGCAA	INDEL;IDV=10;IMF=1;DP=10;VDB=5.52906e-06;SGB=-0.662043;MQ0F=0;AC=2;AN=2;DP4=0,0,0,9;MQ=60;RB=6,50769116,50769384,CTC,CCT
18	38214426	NA	ATTTT	A	225	MASKED;TTGAATATATTTTTTTCT	INDEL;IDV=8;IMF=1;DP=8;VDB=1.33331e-05;SGB=-0.651104;MQ0F=0;AC=2;AN=2;DP4=0,0,0,8;MQ=60;RB=18,38214118,38214467,AGT,CCT
18	6727736	NA	ATT	A	56	MASKED;CAATATTCATTTTTTTTT	INDEL;IDV=9;IMF=1;DP=9;VDB=5.52906e-06;SGB=-0.662043;MQ0F=0;AC=2;AN=2;DP4=0,0,0,9;MQ=60;RB=18,6727513,6727820,CCT,CTA
17	56985469	NA	G	GTCTCACTC	205	PASS;GAGACAGAGTCTCACTCT	INDEL;IDV=6;IMF=1;DP=6;VDB=0.000411984;SGB=-0.616816;MQ0F=0;AC=2;AN=2;DP4=0,0,0,6;MQ=60;RB=17,56985319,56985493,AGT,CTG
1	102678416	NA	AGTAAAAATTC	A	225	NEI_IND[6/204];TAAATATTAGTAAAAATT	INDEL;IDV=14;IMF=1;DP=14;VDB=2.26006e-08;SGB=-0.683931;MQ0F=0;AC=2;AN=2;DP4=0,0,0,13;MQ=60;RB=1,102677573,102678538,GAT,GGG
1	241756057	NA	C	CATCT	30.4183	NEI_IND[39/480];CTATCTATCATCTATCTA	INDEL;IDV=13;IMF=1;DP=13;SGB=-0.379885;MQ0F=0;AC=2;AN=2;DP4=0,0,0,1;MQ=60;RB=1,241755861,241756178,GTA,TCT
11	113334346	NA	CTTA	C	225	MASKED;GCTGCTGTCTTATTATGG	INDEL;IDV=11;IMF=1;DP=11;VDB=2.26006e-08;SGB=-0.676189;MQ0F=0;AC=2;AN=2;DP4=0,0,0,11;MQ=60;RB=11,113333748,113334403,GTG,CTA
6	10103163	NA	GATAATATAA	G	224	MASKED;TATTTAAGGATAATATAA	INDEL;IDV=7;IMF=1;DP=7;VDB=6.71664e-05;SGB=-0.636426;MQ0F=0;AC=2;AN=2;DP4=0,0,0,7;MQ=60;RB=6,10102877,10103281,AAC,ACA
9	105462804	NA	T	TAA	204	NEI_IND[49/588];CAGGAAGATAGTCAAAGT	INDEL;IDV=14;IMF=1;DP=14;VDB=2.26006e-08;SGB=-0.686358;MQ0F=0;AC=2;AN=2;DP4=0,0,14,0;MQ=60;RB=9,105462752,105463251,ACC,CCC
7	39515850	NA	CTGAA	C	225	NEI_IND[4/379];TTTGTTGCCTGAATGAAT	INDEL;IDV=10;IMF=1;DP=10;VDB=6.99472e-07;SGB=-0.670168;MQ0F=0;AC=2;AN=2;DP4=0,0,0,10;MQ=60;RB=7,39515199,39515968,TGA,GGA
14	104291292	NA	TA	T	118	MASKED;ATTTTTTTTAACAAATTG	INDEL;IDV=8;IMF=1;DP=8;VDB=1.33331e-05;SGB=-0.651104;MQ0F=0;AC=2;AN=2;DP4=0,0,8,0;MQ=60;RB=14,104291276,104291776,ATT,ATG
12	40466029	NA	TG	T	145	PASS;TCTGCTGTTGATTTTGTT	INDEL;IDV=10;IMF=1;DP=10;VDB=6.99472e-07;SGB=-0.670168;MQ0F=0;AC=2;AN=2;DP4=0,0,10,0;MQ=60;RB=12,40465995,40466346,GCG,AGG
X	43122213	NA	TTGTC	T	225	PASS;ATGTGTCTTTGTCTGGTT	INDEL;IDV=12;IMF=1;DP=12;VDB=2.26006e-08;SGB=-0.680642;MQ0F=0;AC=2;AN=2;DP4=0,0,12,0;MQ=60;RB=X,43122162,43122808,ACT,CAT
7	53199066	NA	AT	A	135	MASKED;TCCTGCTAATTAGGGTAT	INDEL;IDV=10;IMF=1;DP=10;VDB=6.99472e-07;SGB=-0.670168;MQ0F=0;AC=2;AN=2;DP4=0,0,0,10;MQ=60;RB=7,53198632,53199158,AGA,GAT
X	105033403	NA	C	CTA	182	PASS;GTGATTCTCAATAGCAAA	INDEL;IDV=5;IMF=1;DP=5;VDB=0.00187095;SGB=-0.590765;MQ0F=0;AC=2;AN=2;DP4=0,0,0,5;MQ=60;RB=X,105033087,105033490,TTA,AGT
7	51085962	NA	GTGGTGA	G	225	NEI_IND[6/318];TGGTGGTGGTGGTGATGG	INDEL;IDV=17;IMF=1;DP=17;VDB=1.29641e-11;SGB=-0.690438;MQ0F=0;AC=2;AN=2;DP4=0,0,0,17;MQ=60;RB=7,51085500,51086014,TGC,GTT
6	80838560	NA	G	GT	113	PASS;TTAACAATGTAAGTGAAG	INDEL;IDV=6;IMF=1;DP=6;VDB=0.000411984;SGB=-0.616816;MQ0F=0;AC=2;AN=2;DP4=0,0,0,6;MQ=60;RB=6,80837926,80838676,TTT,TTA
14	85925640	NA	TG	T	153	PASS;GCTATAAATGTTTTATTC	INDEL;IDV=11;IMF=1;DP=11;VDB=2.26006e-08;SGB=-0.676189;MQ0F=0;AC=2;AN=2;DP4=0,0,11,0;MQ=60;RB=14,85925554,85926106,GGG,TGT
13	90430873	NA	T	TATCTGTGGGTTCCCC	154	PASS;ACCCTTCCTATCTGTGGG	INDEL;IDV=4;IMF=1;DP=4;VDB=0.0058656;SGB=-0.556411;MQ0F=0;AC=2;AN=2;DP4=0,0,0,4;MQ=60;RB=13,90430457,90430951,ATG,ACG
5	173811756	NA	CGGTGTG	C	225	NEI_IND[6/186];TGCACACACGGTGTGTTA	INDEL;IDV=8;IMF=1;DP=8;VDB=1.33331e-05;SGB=-0.651104;MQ0F=0;AC=2;AN=2;DP4=0,0,8,0;MQ=60;RB=5,173811725,173811974,GTT,GGG
20	34520699	NA	ATGT	A	205	PASS;TGTCATTCATGTTGTTTT	INDEL;IDV=6;IMF=1;DP=6;VDB=0.000411984;SGB=-0.616816;MQ0F=0;AC=2;AN=2;DP4=0,0,6,0;MQ=60;RB=20,34520687,34521114,AAT,ACG
16	50369298	NA	TGAG	T	205	PASS;ACAAGCCTTGAGGAGAAG	INDEL;IDV=6;IMF=1;DP=6;VDB=0.000411984;SGB=-0.616816;MQ0F=0;AC=2;AN=2;DP4=0,0,0,6;MQ=60;RB=16,50368866,50369337,ATA,CCT
2	3917180	NA	TA	T	12.6563	PASS;GTCTCTACTAAAAAAAAA	INDEL;IDV=8;IMF=1;DP=8;VDB=1.33331e-05;SGB=-0.651104;MQ0F=0;AC=2;AN=2;DP4=0,0,0,8;MQ=60;RB=2,3916723,3917282,GGG,TTC
3	163163074	NA	CTT	C	225	MASKED;TGTGCAGACTTTTATCTC	INDEL;IDV=18;IMF=1;DP=18;VDB=1.29641e-11;SGB=-0.691153;MQ0F=0;AC=2;AN=2;DP4=0,0,18,0;MQ=60;RB=3,163162998,163163568,CGG,AGT
17	36052619	NA	CATTT	C	225	MASKED;CATTCATTCATTTGTTCG	INDEL;IDV=17;IMF=1;DP=17;VDB=1.29641e-11;SGB=-0.690438;MQ0F=0;AC=2;AN=2;DP4=0,0,17,0;MQ=60;RB=17,36052515,36053137,AGA,CCA
1	243667188	NA	ATTAC	A	225	PASS;TTTTCTTCATTACTTTTT	INDEL;IDV=10;IMF=1;DP=10;VDB=6.99472e-07;SGB=-0.670168;MQ0F=0;AC=2;AN=2;DP4=0,0,0,10;MQ=60;RB=1,243666938,243667275,TCC,AAT
11	80765174	NA	TA	T	81	MASKED;GAACATACTAAAATTGCA	INDEL;IDV=9;IMF=1;DP=9;VDB=5.52906e-06;SGB=-0.662043;MQ0F=0;AC=2;AN=2;DP4=0,0,0,9;MQ=60;RB=11,80764909,80765287,TCT,AGC
6	163215569	NA	A	AT	26.4242	PASS;TAATAAAGATTTTTTTCT	INDEL;IDV=8;IMF=1;DP=8;VDB=1.33331e-05;SGB=-0.651104;MQ0F=0;AC=2;AN=2;DP4=0,0,0,8;MQ=60;RB=6,163215051,163215680,TTG,GCC
5	40069972	NA	GA	G	154	MASKED;GATGTCTTGACACTGATT	INDEL;IDV=12;IMF=1;DP=12;VDB=2.26006e-08;SGB=-0.680642;MQ0F=0;AC=2;AN=2;DP4=0,0,0,12;MQ=60;RB=5,40069672,40070009,CCG,GAT
1	186882217	NA	AT	A	131	NEI_IND[27/297];TATTCCAAATTCTTTATA	INDEL;IDV=10;IMF=1;DP=10;VDB=6.99472e-07;SGB=-0.670168;MQ0F=0;AC=2;AN=2;DP4=0,0,10,0;MQ=60;RB=1,186882181,186882922,GGC,TCG
1	186882793	NA	CAT	C	206	MASKED;TAAGTAAACATATATGTG	INDEL;IDV=10;IMF=1;DP=10;VDB=6.99472e-07;SGB=-0.670168;MQ0F=0;AC=2;AN=2;DP4=0,0,0,10;MQ=60;RB=1,186882181,186882922,GGC,TCG
11	98250573	NA	GTTAGTTAAAATATGCT	G	224	NEI_IND[6/498];CACCTGCTGTTAGTTAAA	INDEL;IDV=7;IMF=1;DP=7;VDB=6.71664e-05;SGB=-0.636426;MQ0F=0;AC=2;AN=2;DP4=0,0,0,7;MQ=60;RB=11,98250379,98250660,CCT,TAG
4	61826120	NA	G	GA	27.4221	PASS;CTTAACTGGAAAAAAATA	INDEL;IDV=9;IMF=1;DP=9;VDB=5.52906e-06;SGB=-0.662043;MQ0F=0;AC=2;AN=2;DP4=0,0,0,9;MQ=60;RB=4,61825856,61826212,TAC,CTG
4	34660419	NA	TG	T	154	PASS;ACATTGCTTGTACTATAC	INDEL;IDV=12;IMF=1;DP=12;VDB=2.26006e-08;SGB=-0.680642;MQ0F=0;AC=2;AN=2;DP4=0,0,12,0;MQ=60;RB=4,34660383,34660640,GTT,CTG
5	139852912	NA	C	CTAAG	225	PASS;TGCCTGGCCTAAGTTTCT	INDEL;IDV=10;IMF=1;DP=10;VDB=6.99472e-07;SGB=-0.670168;MQ0F=0;AC=2;AN=2;DP4=0,0,10,0;MQ=60;RB=5,139852791,139853076,TTG,GAC
2	105765967	NA	GATGGATGC	G	225	MASKED;GATGGATGGATGGATGCA	INDEL;IDV=14;IMF=1;DP=14;VDB=2.26006e-08;SGB=-0.686358;MQ0F=0;AC=2;AN=2;DP4=0,0,0,14;MQ=60;RB=2,105765651,105765995,CCA,TTG
4	142670253	NA	GAAAC	G	225	MASKED;TCTGCACAGAAACAAACA	INDEL;IDV=11;IMF=1;DP=11;VDB=2.26006e-08;SGB=-0.676189;MQ0F=0;AC=2;AN=2;DP4=0,0,11,0;MQ=60;RB=4,142670197,142670530,CTA,GGA
4	142670403	NA	G	GA	6.99981	NEI_IND[31/828];GTTTATAAGAAAAAAAAA	INDEL;IDV=8;IMF=0.727273;DP=11;VDB=2.26006e-08;SGB=-0.670168;MQ0F=0;AC=2;AN=2;DP4=0,1,0,10;MQ=60;RB=4,142670197,142670530,CTA,GGA
4	102103307	NA	AT	A	70	PASS;CAATTAACATTTTATTGG	INDEL;IDV=7;IMF=1;DP=7;VDB=6.71664e-05;SGB=-0.636426;MQ0F=0;AC=2;AN=2;DP4=0,0,7,0;MQ=60;RB=4,102103250,102103505,CCT,CCT
10	76045281	NA	CATCTATATCTATAT	C	222	NEI_IND[6/426];TATTTATACATCTATATC	INDEL;IDV=7;IMF=1;DP=7;VDB=0.000133588;SGB=-0.636426;MQ0F=0;AC=2;AN=2;DP4=0,0,0,7;MQ=60;RB=10,76044576,76045399,CGA,CAG
11	27847660	NA	AGT	A	165	PASS;ATGGGATGAGTGTGTGTG	INDEL;IDV=8;IMF=0.888889;DP=8;VDB=1.33331e-05;SGB=-0.651104;MQ0F=0;AC=2;AN=2;DP4=0,0,0,8;MQ=60;RB=11,27847262,27847766,GAA,TTC
1	60997329	NA	CCAAA	C	205	PASS;ACAGCTCCCCAAACAAAG	INDEL;IDV=6;IMF=1;DP=6;VDB=0.000411984;SGB=-0.616816;MQ0F=0;AC=2;AN=2;DP4=0,0,0,6;MQ=60;RB=1,60996893,60997391,CGG,GTG
