CHROM	POS	ID	REF	ALT	QUAL	FILTER	INFO
7	149350982	NA	T	TA	148	PASS;CAGTGAGCTCTTTTTTGA	INDEL;IDV=15;IMF=1;DP=15;VDB=4.49525e-10;SGB=-0.688148;MQ0F=0;AC=2;AN=2;DP4=0,0,0,15;MQ=60;RB=7,149350721,149351067,TGA,GGA
7	96135291	NA	TTGTCAA	T	205	NEI_IND[6/486];ATTATGAGTTGTCAATGT	INDEL;IDV=6;IMF=1;DP=6;VDB=0.000411984;SGB=-0.616816;MQ0F=0;AC=2;AN=2;DP4=0,0,0,6;MQ=60;RB=7,96134865,96135356,AAT,TTC
1	163382906	NA	CA	C	102	NEI_IND[50/599];AAAACAAACAAACAAACA	INDEL;IDV=7;IMF=1;DP=7;VDB=6.71664e-05;SGB=-0.636426;MQ0F=0;AC=2;AN=2;DP4=0,0,7,0;MQ=60;RB=1,163382773,163383223,CAG,GGC
15	49372011	NA	CGACT	C	205	MASKED;TCCCCGACCGACTGACTG	INDEL;IDV=6;IMF=1;DP=6;VDB=0.000411984;SGB=-0.616816;MQ0F=0;AC=2;AN=2;DP4=0,0,0,6;MQ=60;RB=15,49371704,49372069,GGA,ATA
7	113368101	NA	CATG	C	222	NEI_IND[3/288];CATCTGCTCATGATATCT	INDEL;IDV=7;IMF=1;DP=7;VDB=6.71664e-05;SGB=-0.636426;MQ0F=0;AC=2;AN=2;DP4=0,0,7,0;MQ=60;RB=7,113368090,113368570,GCC,GGG
7	45651271	NA	ATTTAT	A	205	PASS;TTAAAAGTATTTATTTTA	INDEL;IDV=7;IMF=1;DP=7;VDB=0.000411984;SGB=-0.616816;MQ0F=0;AC=2;AN=2;DP4=0,0,0,6;MQ=60;RB=7,45650930,45651314,TCC,ATA
3	116223801	NA	T	TATTC	225	NEI_IND[33/828];TATTTATTTATTTATTCA	INDEL;IDV=8;IMF=1;DP=8;VDB=1.33331e-05;SGB=-0.651104;MQ0F=0;AC=2;AN=2;DP4=0,0,0,8;MQ=60;RB=3,116223451,116223854,TCC,GAA
15	46518153	NA	ATCT	A	225	MASKED;TCAAGCAAATCTTCTTTG	INDEL;IDV=10;IMF=1;DP=10;VDB=6.99472e-07;SGB=-0.670168;MQ0F=0;AC=2;AN=2;DP4=0,0,0,10;MQ=60;RB=15,46517854,46518197,CTT,CTT
3	133093785	NA	ACT	A	186	MASKED;GAGCATAGACTCTGCAGC	INDEL;IDV=7;IMF=1;DP=7;VDB=6.71664e-05;SGB=-0.636426;MQ0F=0;AC=2;AN=2;DP4=0,0,0,7;MQ=60;RB=3,133093571,133093813,CCG,GTG
7	52310737	NA	CT	C	100	MASKED;TGCTGCATCTTTATATTT	INDEL;IDV=9;IMF=1;DP=9;VDB=1.33331e-05;SGB=-0.651104;MQ0F=0;AC=2;AN=2;DP4=0,0,8,0;MQ=60;RB=7,52310619,52311467,CTG,TGA
9	76341367	NA	TACTC	T	225	PASS;ATCCCTCATACTCACACT	INDEL;IDV=10;IMF=1;DP=10;VDB=6.99472e-07;SGB=-0.670168;MQ0F=0;AC=2;AN=2;DP4=0,0,10,0;MQ=60;RB=9,76341322,76341657,AGC,GTT
19	2526517	NA	CAT	C	168	MASKED;TTTATACTCATATTTATA	INDEL;IDV=7;IMF=1;DP=7;VDB=6.71664e-05;SGB=-0.636426;MQ0F=0;AC=2;AN=2;DP4=0,0,0,7;MQ=60;RB=19,2526049,2526641,GTA,GGG
3	157277772	NA	AGTGCTGGG	A	225	MASKED;CCTCCCAAAGTGCTGGGA	INDEL;IDV=12;IMF=1;DP=12;VDB=2.26006e-08;SGB=-0.680642;MQ0F=0;AC=2;AN=2;DP4=0,0,12,0;MQ=60;RB=3,157277657,157277988,GAT,TAT
20	5982833	NA	CTT	C	225	MASKED;AATGCACTCTTTTGCTTA	INDEL;IDV=15;IMF=1;DP=15;VDB=4.49525e-10;SGB=-0.688148;MQ0F=0;AC=2;AN=2;DP4=0,0,15,0;MQ=60;RB=20,5982785,5983078,GTG,TCG
13	97296291	NA	AT	A	103	PASS;TATGAAAGATAATCTTTT	INDEL;IDV=10;IMF=1;DP=10;VDB=0.00187095;SGB=-0.590765;MQ0F=0;AC=2;AN=2;DP4=0,0,5,0;MQ=60;RB=13,97296211,97296426,TGA,CTA
2	58068872	NA	AG	A	101	PASS;AAGGCCAAAGCTTTTGAG	INDEL;IDV=6;IMF=1;DP=6;VDB=0.000411984;SGB=-0.616816;MQ0F=0;AC=2;AN=2;DP4=0,0,0,6;MQ=60;RB=2,58068691,58068952,AAA,GTG
9	126734419	NA	AGT	A	120	NEI_IND[2/154];AATGTGAGAGTGTGTGAG	INDEL;IDV=4;IMF=1;DP=4;VDB=0.0058656;SGB=-0.556411;MQ0F=0;AC=2;AN=2;DP4=0,0,4,0;MQ=60;RB=9,126734350,126734569,ATC,ATG
11	119615747	NA	CAA	C	157	MASKED;AATTTGCACAAAGTTATC	INDEL;IDV=5;IMF=1;DP=5;VDB=0.00187095;SGB=-0.590765;MQ0F=0;AC=2;AN=2;DP4=0,0,5,0;MQ=60;RB=11,119615712,119616158,CTG,ATG
3	183335755	NA	G	GA	4.38292	NEI_IND[15/312];CAGAGCGAGAAAAAAAAA	INDEL;IDV=5;IMF=1;DP=5;VDB=0.00187095;SGB=-0.590765;MQ0F=0;AC=2;AN=2;DP4=0,0,5,0;MQ=60;RB=3,183335732,183336071,ATA,ATA
3	183335995	NA	ATGG	A	182	MASKED;ATATGGTGATGGTGGCAT	INDEL;IDV=5;IMF=1;DP=5;VDB=0.00187095;SGB=-0.590765;MQ0F=0;AC=2;AN=2;DP4=0,0,0,5;MQ=60;RB=3,183335732,183336071,ATA,ATA
2	18760390	NA	G	GA	9.88465	PASS;ACACTGCGGAAAAAAAAT	INDEL;IDV=5;IMF=1;DP=5;VDB=0.00187095;SGB=-0.590765;MQ0F=0;AC=2;AN=2;DP4=0,0,5,0;MQ=60;RB=2,18760306,18760793,AAT,CTG
17	49713428	NA	GACAT	G	225	NEI_IND[4/128];GTATTGCTGACATACATA	INDEL;IDV=8;IMF=1;DP=8;VDB=1.33331e-05;SGB=-0.651104;MQ0F=0;AC=2;AN=2;DP4=0,0,8,0;MQ=60;RB=17,49713367,49714195,ACA,GTT
17	49714134	NA	T	TTG	163	NEI_IND[17/299];ACTGATTATTTTGTGTGT	INDEL;IDV=7;IMF=0.875;DP=8;VDB=6.71664e-05;SGB=-0.636426;MQ0F=0;AC=2;AN=2;DP4=0,0,0,7;MQ=60;RB=17,49713367,49714195,ACA,GTT
1	117130122	NA	TA	T	131	MASKED;AAAGGCCTTAGGGTGATC	INDEL;IDV=8;IMF=1;DP=8;VDB=1.33331e-05;SGB=-0.651104;MQ0F=0;AC=2;AN=2;DP4=0,0,0,8;MQ=60;RB=1,117129677,117130249,CAA,TAG
1	105052705	NA	GTGTGCA	G	182	MASKED;GCATGATGGTGTGCATGT	INDEL;IDV=5;IMF=1;DP=5;VDB=0.00187095;SGB=-0.590765;MQ0F=0;AC=2;AN=2;DP4=0,0,0,5;MQ=60;RB=1,105052450,105052782,GTT,TTT
14	81423026	NA	TA	T	11.7169	MASKED;AGTTAAGATAAAAAAAAA	INDEL;IDV=7;IMF=1;DP=7;VDB=6.71664e-05;SGB=-0.636426;MQ0F=0;AC=2;AN=2;DP4=0,0,0,7;MQ=60;RB=14,81422829,81423083,AGA,GTT
1	3190468	NA	CGT	C	142	PASS;CGTGTGCACGTGTGGCAT	INDEL;IDV=6;IMF=1;DP=6;VDB=0.00215942;SGB=-0.590765;MQ0F=0;AC=2;AN=2;DP4=0,0,5,0;MQ=60;RB=1,3190352,3190999,AAT,ACG
9	124614116	NA	TG	T	28.4205	MASKED;AGGAGTGGTGGGGGGGAA	INDEL;IDV=10;IMF=0.909091;DP=10;VDB=6.99472e-07;SGB=-0.670168;MQ0F=0;AC=2;AN=2;DP4=0,0,10,0;MQ=60;RB=9,124614061,124614436,CGA,CAT
4	178490098	NA	TA	T	73	NEI_IND[16/176];ATGACCTTTAAGAACAGC	INDEL;IDV=4;IMF=1;DP=4;VDB=0.0058656;SGB=-0.556411;MQ0F=0;AC=2;AN=2;DP4=0,0,4,0;MQ=60;RB=4,178490056,178490769,TAT,CCT
4	178490657	NA	TTC	T	129	MASKED;ATGAACATTTCTCCTTTG	INDEL;IDV=4;IMF=1;DP=4;VDB=0.0058656;SGB=-0.556411;MQ0F=0;AC=2;AN=2;DP4=0,0,0,4;MQ=60;RB=4,178490056,178490769,TAT,CCT
9	15468121	NA	TAA	T	9.00545	NEI_IND[31/429];CCATCTTTTAAAAAAAAA	INDEL;IDV=9;IMF=1;DP=9;VDB=5.52906e-06;SGB=-0.662043;MQ0F=0;AC=2;AN=2;DP4=0,0,9,0;MQ=60;RB=9,15468086,15468456,GGG,GAT
9	15468414	NA	CCTT	C	225	MASKED;GGTTTCTGCCTTAGAAGT	INDEL;IDV=9;IMF=1;DP=9;VDB=5.52906e-06;SGB=-0.662043;MQ0F=0;AC=2;AN=2;DP4=0,0,0,9;MQ=60;RB=9,15468086,15468456,GGG,GAT
4	177417979	NA	CAT	C	142	MASKED;TGTAAAGACATATATGCA	INDEL;IDV=5;IMF=1;DP=5;VDB=0.00187095;SGB=-0.590765;MQ0F=0;AC=2;AN=2;DP4=0,0,0,5;MQ=60;RB=4,177417721,177418001,CAA,TTT
13	41029512	NA	TCAAA	T	182	MASKED;ATACAATATCAAACAAAC	INDEL;IDV=5;IMF=1;DP=5;VDB=0.00187095;SGB=-0.590765;MQ0F=0;AC=2;AN=2;DP4=0,0,0,5;MQ=60;RB=13,41029218,41029612,CCA,CTA
4	135405231	NA	GTGT	G	222	PASS;AAGGAAATGTGTTGTTAT	INDEL;IDV=7;IMF=1;DP=7;VDB=6.71664e-05;SGB=-0.636426;MQ0F=0;AC=2;AN=2;DP4=0,0,7,0;MQ=60;RB=4,135405186,135405502,CCC,TTC
15	90120478	NA	AGTACATTCTTGC	A	224	NEI_IND[6/354];ACTAAATGAGTACATTCT	INDEL;IDV=7;IMF=1;DP=7;VDB=6.71664e-05;SGB=-0.636426;MQ0F=0;AC=2;AN=2;DP4=0,0,0,7;MQ=60;RB=15,90120205,90120609,TCC,TTG
12	117892684	NA	GA	G	49.4146	MASKED;ACAGGAATGAAAAATGCA	INDEL;IDV=7;IMF=1;DP=7;VDB=6.71664e-05;SGB=-0.636426;MQ0F=0;AC=2;AN=2;DP4=0,0,0,7;MQ=60;RB=12,117892358,117892756,TCG,TTG
3	13442695	NA	GC	G	130	PASS;AGGCGGAGGCCTGCAGTG	INDEL;IDV=10;IMF=1;DP=10;VDB=6.99472e-07;SGB=-0.670168;MQ0F=0;AC=2;AN=2;DP4=0,0,0,10;MQ=60;RB=3,13442375,13442720,CCA,TAG
20	11754946	NA	AG	A	130	MASKED;GGATTTAGAGGCAGGGTC	INDEL;IDV=9;IMF=1;DP=9;VDB=5.52906e-06;SGB=-0.662043;MQ0F=0;AC=2;AN=2;DP4=0,0,9,0;MQ=60;RB=20,11754897,11755649,GGG,CTT
16	78273894	NA	GGT	G	195	MASKED;TCAGTGTGGGTGTGAGTT	INDEL;IDV=8;IMF=1;DP=8;VDB=1.33331e-05;SGB=-0.651104;MQ0F=0;AC=2;AN=2;DP4=0,0,0,8;MQ=60;RB=16,78273512,78273993,AAA,AAG
X	72454788	NA	CA	C	103	MASKED;GCCACCAACAGACACATG	INDEL;IDV=5;IMF=1;DP=5;VDB=0.00187095;SGB=-0.590765;MQ0F=0;AC=2;AN=2;DP4=0,0,0,5;MQ=60;RB=X,72454589,72454831,AAA,GTA
18	74347153	NA	CT	C	86	MASKED;CTTACCCCCTGGATGGTA	INDEL;IDV=5;IMF=1;DP=5;VDB=0.00187095;SGB=-0.590765;MQ0F=0;AC=2;AN=2;DP4=0,0,5,0;MQ=60;RB=18,74347031,74348120,AGA,TAG
14	54740458	NA	GT	G	18.4763	MASKED;TTTTTTGGGTTTTTTTTG	INDEL;IDV=10;IMF=1;DP=10;VDB=6.99472e-07;SGB=-0.670168;MQ0F=0;AC=2;AN=2;DP4=0,0,0,10;MQ=60;RB=14,54740139,54740517,TTA,TTT
11	23365198	NA	AT	A	104	PASS;TAAGAGCTATTGCACATT	INDEL;IDV=6;IMF=1;DP=6;VDB=0.000411984;SGB=-0.616816;MQ0F=0;AC=2;AN=2;DP4=0,0,0,6;MQ=60;RB=11,23365005,23365270,AGG,CGG
1	22007292	NA	G	GT	133	PASS;TGACAAATGTAACTTACC	INDEL;IDV=7;IMF=1;DP=7;VDB=6.71664e-05;SGB=-0.636426;MQ0F=0;AC=2;AN=2;DP4=0,0,7,0;MQ=60;RB=1,22007168,22007523,GAG,ACG
4	95297083	NA	TATTTA	T	223	MASKED;TAATACACTATTTAATTT	INDEL;IDV=10;IMF=1;DP=10;VDB=6.99472e-07;SGB=-0.670168;MQ0F=0;AC=2;AN=2;DP4=0,0,0,10;MQ=60;RB=4,95296885,95297215,TGA,CAA
17	28336429	NA	CT	C	125	PASS;CTCCAGCCCTAGGCAGCC	INDEL;IDV=7;IMF=1;DP=7;VDB=6.71664e-05;SGB=-0.636426;MQ0F=0;AC=2;AN=2;DP4=0,0,7,0;MQ=60;RB=17,28336324,28336878,GGT,TTA
18	74347153	NA	CT	C	145	MASKED;CTTACCCCCTGGATGGTA	INDEL;IDV=10;IMF=1;DP=10;VDB=6.99472e-07;SGB=-0.670168;MQ0F=0;AC=2;AN=2;DP4=0,0,10,0;MQ=60;RB=18,74347031,74348121,ACT,AAA
10	54827126	NA	TA	T	32.4168	PASS;TAACACAATAAAAAATCT	INDEL;IDV=6;IMF=1;DP=6;VDB=0.000411984;SGB=-0.616816;MQ0F=0;AC=2;AN=2;DP4=0,0,6,0;MQ=60;RB=10,54826991,54827291,GGT,CGT
7	133487535	NA	GA	G	113	MASKED;GAGGCGGAGAGTTGCAGT	INDEL;IDV=6;IMF=1;DP=6;VDB=0.000411984;SGB=-0.616816;MQ0F=0;AC=2;AN=2;DP4=0,0,0,6;MQ=60;RB=7,133487097,133487562,GGT,ATA
10	1652943	NA	GCA	G	163	MASKED;GGGCAGGCGCACACACAC	INDEL;IDV=9;IMF=0.9;DP=10;VDB=1.05323e-06;SGB=-0.670168;MQ0F=0;AC=2;AN=2;DP4=0,0,0,10;MQ=60;RB=10,1652618,1653024,CTA,CCG
22	35059125	NA	CCGCCCGTGT	C	196	MASKED;TAAGGTTGCCGCCCGTGT	INDEL;IDV=6;IMF=1;DP=6;VDB=0.000411984;SGB=-0.616816;MQ0F=0;AC=2;AN=2;DP4=0,0,6,0;MQ=60;RB=22,35059028,35059485,AAT,TGG
17	51687591	NA	AT	A	98	PASS;AATAAAAAATATGTATTA	INDEL;IDV=5;IMF=1;DP=5;VDB=0.00187095;SGB=-0.590765;MQ0F=0;AC=2;AN=2;DP4=0,0,0,5;MQ=60;RB=17,51687194,51687627,CGG,TTT
10	1652943	NA	GCACA	GCA,G	128	MASKED;GGGCAGGCGCACACACAC	INDEL;IDV=6;IMF=1;DP=6;VDB=0.000481013;SGB=-0.616816;MQ0F=0;AC=1,1;AN=2;DP4=0,0,0,6;MQ=60;RB=10,1652618,1653025,CTT,TTA
20	5982833	NA	CTT	C	180	MASKED;AATGCACTCTTTTGCTTA	INDEL;IDV=7;IMF=1;DP=7;VDB=6.71664e-05;SGB=-0.636426;MQ0F=0;AC=2;AN=2;DP4=0,0,7,0;MQ=60;RB=20,5982784,5983103,CTT,CTT
5	7481885	NA	TTG	T	173	MASKED;ATGCTGATTTGTGTGTGT	INDEL;IDV=10;IMF=1;DP=10;VDB=6.99472e-07;SGB=-0.670168;MQ0F=0;AC=2;AN=2;DP4=0,0,0,10;MQ=60;RB=5,7481461,7481995,GCC,GGG
6	36452129	NA	C	CT	92	PASS;TGAAAGCTCTATTTGTGG	INDEL;IDV=4;IMF=1;DP=4;VDB=0.0058656;SGB=-0.556411;MQ0F=0;AC=2;AN=2;DP4=0,0,0,4;MQ=60;RB=6,36451797,36452175,AAT,TGG
7	13549261	NA	ATTGT	A	205	PASS;CTAATATGATTGTTTGTT	INDEL;IDV=6;IMF=1;DP=6;VDB=0.000411984;SGB=-0.616816;MQ0F=0;AC=2;AN=2;DP4=0,0,0,6;MQ=60;RB=7,13549096,13549361,TGG,GCC
8	132394375	NA	TA	T	44.4146	MASKED;CACATCCCTAAAAATGTG	INDEL;IDV=6;IMF=1;DP=6;VDB=0.000411984;SGB=-0.616816;MQ0F=0;AC=2;AN=2;DP4=0,0,0,6;MQ=60;RB=8,132394121,132394415,AGG,GAA
20	55589521	NA	GTCTC	G	225	MASKED;ATCTGTCTGTCTCTCTAT	INDEL;IDV=8;IMF=1;DP=8;VDB=1.33331e-05;SGB=-0.651104;MQ0F=0;AC=2;AN=2;DP4=0,0,0,8;MQ=60;RB=20,55589223,55589595,GCG,ATT
10	57778685	NA	CA	C	55	MASKED;ATAATTAGCAAAATGAAA	INDEL;IDV=5;IMF=1;DP=5;VDB=0.00187095;SGB=-0.590765;MQ0F=0;AC=2;AN=2;DP4=0,0,5,0;MQ=60;RB=10,57778667,57778911,ACC,TAA
6	15688575	NA	TTCTTTC	T	205	MASKED;ATTCTAACTTCTTTCTCT	INDEL;IDV=6;IMF=1;DP=6;VDB=0.000411984;SGB=-0.616816;MQ0F=0;AC=2;AN=2;DP4=0,0,0,6;MQ=60;RB=6,15688339,15688682,GAA,GTC
15	96347667	NA	TA	T	150	PASS;TGGAAAACTAGGCAAAAA	INDEL;IDV=10;IMF=1;DP=10;VDB=6.99472e-07;SGB=-0.670168;MQ0F=0;AC=2;AN=2;DP4=0,0,0,10;MQ=60;RB=15,96347371,96347758,TCC,AAC
4	32905375	NA	CAG	C	190	MASKED;CATCATAACAGATGCAAT	INDEL;IDV=8;IMF=1;DP=8;VDB=6.71664e-05;SGB=-0.636426;MQ0F=0;AC=2;AN=2;DP4=0,0,0,7;MQ=60;RB=4,32905019,32905486,CTT,TAA
6	88742726	NA	CT	C	94	PASS;TGGGTTTTCTTTACTGTT	INDEL;IDV=6;IMF=1;DP=6;VDB=0.000411984;SGB=-0.616816;MQ0F=0;AC=2;AN=2;DP4=0,0,6,0;MQ=60;RB=6,88742607,88742951,TTC,GCT
3	61503030	NA	CAT	C	150	MASKED;CATTCAAACATATACTTG	INDEL;IDV=5;IMF=1;DP=5;VDB=0.00187095;SGB=-0.590765;MQ0F=0;AC=2;AN=2;DP4=0,0,0,5;MQ=60;RB=3,61502801,61503108,CCT,ATG
10	72236661	NA	GTAT	G	225	NEI_IND[3/168];GTATGTGTGTATTATGTG	INDEL;IDV=10;IMF=1;DP=10;VDB=6.99472e-07;SGB=-0.670168;MQ0F=0;AC=2;AN=2;DP4=0,0,0,10;MQ=60;RB=10,72236411,72236709,CTC,GTA
2	175295196	NA	C	CTT	15.5418	NEI_IND[33/703];GTCTAAAACTTTTTTTTT	INDEL;IDV=11;IMF=1;DP=11;VDB=2.26006e-08;SGB=-0.676189;MQ0F=0;AC=2;AN=2;DP4=0,0,0,11;MQ=60;RB=2,175294941,175295277,CCA,TTC
1	45040507	NA	TTTG	T	225	MASKED;GCTGTGGTTTTGTTGTTG	INDEL;IDV=8;IMF=1;DP=8;VDB=1.33331e-05;SGB=-0.651104;MQ0F=0;AC=2;AN=2;DP4=0,0,8,0;MQ=60;RB=1,45040404,45040938,GTT,CCT
3	66297675	NA	TTAAATA	T	224	MASKED;TTGGCTATTTAAATATAA	INDEL;IDV=7;IMF=1;DP=7;VDB=6.71664e-05;SGB=-0.636426;MQ0F=0;AC=2;AN=2;DP4=0,0,0,7;MQ=60;RB=3,66297366,66297720,TCA,TTC
9	13092255	NA	AG	A	115	MASKED;TAAAGCCCAGGTGCATTT	INDEL;IDV=7;IMF=1;DP=7;VDB=6.71664e-05;SGB=-0.636426;MQ0F=0;AC=2;AN=2;DP4=0,0,0,7;MQ=60;RB=9,13091838,13092299,GCC,CTA
7	113368101	NA	CATG	C	225	NEI_IND[3/288];CATCTGCTCATGATATCT	INDEL;IDV=13;IMF=1;DP=13;VDB=2.26006e-08;SGB=-0.683931;MQ0F=0;AC=2;AN=2;DP4=0,0,13,0;MQ=60;RB=7,113368090,113368571,AAC,GAA
3	50135699	NA	ATTTTTATT	A	224	MASKED;GAGTCCTTATTTTTATTT	INDEL;IDV=7;IMF=1;DP=7;VDB=6.71664e-05;SGB=-0.636426;MQ0F=0;AC=2;AN=2;DP4=0,0,0,7;MQ=60;RB=3,50135472,50135754,ATT,GTG
2	81338843	NA	CATCT	C	132	MASKED;CCTGCAACCATCTATCTG	INDEL;IDV=4;IMF=1;DP=4;VDB=0.0058656;SGB=-0.556411;MQ0F=0;AC=2;AN=2;DP4=0,0,4,0;MQ=60;RB=2,81338833,81339107,AAT,CCC
13	46712377	NA	TA	T	124	MASKED;AAGCCATTTATTGTCCAG	INDEL;IDV=14;IMF=1;DP=14;VDB=6.71664e-05;SGB=-0.636426;MQ0F=0;AC=2;AN=2;DP4=0,0,7,0;MQ=60;RB=13,46712264,46712479,ACC,CAT
10	76045281	NA	CATCTATATCTATAT	C	225	MASKED;TATTTATACATCTATATC	INDEL;IDV=13;IMF=1;DP=13;VDB=2.26006e-08;SGB=-0.683931;MQ0F=0;AC=2;AN=2;DP4=0,0,0,13;MQ=60;RB=10,76044576,76045399,TAT,GAG
7	39515850	NA	CTGAA	C	225	MASKED;TTTGTTGCCTGAATGAAT	INDEL;IDV=8;IMF=1;DP=8;VDB=1.33331e-05;SGB=-0.651104;MQ0F=0;AC=2;AN=2;DP4=0,0,0,8;MQ=60;RB=7,39515200,39515968,GGC,TCA
7	36526398	NA	TTA	T	82	MASKED;GAACCTAATTATATATAT	INDEL;IDV=4;IMF=1;DP=4;VDB=0.0221621;SGB=-0.511536;MQ0F=0;AC=2;AN=2;DP4=0,0,0,3;MQ=60;RB=7,36525797,36526418,TCT,GAA
4	178104640	NA	TA	T	27.4221	MASKED;TAGATGAATAAAAAAATG	INDEL;IDV=9;IMF=1;DP=9;VDB=5.52906e-06;SGB=-0.662043;MQ0F=0;AC=2;AN=2;DP4=0,0,0,9;MQ=60;RB=4,178104389,178104700,TGA,CCG
15	67926825	NA	GTTA	G	225	PASS;AGATATTTGTTATTAGAT	INDEL;IDV=8;IMF=1;DP=8;VDB=1.33331e-05;SGB=-0.651104;MQ0F=0;AC=2;AN=2;DP4=0,0,0,8;MQ=60;RB=15,67926672,67926953,TCT,GGG
11	37038584	NA	CTT	C	146	MASKED;TGTGGTCTCTTTTGTGCA	INDEL;IDV=6;IMF=1;DP=6;VDB=0.00187095;SGB=-0.590765;MQ0F=0;AC=2;AN=2;DP4=0,0,0,5;MQ=60;RB=11,37038268,37038650,CTT,TCC
18	38214426	NA	ATTTT	A	211	MASKED;TTGAATATATTTTTTTCT	INDEL;IDV=7;IMF=1;DP=7;VDB=6.71664e-05;SGB=-0.636426;MQ0F=0;AC=2;AN=2;DP4=0,0,0,7;MQ=60;RB=18,38214119,38214467,CCG,GCT
1	33376399	NA	GA	G	29.4193	NEI_IND[90/222];AAAAAAAAGAAAAAAAGA	INDEL;IDV=11;IMF=0.916667;DP=12;VDB=2.26006e-08;SGB=-0.676189;MQ0F=0;AC=2;AN=2;DP4=0,0,11,0;MQ=60;RB=1,33376266,33376680,ATT,CCG
6	29684408	NA	TTTAATTTTGC	T	205	NEI_IND[6/234];ACAATAATTTTAATTTTG	INDEL;IDV=6;IMF=1;DP=6;VDB=0.000411984;SGB=-0.616816;MQ0F=0;AC=2;AN=2;DP4=0,0,0,6;MQ=60;RB=6,29684227,29684466,CAT,CAT
12	19731700	NA	CAT	C	225	PASS;ATGTGAAACATGTGCATG	INDEL;IDV=10;IMF=1;DP=10;VDB=6.99472e-07;SGB=-0.670168;MQ0F=0;AC=2;AN=2;DP4=0,0,10,0;MQ=60;RB=12,19731623,19732178,GCC,GCT
3	178453121	NA	GC	G	91	MASKED;TCCAGGGTGCCAAGAAAG	INDEL;IDV=5;IMF=1;DP=5;VDB=0.00187095;SGB=-0.590765;MQ0F=0;AC=2;AN=2;DP4=0,0,0,5;MQ=60;RB=3,178452354,178453170,AAC,ATG
6	166377832	NA	AG	A	120	PASS;GAGTGCTAAGGAACACTC	INDEL;IDV=8;IMF=1;DP=8;VDB=1.33331e-05;SGB=-0.651104;MQ0F=0;AC=2;AN=2;DP4=0,0,8,0;MQ=60;RB=6,166377734,166378302,TTC,AGT
4	177417979	NA	CAT	C	176	MASKED;TGTAAAGACATATATGCA	INDEL;IDV=7;IMF=1;DP=7;VDB=6.71664e-05;SGB=-0.636426;MQ0F=0;AC=2;AN=2;DP4=0,0,0,7;MQ=60;RB=4,177417721,177418001,CTT,TAT
10	2277579	NA	AATCTATCTATCTATCTATCT	A	205	MASKED;CAAAACCAAATCTATCTA	INDEL;IDV=6;IMF=1;DP=6;VDB=0.000411984;SGB=-0.616816;MQ0F=0;AC=2;AN=2;DP4=0,0,0,6;MQ=60;RB=10,2277391,2277668,CAT,CGG
5	179553984	NA	GA	G	38.415	MASKED;TGAGAAGTGAAAAATGCA	INDEL;IDV=5;IMF=1;DP=5;VDB=0.00187095;SGB=-0.590765;MQ0F=0;AC=2;AN=2;DP4=0,0,0,5;MQ=60;RB=5,179553784,179554042,TGG,TCC
6	81620365	NA	CT	C	11.7169	MASKED;AGATAAAGCTTTTTTTTT	INDEL;IDV=7;IMF=1;DP=7;VDB=6.71664e-05;SGB=-0.636426;MQ0F=0;AC=2;AN=2;DP4=0,0,0,7;MQ=60;RB=6,81619755,81620432,AGT,CCT
1	107480509	NA	AC	A	95	MASKED;TGAAAACAACCTTTGCAC	INDEL;IDV=6;IMF=1;DP=6;VDB=0.000411984;SGB=-0.616816;MQ0F=0;AC=2;AN=2;DP4=0,0,0,6;MQ=60;RB=1,107480065,107480608,CCT,GTA
4	14683169	NA	AG	A	118	MASKED;CAGAACACAGGTGGACAG	INDEL;IDV=9;IMF=1;DP=9;VDB=5.52906e-06;SGB=-0.662043;MQ0F=0;AC=2;AN=2;DP4=0,0,0,9;MQ=60;RB=4,14682665,14683262,TAG,GGA
6	101862413	NA	GTC	G	119	MASKED;CTTCTCATGTCTCTCTGC	INDEL;IDV=4;IMF=1;DP=4;VDB=0.0058656;SGB=-0.556411;MQ0F=0;AC=2;AN=2;DP4=0,0,0,4;MQ=60;RB=6,101862079,101862519,CAG,CTG
9	12544590	NA	TGCGC	T	225	MASKED;CTAATTTGTGCGCGCACA	INDEL;IDV=8;IMF=1;DP=8;VDB=1.33331e-05;SGB=-0.651104;MQ0F=0;AC=2;AN=2;DP4=0,0,8,0;MQ=60;RB=9,12544471,12544946,GAG,TTG
7	39513428	NA	ATACT	A	224	PASS;GTGTTCAAATACTTACTT	INDEL;IDV=7;IMF=1;DP=7;VDB=6.71664e-05;SGB=-0.636426;MQ0F=0;AC=2;AN=2;DP4=0,0,0,7;MQ=60;RB=7,39513211,39513511,ATA,CTT
7	7351393	NA	A	AGC	186	MASKED;CCTATCTAAGAAATCTTT	INDEL;IDV=10;IMF=1;DP=10;VDB=6.99472e-07;SGB=-0.670168;MQ0F=0;AC=2;AN=2;DP4=0,0,0,10;MQ=60;RB=7,7351081,7351482,GAG,GCG
18	74347153	NA	CT	C	140	MASKED;CTTACCCCCTGGATGGTA	INDEL;IDV=9;IMF=1;DP=9;VDB=5.52906e-06;SGB=-0.662043;MQ0F=0;AC=2;AN=2;DP4=0,0,9,0;MQ=60;RB=18,74347031,74348121,GGT,ATT
2	213495213	NA	TATTC	T	180	PASS;GAAGTTATTATTCATTAT	INDEL;IDV=5;IMF=1;DP=5;VDB=0.00187095;SGB=-0.590765;MQ0F=0;AC=2;AN=2;DP4=0,0,0,5;MQ=60;RB=2,213494801,213495324,GTC,TCT
7	79630645	NA	TTAG	T	225	MASKED;TGTTCTTGTTAGTAGGTG	INDEL;IDV=9;IMF=1;DP=9;VDB=5.52906e-06;SGB=-0.662043;MQ0F=0;AC=2;AN=2;DP4=0,0,0,9;MQ=60;RB=7,79630235,79630751,TCG,CAC
X	95930249	NA	TTACAA	T	224	PASS;GATCCTACTTACAATTAA	INDEL;IDV=7;IMF=1;DP=7;VDB=6.71664e-05;SGB=-0.636426;MQ0F=0;AC=2;AN=2;DP4=0,0,0,7;MQ=60;RB=X,95929698,95930320,TTC,GTG
1	14671876	NA	TTC	T	225	MASKED;ATCTGCATTTCTGTTTGC	INDEL;IDV=13;IMF=1;DP=13;VDB=2.26006e-08;SGB=-0.683931;MQ0F=0;AC=2;AN=2;DP4=0,0,13,0;MQ=60;RB=1,14671744,14672089,CCT,CGG
12	114870910	NA	AT	A	150	MASKED;ATCACAGTATAATGCAAC	INDEL;IDV=10;IMF=1;DP=10;VDB=6.99472e-07;SGB=-0.670168;MQ0F=0;AC=2;AN=2;DP4=0,0,0,10;MQ=60;RB=12,114870591,114870959,TCC,GAA
13	87225377	NA	CTA	C	170	MASKED;CTAATTTTCTATATGTTG	INDEL;IDV=6;IMF=1;DP=6;VDB=0.000411984;SGB=-0.616816;MQ0F=0;AC=2;AN=2;DP4=0,0,0,6;MQ=60;RB=13,87225065,87225452,GGC,ACT
9	121898745	NA	GAAA	G	106	MASKED;GAAAGAAAGAAAAAAAAA	INDEL;IDV=7;IMF=1;DP=7;VDB=6.71664e-05;SGB=-0.636426;MQ0F=0;AC=2;AN=2;DP4=0,0,0,7;MQ=60;RB=9,121898474,121898829,GAG,TTA
18	43935706	NA	TCCAC	T	182	NEI_IND[4/260];TCTATCTCTCCACCCATC	INDEL;IDV=5;IMF=1;DP=5;VDB=0.00187095;SGB=-0.590765;MQ0F=0;AC=2;AN=2;DP4=0,0,0,5;MQ=60;RB=18,43934993,43935758,ATA,TGA
3	71117139	NA	A	AT	86	NEI_IND[16/403];GGATAATTATAAAAAAAA	INDEL;IDV=4;IMF=1;DP=4;VDB=0.0058656;SGB=-0.556411;MQ0F=0;AC=2;AN=2;DP4=0,0,4,0;MQ=60;RB=3,71117010,71117355,CCC,GTG
6	118556049	NA	TA	T	44.4146	MASKED;TACCAGTTTAAAAATGCA	INDEL;IDV=6;IMF=1;DP=6;VDB=0.000411984;SGB=-0.616816;MQ0F=0;AC=2;AN=2;DP4=0,0,0,6;MQ=60;RB=6,118555710,118556175,CCT,CGC
11	119615747	NA	CAA	C	157	MASKED;AATTTGCACAAAGTTATC	INDEL;IDV=5;IMF=1;DP=5;VDB=0.00187095;SGB=-0.590765;MQ0F=0;AC=2;AN=2;DP4=0,0,5,0;MQ=60;RB=11,119615711,119616158,AAA,GTG
12	127879738	NA	TCTACACATGTGTA	T	225	MASKED;TACATGAGTCTACACATG	INDEL;IDV=9;IMF=1;DP=9;VDB=5.52906e-06;SGB=-0.662043;MQ0F=0;AC=2;AN=2;DP4=0,0,0,9;MQ=60;RB=12,127879330,127879782,GAA,TGG
4	109613591	NA	AATGAACATTCGT	A	224	NEI_IND[6/280];AGGAAGGGAATGAACATT	INDEL;IDV=7;IMF=1;DP=7;VDB=6.71664e-05;SGB=-0.636426;MQ0F=0;AC=2;AN=2;DP4=0,0,0,7;MQ=60;RB=4,109613365,109613624,CGA,TTT
11	124694714	NA	TG	T	73	MASKED;AGTCATGCTGGCAGCTGA	INDEL;IDV=4;IMF=1;DP=4;VDB=0.0058656;SGB=-0.556411;MQ0F=0;AC=2;AN=2;DP4=0,0,0,4;MQ=60;RB=11,124694144,124694832,GAT,GGC
15	90120478	NA	AGTACATTCTTGC	A	205	NEI_IND[6/354];ACTAAATGAGTACATTCT	INDEL;IDV=7;IMF=1;DP=7;VDB=0.000411984;SGB=-0.616816;MQ0F=0;AC=2;AN=2;DP4=0,0,0,6;MQ=60;RB=15,90120204,90120610,TCT,TTA
6	151831645	NA	AATTT	A	225	PASS;GTTAATATAATTTCCCAT	INDEL;IDV=8;IMF=1;DP=8;VDB=1.33331e-05;SGB=-0.651104;MQ0F=0;AC=2;AN=2;DP4=0,0,0,8;MQ=60;RB=6,151830854,151831756,AAA,GGT
2	95875806	NA	CCGTT	C	225	PASS;AAAATTAACCGTTCGATT	INDEL;IDV=8;IMF=1;DP=8;VDB=1.33331e-05;SGB=-0.651104;MQ0F=0;AC=2;AN=2;DP4=0,0,8,0;MQ=60;RB=2,95875779,95876125,ACC,GCA
10	117050509	NA	GC	G	134	PASS;TTGAACATGCCTGGCCCC	INDEL;IDV=10;IMF=1;DP=10;VDB=6.99472e-07;SGB=-0.670168;MQ0F=0;AC=2;AN=2;DP4=0,0,0,10;MQ=60;RB=10,117050285,117050590,CGG,ATA
16	84920357	NA	G	GCT	225	PASS;AGGTCAAAGCTCTGATGA	INDEL;IDV=9;IMF=1;DP=9;VDB=5.52906e-06;SGB=-0.662043;MQ0F=0;AC=2;AN=2;DP4=0,0,0,9;MQ=60;RB=16,84920081,84920470,TGG,CAA
18	38214426	NA	ATTTT	A	225	MASKED;TTGAATATATTTTTTTCT	INDEL;IDV=14;IMF=1;DP=14;VDB=2.26006e-08;SGB=-0.686358;MQ0F=0;AC=2;AN=2;DP4=0,0,0,14;MQ=60;RB=18,38214118,38214484,GGA,CCT
1	64165674	NA	CT	C	130	MASKED;CAGGGATGCTTGTGCACA	INDEL;IDV=10;IMF=1;DP=10;VDB=6.99472e-07;SGB=-0.670168;MQ0F=0;AC=2;AN=2;DP4=0,0,0,10;MQ=60;RB=1,64165249,64165800,CTA,ATT
1	64165720	NA	CT	C	13.6076	NEI_IND[1/23];CCTTCCTTCTTTTTTTTT	INDEL;IDV=10;IMF=1;DP=10;VDB=6.99472e-07;SGB=-0.670168;MQ0F=0;AC=2;AN=2;DP4=0,0,0,10;MQ=60;RB=1,64165249,64165800,CTA,ATT
17	12624849	NA	TAAGCC	T	224	MASKED;AAAGGAAATAAGCCAAGG	INDEL;IDV=7;IMF=1;DP=7;VDB=6.71664e-05;SGB=-0.636426;MQ0F=0;AC=2;AN=2;DP4=0,0,0,7;MQ=60;RB=17,12624562,12624869,TCT,TCC
17	79122602	NA	ACACT	A	225	NEI_IND[4/265];ATATGCACACACTCACGC	INDEL;IDV=10;IMF=1;DP=10;VDB=6.99472e-07;SGB=-0.670168;MQ0F=0;AC=2;AN=2;DP4=0,0,10,0;MQ=60;RB=17,79122559,79122908,CTA,CAT
8	138564626	NA	CTAATATTATTA	C	224	MASKED;CATACCATCTAATATTAT	INDEL;IDV=7;IMF=1;DP=7;VDB=6.71664e-05;SGB=-0.636426;MQ0F=0;AC=2;AN=2;DP4=0,0,7,0;MQ=60;RB=8,138564585,138565104,GAA,TAA
6	24747149	NA	GC	G	105	MASKED;TAATCATTGCCACATGCT	INDEL;IDV=6;IMF=1;DP=6;VDB=0.000411984;SGB=-0.616816;MQ0F=0;AC=2;AN=2;DP4=0,0,0,6;MQ=60;RB=6,24746844,24747218,TGA,TCA
1	230902591	NA	A	AGG	225	PASS;AGGCAAAGAGGGCTTGGG	INDEL;IDV=9;IMF=1;DP=9;VDB=5.52906e-06;SGB=-0.662043;MQ0F=0;AC=2;AN=2;DP4=0,0,0,9;MQ=60;RB=1,230902345,230902664,ACG,GGT
11	125450494	NA	TG	T	108	MASKED;TTACAGGATGGCATCCTT	INDEL;IDV=8;IMF=1;DP=8;VDB=6.71664e-05;SGB=-0.636426;MQ0F=0;AC=2;AN=2;DP4=0,0,0,7;MQ=60;RB=11,125450049,125450620,CCG,CTC
12	53500060	NA	ATGTG	A	161	NEI_IND[4/308];TGAGGCAGATGTGTGTGT	INDEL;IDV=5;IMF=1;DP=5;VDB=0.00187095;SGB=-0.590765;MQ0F=0;AC=2;AN=2;DP4=0,0,0,5;MQ=60;RB=12,53499288,53500080,CTC,CTA
3	162856161	NA	GT	G	133	MASKED;AAGAATGTGTGTTTTGCA	INDEL;IDV=8;IMF=1;DP=8;VDB=1.33331e-05;SGB=-0.651104;MQ0F=0;AC=2;AN=2;DP4=0,0,0,8;MQ=60;RB=3,162855758,162856217,GTC,CCT
8	28968547	NA	TAA	T	137	PASS;GATACTTTTAAAAATTTA	INDEL;IDV=10;IMF=1;DP=10;VDB=1.33331e-05;SGB=-0.651104;MQ0F=0;AC=2;AN=2;DP4=0,0,8,0;MQ=60;RB=8,28968431,28969456,GTG,GAT
7	16592030	NA	AGT	A	184	MASKED;GGAAATGAAGTGTGTGCA	INDEL;IDV=8;IMF=1;DP=8;VDB=1.33331e-05;SGB=-0.651104;MQ0F=0;AC=2;AN=2;DP4=0,0,0,8;MQ=60;RB=7,16591682,16592132,ATG,GGA
2	58844497	NA	GCCT	G	225	MASKED;TAAAAACTGCCTCAAATT	INDEL;IDV=8;IMF=1;DP=8;VDB=1.33331e-05;SGB=-0.651104;MQ0F=0;AC=2;AN=2;DP4=0,0,0,8;MQ=60;RB=2,58844288,58844575,AAT,GGG
22	49334506	NA	TTTTC	T	225	MASKED;TTTTCTGTTTTTCTTTAT	INDEL;IDV=9;IMF=1;DP=9;VDB=5.52906e-06;SGB=-0.662043;MQ0F=0;AC=2;AN=2;DP4=0,0,0,9;MQ=60;RB=22,49334126,49334640,CCT,TAT
22	49334556	NA	A	ATCAG	225	NEI_IND[1/16];TCTCTATAATCAGAGTAA	INDEL;IDV=9;IMF=1;DP=9;VDB=5.52906e-06;SGB=-0.662043;MQ0F=0;AC=2;AN=2;DP4=0,0,0,9;MQ=60;RB=22,49334126,49334640,CCT,TAT
22	49334607	NA	A	AACAC	225	NEI_IND[2/24];AGAGCTTTAACAAAGCAC	INDEL;IDV=9;IMF=1;DP=9;VDB=5.52906e-06;SGB=-0.662043;MQ0F=0;AC=2;AN=2;DP4=0,0,0,9;MQ=60;RB=22,49334126,49334640,CCT,TAT
3	156782037	NA	CTTTG	C	225	MASKED;TTGCCTGGCTTTGTTTGA	INDEL;IDV=10;IMF=1;DP=10;VDB=6.99472e-07;SGB=-0.670168;MQ0F=0;AC=2;AN=2;DP4=0,0,10,0;MQ=60;RB=3,156782008,156782392,GAA,TGA
18	74347153	NA	CT	C	123	MASKED;CTTACCCCCTGGATGGTA	INDEL;IDV=7;IMF=1;DP=7;VDB=6.71664e-05;SGB=-0.636426;MQ0F=0;AC=2;AN=2;DP4=0,0,7,0;MQ=60;RB=18,74347032,74348121,ACC,TCT
12	117892684	NA	GA	G	62	MASKED;ACAGGAATGAAAAATGCA	INDEL;IDV=13;IMF=1;DP=13;VDB=2.26006e-08;SGB=-0.683931;MQ0F=0;AC=2;AN=2;DP4=0,0,0,13;MQ=60;RB=12,117892358,117892757,TAC,CGA
3	75089115	NA	C	CT	38.415	PASS;GTTGAATGCTTTTTCTAT	INDEL;IDV=5;IMF=1;DP=5;VDB=0.00187095;SGB=-0.590765;MQ0F=0;AC=2;AN=2;DP4=0,0,0,5;MQ=60;RB=3,75088511,75089192,GCC,ACT
11	98742828	NA	GT	G	101	PASS;AGGCTGGAGTTGCAGTGG	INDEL;IDV=6;IMF=1;DP=6;VDB=0.000411984;SGB=-0.616816;MQ0F=0;AC=2;AN=2;DP4=0,0,0,6;MQ=60;RB=11,98742554,98742853,CTG,AAT
12	91106438	NA	CCTAA	C	225	PASS;GCTATGAACCTAACTAAC	INDEL;IDV=12;IMF=1;DP=12;VDB=0.933997;SGB=-0.676189;MQSB=0.950952;MQ0F=0;AC=2;AN=2;DP4=0,0,6,5;MQ=60;RB=12,91106328,91106559,CGC,CCT
8	132394375	NA	TA	T	60	MASKED;CACATCCCTAAAAATGTG	INDEL;IDV=11;IMF=1;DP=11;VDB=2.26006e-08;SGB=-0.676189;MQ0F=0;AC=2;AN=2;DP4=0,0,0,11;MQ=60;RB=8,132394121,132394414,AAC,CTG
15	57240923	NA	GT	G	49.4146	PASS;TACCAAAAGTTTTTAGAC	INDEL;IDV=7;IMF=1;DP=7;VDB=6.71664e-05;SGB=-0.636426;MQ0F=0;AC=2;AN=2;DP4=0,0,0,7;MQ=60;RB=15,57240553,57240955,TTC,CCC
12	120010289	NA	TAATA	T	225	NEI_IND[14/395];TGCATATATAATAAATAT	INDEL;IDV=8;IMF=1;DP=8;VDB=1.33331e-05;SGB=-0.651104;MQ0F=0;AC=2;AN=2;DP4=0,0,8,0;MQ=60;RB=12,120010264,120010668,GCG,TAT
9	121898745	NA	GAAA	G	114	MASKED;GAAAGAAAGAAAAAAAAA	INDEL;IDV=8;IMF=1;DP=8;VDB=1.33331e-05;SGB=-0.651104;MQ0F=0;AC=2;AN=2;DP4=0,0,0,8;MQ=60;RB=9,121898473,121898829,TGT,TTA
11	824987	NA	CTGCA	C	225	NEI_IND[4/179];CTCACCAGCTGCATGCAC	INDEL;IDV=10;IMF=1;DP=10;VDB=6.99472e-07;SGB=-0.670168;MQ0F=0;AC=2;AN=2;DP4=0,0,0,10;MQ=60;RB=11,824697,825115,TCG,ACC
11	113334346	NA	CTTA	C	223	MASKED;GCTGCTGTCTTATTATGG	INDEL;IDV=7;IMF=1;DP=7;VDB=6.71664e-05;SGB=-0.636426;MQ0F=0;AC=2;AN=2;DP4=0,0,0,7;MQ=60;RB=11,113334036,113334402,GAC,ATG
21	45394099	NA	TTATC	T	205	MASKED;CATATAAATTATCTATGT	INDEL;IDV=6;IMF=1;DP=6;VDB=0.000411984;SGB=-0.616816;MQ0F=0;AC=2;AN=2;DP4=0,0,6,0;MQ=60;RB=21,45394082,45394346,CTG,AAA
5	179553984	NA	GA	G	38.415	MASKED;TGAGAAGTGAAAAATGCA	INDEL;IDV=5;IMF=1;DP=5;VDB=0.00187095;SGB=-0.590765;MQ0F=0;AC=2;AN=2;DP4=0,0,0,5;MQ=60;RB=5,179553783,179554043,GGT,AAT
10	76045281	NA	CATCTATATCTATAT	C	225	MASKED;TATTTATACATCTATATC	INDEL;IDV=9;IMF=1;DP=9;VDB=5.52906e-06;SGB=-0.662043;MQ0F=0;AC=2;AN=2;DP4=0,0,0,9;MQ=60;RB=10,76044576,76045391,ATA,CTG
8	19549410	NA	CT	C	128	MASKED;TTTTCACACTGCTACAAA	INDEL;IDV=8;IMF=1;DP=8;VDB=1.33331e-05;SGB=-0.651104;MQ0F=0;AC=2;AN=2;DP4=0,0,8,0;MQ=60;RB=8,19549399,19549813,ACT,GCG
4	95258094	NA	GTGTTTCGTTT	G	154	MASKED;TCTATTTGGTGTTTCGTT	INDEL;IDV=4;IMF=1;DP=4;VDB=0.0058656;SGB=-0.556411;MQ0F=0;AC=2;AN=2;DP4=0,0,0,4;MQ=60;RB=4,95257664,95258190,GAT,ACC
1	14671876	NA	TTC	T	187	MASKED;ATCTGCATTTCTGTTTGC	INDEL;IDV=8;IMF=1;DP=8;VDB=1.33331e-05;SGB=-0.651104;MQ0F=0;AC=2;AN=2;DP4=0,0,8,0;MQ=60;RB=1,14671745,14672518,TCC,GTG
3	62918386	NA	CTCT	C	225	MASKED;TCAGGCAGCTCTTCTTAT	INDEL;IDV=10;IMF=1;DP=10;VDB=6.99472e-07;SGB=-0.670168;MQ0F=0;AC=2;AN=2;DP4=0,0,0,10;MQ=60;RB=3,62918121,62918475,GGG,ACT
12	103418213	NA	AT	A	71	PASS;AAAAGTTGATTTTGGAGC	INDEL;IDV=7;IMF=1;DP=7;VDB=6.71664e-05;SGB=-0.636426;MQ0F=0;AC=2;AN=2;DP4=0,0,7,0;MQ=60;RB=12,103418136,103418372,TCT,CCC
6	103473816	NA	AT	A	60	MASKED;GAATGCACATTTTTCCTT	INDEL;IDV=11;IMF=1;DP=11;VDB=2.26006e-08;SGB=-0.676189;MQ0F=0;AC=2;AN=2;DP4=0,0,11,0;MQ=60;RB=6,103473791,103474388,TCG,AGC
18	34082248	NA	CAT	C	30.4183	MASKED;CTGGGACACATGTGCAAA	INDEL;IDV=8;IMF=1;DP=8;VDB=1.33331e-05;SGB=-0.651104;MQ0F=0;AC=2;AN=2;DP4=0,0,0,8;MQ=60;RB=18,34081733,34082259,ATA,CAG
10	122511995	NA	GGGTAT	G	225	NEI_IND[250/350];ATTCCTTTGGGTATGGTA	INDEL;IDV=9;IMF=1;DP=9;VDB=5.52906e-06;SGB=-0.662043;MQ0F=0;AC=2;AN=2;DP4=0,0,9,0;MQ=60;RB=10,122511961,122512441,CCA,GTC
10	122512360	NA	CA	C	145	PASS;CTTCACACCATCAGCTAT	INDEL;IDV=9;IMF=1;DP=9;VDB=5.52906e-06;SGB=-0.662043;MQ0F=0;AC=2;AN=2;DP4=0,0,0,9;MQ=60;RB=10,122511961,122512441,CCA,GTC
4	109613591	NA	AATGAACATTCGT	A	225	NEI_IND[6/280];AGGAAGGGAATGAACATT	INDEL;IDV=10;IMF=1;DP=10;VDB=6.99472e-07;SGB=-0.670168;MQ0F=0;AC=2;AN=2;DP4=0,0,0,10;MQ=60;RB=4,109613293,109613726,CGA,GGT
16	63036307	NA	GGAAAGC	G	182	NEI_IND[6/300];CTTACATGGGAAAGCTGC	INDEL;IDV=5;IMF=1;DP=5;VDB=0.00187095;SGB=-0.590765;MQ0F=0;AC=2;AN=2;DP4=0,0,0,5;MQ=60;RB=16,63036051,63036328,GTT,AGA
2	109097326	NA	TAAC	T	182	MASKED;TGCCTACATAACAAACCT	INDEL;IDV=5;IMF=1;DP=5;VDB=0.00187095;SGB=-0.590765;MQ0F=0;AC=2;AN=2;DP4=0,0,0,5;MQ=60;RB=2,109097057,109097399,CTC,CAT
8	65128457	NA	TATAATA	T	225	MASKED;CAAATATATATAATAATG	INDEL;IDV=9;IMF=1;DP=9;VDB=5.52906e-06;SGB=-0.662043;MQ0F=0;AC=2;AN=2;DP4=0,0,9,0;MQ=60;RB=8,65128423,65128735,TAA,GGA
7	86111526	NA	GAAGA	G	225	MASKED;TTTGTTGTGAAGACAGAC	INDEL;IDV=9;IMF=1;DP=9;VDB=5.52906e-06;SGB=-0.662043;MQ0F=0;AC=2;AN=2;DP4=0,0,0,9;MQ=60;RB=7,86111281,86111608,CCG,TAC
3	56709601	NA	CTTTAA	C	225	MASKED;ACAAAATACTTTAATTTA	INDEL;IDV=8;IMF=1;DP=8;VDB=1.33331e-05;SGB=-0.651104;MQ0F=0;AC=2;AN=2;DP4=0,0,8,0;MQ=60;RB=3,56709542,56710006,TGA,TTT
9	126734419	NA	AGT	A	137	NEI_IND[2/154];AATGTGAGAGTGTGTGAG	INDEL;IDV=5;IMF=1;DP=5;VDB=0.00187095;SGB=-0.590765;MQ0F=0;AC=2;AN=2;DP4=0,0,5,0;MQ=60;RB=9,126734349,126734672,ACT,AGT
1	183055650	NA	ATTGT	A	225	MASKED;GATGCTGGATTGTTTGTT	INDEL;IDV=8;IMF=1;DP=8;VDB=1.33331e-05;SGB=-0.651104;MQ0F=0;AC=2;AN=2;DP4=0,0,0,8;MQ=60;RB=1,183055410,183055673,CAG,TCA
8	27643143	NA	AG	A	80	MASKED;TGAACCCAAGAGGCAGAG	INDEL;IDV=4;IMF=1;DP=4;VDB=0.0058656;SGB=-0.556411;MQ0F=0;AC=2;AN=2;DP4=0,0,0,4;MQ=60;RB=8,27642948,27643154,GTT,CTA
6	145587842	NA	ACTCT	A	205	NEI_IND[4/311];TGCACTTTACTCTCTCTC	INDEL;IDV=6;IMF=1;DP=6;VDB=0.000411984;SGB=-0.616816;MQ0F=0;AC=2;AN=2;DP4=0,0,6,0;MQ=60;RB=6,145587769,145588121,CTC,TTT
19	19170149	NA	TCCCCGTCTCCCCTGCC	T	225	MASKED;CCGTGGTGTCCCCGTCTC	INDEL;IDV=8;IMF=1;DP=8;VDB=1.33331e-05;SGB=-0.651104;MQ0F=0;AC=2;AN=2;DP4=0,0,8,0;MQ=60;RB=19,19170108,19170398,CTG,TCA
15	58652850	NA	AG	A	105	MASKED;TGCCTTATAGGATGCATC	INDEL;IDV=6;IMF=1;DP=6;VDB=0.000411984;SGB=-0.616816;MQ0F=0;AC=2;AN=2;DP4=0,0,0,6;MQ=60;RB=15,58652380,58652901,GCT,CCT
4	175721752	NA	AC	A	9.88465	MASKED;AAAACCAAACCCCCCCCG	INDEL;IDV=5;IMF=1;DP=5;VDB=0.00187095;SGB=-0.590765;MQ0F=0;AC=2;AN=2;DP4=0,0,5,0;MQ=60;RB=4,175721654,175722217,CCG,ATG
8	97538325	NA	TG	T	128	MASKED;GCCAGGCATGGTGCAGGG	INDEL;IDV=9;IMF=1;DP=9;VDB=5.52906e-06;SGB=-0.662043;MQ0F=0;AC=2;AN=2;DP4=0,0,0,9;MQ=60;RB=8,97537925,97538403,CTC,TTT
2	215821214	NA	GTAT	G	225	MASKED;TTTCAAAAGTATTATACT	INDEL;IDV=9;IMF=1;DP=9;VDB=5.52906e-06;SGB=-0.662043;MQ0F=0;AC=2;AN=2;DP4=0,0,0,9;MQ=60;RB=2,215820835,215821245,ATA,AGT
5	18508525	NA	CAT	C	189	MASKED;ACTGCACACATGATTGAC	INDEL;IDV=6;IMF=1;DP=6;VDB=0.000411984;SGB=-0.616816;MQ0F=0;AC=2;AN=2;DP4=0,0,6,0;MQ=60;RB=5,18508499,18508781,GTT,TGA
8	65128457	NA	TATAATA	T	225	MASKED;CAAATATATATAATAATG	INDEL;IDV=10;IMF=1;DP=10;VDB=6.99472e-07;SGB=-0.670168;MQ0F=0;AC=2;AN=2;DP4=0,0,10,0;MQ=60;RB=8,65128424,65128734,GGG,CCC
2	127695715	NA	CT	C	111	MASKED;GGATTGCACTTCTCAAGG	INDEL;IDV=7;IMF=1;DP=7;VDB=6.71664e-05;SGB=-0.636426;MQ0F=0;AC=2;AN=2;DP4=0,0,7,0;MQ=60;RB=2,127695599,127695946,ATA,GTA
2	11415452	NA	GTCTC	G	197	PASS;TGAATATGGTCTCTCTCT	INDEL;IDV=6;IMF=1;DP=6;VDB=0.000411984;SGB=-0.616816;MQ0F=0;AC=2;AN=2;DP4=0,0,6,0;MQ=60;RB=2,11415350,11415717,AAC,CTC
2	22028974	NA	TAATC	T	225	PASS;CACACTGTTAATCAATAA	INDEL;IDV=9;IMF=1;DP=9;VDB=5.52906e-06;SGB=-0.662043;MQ0F=0;AC=2;AN=2;DP4=0,0,0,9;MQ=60;RB=2,22028436,22029030,TTG,AGT
12	131380006	NA	G	GA	70	PASS;ATAACATAGAAATTGTCA	INDEL;IDV=4;IMF=1;DP=4;VDB=0.0058656;SGB=-0.556411;MQ0F=0;AC=2;AN=2;DP4=0,0,4,0;MQ=60;RB=12,131379942,131380147,TTG,AAG
2	193969498	NA	AGTT	A	139	PASS;AAATTATTAGTTGTTTTC	INDEL;IDV=4;IMF=1;DP=4;VDB=0.0058656;SGB=-0.556411;MQ0F=0;AC=2;AN=2;DP4=0,0,0,4;MQ=60;RB=2,193968900,193969620,GTA,CTG
2	211022790	NA	AG	A	104	PASS;TTACCGGTAGGACAGGTA	INDEL;IDV=6;IMF=1;DP=6;VDB=0.000411984;SGB=-0.616816;MQ0F=0;AC=2;AN=2;DP4=0,0,6,0;MQ=60;RB=2,211022697,211023466,GAT,CTT
4	95258094	NA	GTGTTTCGTTT	G	205	MASKED;TCTATTTGGTGTTTCGTT	INDEL;IDV=6;IMF=1;DP=6;VDB=0.000411984;SGB=-0.616816;MQ0F=0;AC=2;AN=2;DP4=0,0,0,6;MQ=60;RB=4,95257665,95258191,AGG,CAT
11	111086376	NA	CTTGT	C	154	MASKED;TCTTTTTGCTTGTTTGTT	INDEL;IDV=4;IMF=1;DP=4;VDB=0.0058656;SGB=-0.556411;MQ0F=0;AC=2;AN=2;DP4=0,0,0,4;MQ=60;RB=11,111086145,111086441,CTT,CTC
9	124264866	NA	CCT	C	160	MASKED;TTCTGGCCCCTCTCTCTC	INDEL;IDV=7;IMF=1;DP=7;VDB=6.71664e-05;SGB=-0.636426;MQ0F=0;AC=2;AN=2;DP4=0,0,0,7;MQ=60;RB=9,124264450,124264927,AGA,AAT
3	66297675	NA	TTAAATA	T	182	MASKED;TTGGCTATTTAAATATAA	INDEL;IDV=5;IMF=1;DP=5;VDB=0.00187095;SGB=-0.590765;MQ0F=0;AC=2;AN=2;DP4=0,0,0,5;MQ=60;RB=3,66297366,66297721,AAT,AAA
11	824987	NA	CTGCA	C	205	NEI_IND[4/179];CTCACCAGCTGCATGCAC	INDEL;IDV=6;IMF=1;DP=6;VDB=0.000411984;SGB=-0.616816;MQ0F=0;AC=2;AN=2;DP4=0,0,0,6;MQ=60;RB=11,824696,825115,CTA,CTG
2	183116845	NA	AG	A	125	PASS;TGAATAAAAGTATAGAAA	INDEL;IDV=7;IMF=1;DP=7;VDB=6.71664e-05;SGB=-0.636426;MQ0F=0;AC=2;AN=2;DP4=0,0,0,7;MQ=60;RB=2,183116461,183116904,AAG,AAC
4	101201249	NA	ACTTTT	A	182	MASKED;CTGCACAGACTTTTATAA	INDEL;IDV=5;IMF=1;DP=5;VDB=0.00187095;SGB=-0.590765;MQ0F=0;AC=2;AN=2;DP4=0,0,5,0;MQ=60;RB=4,101201122,101201435,TGA,GAT
12	3761948	NA	AAATG	A	93	MASKED;TTCAGAATAAATGAATGA	INDEL;IDV=8;IMF=1;DP=8;VDB=1.33331e-05;SGB=-0.651104;MQ0F=0;AC=2;AN=2;DP4=0,0,0,8;MQ=60;RB=12,3761454,3762023,TTG,ACA
15	41206444	NA	AGT	A	82	NEI_IND[34/314];ACTGCGTGAGTGTGTGTG	INDEL;IDV=4;IMF=1;DP=4;VDB=0.0221621;SGB=-0.511536;MQ0F=0;AC=2;AN=2;DP4=0,0,0,3;MQ=60;RB=15,41205687,41206586,CAC,CCC
21	40334416	NA	C	CATCA	225	PASS;CCCAGTCCCATCAGTTCC	INDEL;IDV=14;IMF=1;DP=14;VDB=2.26006e-08;SGB=-0.686358;MQ0F=0;AC=2;AN=2;DP4=0,0,14,0;MQ=60;RB=21,40334380,40334836,CGA,CTA
10	126765447	NA	T	TTC	157	PASS;AGACCCTCTTCATCCTTC	INDEL;IDV=11;IMF=1;DP=11;VDB=2.26006e-08;SGB=-0.676189;MQ0F=0;AC=2;AN=2;DP4=0,0,0,11;MQ=60;RB=10,126765217,126765540,TTA,CCC
10	86116987	NA	CAGACACA	C	225	NEI_IND[6/165];GTGCATTTCAGACACAAG	INDEL;IDV=15;IMF=1;DP=15;VDB=4.49525e-10;SGB=-0.688148;MQ0F=0;AC=2;AN=2;DP4=0,0,15,0;MQ=60;RB=10,86116936,86117280,TAG,TTG
21	19989516	NA	CTT	C	198	PASS;TCAAAACTCTTTGACACT	INDEL;IDV=7;IMF=1;DP=7;VDB=6.71664e-05;SGB=-0.636426;MQ0F=0;AC=2;AN=2;DP4=0,0,7,0;MQ=60;RB=21,19989420,19989666,TAG,CCC
7	88756322	NA	TACAAAG	T	225	MASKED;AAGCAGCCTACAAAGACA	INDEL;IDV=9;IMF=1;DP=9;VDB=5.52906e-06;SGB=-0.662043;MQ0F=0;AC=2;AN=2;DP4=0,0,9,0;MQ=60;RB=7,88756285,88756842,GAA,GAA
3	13442695	NA	GC	G	106	PASS;AGGCGGAGGCCTGCAGTG	INDEL;IDV=7;IMF=1;DP=7;VDB=6.71664e-05;SGB=-0.636426;MQ0F=0;AC=2;AN=2;DP4=0,0,0,7;MQ=60;RB=3,13442376,13442720,CCG,AAC
10	11234146	NA	G	GA	173	PASS;ATGGTTGAGATGGGGCTC	INDEL;IDV=13;IMF=1;DP=13;VDB=2.26006e-08;SGB=-0.683931;MQ0F=0;AC=2;AN=2;DP4=0,0,13,0;MQ=60;RB=10,11234077,11234470,GGA,CTG
8	93997448	NA	CTGTG	CTG,C	142	MASKED;GAGATTATCTGTGTGTGT	INDEL;IDV=7;IMF=1;DP=7;VDB=7.99768e-05;SGB=-0.636426;MQ0F=0;AC=1,1;AN=2;DP4=0,0,0,7;MQ=60;RB=8,93997219,93997486,GTA,TAT
1	69783172	NA	GC	G	125	PASS;TTCCAGAAGCTGCAAGTC	INDEL;IDV=7;IMF=1;DP=7;VDB=6.71664e-05;SGB=-0.636426;MQ0F=0;AC=2;AN=2;DP4=0,0,0,7;MQ=60;RB=1,69782624,69783209,GGG,GTT
21	28428330	NA	TC	T	99	PASS;GAGAAAGCTCTGCAGCAG	INDEL;IDV=5;IMF=1;DP=5;VDB=0.00187095;SGB=-0.590765;MQ0F=0;AC=2;AN=2;DP4=0,0,0,5;MQ=60;RB=21,28428045,28428352,AAT,CCT
17	2417516	NA	TAC	T	174	MASKED;CATATATATACACACACA	INDEL;IDV=8;IMF=1;DP=8;VDB=1.33331e-05;SGB=-0.651104;MQ0F=0;AC=2;AN=2;DP4=0,0,0,8;MQ=60;RB=17,2417198,2417625,ATC,CCC
2	85559607	NA	ATGG	A	223	MASKED;AGCTGGACATGGTGGTGC	INDEL;IDV=7;IMF=1;DP=7;VDB=6.71664e-05;SGB=-0.636426;MQ0F=0;AC=2;AN=2;DP4=0,0,0,7;MQ=60;RB=2,85559382,85559683,CGT,GAA
9	13092255	NA	AG	A	115	MASKED;TAAAGCCCAGGTGCATTT	INDEL;IDV=7;IMF=1;DP=7;VDB=6.71664e-05;SGB=-0.636426;MQ0F=0;AC=2;AN=2;DP4=0,0,0,7;MQ=60;RB=9,13091837,13092299,GTT,GAT
10	1652943	NA	GCA	G	173	MASKED;GGGCAGGCGCACACACAC	INDEL;IDV=10;IMF=1;DP=10;VDB=6.99472e-07;SGB=-0.670168;MQ0F=0;AC=2;AN=2;DP4=0,0,0,10;MQ=60;RB=10,1652618,1653025,GAT,ATT
10	19112416	NA	TG	T	118	MASKED;CATTGCAGTGGTTTTTGT	INDEL;IDV=8;IMF=1;DP=8;VDB=1.33331e-05;SGB=-0.651104;MQ0F=0;AC=2;AN=2;DP4=0,0,8,0;MQ=60;RB=10,19112299,19112820,TAT,GCC
7	86111526	NA	GAAGA	G	225	MASKED;TTTGTTGTGAAGACAGAC	INDEL;IDV=9;IMF=1;DP=9;VDB=5.52906e-06;SGB=-0.662043;MQ0F=0;AC=2;AN=2;DP4=0,0,0,9;MQ=60;RB=7,86111281,86111632,TCG,TAT
6	6932980	NA	CATACAT	C	224	MASKED;CACATACACATACATACA	INDEL;IDV=7;IMF=1;DP=7;VDB=6.71664e-05;SGB=-0.636426;MQ0F=0;AC=2;AN=2;DP4=0,0,7,0;MQ=60;RB=6,6932905,6933304,TAT,CTC
15	58652850	NA	AG	A	113	MASKED;TGCCTTATAGGATGCATC	INDEL;IDV=7;IMF=1;DP=7;VDB=6.71664e-05;SGB=-0.636426;MQ0F=0;AC=2;AN=2;DP4=0,0,0,7;MQ=60;RB=15,58652380,58652901,AAT,CTT
22	48712804	NA	GAGGGATCCACAACA	G	225	MASKED;AACACCAAGAGGGATCCA	INDEL;IDV=11;IMF=1;DP=11;VDB=2.26006e-08;SGB=-0.676189;MQ0F=0;AC=2;AN=2;DP4=0,0,0,11;MQ=60;RB=22,48712504,48712846,GTT,AAT
7	79630645	NA	TTAG	T	225	MASKED;TGTTCTTGTTAGTAGGTG	INDEL;IDV=11;IMF=1;DP=11;VDB=2.26006e-08;SGB=-0.676189;MQ0F=0;AC=2;AN=2;DP4=0,0,0,11;MQ=60;RB=7,79630234,79630752,GGA,GTT
17	7367681	NA	GT	G	124	PASS;GAGGTGAGGTTGCAGTGA	INDEL;IDV=9;IMF=1;DP=9;VDB=5.52906e-06;SGB=-0.662043;MQ0F=0;AC=2;AN=2;DP4=0,0,0,9;MQ=60;RB=17,7367357,7367697,CTA,TTC
12	1239798	NA	C	CTTT	44.8429	NEI_IND[24/337];CGTATAGTCTTTTTTTTT	INDEL;IDV=11;IMF=0.916667;DP=12;VDB=6.99472e-07;SGB=-0.670168;MQ0F=0;AC=2;AN=2;DP4=0,0,10,0;MQ=60;RB=12,1239684,1240035,AGC,ATA
12	1239909	NA	AT	A	137	PASS;AGAGCACAATTGCAGTTT	INDEL;IDV=12;IMF=1;DP=12;VDB=2.26006e-08;SGB=-0.680642;MQ0F=0;AC=2;AN=2;DP4=0,0,0,12;MQ=60;RB=12,1239684,1240035,AGC,ATA
2	227020448	NA	GGT	G	180	PASS;AAGGAATGGGTAAATCTT	INDEL;IDV=6;IMF=1;DP=6;VDB=0.000411984;SGB=-0.616816;MQ0F=0;AC=2;AN=2;DP4=0,0,0,6;MQ=60;RB=2,227020259,227020531,GTT,CGT
10	86895230	NA	TATA	T	222	NEI_IND[51/441];CATATACATATAATCATA	INDEL;IDV=7;IMF=1;DP=7;VDB=6.71664e-05;SGB=-0.636426;MQ0F=0;AC=2;AN=2;DP4=0,0,7,0;MQ=60;RB=10,86895120,86895521,ATG,GAG
10	86895480	NA	CTCCTGTCGTT	C	224	MASKED;TGTCAAAGCTCCTGTCGT	INDEL;IDV=7;IMF=1;DP=7;VDB=6.71664e-05;SGB=-0.636426;MQ0F=0;AC=2;AN=2;DP4=0,0,0,7;MQ=60;RB=10,86895120,86895521,ATG,GAG
10	98336624	NA	AAC	A	42.4147	MASKED;AAAAAAAAAACACACTAA	INDEL;IDV=9;IMF=0.9;DP=9;VDB=0.00123678;SGB=-0.662043;MQ0F=0;AC=2;AN=2;DP4=0,0,0,9;MQ=60;RB=10,98336364,98336674,GTT,GAA
10	62861544	NA	TA	T	137	PASS;CTATTTAGTAACAAACCA	INDEL;IDV=12;IMF=1;DP=12;VDB=2.26006e-08;SGB=-0.680642;MQ0F=0;AC=2;AN=2;DP4=0,0,0,12;MQ=60;RB=10,62861272,62861668,GGT,CTG
7	55927806	NA	AG	A	142	MASKED;GGAGGCAGAGGTTGCAGT	INDEL;IDV=14;IMF=1;DP=14;VDB=2.26006e-08;SGB=-0.686358;MQ0F=0;AC=2;AN=2;DP4=0,0,0,14;MQ=60;RB=7,55927475,55927833,CCC,ATT
7	68930981	NA	AT	A	99	MASKED;TTAAAAAAATAAAAATAA	INDEL;IDV=5;IMF=1;DP=5;VDB=0.00187095;SGB=-0.590765;MQ0F=0;AC=2;AN=2;DP4=0,0,5,0;MQ=60;RB=7,68930942,68931192,CTC,CTT
14	104405319	NA	C	CT	97	PASS;TATTTTTCCTTTCTTTTT	INDEL;IDV=9;IMF=1;DP=9;VDB=6.71664e-05;SGB=-0.636426;MQ0F=0;AC=2;AN=2;DP4=0,0,0,7;MQ=60;RB=14,104404856,104405355,TTT,TAT
1	91918480	NA	CACACACACA	C	154	MASKED;CACACACACACACACACA	INDEL;IDV=4;IMF=1;DP=4;VDB=0.0058656;SGB=-0.556411;MQ0F=0;AC=2;AN=2;DP4=0,0,4,0;MQ=60;RB=1,91918413,91918691,ATA,TTG
1	91918618	NA	G	GT	6.51141	PASS;AATACCAAGTTTTTTTTA	INDEL;IDV=4;IMF=1;DP=4;VDB=0.0058656;SGB=-0.556411;MQ0F=0;AC=2;AN=2;DP4=0,0,0,4;MQ=60;RB=1,91918413,91918691,ATA,TTG
12	14379706	NA	GTGTATA	G	225	MASKED;CTACTACCGTGTATATGT	INDEL;IDV=12;IMF=1;DP=12;VDB=2.26006e-08;SGB=-0.680642;MQ0F=0;AC=2;AN=2;DP4=0,0,0,12;MQ=60;RB=12,14379481,14379748,CAG,CAT
7	131490474	NA	CAG	C	196	MASKED;GATGAAGACAGGGTGCAT	INDEL;IDV=8;IMF=1;DP=8;VDB=1.33331e-05;SGB=-0.651104;MQ0F=0;AC=2;AN=2;DP4=0,0,0,8;MQ=60;RB=7,131490014,131490487,GCC,TAC
6	37201556	NA	TACTA	T	225	PASS;AACGAAGTTACTAACTAA	INDEL;IDV=9;IMF=1;DP=9;VDB=5.52906e-06;SGB=-0.662043;MQ0F=0;AC=2;AN=2;DP4=0,0,0,9;MQ=60;RB=6,37201255,37201646,TAG,AGT
5	37028743	NA	G	GT	146	PASS;CCCAGCCTGTAATACTTT	INDEL;IDV=8;IMF=1;DP=8;VDB=1.33331e-05;SGB=-0.651104;MQ0F=0;AC=2;AN=2;DP4=0,0,0,8;MQ=60;RB=5,37028523,37028860,AAT,ACA
2	202881887	NA	TAAA	T	131	MASKED;CATGCAGATAAAAAAAAC	INDEL;IDV=8;IMF=1;DP=8;VDB=1.33331e-05;SGB=-0.651104;MQ0F=0;AC=2;AN=2;DP4=0,0,8,0;MQ=60;RB=2,202881872,202882388,GCA,CGC
1	106115946	NA	TCATATTCTTTCAGA	T	205	PASS;GAAACGTGTCATATTCTT	INDEL;IDV=6;IMF=1;DP=6;VDB=0.000411984;SGB=-0.616816;MQ0F=0;AC=2;AN=2;DP4=0,0,0,6;MQ=60;RB=1,106115588,106116003,GGG,TCT
10	26250180	NA	CT	C	86	PASS;GTGTAAATCTTTTCCCAG	INDEL;IDV=11;IMF=1;DP=11;VDB=2.26006e-08;SGB=-0.676189;MQ0F=0;AC=2;AN=2;DP4=0,0,11,0;MQ=60;RB=10,26250115,26250623,CGG,TTT
8	75968051	NA	TTTTC	T	225	MASKED;TTCTTTCTTTTTCTTTCT	INDEL;IDV=8;IMF=1;DP=8;VDB=1.33331e-05;SGB=-0.651104;MQ0F=0;AC=2;AN=2;DP4=0,0,0,8;MQ=60;RB=8,75967246,75968107,TAT,GTG
13	89074990	NA	AT	A	85	MASKED;CTCAGTCTATTTGCAAAA	INDEL;IDV=5;IMF=1;DP=5;VDB=0.00187095;SGB=-0.590765;MQ0F=0;AC=2;AN=2;DP4=0,0,0,5;MQ=60;RB=13,89074537,89075078,TTT,AAT
7	99689139	NA	ATGATG	A	225	PASS;AGATTTTTATGATGTGAG	INDEL;IDV=8;IMF=1;DP=8;VDB=1.33331e-05;SGB=-0.651104;MQ0F=0;AC=2;AN=2;DP4=0,0,0,8;MQ=60;RB=7,99688908,99689194,TTG,GAT
12	10553863	NA	TA	T	54	NEI_IND[4/344];TGGAAAAGTAAACAACTA	INDEL;IDV=7;IMF=1;DP=7;VDB=6.71664e-05;SGB=-0.636426;MQ0F=0;AC=2;AN=2;DP4=0,0,0,7;MQ=60;RB=12,10553410,10553957,AGA,TTA
12	10553899	NA	GC	G	60	MASKED;CGATGCTTGCCATGTGTT	INDEL;IDV=7;IMF=1;DP=7;VDB=6.71664e-05;SGB=-0.636426;MQ0F=0;AC=2;AN=2;DP4=0,0,0,7;MQ=60;RB=12,10553410,10553957,AGA,TTA
3	2532208	NA	CA	C	44.4146	MASKED;AAGTTGTTCAAAAATGCA	INDEL;IDV=6;IMF=1;DP=6;VDB=0.000411984;SGB=-0.616816;MQ0F=0;AC=2;AN=2;DP4=0,0,0,6;MQ=60;RB=3,2531969,2532264,ATT,TCG
12	62415650	NA	CTCGGAGTT	C	224	PASS;CCTCCGTCCTCGGAGTTT	INDEL;IDV=7;IMF=1;DP=7;VDB=6.71664e-05;SGB=-0.636426;MQ0F=0;AC=2;AN=2;DP4=0,0,0,7;MQ=60;RB=12,62415428,62415708,CCG,TTA
9	91245549	NA	TC	T	125	MASKED;CATTTAGCTCCCACTTGT	INDEL;IDV=10;IMF=1;DP=10;VDB=6.99472e-07;SGB=-0.670168;MQ0F=0;AC=2;AN=2;DP4=0,0,0,10;MQ=60;RB=9,91245262,91245591,TCG,TTC
1	106115946	NA	TCATATTCTTTCAGA	T	225	PASS;GAAACGTGTCATATTCTT	INDEL;IDV=10;IMF=1;DP=10;VDB=6.99472e-07;SGB=-0.670168;MQ0F=0;AC=2;AN=2;DP4=0,0,0,10;MQ=60;RB=1,106115587,106116003,TTT,ACT
11	98250573	NA	GTTAGTTAAAATATGCT	G	224	NEI_IND[6/522];CACCTGCTGTTAGTTAAA	INDEL;IDV=7;IMF=1;DP=7;VDB=6.71664e-05;SGB=-0.636426;MQ0F=0;AC=2;AN=2;DP4=0,0,0,7;MQ=60;RB=11,98250380,98250661,CGG,AAT
15	58652850	NA	AG	A	135	MASKED;TGCCTTATAGGATGCATC	INDEL;IDV=10;IMF=1;DP=10;VDB=6.99472e-07;SGB=-0.670168;MQ0F=0;AC=2;AN=2;DP4=0,0,0,10;MQ=60;RB=15,58652380,58652900,CAT,CCC
10	92173945	NA	GT	G	104	MASKED;ATATAGTTGTTTGCATCA	INDEL;IDV=7;IMF=1;DP=7;VDB=6.71664e-05;SGB=-0.636426;MQ0F=0;AC=2;AN=2;DP4=0,0,0,7;MQ=60;RB=10,92173037,92173979,CCG,GTT
7	113368101	NA	CATG	C	225	NEI_IND[3/288];CATCTGCTCATGATATCT	INDEL;IDV=8;IMF=1;DP=8;VDB=1.33331e-05;SGB=-0.651104;MQ0F=0;AC=2;AN=2;DP4=0,0,8,0;MQ=60;RB=7,113368089,113368571,TCA,TGA
6	145587842	NA	ACTCT	A	225	NEI_IND[4/311];TGCACTTTACTCTCTCTC	INDEL;IDV=10;IMF=1;DP=10;VDB=6.99472e-07;SGB=-0.670168;MQ0F=0;AC=2;AN=2;DP4=0,0,10,0;MQ=60;RB=6,145587768,145588351,ACT,GAC
10	108995428	NA	GA	G	12.6563	MASKED;ACTGTTAGGAAAAAATGC	INDEL;IDV=4;IMF=1;DP=4;VDB=0.0221621;SGB=-0.511536;MQ0F=0;AC=2;AN=2;DP4=0,0,0,3;MQ=60;RB=10,108994475,108995513,CTT,TCG
5	7481885	NA	TTG	T	116	MASKED;ATGCTGATTTGTGTGTGT	INDEL;IDV=5;IMF=1;DP=5;VDB=0.00187095;SGB=-0.590765;MQ0F=0;AC=2;AN=2;DP4=0,0,0,5;MQ=60;RB=5,7481460,7481996,TAA,GCT
5	140583223	NA	CACTT	C	182	PASS;ATATACTACACTTACTTG	INDEL;IDV=5;IMF=1;DP=5;VDB=0.00187095;SGB=-0.590765;MQ0F=0;AC=2;AN=2;DP4=0,0,0,5;MQ=60;RB=5,140582980,140583322,CTC,TAA
16	11560777	NA	TTG	T	159	MASKED;TATGTGTATTGTGTGTGT	INDEL;IDV=7;IMF=1;DP=7;VDB=6.71664e-05;SGB=-0.636426;MQ0F=0;AC=2;AN=2;DP4=0,0,0,7;MQ=60;RB=16,11560324,11560859,TTA,TCG
7	19899622	NA	TAA	T	153	MASKED;TATATACTTAACATGCAA	INDEL;IDV=5;IMF=1;DP=5;VDB=0.00187095;SGB=-0.590765;MQ0F=0;AC=2;AN=2;DP4=0,0,0,5;MQ=60;RB=7,19899335,19899696,AAT,ATT
13	35427965	NA	TAC	T	180	MASKED;TAATGTATTACACAGTAT	INDEL;IDV=7;IMF=1;DP=7;VDB=6.71664e-05;SGB=-0.636426;MQ0F=0;AC=2;AN=2;DP4=0,0,0,7;MQ=60;RB=13,35427384,35428043,TCC,ACC
1	91918480	NA	CACACACACA	C	224	MASKED;CACACACACACACACACA	INDEL;IDV=7;IMF=1;DP=7;VDB=6.71664e-05;SGB=-0.636426;MQ0F=0;AC=2;AN=2;DP4=0,0,7,0;MQ=60;RB=1,91918413,91918691,TCA,GGG
1	91918618	NA	G	GT	15.5372	PASS;AATACCAAGTTTTTTTTA	INDEL;IDV=7;IMF=1;DP=7;VDB=6.71664e-05;SGB=-0.636426;MQ0F=0;AC=2;AN=2;DP4=0,0,0,7;MQ=60;RB=1,91918413,91918691,TCA,GGG
10	55797315	NA	TA	T	123	MASKED;CACAATGCTAATTGCAGT	INDEL;IDV=8;IMF=1;DP=8;VDB=1.33331e-05;SGB=-0.651104;MQ0F=0;AC=2;AN=2;DP4=0,0,0,8;MQ=60;RB=10,55797100,55797373,AAA,GGA
5	11510536	NA	TA	T	106	PASS;ACACTCATTAAATTTTGA	INDEL;IDV=7;IMF=1;DP=7;VDB=6.71664e-05;SGB=-0.636426;MQ0F=0;AC=2;AN=2;DP4=0,0,7,0;MQ=60;RB=5,11510506,11510751,ACT,CGG
20	33562176	NA	TCTTA	T	225	MASKED;AGTCAGTATCTTACTTAA	INDEL;IDV=13;IMF=1;DP=13;VDB=2.7432e-08;SGB=-0.683931;MQ0F=0;AC=2;AN=2;DP4=0,0,0,13;MQ=60;RB=20,33561808,33562208,GAT,GGG
15	61000239	NA	AAACT	A	225	PASS;CTCCTTCCAAACTAACTG	INDEL;IDV=9;IMF=1;DP=9;VDB=5.52906e-06;SGB=-0.662043;MQ0F=0;AC=2;AN=2;DP4=0,0,9,0;MQ=60;RB=15,61000202,61000682,AAT,AAA
5	92982838	NA	AT	A	36.4154	PASS;GATAAGGTATTTTTTACT	INDEL;IDV=7;IMF=1;DP=7;VDB=6.71664e-05;SGB=-0.636426;MQ0F=0;AC=2;AN=2;DP4=0,0,7,0;MQ=60;RB=5,92982735,92982991,CCT,CAC
6	85292204	NA	TGA	T	166	MASKED;TAAATCAGTGAGAGAGAG	INDEL;IDV=8;IMF=1;DP=8;VDB=1.33331e-05;SGB=-0.651104;MQ0F=0;AC=2;AN=2;DP4=0,0,0,8;MQ=60;RB=6,85291761,85292256,AAA,GGG
15	94455137	NA	TTTCCTTCC	T	205	MASKED;CTTCCTGTTTTCCTTCCT	INDEL;IDV=6;IMF=1;DP=6;VDB=0.000411984;SGB=-0.616816;MQ0F=0;AC=2;AN=2;DP4=0,0,0,6;MQ=60;RB=15,94454904,94455201,GCT,TTC
18	38214426	NA	ATTTT	A	225	MASKED;TTGAATATATTTTTTTCT	INDEL;IDV=9;IMF=1;DP=9;VDB=5.52906e-06;SGB=-0.662043;MQ0F=0;AC=2;AN=2;DP4=0,0,0,9;MQ=60;RB=18,38214119,38214467,GCC,TTT
9	38442990	NA	CTCCT	C	224	NEI_IND[54/210];TGCATTCTCTCCTTCCTT	INDEL;IDV=7;IMF=1;DP=7;VDB=6.71664e-05;SGB=-0.636426;MQ0F=0;AC=2;AN=2;DP4=0,0,7,0;MQ=60;RB=9,38442931,38443410,CGA,ACA
10	109210414	NA	TC	T	103	PASS;CCAGCTACTCAGGAGGCT	INDEL;IDV=5;IMF=1;DP=5;VDB=0.00187095;SGB=-0.590765;MQ0F=0;AC=2;AN=2;DP4=0,0,0,5;MQ=60;RB=10,109209826,109210460,AAT,CAT
12	77309005	NA	AT	A	106	PASS;AGGCAAGCATAGTAGTTG	INDEL;IDV=6;IMF=1;DP=6;VDB=0.000411984;SGB=-0.616816;MQ0F=0;AC=2;AN=2;DP4=0,0,0,6;MQ=60;RB=12,77308604,77309116,ACT,AAT
2	109097326	NA	TAAC	T	225	MASKED;TGCCTACATAACAAACCT	INDEL;IDV=15;IMF=1;DP=15;VDB=4.49525e-10;SGB=-0.688148;MQ0F=0;AC=2;AN=2;DP4=0,0,0,15;MQ=60;RB=2,109097056,109097399,AGT,GTT
6	22166495	NA	TTCTCTTTC	T	224	MASKED;CTTTCTCTTTCTCTTTCT	INDEL;IDV=7;IMF=1;DP=7;VDB=6.71664e-05;SGB=-0.636426;MQ0F=0;AC=2;AN=2;DP4=0,0,0,7;MQ=60;RB=6,22166234,22166629,GAA,AGA
