CHROM	POS	ID	REF	ALT	QUAL	FILTER	INFO
17	27298987	NA	CTGCCCAGCTCACATTTGG	C	225	PASS;GCTCCAAACTGCCCAGCT	INDEL;IDV=8;IMF=1;DP=8;VDB=1.33331e-05;SGB=-0.651104;MQ0F=0;AC=2;AN=2;DP4=0,0,0,8;MQ=60;RB=17,27298668,27299034,CAA,AGA
21	10841753	NA	ACAGACTCAAG	A	224	MASKED;GGAATGGAACAGACTCAA	INDEL;IDV=7;IMF=1;DP=7;VDB=6.71664e-05;SGB=-0.636426;MQ0F=0;AC=2;AN=2;DP4=0,0,7,0;MQ=60;RB=21,10841624,10841963,CAG,AAT
21	10841904	NA	AGGAAT	A	221	NEI_IND[178/366];GACTCGAAAGGAATGGAA	INDEL;IDV=7;IMF=1;DP=7;VDB=0.00011279;SGB=-0.636426;MQ0F=0;AC=2;AN=2;DP4=0,0,0,7;MQ=60;RB=21,10841624,10841963,CAG,AAT
15	97284886	NA	GT	G	64	PASS;TCTTAGAGGTTTTAAGGT	INDEL;IDV=7;IMF=1;DP=7;VDB=6.71664e-05;SGB=-0.636426;MQ0F=0;AC=2;AN=2;DP4=0,0,7,0;MQ=60;RB=15,97284783,97285107,CGG,AAC
22	16857938	NA	GCAATC	G	224	NEI_IND[17/379];CTTCGAATGCAATCGAAT	INDEL;IDV=7;IMF=1;DP=7;VDB=6.71664e-05;SGB=-0.636426;MQ0F=0;AC=2;AN=2;DP4=0,0,7,0;MQ=60;RB=22,16857932,16858280,GAC,TAG
12	19986929	NA	CAT	C	176	MASKED;CACACACACATACACACA	INDEL;IDV=6;IMF=0.6;DP=7;VDB=0.000411984;SGB=-0.616816;MQ0F=0;AC=2;AN=2;DP4=0,0,6,0;MQ=60;RB=12,19986812,19987211,CCA,TGA
12	10361628	NA	CACACACACACACAA	C	224	NEI_IND[10/170];CACACACACACACACACA	INDEL;IDV=7;IMF=0.777778;DP=7;VDB=6.71664e-05;SGB=-0.636426;MQ0F=0;AC=2;AN=2;DP4=0,0,7,0;MQ=60;RB=12,10361560,10361959,AAA,GGT
21	10841753	NA	ACAGACTCAAG	A	225	MASKED;GGAATGGAACAGACTCAA	INDEL;IDV=10;IMF=1;DP=10;VDB=6.99472e-07;SGB=-0.670168;MQ0F=0;AC=2;AN=2;DP4=0,0,10,0;MQ=60;RB=21,10841623,10841963,GAT,GTT
21	10841904	NA	AGGAAT	A	225	NEI_IND[178/366];GACTCGAAAGGAATGGAA	INDEL;IDV=10;IMF=1;DP=10;VDB=1.03095e-06;SGB=-0.670168;MQ0F=0;AC=2;AN=2;DP4=0,0,0,10;MQ=60;RB=21,10841623,10841963,GAT,GTT
13	31949870	NA	G	GTA	121	NEI_IND[18/345];GTGTGCGTGTATATATAT	INDEL;IDV=7;IMF=0.777778;DP=9;VDB=4.43108e-05;SGB=-0.616816;MQ0F=0;ICB=1;HOB=0.5;AC=1;AN=2;DP4=0,2,0,6;MQ=60;RB=13,31949662,31949960,CTT,TCC
13	31949946	NA	TA	T	77	MASKED;AATTTAAATAAAATTTTT	INDEL;IDV=9;IMF=1;DP=9;VDB=1.33331e-05;SGB=-0.651104;MQ0F=0;AC=2;AN=2;DP4=0,0,0,8;MQ=60;RB=13,31949662,31949960,CTT,TCC
2	133824604	NA	TTA	T	70	NEI_IND[5/373];TTTATTTTTTATTTTTTT	INDEL;IDV=4;IMF=1;DP=4;VDB=0.0058656;SGB=-0.556411;MQ0F=0;AC=2;AN=2;DP4=0,0,4,0;MQ=60;RB=2,133824474,133824781,TCC,TGA
1	188371296	NA	CA	C	17.4922	MASKED;AACTTTACCAAAAAAAAT	INDEL;IDV=8;IMF=1;DP=8;VDB=1.33331e-05;SGB=-0.651104;MQ0F=0;AC=2;AN=2;DP4=0,0,8,0;MQ=60;RB=1,188371165,188371480,GTA,GAC
1	188371296	NA	CA	C	18.4763	MASKED;AACTTTACCAAAAAAAAT	INDEL;IDV=10;IMF=1;DP=10;VDB=6.99472e-07;SGB=-0.670168;MQ0F=0;AC=2;AN=2;DP4=0,0,10,0;MQ=60;RB=1,188371165,188371481,CTA,CTT
7	13608234	NA	GAGC	G	194	PASS;GCAAAATTGAGCAGAAGT	INDEL;IDV=6;IMF=1;DP=6;VDB=0.000411984;SGB=-0.616816;MQ0F=0;AC=2;AN=2;DP4=0,0,0,6;MQ=60;RB=7,13607828,13608278,CAA,GTG
5	37124382	NA	AC	A	97	NEI_IND[57/335];TAATCTAAACTGTAATCT	INDEL;IDV=6;IMF=1;DP=6;VDB=0.00187095;SGB=-0.590765;MQ0F=0;AC=2;AN=2;DP4=0,0,5,0;MQ=60;RB=5,37124247,37124705,GGT,CTG
11	47575349	NA	GAA	G	58	MASKED;CTTTTACCGAAAAAAAAA	INDEL;IDV=7;IMF=1;DP=7;VDB=6.71664e-05;SGB=-0.636426;MQ0F=0;AC=2;AN=2;DP4=0,0,7,0;MQ=60;RB=11,47575227,47575531,TCG,ATG
7	51569405	NA	A	AT	170	PASS;CTGCTCGTATATCTGTGT	INDEL;IDV=12;IMF=1;DP=12;VDB=2.26006e-08;SGB=-0.680642;MQ0F=0;AC=2;AN=2;DP4=0,0,0,12;MQ=60;RB=7,51569077,51569506,TTA,CAA
X	4860248	NA	TAATAGAC	T	40.4148	NEI_IND[36/251];TAGATAGATAATAGACAG	INDEL;IDV=6;IMF=1;DP=6;VDB=0.000411984;SGB=-0.616816;MQ0F=0;AC=2;AN=2;DP4=0,0,6,0;MQ=60;RB=X,4860127,4860695,CGA,CTC
X	4860631	NA	C	CA	125	NEI_IND[7/189];TAAAAATACAGATGCCTA	INDEL;IDV=6;IMF=1;DP=6;VDB=0.000411984;SGB=-0.616816;MQ0F=0;AC=2;AN=2;DP4=0,0,0,6;MQ=60;RB=X,4860127,4860695,CGA,CTC
10	131520086	NA	AGCATATTAGAATGCT	A	75	NEI_IND[6/190];TTAGAATTAGCATATTAG	INDEL;IDV=4;IMF=1;DP=4;VDB=0.0221621;SGB=-0.511536;MQ0F=0;AC=2;AN=2;DP4=0,0,3,0;MQ=60;RB=10,131519988,131520592,GGT,GGT
1	188371296	NA	CA	C	9.88465	MASKED;AACTTTACCAAAAAAAAT	INDEL;IDV=5;IMF=1;DP=5;VDB=0.00187095;SGB=-0.590765;MQ0F=0;AC=2;AN=2;DP4=0,0,5,0;MQ=60;RB=1,188371166,188371481,AAG,TGA
6	138926533	NA	C	CT	27.4221	PASS;GCTAATTTCTTTTTTGTA	INDEL;IDV=5;IMF=1;DP=5;VDB=0.00187095;SGB=-0.590765;MQ0F=0;AC=2;AN=2;DP4=0,0,5,0;MQ=60;RB=6,138926420,138927074,CCG,GTT
4	115143083	NA	TTTTA	T	205	NEI_IND[4/219];CTAAATCTTTTTATTTAT	INDEL;IDV=6;IMF=1;DP=6;VDB=0.000411984;SGB=-0.616816;MQ0F=0;AC=2;AN=2;DP4=0,0,0,6;MQ=60;RB=4,115142846,115143171,TCA,ATG
14	37992663	NA	GT	G	9.88465	MASKED;ATATTAGAGTTTTTTTTT	INDEL;IDV=11;IMF=1;DP=11;VDB=6.99472e-07;SGB=-0.670168;MQ0F=0;AC=2;AN=2;DP4=0,0,0,10;MQ=60;RB=14,37992306,37992758,TGG,CCA
12	19986929	NA	CAT	C	171	MASKED;CACACACACATACACACA	INDEL;IDV=6;IMF=0.75;DP=6;VDB=0.000411984;SGB=-0.616816;MQ0F=0;AC=2;AN=2;DP4=0,0,6,0;MQ=60;RB=12,19986812,19987211,GTT,TCT
7	64016125	NA	TATAA	T	225	NEI_IND[35/225];TATATATATATAAAATAA	INDEL;IDV=9;IMF=1;DP=9;VDB=5.52906e-06;SGB=-0.662043;MQ0F=0;AC=2;AN=2;DP4=0,0,0,9;MQ=60;RB=7,64015872,64016256,AAA,CCC
9	7198175	NA	C	CTTT	182	NEI_IND[19/233];TTTCTTTTCCTTTCTTTC	INDEL;IDV=5;IMF=0.625;DP=5;VDB=0.00187095;SGB=-0.590765;MQ0F=0;AC=2;AN=2;DP4=0,0,5,0;MQ=60;RB=9,7198089,7198377,CCA,GTT
2	10094216	NA	A	AT	23.434	PASS;CGCCATTGATTTTTTTGG	INDEL;IDV=7;IMF=1;DP=7;VDB=6.71664e-05;SGB=-0.636426;MQ0F=0;AC=2;AN=2;DP4=0,0,0,7;MQ=60;RB=2,10093952,10094268,GAA,TCA
12	10311925	NA	TGTCC	T	225	NEI_IND[4/208];TGTCTGTCTGTCCGTAAG	INDEL;IDV=8;IMF=1;DP=8;VDB=1.33331e-05;SGB=-0.651104;MQ0F=0;AC=2;AN=2;DP4=0,0,0,8;MQ=60;RB=12,10311554,10312051,TTT,GAT
7	64016125	NA	TATAA	T	225	NEI_IND[35/225];TATATATATATAAAATAA	INDEL;IDV=9;IMF=1;DP=9;VDB=5.52906e-06;SGB=-0.662043;MQ0F=0;AC=2;AN=2;DP4=0,0,0,9;MQ=60;RB=7,64015873,64016257,TTG,TAT
7	86266039	NA	A	AT	159	PASS;GAAAATAGATTCATTTAT	INDEL;IDV=11;IMF=1;DP=11;VDB=2.26006e-08;SGB=-0.676189;MQ0F=0;AC=2;AN=2;DP4=0,0,11,0;MQ=60;RB=7,86265939,86266459,TTT,TGT
X	95132449	NA	CTTTCTTTCTT	C	225	NEI_IND[10/254];TTTTCTTTCTTTCTTTCT	INDEL;IDV=9;IMF=1;DP=9;VDB=5.52906e-06;SGB=-0.662043;MQ0F=0;AC=2;AN=2;DP4=0,0,0,9;MQ=60;RB=X,95132162,95132590,CTG,CCC
10	131520086	NA	AGCATATTAGAATGCT	A	119	NEI_IND[6/190];TTAGAATTAGCATATTAG	INDEL;IDV=5;IMF=1;DP=5;VDB=0.00187095;SGB=-0.590765;MQ0F=0;AC=2;AN=2;DP4=0,0,5,0;MQ=60;RB=10,131519988,131520592,GGA,TCT
8	5186525	NA	TC	T	106	NEI_IND[14/400];ATTTCTTTTCTTATTTTC	INDEL;IDV=6;IMF=1;DP=6;VDB=0.000411984;SGB=-0.616816;MQ0F=0;AC=2;AN=2;DP4=0,0,0,6;MQ=60;RB=8,5186156,5186660,AGG,AGG
5	70871919	NA	CT	C	98	PASS;AGAAACTACTGGAGTGTC	INDEL;IDV=5;IMF=1;DP=5;VDB=0.00187095;SGB=-0.590765;MQ0F=0;AC=2;AN=2;DP4=0,0,0,5;MQ=60;RB=5,70871724,70871986,AAA,TTA
7	134392605	NA	AG	A	89	NEI_IND[14/310];AGATAGATAGATAGATAG	INDEL;IDV=5;IMF=1;DP=5;VDB=0.00187095;SGB=-0.590765;MQ0F=0;AC=2;AN=2;DP4=0,0,5,0;MQ=60;RB=7,134392482,134392882,GAA,CCG
10	131520086	NA	AGCATATTAGAATGCT	A	119	NEI_IND[6/190];TTAGAATTAGCATATTAG	INDEL;IDV=5;IMF=1;DP=5;VDB=0.00187095;SGB=-0.590765;MQ0F=0;AC=2;AN=2;DP4=0,0,5,0;MQ=60;RB=10,131519988,131520591,TGA,CCG
1	188371296	NA	CA	C	9.88465	MASKED;AACTTTACCAAAAAAAAT	INDEL;IDV=5;IMF=1;DP=5;VDB=0.00187095;SGB=-0.590765;MQ0F=0;AC=2;AN=2;DP4=0,0,5,0;MQ=60;RB=1,188371165,188371481,TAT,AAA
13	24112260	NA	AAAAT	A	166	PASS;AATAAAATAAAATAAAAT	INDEL;IDV=6;IMF=1;DP=6;VDB=0.00187095;SGB=-0.590765;MQ0F=0;AC=2;AN=2;DP4=0,0,5,0;MQ=60;RB=13,24112195,24112699,CTG,CCT
11	35542039	NA	AC	A	102	MASKED;AAACATAGACCAGGCTTG	INDEL;IDV=6;IMF=1;DP=6;VDB=0.000411984;SGB=-0.616816;MQ0F=0;AC=2;AN=2;DP4=0,0,0,6;MQ=60;RB=11,35541820,35542147,GGT,AAC
4	93504806	NA	TTATA	T	225	NEI_IND[26/365];GATAATAATTATATATAT	INDEL;IDV=12;IMF=1;DP=12;VDB=2.26006e-08;SGB=-0.680642;MQ0F=0;AC=2;AN=2;DP4=0,0,12,0;MQ=60;RB=4,93504681,93504970,ACC,GTT
4	93504856	NA	T	TTA	225	NEI_IND[17/390];CATATAATTTATATATAA	INDEL;IDV=12;IMF=1;DP=12;VDB=2.26006e-08;SGB=-0.680642;MQ0F=0;AC=2;AN=2;DP4=0,0,0,12;MQ=60;RB=4,93504681,93504970,ACC,GTT
9	110512694	NA	CAT	C	172	MASKED;CACACACACATACACATG	INDEL;IDV=7;IMF=1;DP=7;VDB=0.000411984;SGB=-0.616816;MQ0F=0;AC=2;AN=2;DP4=0,0,0,6;MQ=60;RB=9,110512321,110512706,TGA,AAG
12	16395303	NA	GACTTTTAACCCA	G	154	NEI_IND[24/281];GTATCAGGGACTTTTAAC	INDEL;IDV=4;IMF=1;DP=4;VDB=0.0058656;SGB=-0.556411;MQ0F=0;AC=2;AN=2;DP4=0,0,0,4;MQ=60;RB=12,16395061,16395338,CCG,ACG
4	71154760	NA	C	CAT	225	PASS;ATATATATCATATATATA	INDEL;IDV=11;IMF=1;DP=11;VDB=2.26006e-08;SGB=-0.676189;MQ0F=0;AC=2;AN=2;DP4=0,0,0,11;MQ=60;RB=4,71154481,71154811,ACT,CTG
5	92338319	NA	GA	G	56	PASS;TGCCTAGGGAAAAGAATT	INDEL;IDV=5;IMF=1;DP=5;VDB=0.00187095;SGB=-0.590765;MQ0F=0;AC=2;AN=2;DP4=0,0,0,5;MQ=60;RB=5,92337987,92338367,GGA,GAC
2	133824604	NA	TTA	T	106	NEI_IND[5/373];TTTATTTTTTATTTTTTT	INDEL;IDV=7;IMF=1;DP=7;VDB=6.71664e-05;SGB=-0.636426;MQ0F=0;AC=2;AN=2;DP4=0,0,7,0;MQ=60;RB=2,133824474,133824780,CCG,TCC
4	167382041	NA	GC	G	137	PASS;GTGTTAGAGCAATTGGCA	INDEL;IDV=8;IMF=1;DP=8;VDB=1.33331e-05;SGB=-0.651104;MQ0F=0;AC=2;AN=2;DP4=0,0,0,8;MQ=60;RB=4,167381635,167382093,GCT,TTT
X	4860248	NA	TAATAGAC	T	43.4147	NEI_IND[36/251];TAGATAGATAATAGACAG	INDEL;IDV=6;IMF=1;DP=6;VDB=0.000411984;SGB=-0.616816;MQ0F=0;AC=2;AN=2;DP4=0,0,6,0;MQ=60;RB=X,4860128,4860696,TCC,TAT
X	4860631	NA	C	CA	114	NEI_IND[7/189];TAAAAATACAGATGCCTA	INDEL;IDV=6;IMF=1;DP=6;VDB=0.000411984;SGB=-0.616816;MQ0F=0;AC=2;AN=2;DP4=0,0,0,6;MQ=60;RB=X,4860128,4860696,TCC,TAT
12	16815799	NA	C	CTT	80	PASS;CTATCTATCTATCTATCT	INDEL;IDV=10;IMF=0.909091;DP=11;VDB=0.02;SGB=-0.453602;MQ0F=0;AC=2;AN=2;DP4=0,0,2,0;MQ=60;RB=12,16815674,16816001,TTC,GCG
12	16815897	NA	C	CATCT	225	NEI_IND[15/245];CTCTATCACATCTATCTA	INDEL;IDV=10;IMF=0.909091;DP=11;VDB=2.26006e-08;SGB=-0.676189;MQ0F=0;AC=2;AN=2;DP4=0,0,0,11;MQ=60;RB=12,16815674,16816001,TTC,GCG
21	10841753	NA	ACAGACTCAAG	A	225	MASKED;GGAATGGAACAGACTCAA	INDEL;IDV=13;IMF=1;DP=13;VDB=2.26006e-08;SGB=-0.683931;MQ0F=0;AC=2;AN=2;DP4=0,0,13,0;MQ=60;RB=21,10841624,10841962,TGC,CTG
21	10841904	NA	AGGAAT	A	216	NEI_IND[178/366];GACTCGAAAGGAATGGAA	INDEL;IDV=11;IMF=0.846154;DP=12;VDB=2.27019e-07;SGB=-0.676189;MQ0F=0;ICB=1;HOB=0.5;AC=1;AN=2;DP4=0,1,0,11;MQ=60;RB=21,10841624,10841962,TGC,CTG
16	58918594	NA	ATATG	A	224	NEI_IND[29/235];ATATATATATATGTAGAG	INDEL;IDV=7;IMF=1;DP=7;VDB=6.71664e-05;SGB=-0.636426;MQ0F=0;AC=2;AN=2;DP4=0,0,7,0;MQ=60;RB=16,58918483,58918835,GGA,AGC
9	7198174	NA	TC	T	103	NEI_IND[19/236];TTTTCTTTTCCTTTCTTT	INDEL;IDV=6;IMF=1;DP=6;VDB=0.000780428;SGB=-0.616816;MQ0F=0;AC=2;AN=2;DP4=0,0,6,0;MQ=60;RB=9,7198090,7198376,ATG,CTG
8	85223288	NA	CAAAAAAAAAAAAAAAAAA	C	114	NEI_IND[52/107];CTCCGTCTCAAAAAAAAA	INDEL;IDV=4;IMF=1;DP=4;VDB=0.0058656;SGB=-0.556411;MQ0F=0;AC=2;AN=2;DP4=0,0,4,0;MQ=60;RB=8,85223248,85223770,ATT,GCG
5	66520240	NA	ATG	A	122	NEI_IND[6/154];GTGTATATATGTGTGTGT	INDEL;IDV=5;IMF=0.833333;DP=6;VDB=0.00187095;SGB=-0.590765;MQ0F=0;AC=2;AN=2;DP4=0,0,0,5;MQ=60;RB=5,66519998,66520357,ACG,AAT
12	87843755	NA	TAAC	T	204	MASKED;AAAGGAAATAACAAGATA	INDEL;IDV=6;IMF=1;DP=6;VDB=0.000411984;SGB=-0.616816;MQ0F=0;AC=2;AN=2;DP4=0,0,0,6;MQ=60;RB=12,87843449,87843793,AGC,CCC
4	115143083	NA	TTTTA	T	225	NEI_IND[4/219];CTAAATCTTTTTATTTAT	INDEL;IDV=8;IMF=1;DP=8;VDB=1.33331e-05;SGB=-0.651104;MQ0F=0;AC=2;AN=2;DP4=0,0,0,8;MQ=60;RB=4,115142846,115143172,GTT,ATA
10	123162911	NA	ATGTG	A	154	NEI_IND[14/234];GTATATATATGTGTATAT	INDEL;IDV=5;IMF=1;DP=5;VDB=0.0058656;SGB=-0.556411;MQ0F=0;AC=2;AN=2;DP4=0,0,0,4;MQ=60;RB=10,123162700,123163047,TTG,AAT
7	64016125	NA	TATAA	T	195	NEI_IND[35/225];TATATATATATAAAATAA	INDEL;IDV=7;IMF=1;DP=7;VDB=0.000411984;SGB=-0.616816;MQ0F=0;AC=2;AN=2;DP4=0,0,0,6;MQ=60;RB=7,64015872,64016256,TGA,GCG
7	118629439	NA	AT	A	125	PASS;TTTATCTGATATGGAATC	INDEL;IDV=8;IMF=1;DP=8;VDB=1.33331e-05;SGB=-0.651104;MQ0F=0;AC=2;AN=2;DP4=0,0,8,0;MQ=60;RB=7,118629409,118629799,CCT,ATA
13	53749288	NA	TGTGTGC	T	151	NEI_IND[38/236];TGTGTGTGTGTGTGCGCG	INDEL;IDV=4;IMF=1;DP=4;VDB=0.0058656;SGB=-0.556411;MQ0F=0;AC=2;AN=2;DP4=0,0,4,0;MQ=60;RB=13,53749239,53749525,TTG,TGG
1	62213918	NA	CTTTT	C	14.5685	NEI_IND[10/233];CTTAATGCCTTTTTTTTT	INDEL;IDV=4;IMF=1;DP=4;VDB=0.0058656;SGB=-0.556411;MQ0F=0;AC=2;AN=2;DP4=0,0,0,4;MQ=60;RB=1,62213532,62213977,GGG,TCG
10	131520086	NA	AGCATATTAGAATGCT	A	141	NEI_IND[6/190];TTAGAATTAGCATATTAG	INDEL;IDV=7;IMF=1;DP=7;VDB=6.71664e-05;SGB=-0.636426;MQ0F=0;AC=2;AN=2;DP4=0,0,7,0;MQ=60;RB=10,131519988,131520591,CGT,GCC
22	16857938	NA	GCAATC	G	225	NEI_IND[17/379];CTTCGAATGCAATCGAAT	INDEL;IDV=9;IMF=1;DP=9;VDB=5.52906e-06;SGB=-0.662043;MQ0F=0;AC=2;AN=2;DP4=0,0,9,0;MQ=60;RB=22,16857932,16858281,ACC,CTA
7	64016125	NA	TATAA	T	225	NEI_IND[35/225];TATATATATATAAAATAA	INDEL;IDV=11;IMF=1;DP=11;VDB=5.52906e-06;SGB=-0.662043;MQ0F=0;AC=2;AN=2;DP4=0,0,0,9;MQ=60;RB=7,64015872,64016257,ATT,GGA
9	7198175	NA	C	CTTT	154	NEI_IND[19/233];TTTCTTTTCCTTTCTTTC	INDEL;IDV=5;IMF=0.714286;DP=5;VDB=0.0058656;SGB=-0.556411;MQ0F=0;AC=2;AN=2;DP4=0,0,4,0;MQ=60;RB=9,7198089,7198376,TTT,GTG
X	4860248	NA	TAATAGAC	T	42.4147	NEI_IND[36/251];TAGATAGATAATAGACAG	INDEL;IDV=7;IMF=1;DP=7;VDB=0.000411984;SGB=-0.616816;MQ0F=0;AC=2;AN=2;DP4=0,0,6,0;MQ=59;RB=X,4860128,4860696,GAC,TGT
X	4860631	NA	C	CA	121	NEI_IND[7/189];TAAAAATACAGATGCCTA	INDEL;IDV=7;IMF=1;DP=7;VDB=6.71664e-05;SGB=-0.636426;MQ0F=0;AC=2;AN=2;DP4=0,0,0,7;MQ=59;RB=X,4860128,4860696,GAC,TGT
2	142405660	NA	AG	A	122	MASKED;TGTGATTCAGGAAAAAAA	INDEL;IDV=8;IMF=1;DP=8;VDB=1.33331e-05;SGB=-0.651104;MQ0F=0;AC=2;AN=2;DP4=0,0,0,8;MQ=60;RB=2,142405386,142405766,CAG,CAA
5	43255858	NA	AAG	A	56	NEI_IND[13/246];AAAAAAAAAAGAAAGAAA	INDEL;IDV=9;IMF=1;DP=9;VDB=5.52906e-06;SGB=-0.662043;MQ0F=0;AC=2;AN=2;DP4=0,0,9,0;MQ=60;RB=5,43255725,43256056,GTT,CTT
1	188371296	NA	CA	C	6.51141	MASKED;AACTTTACCAAAAAAAAT	INDEL;IDV=4;IMF=1;DP=4;VDB=0.0058656;SGB=-0.556411;MQ0F=0;AC=2;AN=2;DP4=0,0,4,0;MQ=60;RB=1,188371166,188371480,ATC,GGC
3	110583261	NA	GA	G	111	PASS;CATACAAAGATTTTGGAG	INDEL;IDV=6;IMF=1;DP=6;VDB=0.000411984;SGB=-0.616816;MQ0F=0;AC=2;AN=2;DP4=0,0,0,6;MQ=60;RB=3,110582764,110583331,CGA,GTG
11	25917943	NA	TTTTG	T	224	MASKED;CCCTGTTTTTTTGTTTGT	INDEL;IDV=8;IMF=1;DP=8;VDB=1.33331e-05;SGB=-0.651104;MQ0F=0;AC=2;AN=2;DP4=0,0,0,8;MQ=60;RB=11,25917535,25918060,AGC,GAG
12	62457664	NA	CATGCAT	C	205	MASKED;CACACACACATGCATACA	INDEL;IDV=7;IMF=1;DP=7;VDB=0.000411984;SGB=-0.616816;MQ0F=0;AC=2;AN=2;DP4=0,0,0,6;MQ=60;RB=12,62457415,62457679,CAA,TGA
21	10841753	NA	ACAGACTCAAG	A	224	MASKED;GGAATGGAACAGACTCAA	INDEL;IDV=7;IMF=1;DP=7;VDB=6.71664e-05;SGB=-0.636426;MQ0F=0;AC=2;AN=2;DP4=0,0,7,0;MQ=60;RB=21,10841623,10841963,ACT,CGA
21	10841904	NA	AGGAAT	A	225	NEI_IND[178/366];GACTCGAAAGGAATGGAA	INDEL;IDV=8;IMF=1;DP=8;VDB=0.000294599;SGB=-0.651104;MQ0F=0;AC=2;AN=2;DP4=0,0,0,8;MQ=60;RB=21,10841623,10841963,ACT,CGA
9	7198174	NA	TC	T	117	NEI_IND[19/236];TTTTCTTTTCCTTTCTTT	INDEL;IDV=9;IMF=1;DP=9;VDB=4.77196e-05;SGB=-0.651104;MQ0F=0;AC=2;AN=2;DP4=0,0,8,0;MQ=60;RB=9,7198090,7198377,AGG,CAA
5	37124382	NA	AC	A	115	NEI_IND[57/335];TAATCTAAACTGTAATCT	INDEL;IDV=6;IMF=1;DP=6;VDB=0.000411984;SGB=-0.616816;MQ0F=0;AC=2;AN=2;DP4=0,0,6,0;MQ=60;RB=5,37124247,37124705,AAA,TCG
2	129297100	NA	AC	A	139	PASS;AACTGAAAACAAAAAGAC	INDEL;IDV=10;IMF=0.909091;DP=10;VDB=5.52906e-06;SGB=-0.662043;MQ0F=0;AC=2;AN=2;DP4=0,0,0,9;MQ=60;RB=2,129296718,129297126,GAT,AGT
11	47575349	NA	GAA	G	66	MASKED;CTTTTACCGAAAAAAAAA	INDEL;IDV=9;IMF=1;DP=9;VDB=5.52906e-06;SGB=-0.662043;MQ0F=0;AC=2;AN=2;DP4=0,0,9,0;MQ=60;RB=11,47575227,47575532,ATG,TAT
2	85040792	NA	TG	T	133	PASS;AGCGAGATTGGGCTCTGA	INDEL;IDV=14;IMF=1;DP=14;VDB=2.26006e-08;SGB=-0.683931;MQ0F=0;AC=2;AN=2;DP4=0,0,0,13;MQ=60;RB=2,85040492,85040839,TTA,AAA
9	7198174	NA	TC	T	55	NEI_IND[19/236];TTTTCTTTTCCTTTCTTT	INDEL;IDV=6;IMF=0.666667;DP=9;VDB=0.00429937;SGB=-0.590765;MQ0F=0;AC=2;AN=2;DP4=0,0,5,0;MQ=60;RB=9,7198089,7198377,GGT,AGT
1	188371296	NA	CA	C	13.6076	MASKED;AACTTTACCAAAAAAAAT	INDEL;IDV=6;IMF=1;DP=6;VDB=0.000411984;SGB=-0.616816;MQ0F=0;AC=2;AN=2;DP4=0,0,6,0;MQ=60;RB=1,188371166,188371481,CCG,TGA
2	133824604	NA	TTA	T	106	NEI_IND[5/373];TTTATTTTTTATTTTTTT	INDEL;IDV=7;IMF=1;DP=7;VDB=6.71664e-05;SGB=-0.636426;MQ0F=0;AC=2;AN=2;DP4=0,0,7,0;MQ=60;RB=2,133824473,133824780,TGT,ACG
X	4860248	NA	TAATAGAC	T	39.4149	NEI_IND[36/251];TAGATAGATAATAGACAG	INDEL;IDV=7;IMF=1;DP=7;VDB=0.000411984;SGB=-0.616816;MQ0F=0;AC=2;AN=2;DP4=0,0,6,0;MQ=60;RB=X,4860128,4860695,ACC,TCC
X	4860631	NA	C	CA	110	NEI_IND[7/189];TAAAAATACAGATGCCTA	INDEL;IDV=6;IMF=0.857143;DP=7;VDB=0.00187095;SGB=-0.590765;MQ0F=0;AC=2;AN=2;DP4=0,0,0,5;MQ=60;RB=X,4860128,4860695,ACC,TCC
X	29605261	NA	AAAC	A	205	PASS;ATTTTAAGAAACAACAGA	INDEL;IDV=6;IMF=1;DP=6;VDB=0.000411984;SGB=-0.616816;MQ0F=0;AC=2;AN=2;DP4=0,0,6,0;MQ=60;RB=X,29605225,29605650,CCG,GAG
10	123162911	NA	ATGTG	A	154	NEI_IND[14/234];GTATATATATGTGTATAT	INDEL;IDV=4;IMF=1;DP=4;VDB=0.0058656;SGB=-0.556411;MQ0F=0;AC=2;AN=2;DP4=0,0,0,4;MQ=60;RB=10,123162699,123163047,AAA,TAT
1	188371296	NA	CA	C	13.6076	MASKED;AACTTTACCAAAAAAAAT	INDEL;IDV=6;IMF=1;DP=6;VDB=0.000411984;SGB=-0.616816;MQ0F=0;AC=2;AN=2;DP4=0,0,6,0;MQ=60;RB=1,188371165,188371480,AAA,GGG
13	31949946	NA	TA	T	56	MASKED;AATTTAAATAAAATTTTT	INDEL;IDV=5;IMF=1;DP=5;VDB=0.00187095;SGB=-0.590765;MQ0F=0;AC=2;AN=2;DP4=0,0,0,5;MQ=60;RB=13,31949662,31949960,GCA,GGC
2	20634300	NA	C	CT	9.88465	PASS;AGGCCACTCTTTTTTTTG	INDEL;IDV=5;IMF=1;DP=5;VDB=0.00215942;SGB=-0.590765;MQ0F=0;AC=2;AN=2;DP4=0,0,0,5;MQ=60;RB=2,20633948,20634352,AGG,CAT
21	10841753	NA	ACAGACTCAAG	A	225	MASKED;GGAATGGAACAGACTCAA	INDEL;IDV=11;IMF=1;DP=11;VDB=2.26006e-08;SGB=-0.676189;MQ0F=0;AC=2;AN=2;DP4=0,0,11,0;MQ=60;RB=21,10841623,10841963,TCT,AGT
21	10841904	NA	AGGAAT	A	225	NEI_IND[178/366];GACTCGAAAGGAATGGAA	INDEL;IDV=10;IMF=1;DP=10;VDB=4.58909e-06;SGB=-0.670168;MQ0F=0;AC=2;AN=2;DP4=0,0,0,10;MQ=56;RB=21,10841623,10841963,TCT,AGT
9	32133163	NA	CTTTTTTT	C	31.4554	NEI_IND[5/264];CATGCTTTCTTTTTTTTT	INDEL;IDV=5;IMF=1;DP=5;VDB=0.00248765;SGB=-0.590765;MQ0F=0;AC=2;AN=2;DP4=0,0,0,5;MQ=60;RB=9,32132836,32133229,AAT,AAT
1	188371296	NA	CA	C	17.4922	MASKED;AACTTTACCAAAAAAAAT	INDEL;IDV=8;IMF=1;DP=8;VDB=1.33331e-05;SGB=-0.651104;MQ0F=0;AC=2;AN=2;DP4=0,0,8,0;MQ=60;RB=1,188371166,188371480,CTC,ACG
7	64016125	NA	TATAA	T	225	NEI_IND[35/225];TATATATATATAAAATAA	INDEL;IDV=14;IMF=0.933333;DP=15;VDB=3.87825e-08;SGB=-0.686358;MQ0F=0;AC=2;AN=2;DP4=0,0,0,14;MQ=60;RB=7,64015872,64016257,ACT,GAT
22	16857938	NA	GCAATC	G	225	NEI_IND[17/379];CTTCGAATGCAATCGAAT	INDEL;IDV=13;IMF=1;DP=13;VDB=2.26006e-08;SGB=-0.683931;MQ0F=0;AC=2;AN=2;DP4=0,0,13,0;MQ=60;RB=22,16857932,16858280,CGG,TTG
1	188371296	NA	CA	C	19.4636	MASKED;AACTTTACCAAAAAAAAT	INDEL;IDV=11;IMF=1;DP=11;VDB=2.26006e-08;SGB=-0.676189;MQ0F=0;AC=2;AN=2;DP4=0,0,11,0;MQ=60;RB=1,188371166,188371481,CCC,TAA
4	115143083	NA	TTTTA	T	225	NEI_IND[4/219];CTAAATCTTTTTATTTAT	INDEL;IDV=9;IMF=1;DP=9;VDB=5.52906e-06;SGB=-0.662043;MQ0F=0;AC=2;AN=2;DP4=0,0,0,9;MQ=60;RB=4,115142847,115143172,GGG,AAT
16	8444621	NA	CTTTTT	C	33.4163	NEI_IND[12/223];AATCCTTCCTTTTTTTTT	INDEL;IDV=4;IMF=1;DP=4;VDB=0.00766117;SGB=-0.556411;MQ0F=0;AC=2;AN=2;DP4=0,0,0,4;MQ=60;RB=16,8444441,8444703,TAT,TGA
9	119760868	NA	CCATG	C	205	NEI_IND[3/288];CCATACATCCATGCATCC	INDEL;IDV=6;IMF=1;DP=6;VDB=0.000411984;SGB=-0.616816;MQ0F=0;AC=2;AN=2;DP4=0,0,0,6;MQ=60;RB=9,119760243,119760886,GCG,AAT
1	26994218	NA	TG	T	90	PASS;GCCTGTTTTGTTTTTTAA	INDEL;IDV=5;IMF=0.833333;DP=5;VDB=0.00187095;SGB=-0.590765;MQ0F=0;AC=2;AN=2;DP4=0,0,0,5;MQ=60;RB=1,26993993,26994307,TAA,AAC
8	61372388	NA	CTTCT	C	225	NEI_IND[6/243];CTTCCTTCCTTCTTTCCT	INDEL;IDV=9;IMF=1;DP=9;VDB=1.33331e-05;SGB=-0.651104;MQ0F=0;AC=2;AN=2;DP4=0,0,8,0;MQ=60;RB=8,61372280,61372636,CAC,TTT
21	37603976	NA	TG	T	38.415	NEI_IND[3/267];GGTTTTTTTGTTTTTTTT	INDEL;IDV=3;IMF=0.6;DP=3;VDB=0.02;SGB=-0.453602;MQ0F=0;AC=2;AN=2;DP4=0,0,0,2;MQ=60;RB=21,37603414,37604051,TAT,GAA
X	86235611	NA	AC	A	150	MASKED;AAAAAAAAACAGTCAAAT	INDEL;IDV=11;IMF=1;DP=11;VDB=2.26006e-08;SGB=-0.676189;MQ0F=0;AC=2;AN=2;DP4=0,0,11,0;MQ=60;RB=X,86235569,86236061,TGT,GTT
16	58414340	NA	TTGGAGA	T	225	PASS;CATGTGCTTTGGAGAAAC	INDEL;IDV=8;IMF=1;DP=8;VDB=1.33331e-05;SGB=-0.651104;MQ0F=0;AC=2;AN=2;DP4=0,0,8,0;MQ=60;RB=16,58414236,58414868,TGT,GTT
X	110271253	NA	ATG	A	117	MASKED;ACATATATATGTGTGTAT	INDEL;IDV=6;IMF=1;DP=6;VDB=0.00187095;SGB=-0.590765;MQ0F=0;AC=2;AN=2;DP4=0,0,5,0;MQ=60;RB=X,110271128,110271542,GTA,CCG
3	88686974	NA	CT	C	9.88465	PASS;GAAGTTTTCTTTTTTTTG	INDEL;IDV=5;IMF=1;DP=5;VDB=0.00187095;SGB=-0.590765;MQ0F=0;AC=2;AN=2;DP4=0,0,5,0;MQ=60;RB=3,88686941,88687252,GGC,TCG
9	7198174	NA	TC	T	74	NEI_IND[19/236];TTTTCTTTTCCTTTCTTT	INDEL;IDV=5;IMF=0.833333;DP=6;VDB=0.00351425;SGB=-0.590765;MQ0F=0;AC=2;AN=2;DP4=0,0,5,0;MQ=60;RB=9,7198090,7198376,GTG,GGG
5	114882440	NA	ACATG	A	130	MASKED;GCACACACACATGCACGC	INDEL;IDV=4;IMF=1;DP=4;VDB=0.0058656;SGB=-0.556411;MQ0F=0;AC=2;AN=2;DP4=0,0,0,4;MQ=60;RB=5,114881839,114882458,TTG,AGA
1	188371296	NA	CA	C	13.6076	MASKED;AACTTTACCAAAAAAAAT	INDEL;IDV=6;IMF=1;DP=6;VDB=0.000411984;SGB=-0.616816;MQ0F=0;AC=2;AN=2;DP4=0,0,6,0;MQ=60;RB=1,188371166,188371480,ATG,CGG
2	184057504	NA	A	AC	13.6076	PASS;TTAAAAAAAATCACAATT	INDEL;IDV=6;IMF=1;DP=6;VDB=0.000411984;SGB=-0.616816;MQ0F=0;AC=2;AN=2;DP4=0,0,6,0;MQ=60;RB=2,184057466,184057865,TTA,TGC
12	62457664	NA	CATGCAT	C	205	MASKED;CACACACACATGCATACA	INDEL;IDV=6;IMF=1;DP=6;VDB=0.000411984;SGB=-0.616816;MQ0F=0;AC=2;AN=2;DP4=0,0,0,6;MQ=60;RB=12,62457415,62457679,CAA,CCA
4	115143083	NA	TTTTA	T	225	NEI_IND[4/219];CTAAATCTTTTTATTTAT	INDEL;IDV=8;IMF=1;DP=8;VDB=1.33331e-05;SGB=-0.651104;MQ0F=0;AC=2;AN=2;DP4=0,0,0,8;MQ=60;RB=4,115142846,115143172,AGT,GTT
4	33769590	NA	CT	C	92	PASS;ATACTTTTCTTTGTTATA	INDEL;IDV=6;IMF=1;DP=6;VDB=0.000411984;SGB=-0.616816;MQ0F=0;AC=2;AN=2;DP4=0,0,6,0;MQ=60;RB=4,33769481,33769800,CAC,TAC
1	105253378	NA	C	CA	32.4333	PASS;ATTTTTCCCAAAAAATCA	INDEL;IDV=8;IMF=1;DP=8;VDB=1.33331e-05;SGB=-0.651104;MQ0F=0;AC=2;AN=2;DP4=0,0,8,0;MQ=60;RB=1,105253323,105253668,GTT,AAT
5	120798358	NA	GTTTC	G	154	NEI_IND[4/238];AAAACAACGTTTCTTTCT	INDEL;IDV=4;IMF=1;DP=4;VDB=0.0058656;SGB=-0.556411;MQ0F=0;AC=2;AN=2;DP4=0,0,0,4;MQ=60;RB=5,120798162,120798429,TAG,CTC
7	64016125	NA	TATAA	T	116	NEI_IND[35/225];TATATATATATAAAATAA	INDEL;IDV=4;IMF=1;DP=4;VDB=0.0058656;SGB=-0.556411;MQ0F=0;AC=2;AN=2;DP4=0,0,0,4;MQ=60;RB=7,64015872,64016257,CCT,GGA
3	68610809	NA	GCAA	G	225	PASS;GGTTCAATGCAATTGGGA	INDEL;IDV=8;IMF=1;DP=8;VDB=1.33331e-05;SGB=-0.651104;MQ0F=0;AC=2;AN=2;DP4=0,0,8,0;MQ=60;RB=3,68610724,68611175,ATT,AAT
4	132201470	NA	GC	G	126	PASS;TAACATAAGCACATCAAT	INDEL;IDV=8;IMF=1;DP=8;VDB=6.71664e-05;SGB=-0.636426;MQ0F=0;AC=2;AN=2;DP4=0,0,0,7;MQ=60;RB=4,132201002,132201547,TGA,GTA
11	47575349	NA	GAA	G	52	MASKED;CTTTTACCGAAAAAAAAA	INDEL;IDV=6;IMF=1;DP=6;VDB=0.000411984;SGB=-0.616816;MQ0F=0;AC=2;AN=2;DP4=0,0,6,0;MQ=60;RB=11,47575227,47575531,CAG,GAC
4	115143083	NA	TTTTA	T	192	NEI_IND[4/219];CTAAATCTTTTTATTTAT	INDEL;IDV=8;IMF=1;DP=8;VDB=2.30147e-05;SGB=-0.651104;MQ0F=0;AC=2;AN=2;DP4=0,0,0,8;MQ=60;RB=4,115142846,115143172,ACA,TGA
9	7198174	NA	TC	T	29.4193	NEI_IND[19/236];TTTTCTTTTCCTTTCTTT	INDEL;IDV=3;IMF=0.75;DP=4;VDB=0.0221621;SGB=-0.511536;MQ0F=0;AC=2;AN=2;DP4=0,0,3,0;MQ=60;RB=9,7198089,7198376,GGA,ACG
20	39034040	NA	TC	T	92	PASS;ACAAGCCTTCCTTTACCT	INDEL;IDV=5;IMF=1;DP=5;VDB=0.00187095;SGB=-0.590765;MQ0F=0;AC=2;AN=2;DP4=0,0,5,0;MQ=60;RB=20,39033993,39034279,AAT,ATG
12	16395303	NA	GACTTTTAACCCA	G	205	NEI_IND[24/281];GTATCAGGGACTTTTAAC	INDEL;IDV=6;IMF=1;DP=6;VDB=0.000411984;SGB=-0.616816;MQ0F=0;AC=2;AN=2;DP4=0,0,0,6;MQ=60;RB=12,16395061,16395338,GGC,CTG
9	7198174	NA	TC	T	133	NEI_IND[19/236];TTTTCTTTTCCTTTCTTT	INDEL;IDV=13;IMF=0.928571;DP=14;VDB=2.48844e-07;SGB=-0.683931;MQ0F=0;AC=2;AN=2;DP4=0,0,13,0;MQ=60;RB=9,7198090,7198376,CTG,TGG
6	34514778	NA	CGCAG	C	96	PASS;CCCCCCCCCGCAGCCCCC	INDEL;IDV=5;IMF=1;DP=5;VDB=0.00187095;SGB=-0.590765;MQ0F=0;AC=2;AN=2;DP4=0,0,5,0;MQ=60;RB=6,34514646,34515099,GCT,AGA
X	4860229	NA	AG	A	41.4148	MASKED;AGATAGATAGATAGATAG	INDEL;IDV=8;IMF=1;DP=8;VDB=6.71664e-05;SGB=-0.636426;MQ0F=0;AC=2;AN=2;DP4=0,0,7,0;MQ=60;RB=X,4860128,4860695,ACG,ACC
X	4860248	NA	TAATAGAC	T	19.4636	NEI_IND[36/251];TAGATAGATAATAGACAG	INDEL;IDV=7;IMF=0.875;DP=7;VDB=6.71664e-05;SGB=-0.636426;MQ0F=0;AC=2;AN=2;DP4=0,0,7,0;MQ=60;RB=X,4860128,4860695,ACG,ACC
X	4860631	NA	C	CA	146	NEI_IND[7/189];TAAAAATACAGATGCCTA	INDEL;IDV=8;IMF=1;DP=8;VDB=1.33331e-05;SGB=-0.651104;MQ0F=0;AC=2;AN=2;DP4=0,0,0,8;MQ=60;RB=X,4860128,4860695,ACG,ACC
