CHROM	POS	ID	REF	ALT	QUAL	FILTER	INFO
13	94019536	NA	AAG	A	146	MASKED;ATATCAAAAAGAGAAGCA	INDEL;IDV=9;IMF=1;DP=9;VDB=1.33331e-05;SGB=-0.651104;MQ0F=0;AC=2;AN=2;DP4=0,0,8,0;MQ=60;RB=13,94019409,94019821,CAC,GCA
7	23715745	NA	G	GT	110	PASS;AGAGTGGTGTAAGTGGGC	INDEL;IDV=5;IMF=1;DP=5;VDB=0.00187095;SGB=-0.590765;MQ0F=0;AC=2;AN=2;DP4=0,0,5,0;MQ=60;RB=7,23715636,23716016,GCA,CTT
8	22837269	NA	TTTGGGACAGAGTGAGACTC	T	182	NEI_IND[16/165];TTTTTTTTTTTGGGACAG	INDEL;IDV=5;IMF=0.833333;DP=5;VDB=0.00187095;SGB=-0.590765;MQ0F=0;AC=2;AN=2;DP4=0,0,0,5;MQ=60;RB=8,22837003,22837322,CCC,TTT
3	160585324	NA	CT	C	79	MASKED;CTTCCTTCCTTTCCCTCC	INDEL;IDV=5;IMF=1;DP=5;VDB=0.00187095;SGB=-0.590765;MQ0F=0;AC=2;AN=2;DP4=0,0,0,5;MQ=60;RB=3,160585137,160585398,GCC,TAC
15	46585699	NA	CT	C	92	PASS;GCTGCTCCCTTCTACAGC	INDEL;IDV=5;IMF=1;DP=5;VDB=0.00187095;SGB=-0.590765;MQ0F=0;AC=2;AN=2;DP4=0,0,5,0;MQ=60;RB=15,46585607,46585930,TCT,GGT
9	9584355	NA	TCAC	T	225	NEI_IND[5/188];TTATTTCATCACCATTAT	INDEL;IDV=8;IMF=1;DP=8;VDB=1.33331e-05;SGB=-0.651104;MQ0F=0;AC=2;AN=2;DP4=0,0,8,0;MQ=60;RB=9,9584229,9584622,GAC,GTC
3	109193061	NA	AGT	A	146	MASKED;TTTGTACCAGTGTAACAT	INDEL;IDV=7;IMF=0.875;DP=7;VDB=6.71664e-05;SGB=-0.636426;MQ0F=0;AC=2;AN=2;DP4=0,0,0,7;MQ=60;RB=3,109192904,109193182,AAT,TAA
1	193834773	NA	T	TTCTAGAAGAC	138	NEI_IND[19/269];TGTTTTTGTTATGTTAAT	INDEL;IDV=13;IMF=1;DP=13;VDB=3.42399e-08;SGB=-0.680642;MQ0F=0;AC=2;AN=2;DP4=0,0,12,0;MQ=60;RB=1,193834681,193835042,ACT,CTA
5	22389903	NA	CCCA	C	143	NEI_IND[21/209];TACAGGCGCCCACCACCA	INDEL;IDV=4;IMF=1;DP=4;VDB=0.0058656;SGB=-0.556411;MQ0F=0;AC=2;AN=2;DP4=0,0,4,0;MQ=60;RB=5,22389837,22390157,GCT,AGG
5	22390146	NA	ATG	A	138	PASS;ACACACACATGCACGCAC	INDEL;IDV=4;IMF=1;DP=4;VDB=0.0058656;SGB=-0.556411;MQ0F=0;AC=2;AN=2;DP4=0,0,0,4;MQ=60;RB=5,22389837,22390157,GCT,AGG
5	150776221	NA	AT	A	73	MASKED;TGAATGGGATTAAATATG	INDEL;IDV=4;IMF=1;DP=4;VDB=0.0058656;SGB=-0.556411;MQ0F=0;AC=2;AN=2;DP4=0,0,0,4;MQ=60;RB=5,150775824,150776238,TGT,CTA
13	95878025	NA	TA	T	30.4183	PASS;TAAAAATATAAAAATATA	INDEL;IDV=4;IMF=1;DP=4;VDB=0.0058656;SGB=-0.556411;MQ0F=0;AC=2;AN=2;DP4=0,0,4,0;MQ=60;RB=13,95877891,95878453,CGC,CCC
13	95878394	NA	CAATTACTTCATCTGG	C	154	NEI_IND[66/197];CAACAGGGCAATTACTTC	INDEL;IDV=4;IMF=1;DP=4;VDB=0.0058656;SGB=-0.556411;MQ0F=0;AC=2;AN=2;DP4=0,0,0,4;MQ=60;RB=13,95877891,95878453,CGC,CCC
9	5118795	NA	ATC	A	193	MASKED;TAAAAATTATCTGTTATT	INDEL;IDV=8;IMF=1;DP=8;VDB=6.71664e-05;SGB=-0.636426;MQ0F=0;AC=2;AN=2;DP4=0,0,7,0;MQ=60;RB=9,5118763,5119294,CCC,CCT
3	99387981	NA	ATATATATATAGAGG	A	182	NEI_IND[8/222];ATATATATATATATATAT	INDEL;IDV=5;IMF=0.833333;DP=5;VDB=0.00187095;SGB=-0.590765;MQ0F=0;AC=2;AN=2;DP4=0,0,5,0;MQ=60;RB=3,99387866,99388253,AAT,CGG
1	193834773	NA	T	TTCTAGAAGAC	58	NEI_IND[19/269];TGTTTTTGTTATGTTAAT	INDEL;IDV=9;IMF=1;DP=9;VDB=1.33331e-05;SGB=-0.651104;MQ0F=0;AC=2;AN=2;DP4=0,0,8,0;MQ=60;RB=1,193834681,193835041,TCA,CTG
12	61439242	NA	AG	A	116	PASS;GTGTGGAAAGAATGAGGA	INDEL;IDV=6;IMF=1;DP=6;VDB=0.000411984;SGB=-0.616816;MQ0F=0;AC=2;AN=2;DP4=0,0,6,0;MQ=60;RB=12,61439186,61439442,GTC,GGT
1	239320537	NA	ATTTTTTTTT	A,AT	34.6889	NEI_IND[4/239];GTCTCATAATTTTTTTTT	INDEL;IDV=7;IMF=1;DP=7;VDB=0.000145287;SGB=-0.636426;MQ0F=0;AC=1,1;AN=2;DP4=0,0,0,7;MQ=60;RB=1,239320060,239320603,GGG,CTG
1	72466108	NA	T	TA	7.30725	PASS;GCAAAATATAAAAAAAAA	INDEL;IDV=5;IMF=1;DP=5;VDB=0.00187095;SGB=-0.590765;MQ0F=0;AC=2;AN=2;DP4=0,0,0,5;MQ=60;RB=1,72465703,72466121,TTA,GGG
1	151529849	NA	TAATCATCA	T	205	MASKED;TTTTGCTTTAATCATCAA	INDEL;IDV=6;IMF=1;DP=6;VDB=0.000411984;SGB=-0.616816;MQ0F=0;AC=2;AN=2;DP4=0,0,6,0;MQ=60;RB=1,151529809,151530063,CCG,GGA
4	188296922	NA	ATT	A	85	PASS;TAATAATAATTTTTTAAA	INDEL;IDV=5;IMF=1;DP=5;VDB=0.00187095;SGB=-0.590765;MQ0F=0;AC=2;AN=2;DP4=0,0,5,0;MQ=60;RB=4,188296787,188297405,GGT,TAC
22	16857938	NA	GCAATC	G	224	NEI_IND[16/384];CTTCGAATGCAATCGAAT	INDEL;IDV=7;IMF=1;DP=7;VDB=6.71664e-05;SGB=-0.636426;MQ0F=0;AC=2;AN=2;DP4=0,0,7,0;MQ=60;RB=22,16857932,16858281,CGG,ACT
18	31666011	NA	TAAAG	T	225	PASS;AACTGCCATAAAGAGAGT	INDEL;IDV=8;IMF=1;DP=8;VDB=1.33331e-05;SGB=-0.651104;MQ0F=0;AC=2;AN=2;DP4=0,0,0,8;MQ=60;RB=18,31665707,31666098,ATT,TGT
9	101202194	NA	CG	C	128	MASKED;GTAGGCCCCGTTGTTATC	INDEL;IDV=7;IMF=1;DP=7;VDB=6.71664e-05;SGB=-0.636426;MQ0F=0;AC=2;AN=2;DP4=0,0,7,0;MQ=60;RB=9,101202116,101202463,GGC,GGT
1	188371296	NA	CA	C	17.4922	MASKED;AACTTTACCAAAAAAAAT	INDEL;IDV=9;IMF=1;DP=9;VDB=1.33331e-05;SGB=-0.651104;MQ0F=0;AC=2;AN=2;DP4=0,0,8,0;MQ=60;RB=1,188371166,188371480,GTG,ATG
17	56642365	NA	GA	G	12.6563	MASKED;ATTAGAACGAAAAAAAAA	INDEL;IDV=8;IMF=1;DP=8;VDB=1.33331e-05;SGB=-0.651104;MQ0F=0;AC=2;AN=2;DP4=0,0,0,8;MQ=60;RB=17,56641995,56642400,GCG,GGT
12	53087999	NA	ACTAT	A	224	MASKED;CACACACTACTATCTATT	INDEL;IDV=7;IMF=1;DP=7;VDB=6.71664e-05;SGB=-0.636426;MQ0F=0;AC=2;AN=2;DP4=0,0,0,7;MQ=60;RB=12,53087788,53088090,AAC,GCC
12	84572853	NA	CT	C	84	MASKED;TTTTTAACCTTTTGTCTT	INDEL;IDV=10;IMF=1;DP=10;VDB=6.99472e-07;SGB=-0.670168;MQ0F=0;AC=2;AN=2;DP4=0,0,0,10;MQ=60;RB=12,84572571,84572912,CAG,GTG
7	11256283	NA	GGTTTATCTCTCAACA	G	182	MASKED;GACATGTGGGTTTATCTC	INDEL;IDV=5;IMF=1;DP=5;VDB=0.00187095;SGB=-0.590765;MQ0F=0;AC=2;AN=2;DP4=0,0,5,0;MQ=60;RB=7,11256220,11256537,GAT,CGA
22	49207352	NA	TCTATCTATCTATCTAC	T	225	NEI_IND[6/281];TCTATCTATCTATCTATC	INDEL;IDV=8;IMF=1;DP=8;VDB=1.33331e-05;SGB=-0.651104;MQ0F=0;AC=2;AN=2;DP4=0,0,0,8;MQ=60;RB=22,49206905,49207457,AGA,GAT
3	165676079	NA	CA	C	44.4146	PASS;TCATAAAACAAAAATAAG	INDEL;IDV=6;IMF=0.857143;DP=6;VDB=0.000411984;SGB=-0.616816;MQ0F=0;AC=2;AN=2;DP4=0,0,6,0;MQ=60;RB=3,165676013,165676441,ATA,TTG
4	108408279	NA	ATG	A	175	PASS;ACACACACATGCACACAC	INDEL;IDV=6;IMF=1;DP=6;VDB=0.000411984;SGB=-0.616816;MQ0F=0;AC=2;AN=2;DP4=0,0,0,6;MQ=60;RB=4,108407954,108408289,GGT,GTT
7	68637206	NA	CT	C	95	MASKED;ATAGCTCACTGCAGCCTC	INDEL;IDV=5;IMF=1;DP=5;VDB=0.00187095;SGB=-0.590765;MQ0F=0;AC=2;AN=2;DP4=0,0,5,0;MQ=60;RB=7,68637195,68637688,CCT,ATT
2	80610765	NA	C	CT	117	PASS;AATGGCCCCTTCCAGTCA	INDEL;IDV=6;IMF=1;DP=6;VDB=0.000411984;SGB=-0.616816;MQ0F=0;AC=2;AN=2;DP4=0,0,6,0;MQ=60;RB=2,80610648,80611002,GTT,AAT
15	35563341	NA	CT	C	109	MASKED;CCAAACTTCTTTCACAGT	INDEL;IDV=8;IMF=1;DP=8;VDB=1.33331e-05;SGB=-0.651104;MQ0F=0;AC=2;AN=2;DP4=0,0,8,0;MQ=60;RB=15,35563215,35563574,GTC,GGG
5	49586134	NA	TC	T	88	PASS;AAAACTGTTCCAATACTG	INDEL;IDV=5;IMF=1;DP=5;VDB=0.00187095;SGB=-0.590765;MQ0F=0;AC=2;AN=2;DP4=0,0,5,0;MQ=60;RB=5,49586109,49586493,CTG,ATT
20	7356702	NA	CGT	C	182	MASKED;ATTAATATCGTTTTTTTA	INDEL;IDV=6;IMF=1;DP=6;VDB=0.000411984;SGB=-0.616816;MQ0F=0;AC=2;AN=2;DP4=0,0,6,0;MQ=60;RB=20,7356580,7356992,GTT,AGA
4	16384568	NA	CGTTG	C	225	MASKED;CTCACAGCCGTTGTGCAC	INDEL;IDV=8;IMF=1;DP=8;VDB=1.33331e-05;SGB=-0.651104;MQ0F=0;AC=2;AN=2;DP4=0,0,8,0;MQ=60;RB=4,16384508,16384802,CAC,CCA
12	19986929	NA	CAT	C	152	MASKED;CACACACACATACACACA	INDEL;IDV=6;IMF=0.75;DP=6;VDB=0.000411984;SGB=-0.616816;MQ0F=0;AC=2;AN=2;DP4=0,0,6,0;MQ=60;RB=12,19986812,19987211,GTA,TCA
1	116265902	NA	CTA	C	186	MASKED;TCATCTATCTATATCTCT	INDEL;IDV=8;IMF=1;DP=8;VDB=1.33331e-05;SGB=-0.651104;MQ0F=0;AC=2;AN=2;DP4=0,0,8,0;MQ=60;RB=1,116265778,116266042,CAT,AAA
1	116265926	NA	T	TTATCTATC	225	NEI_IND[11/346];CTATCTATTTATCTATCT	INDEL;IDV=7;IMF=0.875;DP=8;VDB=1.33331e-05;SGB=-0.651104;MQ0F=0;AC=2;AN=2;DP4=0,0,0,8;MQ=60;RB=1,116265778,116266042,CAT,AAA
15	66490990	NA	AT	A	23.434	MASKED;CCTGGCTAATTTTTTTGT	INDEL;IDV=7;IMF=1;DP=7;VDB=6.71664e-05;SGB=-0.636426;MQ0F=0;AC=2;AN=2;DP4=0,0,7,0;MQ=60;RB=15,66490975,66491371,TCG,GCA
4	108408279	NA	ATG	A	158	PASS;ACACACACATGCACACAC	INDEL;IDV=5;IMF=1;DP=5;VDB=0.00187095;SGB=-0.590765;MQ0F=0;AC=2;AN=2;DP4=0,0,0,5;MQ=60;RB=4,108407955,108408289,CTG,TTT
13	28813324	NA	ACGCATG	A	144	MASKED;ACACACACACGCATGCAC	INDEL;IDV=4;IMF=1;DP=4;VDB=0.0058656;SGB=-0.556411;MQ0F=0;AC=2;AN=2;DP4=0,0,0,4;MQ=60;RB=13,28813040,28813339,GTA,TCG
X	1915447	NA	CTATT	C	225	MASKED;CATTTATTCTATTTATCT	INDEL;IDV=8;IMF=1;DP=8;VDB=1.33331e-05;SGB=-0.651104;MQ0F=0;AC=2;AN=2;DP4=0,0,8,0;MQ=60;RB=X,1915333,1915678,TAG,TTT
9	9584355	NA	TCAC	T	224	NEI_IND[5/188];TTATTTCATCACCATTAT	INDEL;IDV=7;IMF=1;DP=7;VDB=6.71664e-05;SGB=-0.636426;MQ0F=0;AC=2;AN=2;DP4=0,0,7,0;MQ=60;RB=9,9584229,9584622,GGC,TAG
1	193834773	NA	T	TTCTAGAAGAC	150	NEI_IND[19/269];TGTTTTTGTTATGTTAAT	INDEL;IDV=15;IMF=1;DP=15;VDB=2.26006e-08;SGB=-0.680642;MQ0F=0;AC=2;AN=2;DP4=0,0,12,0;MQ=60;RB=1,193834681,193835041,CTT,CTG
5	37124382	NA	AC	A	105	NEI_IND[40/288];TAATCTAAACTGTAATCT	INDEL;IDV=6;IMF=1;DP=6;VDB=0.000411984;SGB=-0.616816;MQ0F=0;AC=2;AN=2;DP4=0,0,6,0;MQ=60;RB=5,37124247,37124705,CCA,CTG
4	115589554	NA	CAAATTA	C	205	PASS;TAAATTATCAAATTATGG	INDEL;IDV=6;IMF=1;DP=6;VDB=0.000411984;SGB=-0.616816;MQ0F=0;AC=2;AN=2;DP4=0,0,0,6;MQ=60;RB=4,115589145,115589596,ATT,CCT
1	184840497	NA	A	AAAG	5.79358	NEI_IND[4/255];AAAAAAAAAAAAAAAAAA	INDEL;IDV=8;IMF=1;DP=8;VDB=1.33331e-05;SGB=-0.651104;MQ0F=0;AC=2;AN=2;DP4=0,0,8,0;MQ=60;RB=1,184840423,184840874,TCA,CTT
4	74023903	NA	AAGAGAG	A	182	MASKED;AAGAAAGAAAGAGAGAGA	INDEL;IDV=5;IMF=1;DP=5;VDB=0.00187095;SGB=-0.590765;MQ0F=0;AC=2;AN=2;DP4=0,0,5,0;MQ=60;RB=4,74023775,74024158,CTG,GTA
4	108408279	NA	ATG	A	209	PASS;ACACACACATGCACACAC	INDEL;IDV=8;IMF=1;DP=8;VDB=1.33331e-05;SGB=-0.651104;MQ0F=0;AC=2;AN=2;DP4=0,0,0,8;MQ=60;RB=4,108407954,108408289,AGT,TGA
5	99188708	NA	G	GT	20.4535	PASS;TTTATCAGGTTTTTTTAG	INDEL;IDV=7;IMF=1;DP=7;VDB=0.000411984;SGB=-0.616816;MQ0F=0;AC=2;AN=2;DP4=0,0,6,0;MQ=60;RB=5,99188664,99189303,ATA,TGT
1	188562687	NA	T	TAGGTA	160	PASS;ATGATAGATGATAGATAG	INDEL;IDV=10;IMF=1;DP=10;VDB=5.52906e-06;SGB=-0.662043;MQ0F=0;AC=2;AN=2;DP4=0,0,0,9;MQ=60;RB=1,188562381,188562806,AAT,CGA
10	34128531	NA	GA	G	56	PASS;CAGATAAAGAAAATACTC	INDEL;IDV=5;IMF=1;DP=5;VDB=0.00187095;SGB=-0.590765;MQ0F=0;AC=2;AN=2;DP4=0,0,5,0;MQ=60;RB=10,34128495,34128802,CCG,ATG
15	60280518	NA	GC	G	111	PASS;GCCAGCCAGCCCAGCCAG	INDEL;IDV=8;IMF=1;DP=8;VDB=1.33331e-05;SGB=-0.651104;MQ0F=0;AC=2;AN=2;DP4=0,0,8,0;MQ=60;RB=15,60280383,60280696,CCG,AAA
1	188371296	NA	CA	C	15.5372	MASKED;AACTTTACCAAAAAAAAT	INDEL;IDV=7;IMF=1;DP=7;VDB=6.71664e-05;SGB=-0.636426;MQ0F=0;AC=2;AN=2;DP4=0,0,7,0;MQ=60;RB=1,188371165,188371481,ACT,TTA
1	188371296	NA	CA	C	13.6076	MASKED;AACTTTACCAAAAAAAAT	INDEL;IDV=6;IMF=1;DP=6;VDB=0.000411984;SGB=-0.616816;MQ0F=0;AC=2;AN=2;DP4=0,0,6,0;MQ=60;RB=1,188371166,188371480,CGC,TCG
7	23715745	NA	G	GT	92	PASS;AGAGTGGTGTAAGTGGGC	INDEL;IDV=5;IMF=1;DP=5;VDB=0.0058656;SGB=-0.556411;MQ0F=0;AC=2;AN=2;DP4=0,0,4,0;MQ=60;RB=7,23715636,23716015,TGA,AAG
15	95549251	NA	CT	C	103	PASS;TTTTTAGCCTAAAGCTGC	INDEL;IDV=5;IMF=1;DP=5;VDB=0.00187095;SGB=-0.590765;MQ0F=0;AC=2;AN=2;DP4=0,0,5,0;MQ=60;RB=15,95549163,95549445,CCG,CAT
1	188371296	NA	CA	C	18.4763	MASKED;AACTTTACCAAAAAAAAT	INDEL;IDV=9;IMF=1;DP=9;VDB=5.52906e-06;SGB=-0.662043;MQ0F=0;AC=2;AN=2;DP4=0,0,9,0;MQ=60;RB=1,188371165,188371481,CGT,GTT
3	99387981	NA	ATATATATATAGAGG	A	182	NEI_IND[8/222];ATATATATATATATATAT	INDEL;IDV=5;IMF=1;DP=5;VDB=0.00187095;SGB=-0.590765;MQ0F=0;AC=2;AN=2;DP4=0,0,5,0;MQ=60;RB=3,99387866,99388254,ATT,TGA
4	60201170	NA	CTATA	C	225	MASKED;CTCTCTCTCTATATATAT	INDEL;IDV=9;IMF=1;DP=9;VDB=5.52906e-06;SGB=-0.662043;MQ0F=0;AC=2;AN=2;DP4=0,0,0,9;MQ=60;RB=4,60200870,60201303,CTA,TTA
20	7356702	NA	CGT	C	198	MASKED;ATTAATATCGTTTTTTTA	INDEL;IDV=7;IMF=1;DP=7;VDB=6.71664e-05;SGB=-0.636426;MQ0F=0;AC=2;AN=2;DP4=0,0,7,0;MQ=60;RB=20,7356580,7356992,TTT,AAT
2	150506059	NA	ACAC	A	183	MASKED;CAAAGAAAACACCACCAC	INDEL;IDV=6;IMF=1;DP=6;VDB=0.000411984;SGB=-0.616816;MQ0F=0;AC=2;AN=2;DP4=0,0,6,0;MQ=60;RB=2,150506040,150506381,AGT,GCC
2	60243148	NA	CTTTTTTTTT	C,CT	37.4918	NEI_IND[6/190];CTTCATATCTTTTTTTTT	INDEL;IDV=5;IMF=1;DP=5;VDB=0.00231828;SGB=-0.590765;MQ0F=0;AC=1,1;AN=2;DP4=0,0,0,5;MQ=60;RB=2,60242641,60243212,TCC,TAC
5	37124382	NA	AC	A	110	NEI_IND[40/288];TAATCTAAACTGTAATCT	INDEL;IDV=6;IMF=1;DP=6;VDB=0.000411984;SGB=-0.616816;MQ0F=0;AC=2;AN=2;DP4=0,0,6,0;MQ=60;RB=5,37124247,37124705,CAA,CCG
1	110488962	NA	TA	T	108	MASKED;AAGAAATCTAAAGCTAAC	INDEL;IDV=8;IMF=1;DP=8;VDB=1.33331e-05;SGB=-0.651104;MQ0F=0;AC=2;AN=2;DP4=0,0,0,8;MQ=60;RB=1,110488552,110489051,ATA,CCG
4	167072242	NA	AAGGCAAAGAAGATGC	A	205	NEI_IND[11/304];AGAAGAAGAAGGCAAAGA	INDEL;IDV=6;IMF=1;DP=6;VDB=0.000411984;SGB=-0.616816;MQ0F=0;AC=2;AN=2;DP4=0,0,0,6;MQ=60;RB=4,167071864,167072278,GGG,ATT
3	145110442	NA	C	CA	20.4535	PASS;AAATATAACAAAAAAAGT	INDEL;IDV=6;IMF=1;DP=6;VDB=0.000411984;SGB=-0.616816;MQ0F=0;AC=2;AN=2;DP4=0,0,6,0;MQ=60;RB=3,145110416,145110759,CAA,CTC
3	68555613	NA	C	CAGAG	182	PASS;TCAACACACACACACAGA	INDEL;IDV=5;IMF=1;DP=5;VDB=0.00187095;SGB=-0.590765;MQ0F=0;AC=2;AN=2;DP4=0,0,0,5;MQ=60;RB=3,68555390,68555747,TAA,TTT
9	9584355	NA	TCAC	T	165	NEI_IND[5/188];TTATTTCATCACCATTAT	INDEL;IDV=5;IMF=1;DP=5;VDB=0.00187095;SGB=-0.590765;MQ0F=0;AC=2;AN=2;DP4=0,0,5,0;MQ=60;RB=9,9584228,9584622,CCT,GAG
1	188371296	NA	CA	C	17.4922	MASKED;AACTTTACCAAAAAAAAT	INDEL;IDV=8;IMF=1;DP=8;VDB=1.33331e-05;SGB=-0.651104;MQ0F=0;AC=2;AN=2;DP4=0,0,8,0;MQ=60;RB=1,188371166,188371480,TAG,AAG
8	129790295	NA	GA	G	29.4193	MASKED;CAATAGCAGAAAAAAAGA	INDEL;IDV=12;IMF=1;DP=12;VDB=2.26006e-08;SGB=-0.680642;MQ0F=0;AC=2;AN=2;DP4=0,0,0,12;MQ=60;RB=8,129789919,129790350,GTC,CCG
1	188371296	NA	CA	C	18.4763	MASKED;AACTTTACCAAAAAAAAT	INDEL;IDV=10;IMF=0.909091;DP=11;VDB=6.99472e-07;SGB=-0.670168;MQ0F=0;AC=2;AN=2;DP4=0,0,10,0;MQ=60;RB=1,188371165,188371481,GTT,TAT
8	5186525	NA	TC	T	121	NEI_IND[14/362];ATTTCTTTTCTTATTTTC	INDEL;IDV=8;IMF=1;DP=8;VDB=6.71664e-05;SGB=-0.636426;MQ0F=0;AC=2;AN=2;DP4=0,0,0,7;MQ=60;RB=8,5186156,5186660,TTG,ATG
16	26965568	NA	TCACA	T	224	MASKED;TCATGTCATCACACACAC	INDEL;IDV=7;IMF=1;DP=7;VDB=6.71664e-05;SGB=-0.636426;MQ0F=0;AC=2;AN=2;DP4=0,0,7,0;MQ=60;RB=16,26965455,26965799,AGA,TAA
5	83376432	NA	GGAAAA	G	225	MASKED;ATGTGACTGGAAAAGAAA	INDEL;IDV=9;IMF=1;DP=9;VDB=5.52906e-06;SGB=-0.662043;MQ0F=0;AC=2;AN=2;DP4=0,0,9,0;MQ=60;RB=5,83376324,83376824,GGA,GTT
4	167072242	NA	AAGGCAAAGAAGATGC	A	205	NEI_IND[11/304];AGAAGAAGAAGGCAAAGA	INDEL;IDV=6;IMF=1;DP=6;VDB=0.000411984;SGB=-0.616816;MQ0F=0;AC=2;AN=2;DP4=0,0,0,6;MQ=60;RB=4,167071863,167072277,TAT,GTC
4	188587648	NA	CAGCCCTAT	C	225	PASS;TTCTCAAACAGCCCTATG	INDEL;IDV=9;IMF=1;DP=9;VDB=1.33331e-05;SGB=-0.651104;MQ0F=0;AC=2;AN=2;DP4=0,0,8,0;MQ=60;RB=4,188587609,188587945,TCT,TTT
3	80570168	NA	AAAAAACAG	A	205	NEI_IND[115/242];AACAGACAAAAAAACAGA	INDEL;IDV=6;IMF=1;DP=6;VDB=0.000411984;SGB=-0.616816;MQ0F=0;AC=2;AN=2;DP4=0,0,6,0;MQ=60;RB=3,80570104,80570433,AGG,CCG
14	77884413	NA	CT	C	62	PASS;TTATTTATCTCATGAATT	INDEL;IDV=4;IMF=1;DP=4;VDB=0.0058656;SGB=-0.556411;MQ0F=0;AC=2;AN=2;DP4=0,0,4,0;MQ=60;RB=14,77884308,77884923,TCT,ATG
1	188371296	NA	CA	C	19.4636	MASKED;AACTTTACCAAAAAAAAT	INDEL;IDV=11;IMF=1;DP=11;VDB=2.26006e-08;SGB=-0.676189;MQ0F=0;AC=2;AN=2;DP4=0,0,11,0;MQ=60;RB=1,188371166,188371480,AAG,TGG
17	70754422	NA	CAAG	C	205	PASS;GACACAGTCAAGAAGGAG	INDEL;IDV=6;IMF=1;DP=6;VDB=0.000411984;SGB=-0.616816;MQ0F=0;AC=2;AN=2;DP4=0,0,0,6;MQ=60;RB=17,70754106,70754475,CTG,GTT
5	97116153	NA	TACTC	T	205	PASS;GAGCTCCTTACTCATTCA	INDEL;IDV=6;IMF=1;DP=6;VDB=0.000411984;SGB=-0.616816;MQ0F=0;AC=2;AN=2;DP4=0,0,6,0;MQ=60;RB=5,97116039,97116564,TTT,GCG
8	3853708	NA	TC	T	62	MASKED;CACTTGCTTCTACCTCTC	INDEL;IDV=4;IMF=1;DP=4;VDB=0.0221621;SGB=-0.511536;MQ0F=0;AC=2;AN=2;DP4=0,0,0,3;MQ=60;RB=8,3853164,3853746,CGT,AAT
4	60201170	NA	CTATA	C	225	MASKED;CTCTCTCTCTATATATAT	INDEL;IDV=9;IMF=1;DP=9;VDB=5.52906e-06;SGB=-0.662043;MQ0F=0;AC=2;AN=2;DP4=0,0,0,9;MQ=60;RB=4,60200870,60201302,ACT,GGG
4	188296922	NA	ATT	A	97	PASS;TAATAATAATTTTTTAAA	INDEL;IDV=6;IMF=1;DP=6;VDB=0.000411984;SGB=-0.616816;MQ0F=0;AC=2;AN=2;DP4=0,0,6,0;MQ=60;RB=4,188296788,188297405,CTG,TAC
3	136674030	NA	TG	T	139	PASS;GGCAGTACTGTCTTGCCA	INDEL;IDV=9;IMF=1;DP=9;VDB=5.52906e-06;SGB=-0.662043;MQ0F=0;AC=2;AN=2;DP4=0,0,9,0;MQ=60;RB=3,136674001,136674462,TAA,CCT
1	245549218	NA	AAG	A	172	PASS;TGTGGGAAAAGAGAGAGG	INDEL;IDV=8;IMF=1;DP=8;VDB=6.71664e-05;SGB=-0.636426;MQ0F=0;AC=2;AN=2;DP4=0,0,0,7;MQ=60;RB=1,245548739,245549264,CTG,GGT
4	74023903	NA	AAGAGAG	A	182	MASKED;AAGAAAGAAAGAGAGAGA	INDEL;IDV=5;IMF=1;DP=5;VDB=0.00187095;SGB=-0.590765;MQ0F=0;AC=2;AN=2;DP4=0,0,5,0;MQ=60;RB=4,74023774,74024157,GAT,ATG
2	81237251	NA	CT	C	72	PASS;CATCAAGACTTTTGTTTA	INDEL;IDV=8;IMF=1;DP=8;VDB=1.33331e-05;SGB=-0.651104;MQ0F=0;AC=2;AN=2;DP4=0,0,0,8;MQ=60;RB=2,81236864,81237295,CGG,CAC
4	60201170	NA	CTATA	C	189	MASKED;CTCTCTCTCTATATATAT	INDEL;IDV=6;IMF=1;DP=6;VDB=0.000411984;SGB=-0.616816;MQ0F=0;AC=2;AN=2;DP4=0,0,0,6;MQ=60;RB=4,60200870,60201303,GTT,CTT
1	193834773	NA	T	TTCTAGAAGAC	106	NEI_IND[19/269];TGTTTTTGTTATGTTAAT	INDEL;IDV=16;IMF=1;DP=16;VDB=1.29641e-11;SGB=-0.689466;MQ0F=0;AC=2;AN=2;DP4=0,0,16,0;MQ=60;RB=1,193834681,193835042,CGA,TGA
5	102050058	NA	TA	T	132	PASS;TCTGAATTTAGGTTTGTT	INDEL;IDV=8;IMF=1;DP=8;VDB=1.33331e-05;SGB=-0.651104;MQ0F=0;AC=2;AN=2;DP4=0,0,0,8;MQ=60;RB=5,102049756,102050103,CAC,TGG
11	32700573	NA	AT	A	56	PASS;TTTTAATGATTTTAAACA	INDEL;IDV=5;IMF=1;DP=5;VDB=0.00187095;SGB=-0.590765;MQ0F=0;AC=2;AN=2;DP4=0,0,0,5;MQ=60;RB=11,32700395,32700666,TTT,TGT
13	63682766	NA	AT	A	16.5122	PASS;GTCTATTCATTTTTTTAT	INDEL;IDV=6;IMF=1;DP=6;VDB=0.00187095;SGB=-0.590765;MQ0F=0;AC=2;AN=2;DP4=0,0,5,0;MQ=60;RB=13,63682738,63683068,CAT,CGT
1	193834773	NA	T	TTCTAGAAGAC	58	NEI_IND[19/269];TGTTTTTGTTATGTTAAT	INDEL;IDV=9;IMF=0.9;DP=10;VDB=1.33331e-05;SGB=-0.651104;MQ0F=0;AC=2;AN=2;DP4=0,0,8,0;MQ=60;RB=1,193834681,193835041,CGT,GGG
1	188562687	NA	T	TAGGTA	112	PASS;ATGATAGATGATAGATAG	INDEL;IDV=7;IMF=1;DP=7;VDB=0.00187095;SGB=-0.590765;MQ0F=0;AC=2;AN=2;DP4=0,0,0,5;MQ=60;RB=1,188562382,188562806,GCG,GTT
4	74023903	NA	AAGAGAG	A	225	MASKED;AAGAAAGAAAGAGAGAGA	INDEL;IDV=8;IMF=1;DP=8;VDB=1.33331e-05;SGB=-0.651104;MQ0F=0;AC=2;AN=2;DP4=0,0,8,0;MQ=60;RB=4,74023774,74024158,TCA,CAA
11	10578719	NA	GA	G	81	PASS;GTTCATAGGAAAGGGCAC	INDEL;IDV=5;IMF=1;DP=5;VDB=0.00187095;SGB=-0.590765;MQ0F=0;AC=2;AN=2;DP4=0,0,0,5;MQ=60;RB=11,10578340,10578746,AAA,AAC
7	50669755	NA	C	CCAAA	225	NEI_IND[33/454];AACAAAATCCAAACTAAC	INDEL;IDV=9;IMF=1;DP=9;VDB=5.52906e-06;SGB=-0.662043;MQ0F=0;AC=2;AN=2;DP4=0,0,0,9;MQ=60;RB=7,50669569,50669881,CAA,CCG
7	50669831	NA	CAAGTA	C	225	MASKED;AAAATTGACAAGTAAAGG	INDEL;IDV=10;IMF=1;DP=10;VDB=5.52906e-06;SGB=-0.662043;MQ0F=0;AC=2;AN=2;DP4=0,0,0,9;MQ=60;RB=7,50669569,50669881,CAA,CCG
13	96967934	NA	AT	A	9.88465	MASKED;AAAATGCCATTTTTTTTT	INDEL;IDV=6;IMF=1;DP=6;VDB=0.000411984;SGB=-0.616816;MQ0F=0;AC=2;AN=2;DP4=0,0,6,0;MQ=60;RB=13,96967880,96968188,AGG,TGG
4	40855388	NA	CCCCA	C	163	MASKED;GATCCTGTCCCCACCCAC	INDEL;IDV=5;IMF=1;DP=5;VDB=0.00187095;SGB=-0.590765;MQ0F=0;AC=2;AN=2;DP4=0,0,0,5;MQ=60;RB=4,40855123,40855517,CGA,GCC
1	188371296	NA	CA	C	17.4922	MASKED;AACTTTACCAAAAAAAAT	INDEL;IDV=8;IMF=1;DP=8;VDB=1.33331e-05;SGB=-0.651104;MQ0F=0;AC=2;AN=2;DP4=0,0,8,0;MQ=60;RB=1,188371166,188371480,CCC,AAC
2	133824604	NA	TTA	T	125	MASKED;TTTATTTTTTATTTTTTT	INDEL;IDV=10;IMF=1;DP=10;VDB=6.99472e-07;SGB=-0.670168;MQ0F=0;AC=2;AN=2;DP4=0,0,10,0;MQ=60;RB=2,133824474,133824781,GGC,TGA
1	188562687	NA	T	TAGGTA	123	PASS;ATGATAGATGATAGATAG	INDEL;IDV=5;IMF=1;DP=5;VDB=0.00187095;SGB=-0.590765;MQ0F=0;AC=2;AN=2;DP4=0,0,0,5;MQ=60;RB=1,188562382,188562805,TGC,GAG
15	60280518	NA	GC	G	84	PASS;GCCAGCCAGCCCAGCCAG	INDEL;IDV=5;IMF=1;DP=5;VDB=0.00187095;SGB=-0.590765;MQ0F=0;AC=2;AN=2;DP4=0,0,5,0;MQ=60;RB=15,60280383,60280695,CTG,TGG
X	16487774	NA	ACACGCG	A	182	NEI_IND[20/333];GTGCACACACACGCGCAC	INDEL;IDV=5;IMF=1;DP=5;VDB=0.00187095;SGB=-0.590765;MQ0F=0;AC=2;AN=2;DP4=0,0,5,0;MQ=60;RB=X,16487757,16488090,CCT,TAA
X	150682937	NA	C	CTT	5.04449	NEI_IND[23/280];CTTTCTTTCTCTTTCTCT	INDEL;IDV=5;IMF=1;DP=5;VDB=0.0221621;SGB=-0.511536;MQ0F=0;AC=2;AN=2;DP4=0,0,0,3;MQ=60;RB=X,150682742,150683062,TTG,CGT
13	95878025	NA	TA	T	49.4146	PASS;TAAAAATATAAAAATATA	INDEL;IDV=7;IMF=1;DP=7;VDB=6.71664e-05;SGB=-0.636426;MQ0F=0;AC=2;AN=2;DP4=0,0,7,0;MQ=60;RB=13,95877890,95878453,AGT,TTG
13	95878394	NA	CAATTACTTCATCTGG	C	224	NEI_IND[66/197];CAACAGGGCAATTACTTC	INDEL;IDV=7;IMF=1;DP=7;VDB=6.71664e-05;SGB=-0.636426;MQ0F=0;AC=2;AN=2;DP4=0,0,0,7;MQ=60;RB=13,95877890,95878453,AGT,TTG
22	16857938	NA	GCAATC	G	205	NEI_IND[16/384];CTTCGAATGCAATCGAAT	INDEL;IDV=6;IMF=1;DP=6;VDB=0.000411984;SGB=-0.616816;MQ0F=0;AC=2;AN=2;DP4=0,0,6,0;MQ=60;RB=22,16857932,16858281,GTG,GGA
1	193834773	NA	T	TTCTAGAAGAC	103	NEI_IND[19/269];TGTTTTTGTTATGTTAAT	INDEL;IDV=13;IMF=1;DP=13;VDB=3.42399e-08;SGB=-0.680642;MQ0F=0;AC=2;AN=2;DP4=0,0,12,0;MQ=60;RB=1,193834681,193835042,CGT,AGT
X	16487774	NA	ACACGCG	A	182	NEI_IND[20/333];GTGCACACACACGCGCAC	INDEL;IDV=5;IMF=1;DP=5;VDB=0.00187095;SGB=-0.590765;MQ0F=0;AC=2;AN=2;DP4=0,0,5,0;MQ=60;RB=X,16487757,16488089,AGA,TGG
20	7356702	NA	CGT	C	132	MASKED;ATTAATATCGTTTTTTTA	INDEL;IDV=5;IMF=1;DP=5;VDB=0.0058656;SGB=-0.556411;MQ0F=0;AC=2;AN=2;DP4=0,0,4,0;MQ=60;RB=20,7356580,7356991,TAT,CTG
6	106439373	NA	AAC	A	66	MASKED;ACAACAACAACAAAAAAA	INDEL;IDV=4;IMF=1;DP=4;VDB=0.0058656;SGB=-0.556411;MQ0F=0;AC=2;AN=2;DP4=0,0,0,4;MQ=60;RB=6,106438881,106439509,CGG,GTT
5	105795210	NA	TA	T	92	PASS;TGTATTTTTAAGTTACAG	INDEL;IDV=5;IMF=1;DP=5;VDB=0.00187095;SGB=-0.590765;MQ0F=0;AC=2;AN=2;DP4=0,0,5,0;MQ=60;RB=5,105795160,105795406,GTA,GCC
22	16857938	NA	GCAATC	G	225	NEI_IND[16/384];CTTCGAATGCAATCGAAT	INDEL;IDV=9;IMF=1;DP=9;VDB=6.61497e-06;SGB=-0.662043;MQ0F=0;AC=2;AN=2;DP4=0,0,9,0;MQ=60;RB=22,16857932,16858281,TGG,CAA
13	30705936	NA	TA	T	128	PASS;CTAAAAAATACAAAAATT	INDEL;IDV=8;IMF=1;DP=8;VDB=1.33331e-05;SGB=-0.651104;MQ0F=0;AC=2;AN=2;DP4=0,0,8,0;MQ=60;RB=13,30705847,30706160,CCG,GAG
21	33360995	NA	TTC	T	165	MASKED;TCTTTCTTTTCTTTTTCT	INDEL;IDV=6;IMF=1;DP=6;VDB=0.000411984;SGB=-0.616816;MQ0F=0;AC=2;AN=2;DP4=0,0,6,0;MQ=60;RB=21,33360862,33361194,GAC,TTG
1	193834773	NA	T	TTCTAGAAGAC	61	NEI_IND[19/269];TGTTTTTGTTATGTTAAT	INDEL;IDV=9;IMF=1;DP=9;VDB=5.52906e-06;SGB=-0.662043;MQ0F=0;AC=2;AN=2;DP4=0,0,9,0;MQ=60;RB=1,193834681,193835042,TAT,GTA
5	53420909	NA	TG	T	66	NEI_IND[6/274];TTTTGTTTTGTTTTGTTT	INDEL;IDV=4;IMF=1;DP=4;VDB=0.0058656;SGB=-0.556411;MQ0F=0;AC=2;AN=2;DP4=0,0,0,4;MQ=60;RB=5,53420468,53420963,ATA,TTT
20	7356702	NA	CGT	C	193	MASKED;ATTAATATCGTTTTTTTA	INDEL;IDV=7;IMF=1;DP=7;VDB=6.71664e-05;SGB=-0.636426;MQ0F=0;AC=2;AN=2;DP4=0,0,7,0;MQ=60;RB=20,7356580,7356991,TGA,GGG
7	91379692	NA	AT	A	13.6076	MASKED;CTCAAAGAATTTTTTTTT	INDEL;IDV=9;IMF=1;DP=9;VDB=5.52906e-06;SGB=-0.662043;MQ0F=0;AC=2;AN=2;DP4=0,0,9,0;MQ=60;RB=7,91379613,91379992,GTG,TAG
12	19986929	NA	CAT	C	156	MASKED;CACACACACATACACACA	INDEL;IDV=5;IMF=0.833333;DP=5;VDB=0.00187095;SGB=-0.590765;MQ0F=0;AC=2;AN=2;DP4=0,0,5,0;MQ=60;RB=12,19986812,19987211,CCT,CGT
3	83123198	NA	TA	T	27.4221	MASKED;TAACACATTAAAAAAGTA	INDEL;IDV=6;IMF=1;DP=6;VDB=0.00187095;SGB=-0.590765;MQ0F=0;AC=2;AN=2;DP4=0,0,0,5;MQ=60;RB=3,83122778,83123260,GAG,TAT
X	16487774	NA	ACACGCG	A	225	NEI_IND[20/333];GTGCACACACACGCGCAC	INDEL;IDV=9;IMF=1;DP=9;VDB=5.52906e-06;SGB=-0.662043;MQ0F=0;AC=2;AN=2;DP4=0,0,9,0;MQ=60;RB=X,16487757,16488089,CGT,AGG
5	37124382	NA	AC	A	163	NEI_IND[40/288];TAATCTAAACTGTAATCT	INDEL;IDV=14;IMF=1;DP=14;VDB=2.26006e-08;SGB=-0.686358;MQ0F=0;AC=2;AN=2;DP4=0,0,14,0;MQ=60;RB=5,37124247,37124706,CCT,TCT
X	38203481	NA	GATATATATAT	G	182	NEI_IND[50/272];CTTTTGGTGATATATATA	INDEL;IDV=5;IMF=1;DP=5;VDB=0.00187095;SGB=-0.590765;MQ0F=0;AC=2;AN=2;DP4=0,0,5,0;MQ=60;RB=X,38203365,38203921,AAT,TGA
1	188562687	NA	T	TAGGTA	91	PASS;ATGATAGATGATAGATAG	INDEL;IDV=5;IMF=1;DP=5;VDB=0.0058656;SGB=-0.556411;MQ0F=0;AC=2;AN=2;DP4=0,0,0,4;MQ=60;RB=1,188562381,188562806,GAA,GTT
4	60201170	NA	CTATA	C	170	MASKED;CTCTCTCTCTATATATAT	INDEL;IDV=5;IMF=1;DP=5;VDB=0.00187095;SGB=-0.590765;MQ0F=0;AC=2;AN=2;DP4=0,0,0,5;MQ=60;RB=4,60200870,60201303,ATA,GAA
1	188371296	NA	CA	C	17.4922	MASKED;AACTTTACCAAAAAAAAT	INDEL;IDV=8;IMF=1;DP=8;VDB=1.33331e-05;SGB=-0.651104;MQ0F=0;AC=2;AN=2;DP4=0,0,8,0;MQ=60;RB=1,188371166,188371480,GCG,GAC
15	67953488	NA	GT	G	4.38292	PASS;GCAAGAGAGTTTTTTTTT	INDEL;IDV=5;IMF=1;DP=5;VDB=0.00187095;SGB=-0.590765;MQ0F=0;AC=2;AN=2;DP4=0,0,5,0;MQ=60;RB=15,67953390,67953723,TTG,GCC
X	39591881	NA	AAGAG	A	154	MASKED;AAGAAAGAAAGAGAGAAA	INDEL;IDV=4;IMF=1;DP=4;VDB=0.0058656;SGB=-0.556411;MQ0F=0;AC=2;AN=2;DP4=0,0,4,0;MQ=60;RB=X,39591749,39592053,AAC,TCG
5	150776221	NA	AT	A	100	MASKED;TGAATGGGATTAAATATG	INDEL;IDV=6;IMF=1;DP=6;VDB=0.000411984;SGB=-0.616816;MQ0F=0;AC=2;AN=2;DP4=0,0,0,6;MQ=60;RB=5,150775825,150776238,GGG,TGT
1	188371296	NA	CA	C	17.4922	MASKED;AACTTTACCAAAAAAAAT	INDEL;IDV=8;IMF=1;DP=8;VDB=1.33331e-05;SGB=-0.651104;MQ0F=0;AC=2;AN=2;DP4=0,0,8,0;MQ=60;RB=1,188371166,188371480,CCC,GAG
7	136021015	NA	GATA	G	204	MASKED;TGTACAATGATAATAAAT	INDEL;IDV=7;IMF=1;DP=7;VDB=0.000411984;SGB=-0.616816;MQ0F=0;AC=2;AN=2;DP4=0,0,6,0;MQ=60;RB=7,136020970,136021380,GCG,GGG
9	9584355	NA	TCAC	T	205	NEI_IND[5/188];TTATTTCATCACCATTAT	INDEL;IDV=6;IMF=1;DP=6;VDB=0.000411984;SGB=-0.616816;MQ0F=0;AC=2;AN=2;DP4=0,0,6,0;MQ=60;RB=9,9584229,9584623,CTC,CGT
13	80626421	NA	TA	T	76	MASKED;CTTGTTTCTAATCAATAG	INDEL;IDV=4;IMF=1;DP=4;VDB=0.0058656;SGB=-0.556411;MQ0F=0;AC=2;AN=2;DP4=0,0,4,0;MQ=60;RB=13,80626370,80626639,GGG,CGT
18	42386588	NA	CTTTTTTTTTTTTTTT	C,CT	85	NEI_IND[7/268];ATGAGCTCCTTTTTTTTT	INDEL;IDV=8;IMF=1;DP=8;VDB=0.000231845;SGB=-0.636426;MQ0F=0;AC=1,1;AN=2;DP4=0,0,0,7;MQ=60;RB=18,42386325,42386684,CAC,CCG
3	103560082	NA	TATC	T	199	NEI_IND[3/252];TATCTATCTATCATCTAT	INDEL;IDV=6;IMF=1;DP=6;VDB=0.000411984;SGB=-0.616816;MQ0F=0;AC=2;AN=2;DP4=0,0,6,0;MQ=60;RB=3,103559950,103560452,TTT,CTA
