CHROM	POS	ID	REF	ALT	QUAL	FILTER	INFO
2	50745847	NA	A	AT	20.4535	PASS;GTTATAGCATTTTTTTAA	INDEL;IDV=6;IMF=1;DP=6;VDB=0.000411984;SGB=-0.616816;MQ0F=0;AC=2;AN=2;DP4=0,0,6,0;MQ=60;RB=2,50745788,50746330,ATG,ACG
11	111734364	NA	G	GT	134	PASS;AACAAGACGTTTGTTAGT	INDEL;IDV=13;IMF=1;DP=13;VDB=2.26006e-08;SGB=-0.683931;MQ0F=0;AC=2;AN=2;DP4=0,0,0,13;MQ=60;RB=11,111734048,111734482,CGG,TCC
12	51696332	NA	A	AGTGACTGAG	225	PASS;TACCACCCAGTGACTGAG	INDEL;IDV=11;IMF=1;DP=11;VDB=2.26006e-08;SGB=-0.676189;MQ0F=0;AC=2;AN=2;DP4=0,0,0,11;MQ=60;RB=12,51695985,51696419,TTG,TAT
7	51513357	NA	TAAATAAAATAAAATA	T	182	MASKED;CACCTAAATAAATAAAAT	INDEL;IDV=5;IMF=1;DP=5;VDB=0.00187095;SGB=-0.590765;MQ0F=0;AC=2;AN=2;DP4=0,0,0,5;MQ=60;RB=7,51512975,51513443,GCA,TCA
10	14205113	NA	CA	C	71	PASS;AATTTAAACAAAACAAAA	INDEL;IDV=7;IMF=1;DP=7;VDB=6.71664e-05;SGB=-0.636426;MQ0F=0;AC=2;AN=2;DP4=0,0,7,0;MQ=60;RB=10,14205004,14205563,ATG,CGT
13	35257606	NA	CAG	C	111	MASKED;ATTACAGACAGAAGTGCA	INDEL;IDV=4;IMF=1;DP=4;VDB=0.0058656;SGB=-0.556411;MQ0F=0;AC=2;AN=2;DP4=0,0,0,4;MQ=60;RB=13,35256703,35257716,CGC,TTT
8	118037551	NA	TA	T	114	MASKED;AGTTTTTTTAAATGCAAG	INDEL;IDV=9;IMF=1;DP=9;VDB=5.52906e-06;SGB=-0.662043;MQ0F=0;AC=2;AN=2;DP4=0,0,0,9;MQ=60;RB=8,118037084,118037576,CAA,CCC
3	62918386	NA	CTCT	C	225	MASKED;TCAGGCAGCTCTTCTTAT	INDEL;IDV=8;IMF=1;DP=8;VDB=1.33331e-05;SGB=-0.651104;MQ0F=0;AC=2;AN=2;DP4=0,0,0,8;MQ=60;RB=3,62918121,62918475,CCC,TGA
19	2568584	NA	TAC	T	188	MASKED;TGCACAAATACACACATA	INDEL;IDV=8;IMF=1;DP=8;VDB=1.33331e-05;SGB=-0.651104;MQ0F=0;AC=2;AN=2;DP4=0,0,8,0;MQ=60;RB=19,2568517,2568838,GCG,AGT
19	2568727	NA	CACATAT	C	225	NEI_IND[138/564];CATACAGACACATATACA	INDEL;IDV=8;IMF=1;DP=8;VDB=1.33331e-05;SGB=-0.651104;MQ0F=0;AC=2;AN=2;DP4=0,0,0,8;MQ=60;RB=19,2568517,2568838,GCG,AGT
19	2568787	NA	CAT	C	197	NEI_IND[46/542];CATACACACATATACACG	INDEL;IDV=8;IMF=1;DP=8;VDB=1.33331e-05;SGB=-0.651104;MQ0F=0;AC=2;AN=2;DP4=0,0,0,8;MQ=60;RB=19,2568517,2568838,GCG,AGT
6	111845310	NA	CTT	C	165	PASS;ACAATGGCCTTTTAGTTT	INDEL;IDV=6;IMF=1;DP=6;VDB=0.000411984;SGB=-0.616816;MQ0F=0;AC=2;AN=2;DP4=0,0,6,0;MQ=60;RB=6,111845251,111845929,AGG,GGG
20	7637546	NA	AT	A	125	MASKED;TTGTAGTTATTTGCATAT	INDEL;IDV=10;IMF=1;DP=10;VDB=6.99472e-07;SGB=-0.670168;MQ0F=0;AC=2;AN=2;DP4=0,0,0,10;MQ=60;RB=20,7637200,7637595,TAT,TTT
9	121898745	NA	GAAA	G	97	MASKED;GAAAGAAAGAAAAAAAAA	INDEL;IDV=6;IMF=1;DP=6;VDB=0.000411984;SGB=-0.616816;MQ0F=0;AC=2;AN=2;DP4=0,0,0,6;MQ=60;RB=9,121898474,121898828,ACG,ACG
19	28301248	NA	GTTTCC	G	225	NEI_IND[5/385];TATTGATTGTTTCCTTTG	INDEL;IDV=9;IMF=1;DP=9;VDB=5.52906e-06;SGB=-0.662043;MQ0F=0;AC=2;AN=2;DP4=0,0,0,9;MQ=60;RB=19,28300984,28301360,TAT,CTG
18	66689430	NA	CTATATATATATATA	C	182	NEI_IND[7/449];CCTTTAGCCTATATATAT	INDEL;IDV=5;IMF=1;DP=5;VDB=0.00187095;SGB=-0.590765;MQ0F=0;AC=2;AN=2;DP4=0,0,0,5;MQ=60;RB=18,66689085,66689481,CTG,AAT
15	54685803	NA	TTGA	T	205	MASKED;TGTGCATATTGATTTAAC	INDEL;IDV=6;IMF=1;DP=6;VDB=0.000411984;SGB=-0.616816;MQ0F=0;AC=2;AN=2;DP4=0,0,6,0;MQ=60;RB=15,54685743,54686069,GTT,TCT
5	106279863	NA	TAATA	T	205	MASKED;TTCAAAATTAATAAATAA	INDEL;IDV=6;IMF=1;DP=6;VDB=0.000411984;SGB=-0.616816;MQ0F=0;AC=2;AN=2;DP4=0,0,0,6;MQ=60;RB=5,106279019,106279910,GCT,TCC
7	15157790	NA	TAAAGAGAA	T	225	NEI_IND[42/530];AAAACCACTAAAGAGAAA	INDEL;IDV=10;IMF=1;DP=10;VDB=6.99472e-07;SGB=-0.670168;MQ0F=0;AC=2;AN=2;DP4=0,0,10,0;MQ=60;RB=7,15157674,15157952,TTT,TGA
14	79929229	NA	ATATG	A	225	MASKED;ACATACACATATGTATGT	INDEL;IDV=17;IMF=1;DP=17;VDB=1.29641e-11;SGB=-0.690438;MQ0F=0;AC=2;AN=2;DP4=0,0,17,0;MQ=60;RB=14,79929143,79929512,GCT,CTG
6	153862628	NA	TG	T	106	MASKED;GGGCATGGTGGTGGCACG	INDEL;IDV=7;IMF=1;DP=7;VDB=6.71664e-05;SGB=-0.636426;MQ0F=0;AC=2;AN=2;DP4=0,0,0,7;MQ=60;RB=6,153862296,153862701,GTT,GTA
10	80960591	NA	ACATGTG	A	225	MASKED;CTCAGAGCACATGTGCAT	INDEL;IDV=8;IMF=1;DP=8;VDB=1.33331e-05;SGB=-0.651104;MQ0F=0;AC=2;AN=2;DP4=0,0,0,8;MQ=60;RB=10,80960324,80960639,CCT,CCC
8	120908308	NA	AT	A	18.4763	MASKED;ATTATGCTATTTTTTTTG	INDEL;IDV=9;IMF=1;DP=9;VDB=5.52906e-06;SGB=-0.662043;MQ0F=0;AC=2;AN=2;DP4=0,0,0,9;MQ=60;RB=8,120908095,120908437,AAA,GTT
6	149189297	NA	CATG	C	225	NEI_IND[3/282];TTTTGCACCATGATAATG	INDEL;IDV=13;IMF=1;DP=13;VDB=2.26006e-08;SGB=-0.683931;MQ0F=0;AC=2;AN=2;DP4=0,0,13,0;MQ=60;RB=6,149189206,149189492,AAT,GTT
9	72239010	NA	TAAA	T	225	PASS;ATATGAAATAAAAAGTTC	INDEL;IDV=9;IMF=1;DP=9;VDB=5.52906e-06;SGB=-0.662043;MQ0F=0;AC=2;AN=2;DP4=0,0,0,9;MQ=60;RB=9,72238672,72239043,GCT,ATA
17	60944268	NA	G	GT	125	PASS;CAGATGGTGTAACTCTGA	INDEL;IDV=6;IMF=1;DP=6;VDB=0.000411984;SGB=-0.616816;MQ0F=0;AC=2;AN=2;DP4=0,0,6,0;MQ=60;RB=17,60944160,60944563,ATA,CTG
X	79396779	NA	C	CA	32.4168	PASS;TTTTCTTACAAAAAATAG	INDEL;IDV=6;IMF=1;DP=6;VDB=0.000411984;SGB=-0.616816;MQ0F=0;AC=2;AN=2;DP4=0,0,0,6;MQ=60;RB=X,79396492,79396860,GAG,CCG
9	4498541	NA	C	CA	18.4763	NEI_IND[34/624];AGGGAAAACAAAAAAAAG	INDEL;IDV=10;IMF=1;DP=10;VDB=6.99472e-07;SGB=-0.670168;MQ0F=0;AC=2;AN=2;DP4=0,0,10,0;MQ=60;RB=9,4498415,4498797,GTT,GTG
9	4498730	NA	TGA	T	225	MASKED;CAAAATAATGAGCACTAC	INDEL;IDV=10;IMF=1;DP=10;VDB=6.99472e-07;SGB=-0.670168;MQ0F=0;AC=2;AN=2;DP4=0,0,0,10;MQ=60;RB=9,4498415,4498797,GTT,GTG
21	9834044	NA	AAAAT	A	121	MASKED;CAGAATTTAAAATAAATG	INDEL;IDV=4;IMF=1;DP=4;VDB=0.0389723;SGB=-0.511536;MQ0F=0;AC=2;AN=2;DP4=0,0,0,3;MQ=60;RB=21,9833099,9834140,TAT,GAG
7	15157790	NA	TAAAGAGAA	T	224	NEI_IND[42/530];AAAACCACTAAAGAGAAA	INDEL;IDV=7;IMF=1;DP=7;VDB=6.71664e-05;SGB=-0.636426;MQ0F=0;AC=2;AN=2;DP4=0,0,7,0;MQ=60;RB=7,15157674,15157952,TTA,ATT
8	20409483	NA	TTAATAATAA	T	225	MASKED;TTTTGGCTTTAATAATAA	INDEL;IDV=9;IMF=0.9;DP=10;VDB=5.52906e-06;SGB=-0.662043;MQ0F=0;AC=2;AN=2;DP4=0,0,9,0;MQ=60;RB=8,20409364,20409706,TTG,GTA
5	113601021	NA	GGTGTGTGTGTGTGTGTGT	GGT,G	191	NEI_IND[6/342];CAAGAGGAGGTGTGTGTG	INDEL;IDV=7;IMF=1;DP=7;VDB=9.50611e-05;SGB=-0.636426;MQ0F=0;AC=1,1;AN=2;DP4=0,0,0,7;MQ=60;RB=5,113600739,113601125,GTT,CCC
6	101938816	NA	TAC	T	170	MASKED;CGTGCACATACACACACA	INDEL;IDV=8;IMF=1;DP=8;VDB=1.33331e-05;SGB=-0.651104;MQ0F=0;AC=2;AN=2;DP4=0,0,8,0;MQ=60;RB=6,101938806,101939010,GGT,GTT
10	122511995	NA	GGGTAT	G	225	NEI_IND[235/329];ATTCCTTTGGGTATGGTA	INDEL;IDV=10;IMF=1;DP=10;VDB=6.99472e-07;SGB=-0.670168;MQ0F=0;AC=2;AN=2;DP4=0,0,10,0;MQ=60;RB=10,122511962,122512442,TAG,TCT
10	122512360	NA	CA	C	150	PASS;CTTCACACCATCAGCTAT	INDEL;IDV=10;IMF=1;DP=10;VDB=6.99472e-07;SGB=-0.670168;MQ0F=0;AC=2;AN=2;DP4=0,0,0,10;MQ=60;RB=10,122511962,122512442,TAG,TCT
15	78517333	NA	CAA	C	56	MASKED;GGGATCTACAAAAAAAAG	INDEL;IDV=5;IMF=1;DP=5;VDB=0.00248765;SGB=-0.590765;MQ0F=0;AC=2;AN=2;DP4=0,0,0,5;MQ=60;RB=15,78517006,78517372,CGG,TCG
17	5675515	NA	AG	A	115	MASKED;ATAAAAGCAGGCTGCCCA	INDEL;IDV=7;IMF=1;DP=7;VDB=6.71664e-05;SGB=-0.636426;MQ0F=0;AC=2;AN=2;DP4=0,0,7,0;MQ=60;RB=17,5675474,5675765,GCA,ATA
5	75944577	NA	G	GT	139	PASS;AAAATACAGTAACAGATG	INDEL;IDV=8;IMF=1;DP=8;VDB=1.33331e-05;SGB=-0.651104;MQ0F=0;AC=2;AN=2;DP4=0,0,0,8;MQ=60;RB=5,75944309,75944607,TCT,CTC
X	40903479	NA	CAG	C	58	PASS;GTTTATCTCAGAAACACA	INDEL;IDV=4;IMF=0.5;DP=8;VDB=0.0058656;SGB=-0.556411;MQ0F=0;AC=2;AN=2;DP4=0,0,0,4;MQ=60;RB=X,40903340,40903569,TAA,GTG
4	28686062	NA	TTA	T	206	PASS;CATAGCACTTACCACTAT	INDEL;IDV=7;IMF=1;DP=7;VDB=6.71664e-05;SGB=-0.636426;MQ0F=0;AC=2;AN=2;DP4=0,0,7,0;MQ=60;RB=4,28686038,28686262,AGA,CAT
17	69515443	NA	GTCTA	G	154	NEI_IND[4/310];AATAAAAAGTCTATCTAT	INDEL;IDV=4;IMF=1;DP=4;VDB=0.0058656;SGB=-0.556411;MQ0F=0;AC=2;AN=2;DP4=0,0,4,0;MQ=60;RB=17,69515315,69515824,TGG,ACT
X	18807266	NA	GAAAC	G	189	PASS;CACCAACGGAAACAAACA	INDEL;IDV=6;IMF=1;DP=6;VDB=0.000411984;SGB=-0.616816;MQ0F=0;AC=2;AN=2;DP4=0,0,0,6;MQ=60;RB=X,18807111,18807324,GCA,ATT
20	57026725	NA	ATCT	A	225	MASKED;TTCTGGAGATCTTCTATG	INDEL;IDV=14;IMF=1;DP=14;VDB=2.26006e-08;SGB=-0.686358;MQ0F=0;AC=2;AN=2;DP4=0,0,0,14;MQ=60;RB=20,57026403,57026814,CTC,GTG
11	31997333	NA	CT	C	86	MASKED;ATGCACCCCTAATAGCAA	INDEL;IDV=4;IMF=1;DP=4;VDB=0.0058656;SGB=-0.556411;MQ0F=0;AC=2;AN=2;DP4=0,0,4,0;MQ=60;RB=11,31997283,31997523,CCT,GGG
13	49466420	NA	CCTT	C	225	PASS;TAAACACTCCTTCTAACA	INDEL;IDV=9;IMF=1;DP=9;VDB=5.52906e-06;SGB=-0.662043;MQ0F=0;AC=2;AN=2;DP4=0,0,0,9;MQ=60;RB=13,49466172,49466457,ATA,ATT
3	85426816	NA	CT	C	115	PASS;GGTGTGACCTTTATAGGT	INDEL;IDV=9;IMF=1;DP=9;VDB=5.52906e-06;SGB=-0.662043;MQ0F=0;AC=2;AN=2;DP4=0,0,9,0;MQ=60;RB=3,85426804,85427186,TTT,ATG
12	42029728	NA	ATGT	A	205	MASKED;TAAATGAGATGTTGTTTT	INDEL;IDV=6;IMF=1;DP=6;VDB=0.000411984;SGB=-0.616816;MQ0F=0;AC=2;AN=2;DP4=0,0,0,6;MQ=60;RB=12,42029409,42029756,GAA,GGA
6	45063196	NA	AATCCAG	A	225	NEI_IND[6/331];TGCATTTTAATCCAGATC	INDEL;IDV=8;IMF=1;DP=8;VDB=1.33331e-05;SGB=-0.651104;MQ0F=0;AC=2;AN=2;DP4=0,0,8,0;MQ=60;RB=6,45063132,45063402,CCC,TAT
1	204845773	NA	TTCTCTC	T,TTCTC	192	PASS;ATTCTACTTTCTCTCTCT	INDEL;IDV=9;IMF=1;DP=9;VDB=2.04746e-05;SGB=-0.662043;MQ0F=0;AC=1,1;AN=2;DP4=0,0,0,9;MQ=60;RB=1,204845452,204845888,TAT,GTT
X	115984171	NA	CAT	C	225	MASKED;CTGGGACACATGTGCAGA	INDEL;IDV=9;IMF=1;DP=9;VDB=5.52906e-06;SGB=-0.662043;MQ0F=0;AC=2;AN=2;DP4=0,0,0,9;MQ=60;RB=X,115983623,115984182,AAG,ACG
6	149189297	NA	CATG	C	140	NEI_IND[3/282];TTTTGCACCATGATAATG	INDEL;IDV=4;IMF=1;DP=4;VDB=0.0058656;SGB=-0.556411;MQ0F=0;AC=2;AN=2;DP4=0,0,4,0;MQ=60;RB=6,149189206,149190252,CTA,GGC
2	125384352	NA	CT	C	133	PASS;AGGTCCCACTTCCATGGG	INDEL;IDV=11;IMF=1;DP=11;VDB=2.26006e-08;SGB=-0.676189;MQ0F=0;AC=2;AN=2;DP4=0,0,11,0;MQ=60;RB=2,125384237,125384537,CTC,CAA
6	80209323	NA	TAAGG	T	182	MASKED;ACAATCAATAAGGAAGAA	INDEL;IDV=5;IMF=1;DP=5;VDB=0.00187095;SGB=-0.590765;MQ0F=0;AC=2;AN=2;DP4=0,0,0,5;MQ=60;RB=6,80208746,80209450,CTG,CCC
15	24040232	NA	CAACA	C	205	MASKED;AATTTCGTCAACAAACAA	INDEL;IDV=6;IMF=1;DP=6;VDB=0.000411984;SGB=-0.616816;MQ0F=0;AC=2;AN=2;DP4=0,0,6,0;MQ=60;RB=15,24040200,24040557,CCA,TTG
3	5378674	NA	CCATT	C	225	NEI_IND[4/220];GTTGCTCTCCATTCAGGG	INDEL;IDV=10;IMF=1;DP=10;VDB=5.52906e-06;SGB=-0.662043;MQ0F=0;AC=2;AN=2;DP4=0,0,0,9;MQ=60;RB=3,5378309,5378767,CCT,CTC
22	35229040	NA	GAC	G	225	MASKED;TGAGGAAAGACAGTGCAA	INDEL;IDV=10;IMF=1;DP=10;VDB=6.99472e-07;SGB=-0.670168;MQ0F=0;AC=2;AN=2;DP4=0,0,0,10;MQ=60;RB=22,35228615,35229100,CTG,TAT
X	20929111	NA	ATCTG	A	224	PASS;TATAACATATCTGTCTAT	INDEL;IDV=7;IMF=1;DP=7;VDB=6.71664e-05;SGB=-0.636426;MQ0F=0;AC=2;AN=2;DP4=0,0,0,7;MQ=60;RB=X,20928935,20929176,CTC,TTT
6	31318394	NA	TG	T	123	MASKED;GCCTGGAATGGGAGTGCA	INDEL;IDV=11;IMF=1;DP=11;VDB=2.26006e-08;SGB=-0.676189;MQ0F=0;AC=2;AN=2;DP4=0,0,0,11;MQ=60;RB=6,31318160,31318528,TTT,ATG
20	25278665	NA	CACTA	C	213	MASKED;CTGTGTTTCACTAACTAA	INDEL;IDV=7;IMF=1;DP=7;VDB=6.71664e-05;SGB=-0.636426;MQ0F=0;AC=2;AN=2;DP4=0,0,0,7;MQ=60;RB=20,25278433,25278748,ACT,TTT
7	72196360	NA	CAAAAAAAAAA	C	115	NEI_IND[2/104];CCAAACTGCAAAAAAAAA	INDEL;IDV=7;IMF=1;DP=7;VDB=6.71664e-05;SGB=-0.636426;MQ0F=0;AC=2;AN=2;DP4=0,0,7,0;MQ=60;RB=7,72196273,72196844,TAT,TAC
16	75552579	NA	GTC	G	122	MASKED;CTCTCACTGTCTCTCTCT	INDEL;IDV=6;IMF=1;DP=6;VDB=0.00187095;SGB=-0.590765;MQ0F=0;AC=2;AN=2;DP4=0,0,5,0;MQ=60;RB=16,75552478,75552859,ATA,TCA
12	48940204	NA	AG	A	110	PASS;TTATTTGTAGGATCTAAA	INDEL;IDV=7;IMF=1;DP=7;VDB=6.71664e-05;SGB=-0.636426;MQ0F=0;AC=2;AN=2;DP4=0,0,7,0;MQ=60;RB=12,48940188,48940528,CAC,TCC
7	116806406	NA	GAACTT	G	225	PASS;TTTTTTGAGAACTTAACT	INDEL;IDV=10;IMF=1;DP=10;VDB=0.272308;SGB=-0.670168;MQSB=0.952347;MQ0F=0;AC=2;AN=2;DP4=0,0,5,5;MQ=60;RB=7,116806294,116806499,TAG,TCG
1	165204400	NA	GC	G	98	PASS;TATAGGGGGCGATGCAGT	INDEL;IDV=5;IMF=1;DP=5;VDB=0.00187095;SGB=-0.590765;MQ0F=0;AC=2;AN=2;DP4=0,0,0,5;MQ=60;RB=1,165204239,165204529,CCA,GTA
11	118215075	NA	AGGCT	A	225	NEI_IND[4/271];TGCTGCACAGGCTGGCTG	INDEL;IDV=11;IMF=1;DP=11;VDB=2.26006e-08;SGB=-0.676189;MQ0F=0;AC=2;AN=2;DP4=0,0,11,0;MQ=60;RB=11,118214990,118215404,ACC,TCT
2	35476124	NA	ATAAAGT	A	225	MASKED;ATGCATAGATAAAGTTAG	INDEL;IDV=11;IMF=1;DP=11;VDB=2.26006e-08;SGB=-0.676189;MQ0F=0;AC=2;AN=2;DP4=0,0,11,0;MQ=60;RB=2,35476062,35476344,CCT,CTT
8	141947981	NA	G	GT	114	PASS;GTCCAGGAGTTTGAGTCC	INDEL;IDV=8;IMF=1;DP=8;VDB=1.33331e-05;SGB=-0.651104;MQ0F=0;AC=2;AN=2;DP4=0,0,8,0;MQ=60;RB=8,141947925,141948234,TCC,CTG
5	162331452	NA	TGCTCAAAATAGGA	T	225	PASS;ACTATCACTGCTCAAAAT	INDEL;IDV=8;IMF=1;DP=8;VDB=1.33331e-05;SGB=-0.651104;MQ0F=0;AC=2;AN=2;DP4=0,0,0,8;MQ=60;RB=5,162330661,162331517,CCT,TCG
8	109538823	NA	TC	T	119	MASKED;TTCATAGATCCTGCAACA	INDEL;IDV=9;IMF=1;DP=9;VDB=5.52906e-06;SGB=-0.662043;MQ0F=0;AC=2;AN=2;DP4=0,0,0,9;MQ=60;RB=8,109538206,109538852,CGA,CTG
13	61748920	NA	TAAC	T	225	MASKED;ACTGCACTTAACAACAGA	INDEL;IDV=8;IMF=1;DP=8;VDB=1.33331e-05;SGB=-0.651104;MQ0F=0;AC=2;AN=2;DP4=0,0,8,0;MQ=60;RB=13,61748881,61749143,TTA,ATA
2	62373280	NA	ATAAAC	A	225	NEI_IND[5/446];TGGTATAAATAAACTACT	INDEL;IDV=8;IMF=1;DP=8;VDB=1.33331e-05;SGB=-0.651104;MQ0F=0;AC=2;AN=2;DP4=0,0,0,8;MQ=60;RB=2,62373060,62373325,TTT,TTT
15	41588999	NA	TAGG	T	225	MASKED;TCTTTTGATAGGAGGTGC	INDEL;IDV=11;IMF=1;DP=11;VDB=2.26006e-08;SGB=-0.676189;MQ0F=0;AC=2;AN=2;DP4=0,0,0,11;MQ=60;RB=15,41588448,41589016,CTA,CCG
4	146875198	NA	ATCATT	A	224	NEI_IND[5/399];AGAGGAGGATCATTTTAA	INDEL;IDV=7;IMF=1;DP=7;VDB=6.71664e-05;SGB=-0.636426;MQ0F=0;AC=2;AN=2;DP4=0,0,0,7;MQ=60;RB=4,146874957,146875298,ATA,GTA
12	125996663	NA	AGCT	A	225	PASS;TACTAGGGAGCTCAAAAC	INDEL;IDV=9;IMF=1;DP=9;VDB=5.52906e-06;SGB=-0.662043;MQ0F=0;AC=2;AN=2;DP4=0,0,9,0;MQ=60;RB=12,125996646,125996989,ATT,AAG
3	89525217	NA	AG	A	105	MASKED;TTGCATTAAGTAAAAAAA	INDEL;IDV=6;IMF=1;DP=6;VDB=0.000411984;SGB=-0.616816;MQ0F=0;AC=2;AN=2;DP4=0,0,6,0;MQ=60;RB=3,89525085,89525647,ATG,AAA
5	114070001	NA	TATAA	T	224	PASS;ATCTGACTTATAAATATT	INDEL;IDV=7;IMF=1;DP=7;VDB=6.71664e-05;SGB=-0.636426;MQ0F=0;AC=2;AN=2;DP4=0,0,7,0;MQ=60;RB=5,114069945,114070347,TGG,TAT
10	131323555	NA	GATTTT	G	181	PASS;GAAAACCAGATTTTATTT	INDEL;IDV=5;IMF=1;DP=5;VDB=0.00187095;SGB=-0.590765;MQ0F=0;AC=2;AN=2;DP4=0,0,5,0;MQ=60;RB=10,131323499,131324075,GAC,TCT
6	45063196	NA	AATCCAG	A	224	NEI_IND[6/331];TGCATTTTAATCCAGATC	INDEL;IDV=7;IMF=1;DP=7;VDB=6.71664e-05;SGB=-0.636426;MQ0F=0;AC=2;AN=2;DP4=0,0,7,0;MQ=60;RB=6,45063132,45063401,CTG,CCC
4	126308101	NA	TC	T	135	PASS;GAAAGTGTTCCACCTCAG	INDEL;IDV=10;IMF=1;DP=10;VDB=6.99472e-07;SGB=-0.670168;MQ0F=0;AC=2;AN=2;DP4=0,0,0,10;MQ=60;RB=4,126307773,126308140,GGA,TCC
19	40078549	NA	ATAGT	A	205	PASS;TCCAAGCAATAGTTAGAG	INDEL;IDV=6;IMF=1;DP=6;VDB=0.000411984;SGB=-0.616816;MQ0F=0;AC=2;AN=2;DP4=0,0,6,0;MQ=60;RB=19,40078499,40078782,CAA,TTG
4	29631881	NA	ATG	A	184	MASKED;ATATACATATGTGTGTGT	INDEL;IDV=11;IMF=1;DP=11;VDB=6.99472e-07;SGB=-0.670168;MQ0F=0;AC=2;AN=2;DP4=0,0,0,10;MQ=60;RB=4,29631633,29631949,TTG,CGA
5	10759233	NA	AG	A	140	MASKED;GAAGGCGGAGGTTGCAGT	INDEL;IDV=13;IMF=1;DP=13;VDB=2.26006e-08;SGB=-0.680642;MQ0F=0;AC=2;AN=2;DP4=0,0,0,12;MQ=60;RB=5,10758961,10759335,GGG,AAG
1	233916114	NA	GTTGT	G	225	MASKED;TTGTTGTTGTTGTTTGTT	INDEL;IDV=9;IMF=0.9;DP=10;VDB=1.24888e-06;SGB=-0.670168;MQ0F=0;AC=2;AN=2;DP4=0,0,0,10;MQ=60;RB=1,233915819,233916204,CTC,CTC
9	118124863	NA	AAGG	A	191	PASS;TATCTTAGAAGGAAGAAC	INDEL;IDV=6;IMF=1;DP=6;VDB=0.000411984;SGB=-0.616816;MQ0F=0;AC=2;AN=2;DP4=0,0,0,6;MQ=60;RB=9,118124148,118124938,CCC,GGT
3	71935337	NA	TATTTA	T	225	PASS;TATTTAAGTATTTAATTT	INDEL;IDV=20;IMF=1;DP=20;VDB=0.999982;SGB=-0.692067;MQSB=1;MQ0F=0;AC=2;AN=2;DP4=0,0,10,10;MQ=60;RB=3,71935215,71935470,ATG,GGT
18	476587	NA	CCG	C	161	MASKED;TAGCGCCCCCGCCCCAGT	INDEL;IDV=10;IMF=1;DP=10;VDB=6.99472e-07;SGB=-0.670168;MQ0F=0;AC=2;AN=2;DP4=0,0,0,10;MQ=60;RB=18,475993,476610,TAA,CAT
10	133492334	NA	ATG	A	171	PASS;AGGGGATGATGTGTGTGT	INDEL;IDV=7;IMF=1;DP=7;VDB=6.71664e-05;SGB=-0.636426;MQ0F=0;AC=2;AN=2;DP4=0,0,0,7;MQ=60;RB=10,133492044,133492446,GTT,CCT
16	87122089	NA	GAA	G	10.1251	NEI_IND[18/264];AAAAAAAAGAAAAAAAAA	INDEL;IDV=11;IMF=1;DP=11;VDB=5.52906e-06;SGB=-0.662043;MQ0F=0;AC=2;AN=2;DP4=0,0,9,0;MQ=60;RB=16,87122042,87122355,CCT,TCC
16	87122168	NA	GT	G	120	PASS;CTTTTGGAGTTTAGGCAC	INDEL;IDV=11;IMF=1;DP=11;VDB=8.4981e-07;SGB=-0.670168;MQ0F=0;AC=2;AN=2;DP4=0,0,10,0;MQ=60;RB=16,87122042,87122355,CCT,TCC
14	48159954	NA	CAT	C	225	MASKED;TATATATACATGTGTGTG	INDEL;IDV=10;IMF=1;DP=10;VDB=6.99472e-07;SGB=-0.670168;MQ0F=0;AC=2;AN=2;DP4=0,0,0,10;MQ=60;RB=14,48159641,48159966,TTA,TCC
5	3326935	NA	ACACACACGCATG	A	225	MASKED;AAAGGCACACACACACGC	INDEL;IDV=9;IMF=1;DP=9;VDB=5.52906e-06;SGB=-0.662043;MQ0F=0;AC=2;AN=2;DP4=0,0,0,9;MQ=60;RB=5,3326529,3327031,CGG,TAT
4	64847336	NA	AGTTTT	A	205	MASKED;AGGGGAAAAGTTTTGTTT	INDEL;IDV=6;IMF=1;DP=6;VDB=0.000411984;SGB=-0.616816;MQ0F=0;AC=2;AN=2;DP4=0,0,0,6;MQ=60;RB=4,64846914,64847447,AAC,CAC
10	56885588	NA	CT	C	121	MASKED;AATCCTTGCTTTCTGCAG	INDEL;IDV=11;IMF=1;DP=11;VDB=6.99472e-07;SGB=-0.670168;MQ0F=0;AC=2;AN=2;DP4=0,0,0,10;MQ=60;RB=10,56885037,56885719,TTA,AAT
18	32701655	NA	T	TTATGTAAATG	182	PASS;AAAAGCTGTTATGTAAAT	INDEL;IDV=5;IMF=1;DP=5;VDB=0.00187095;SGB=-0.590765;MQ0F=0;AC=2;AN=2;DP4=0,0,5,0;MQ=60;RB=18,32701640,32701898,AGG,CCT
3	76200372	NA	CAT	C	184	PASS;GAGTCTCTCATCCCTAGC	INDEL;IDV=7;IMF=1;DP=7;VDB=0.000411984;SGB=-0.616816;MQ0F=0;AC=2;AN=2;DP4=0,0,6,0;MQ=60;RB=3,76200239,76201003,CTA,GCA
3	21716799	NA	CT	C	109	MASKED;AATTTATGCTATCTCATA	INDEL;IDV=6;IMF=1;DP=6;VDB=0.000411984;SGB=-0.616816;MQ0F=0;AC=2;AN=2;DP4=0,0,6,0;MQ=60;RB=3,21716666,21716971,GAG,GGT
4	37270319	NA	ATAAT	A	225	MASKED;ATTTTGTGATAATTAGAG	INDEL;IDV=9;IMF=1;DP=9;VDB=5.52906e-06;SGB=-0.662043;MQ0F=0;AC=2;AN=2;DP4=0,0,9,0;MQ=60;RB=4,37270288,37270940,GGG,ACT
12	42777707	NA	A	AC	106	PASS;TTGCTTGAACCCGGGGGG	INDEL;IDV=7;IMF=1;DP=7;VDB=6.71664e-05;SGB=-0.636426;MQ0F=0;AC=2;AN=2;DP4=0,0,0,7;MQ=60;RB=12,42777445,42777722,TAC,CAC
8	111237862	NA	ATT	A	191	PASS;TGCCTCTAATTTTCCAGT	INDEL;IDV=8;IMF=1;DP=8;VDB=1.33331e-05;SGB=-0.651104;MQ0F=0;AC=2;AN=2;DP4=0,0,8,0;MQ=60;RB=8,111237745,111238071,CTC,CGA
18	59332304	NA	GT	G	29.4193	MASKED;TTTTGTTTGTTTTTTTGC	INDEL;IDV=15;IMF=1;DP=15;VDB=2.26006e-08;SGB=-0.686358;MQ0F=0;AC=2;AN=2;DP4=0,0,0,14;MQ=60;RB=18,59332009,59332350,CCT,TGA
7	148832750	NA	GAAT	G	225	MASKED;AACTATTAGAATAATAAT	INDEL;IDV=13;IMF=1;DP=13;VDB=2.26006e-08;SGB=-0.683931;MQ0F=0;AC=2;AN=2;DP4=0,0,13,0;MQ=60;RB=7,148832679,148832985,GTC,CTT
2	208469213	NA	ATCTT	A	225	NEI_IND[4/158];TTCTCCACATCTTTCTTA	INDEL;IDV=8;IMF=1;DP=8;VDB=1.33331e-05;SGB=-0.651104;MQ0F=0;AC=2;AN=2;DP4=0,0,0,8;MQ=60;RB=2,208469040,208469327,TAT,GTC
12	15540249	NA	TA	T	112	PASS;AAAATAGTTATTGTTAAA	INDEL;IDV=7;IMF=1;DP=7;VDB=0.000411984;SGB=-0.616816;MQ0F=0;AC=2;AN=2;DP4=0,0,6,0;MQ=60;RB=12,15540123,15540670,TAC,TGT
6	23516295	NA	CATAAA	C	225	PASS;AAAAATACCATAAAATAA	INDEL;IDV=11;IMF=1;DP=11;VDB=2.26006e-08;SGB=-0.676189;MQ0F=0;AC=2;AN=2;DP4=0,0,0,11;MQ=60;RB=6,23515955,23516408,ATT,CCT
12	55511761	NA	TAAAGAGAAAAATGAGGGAA	T	205	MASKED;ACACTAAATAAAGAGAAA	INDEL;IDV=6;IMF=1;DP=6;VDB=0.000411984;SGB=-0.616816;MQ0F=0;AC=2;AN=2;DP4=0,0,0,6;MQ=60;RB=12,55511448,55511888,TTG,GAT
11	134157656	NA	CAG	C	212	PASS;GAGGCAAACAGAATCTCA	INDEL;IDV=8;IMF=1;DP=8;VDB=1.33331e-05;SGB=-0.651104;MQ0F=0;AC=2;AN=2;DP4=0,0,0,8;MQ=60;RB=11,134157434,134157731,AAT,AGA
1	190025541	NA	GC	G	115	MASKED;ATGGTGCTGCCAATGAGC	INDEL;IDV=8;IMF=1;DP=8;VDB=1.33331e-05;SGB=-0.651104;MQ0F=0;AC=2;AN=2;DP4=0,0,8,0;MQ=60;RB=1,190025413,190025822,GTT,TGT
7	96135291	NA	TTGTCAA	T	225	MASKED;ATTATGAGTTGTCAATGT	INDEL;IDV=8;IMF=1;DP=8;VDB=1.33331e-05;SGB=-0.651104;MQ0F=0;AC=2;AN=2;DP4=0,0,0,8;MQ=60;RB=7,96134865,96135357,GAT,CTA
10	14339745	NA	AG	A	105	PASS;AGATATTCAGGACAGTTG	INDEL;IDV=6;IMF=1;DP=6;VDB=0.000411984;SGB=-0.616816;MQ0F=0;AC=2;AN=2;DP4=0,0,6,0;MQ=60;RB=10,14339635,14340179,TGT,CCG
10	25417129	NA	CT	C	70	MASKED;CTGTACCACTTTGCAGCT	INDEL;IDV=4;IMF=1;DP=4;VDB=0.0058656;SGB=-0.556411;MQ0F=0;AC=2;AN=2;DP4=0,0,0,4;MQ=60;RB=10,25416935,25417190,AGC,CTG
3	191077209	NA	GA	G	102	PASS;AAAAGCTGGATCAAAAGG	INDEL;IDV=5;IMF=1;DP=5;VDB=0.00187095;SGB=-0.590765;MQ0F=0;AC=2;AN=2;DP4=0,0,5,0;MQ=60;RB=3,191077129,191077626,AAT,GTT
20	36683579	NA	CAA	C	193	PASS;TACGGAAACAAAAGAGAT	INDEL;IDV=8;IMF=1;DP=8;VDB=1.33331e-05;SGB=-0.651104;MQ0F=0;AC=2;AN=2;DP4=0,0,8,0;MQ=60;RB=20,36683471,36683751,TCT,AAC
X	65527816	NA	TTTA	T	225	MASKED;CAAATAGTTTTATTATTT	INDEL;IDV=11;IMF=1;DP=11;VDB=2.26006e-08;SGB=-0.676189;MQ0F=0;AC=2;AN=2;DP4=0,0,0,11;MQ=60;RB=X,65527610,65527893,TGA,ATA
10	105742808	NA	GGT	G	172	MASKED;ATGTGAGGGGTGTGTGTA	INDEL;IDV=8;IMF=1;DP=8;VDB=1.33331e-05;SGB=-0.651104;MQ0F=0;AC=2;AN=2;DP4=0,0,0,8;MQ=60;RB=10,105742622,105742868,GCC,TCC
18	63247159	NA	TG	T	140	PASS;TCCCTGAGTGAGTCTGAC	INDEL;IDV=9;IMF=1;DP=9;VDB=5.52906e-06;SGB=-0.662043;MQ0F=0;AC=2;AN=2;DP4=0,0,9,0;MQ=60;RB=18,63247118,63247453,TAC,AAT
17	61087558	NA	TCG	T	225	MASKED;TGTATTCTTCGTAATCTT	INDEL;IDV=10;IMF=1;DP=10;VDB=6.99472e-07;SGB=-0.670168;MQ0F=0;AC=2;AN=2;DP4=0,0,0,10;MQ=60;RB=17,61087310,61087582,CAG,GTT
5	154795635	NA	CAT	C	225	PASS;AAGCCAAACATGTGTGAT	INDEL;IDV=9;IMF=1;DP=9;VDB=5.52906e-06;SGB=-0.662043;MQ0F=0;AC=2;AN=2;DP4=0,0,0,9;MQ=60;RB=5,154795202,154795760,TCT,GAC
12	38237860	NA	CT	C	16.5122	MASKED;ACCATAGGCTTTTTTTGC	INDEL;IDV=5;IMF=1;DP=5;VDB=0.00187095;SGB=-0.590765;MQ0F=0;AC=2;AN=2;DP4=0,0,0,5;MQ=60;RB=12,38237627,38237885,CTG,CTC
7	148832750	NA	GAAT	G	224	MASKED;AACTATTAGAATAATAAT	INDEL;IDV=7;IMF=1;DP=7;VDB=6.71664e-05;SGB=-0.636426;MQ0F=0;AC=2;AN=2;DP4=0,0,0,7;MQ=60;RB=7,148832448,148832770,AAT,CTA
13	83383140	NA	AG	A	119	PASS;TTCAGAAAAGGGCTTTGA	INDEL;IDV=9;IMF=1;DP=9;VDB=5.52906e-06;SGB=-0.662043;MQ0F=0;AC=2;AN=2;DP4=0,0,9,0;MQ=60;RB=13,83383079,83383430,GTT,GTT
9	94334867	NA	T	TG	43.4147	PASS;AAGAAATATGGGGGGCAA	INDEL;IDV=10;IMF=1;DP=10;VDB=6.99472e-07;SGB=-0.670168;MQ0F=0;AC=2;AN=2;DP4=0,0,10,0;MQ=60;RB=9,94334762,94335014,TAG,GCC
13	51431258	NA	ATGT	A	130	MASKED;AAAGGAACATGTTGTAAC	INDEL;IDV=4;IMF=1;DP=4;VDB=0.0058656;SGB=-0.556411;MQ0F=0;AC=2;AN=2;DP4=0,0,0,4;MQ=60;RB=13,51430881,51431271,GGA,GGA
4	65081527	NA	TAATAA	T	182	NEI_IND[29/1171];CTTTCAGATAATAAAATA	INDEL;IDV=5;IMF=1;DP=5;VDB=0.00187095;SGB=-0.590765;MQ0F=0;AC=2;AN=2;DP4=0,0,0,5;MQ=60;RB=4,65081300,65081576,ATC,AAT
16	73966831	NA	T	TA	20.4535	PASS;CACAGCCATAAAAAATAA	INDEL;IDV=5;IMF=1;DP=5;VDB=0.0058656;SGB=-0.556411;MQ0F=0;AC=2;AN=2;DP4=0,0,0,4;MQ=60;RB=16,73966573,73966854,GAC,ATC
1	190025541	NA	GC	G	87	MASKED;ATGGTGCTGCCAATGAGC	INDEL;IDV=5;IMF=1;DP=5;VDB=0.00187095;SGB=-0.590765;MQ0F=0;AC=2;AN=2;DP4=0,0,5,0;MQ=60;RB=1,190025413,190025822,ATT,ATA
4	94589524	NA	CT	C	7.30725	MASKED;GTTGTTCTCTTTTTTTTT	INDEL;IDV=5;IMF=1;DP=5;VDB=0.00187095;SGB=-0.590765;MQ0F=0;AC=2;AN=2;DP4=0,0,0,5;MQ=60;RB=4,94589244,94589619,CGT,GTT
5	29804892	NA	AT	A	26.4242	MASKED;TAAAACCAATTTTTTTAA	INDEL;IDV=8;IMF=1;DP=8;VDB=1.33331e-05;SGB=-0.651104;MQ0F=0;AC=2;AN=2;DP4=0,0,0,8;MQ=60;RB=5,29804120,29804918,GGT,ACC
X	112088721	NA	CACACACAA	C	224	MASKED;CACACACACACACACAAA	INDEL;IDV=7;IMF=0.875;DP=7;VDB=6.71664e-05;SGB=-0.636426;MQ0F=0;AC=2;AN=2;DP4=0,0,0,7;MQ=60;RB=X,112088340,112088801,TCT,CTT
9	94990863	NA	TG	T	105	MASKED;CATGGTGGTGGCATGCCT	INDEL;IDV=6;IMF=1;DP=6;VDB=0.000411984;SGB=-0.616816;MQ0F=0;AC=2;AN=2;DP4=0,0,0,6;MQ=60;RB=9,94990620,94990932,TCG,ACC
6	24131532	NA	T	TATC	224	PASS;CTGTAATATATCACACGG	INDEL;IDV=7;IMF=1;DP=7;VDB=6.71664e-05;SGB=-0.636426;MQ0F=0;AC=2;AN=2;DP4=0,0,0,7;MQ=60;RB=6,24131203,24131549,GCC,CGA
15	72569214	NA	ACTT	A	190	PASS;CATCCTGTACTTCTTCTT	INDEL;IDV=6;IMF=1;DP=6;VDB=0.000411984;SGB=-0.616816;MQ0F=0;AC=2;AN=2;DP4=0,0,0,6;MQ=60;RB=15,72568430,72569295,ATT,GTT
6	11941507	NA	GATACCACTCAT	G	225	MASKED;TTTACAAGGATACCACTC	INDEL;IDV=11;IMF=1;DP=11;VDB=2.26006e-08;SGB=-0.676189;MQ0F=0;AC=2;AN=2;DP4=0,0,0,11;MQ=60;RB=6,11940997,11941573,ATG,GAC
4	14452011	NA	CA	C	78	MASKED;CAGCATGCCAATTTCTCC	INDEL;IDV=6;IMF=1;DP=6;VDB=0.00187095;SGB=-0.590765;MQ0F=0;AC=2;AN=2;DP4=0,0,5,0;MQ=60;RB=4,14451939,14453038,GTT,GTG
4	14452980	NA	ATTTTTT	A	25.6324	NEI_IND[28/116];TTCACTCTATTTTTTTTT	INDEL;IDV=6;IMF=1;DP=6;VDB=0.00671048;SGB=-0.556411;MQ0F=0;AC=2;AN=2;DP4=0,0,0,4;MQ=60;RB=4,14451939,14453038,GTT,GTG
1	22996396	NA	AGC	A	225	MASKED;GCAAAGGAAGCAAAGCAG	INDEL;IDV=9;IMF=1;DP=9;VDB=5.52906e-06;SGB=-0.662043;MQ0F=0;AC=2;AN=2;DP4=0,0,0,9;MQ=60;RB=1,22996153,22996452,TAG,CAG
4	14452011	NA	CA	C	79	MASKED;CAGCATGCCAATTTCTCC	INDEL;IDV=6;IMF=1;DP=6;VDB=0.00187095;SGB=-0.590765;MQ0F=0;AC=2;AN=2;DP4=0,0,5,0;MQ=60;RB=4,14451935,14453062,TGC,CTG
4	14452980	NA	ATTTTTTT	AT,A	23.9687	NEI_IND[28/116];TTCACTCTATTTTTTTTT	INDEL;IDV=6;IMF=1;DP=6;VDB=0.00369048;SGB=-0.616816;MQ0F=0;AC=1,1;AN=2;DP4=0,0,0,6;MQ=59;RB=4,14451935,14453062,TGC,CTG
2	213685118	NA	GT	G	115	PASS;AGAAAAAAGTTGCAGGTA	INDEL;IDV=7;IMF=1;DP=7;VDB=6.71664e-05;SGB=-0.636426;MQ0F=0;AC=2;AN=2;DP4=0,0,0,7;MQ=60;RB=2,213684351,213685184,TTG,CCT
10	109470479	NA	CTGTA	C	181	MASKED;ACTATTACCTGTATGTAT	INDEL;IDV=5;IMF=1;DP=5;VDB=0.00187095;SGB=-0.590765;MQ0F=0;AC=2;AN=2;DP4=0,0,5,0;MQ=60;RB=10,109470385,109470902,ATG,TGG
15	61316207	NA	CA	C	36.4154	MASKED;TATGGAAACAAAAAATGC	INDEL;IDV=7;IMF=1;DP=7;VDB=6.71664e-05;SGB=-0.636426;MQ0F=0;AC=2;AN=2;DP4=0,0,0,7;MQ=60;RB=15,61315868,61316290,GAT,TTA
3	29692464	NA	ATGTTTCTAT	A	225	PASS;GTCTTTATATGTTTCTAT	INDEL;IDV=14;IMF=1;DP=14;VDB=2.26006e-08;SGB=-0.686358;MQ0F=0;AC=2;AN=2;DP4=0,0,14,0;MQ=60;RB=3,29692435,29692741,TCA,CCG
12	51696332	NA	A	AGTGACTGAG	224	PASS;TACCACCCAGTGACTGAG	INDEL;IDV=7;IMF=1;DP=7;VDB=6.71664e-05;SGB=-0.636426;MQ0F=0;AC=2;AN=2;DP4=0,0,0,7;MQ=60;RB=12,51695985,51696419,GGG,GTT
12	114870910	NA	AT	A	102	MASKED;ATCACAGTATAATGCAAC	INDEL;IDV=5;IMF=1;DP=5;VDB=0.00187095;SGB=-0.590765;MQ0F=0;AC=2;AN=2;DP4=0,0,0,5;MQ=60;RB=12,114870590,114870959,AGA,GGT
19	24191987	NA	AACAG	A	182	PASS;AACAAACAAACAGACAAA	INDEL;IDV=5;IMF=1;DP=5;VDB=0.00187095;SGB=-0.590765;MQ0F=0;AC=2;AN=2;DP4=0,0,5,0;MQ=60;RB=19,24191912,24192281,ATT,AAG
5	102587336	NA	CTT	C	219	MASKED;TCTTGTAACTTTGCAGAA	INDEL;IDV=9;IMF=1;DP=9;VDB=7.55993e-06;SGB=-0.662043;MQ0F=0;AC=2;AN=2;DP4=0,0,0,9;MQ=60;RB=5,102587131,102587439,CTC,TGT
3	21716799	NA	CT	C	109	MASKED;AATTTATGCTATCTCATA	INDEL;IDV=6;IMF=1;DP=6;VDB=0.000411984;SGB=-0.616816;MQ0F=0;AC=2;AN=2;DP4=0,0,6,0;MQ=60;RB=3,21716665,21716971,GAA,AGA
16	63036307	NA	GGAAAGC	G	225	NEI_IND[6/466];CTTACATGGGAAAGCTGC	INDEL;IDV=12;IMF=1;DP=12;VDB=2.26006e-08;SGB=-0.676189;MQ0F=0;AC=2;AN=2;DP4=0,0,0,11;MQ=60;RB=16,63036051,63036327,CCT,ATG
5	172734541	NA	TGGAG	T	205	NEI_IND[4/245];TTGGGAGGTGGAGGGAGG	INDEL;IDV=6;IMF=1;DP=6;VDB=0.000411984;SGB=-0.616816;MQ0F=0;AC=2;AN=2;DP4=0,0,0,6;MQ=60;RB=5,172733710,172734567,TTT,GCT
1	248117426	NA	GA	G	125	PASS;CCTGGGCAGAAAGCTCAC	INDEL;IDV=10;IMF=1;DP=10;VDB=6.99472e-07;SGB=-0.670168;MQ0F=0;AC=2;AN=2;DP4=0,0,10,0;MQ=60;RB=1,248117362,248117647,GGT,CGT
9	17325281	NA	CAT	C	190	MASKED;GTAATAGACATATTGCTG	INDEL;IDV=7;IMF=1;DP=7;VDB=6.71664e-05;SGB=-0.636426;MQ0F=0;AC=2;AN=2;DP4=0,0,0,7;MQ=60;RB=9,17324995,17325362,TCC,GCT
4	146875198	NA	ATCATT	A	225	NEI_IND[5/399];AGAGGAGGATCATTTTAA	INDEL;IDV=8;IMF=1;DP=8;VDB=1.33331e-05;SGB=-0.651104;MQ0F=0;AC=2;AN=2;DP4=0,0,0,8;MQ=60;RB=4,146874912,146875298,ATG,AAT
17	41115449	NA	AAAAG	A	196	PASS;AAGAAAAGAAAAGAAAGA	INDEL;IDV=6;IMF=1;DP=6;VDB=0.000481013;SGB=-0.616816;MQ0F=0;AC=2;AN=2;DP4=0,0,6,0;MQ=60;RB=17,41115365,41115676,GAT,GCT
2	52410157	NA	GCT	G	213	MASKED;TTCTGCAGGCTCTTTTTC	INDEL;IDV=9;IMF=1;DP=9;VDB=5.52906e-06;SGB=-0.662043;MQ0F=0;AC=2;AN=2;DP4=0,0,9,0;MQ=60;RB=2,52410123,52410389,CCC,CCG
2	52410343	NA	ACCATTTACTTAATT	A	225	NEI_IND[342/342];TAGCTGAAACCATTTACT	INDEL;IDV=9;IMF=1;DP=9;VDB=5.52906e-06;SGB=-0.662043;MQ0F=0;AC=2;AN=2;DP4=0,0,0,9;MQ=60;RB=2,52410123,52410389,CCC,CCG
4	64847336	NA	AGTTTT	A	224	MASKED;AGGGGAAAAGTTTTGTTT	INDEL;IDV=7;IMF=1;DP=7;VDB=6.71664e-05;SGB=-0.636426;MQ0F=0;AC=2;AN=2;DP4=0,0,0,7;MQ=60;RB=4,64846914,64847448,CTG,TTT
4	146875198	NA	ATCATT	A	154	NEI_IND[5/399];AGAGGAGGATCATTTTAA	INDEL;IDV=4;IMF=1;DP=4;VDB=0.0058656;SGB=-0.556411;MQ0F=0;AC=2;AN=2;DP4=0,0,0,4;MQ=60;RB=4,146874912,146875297,GGC,AAG
2	63143914	NA	ATATAT	A	225	PASS;GTTATTGTATATATTATC	INDEL;IDV=9;IMF=1;DP=9;VDB=5.52906e-06;SGB=-0.662043;MQ0F=0;AC=2;AN=2;DP4=0,0,0,9;MQ=60;RB=2,63143694,63144040,GTT,CCA
12	19537750	NA	AG	A	138	MASKED;TTTCCAAAAGGCTGCATG	INDEL;IDV=11;IMF=1;DP=11;VDB=2.26006e-08;SGB=-0.676189;MQ0F=0;AC=2;AN=2;DP4=0,0,0,11;MQ=60;RB=12,19537334,19537783,TCA,ATG
21	16073646	NA	AT	A	36.4154	MASKED;TTTACATTATTTTTTGTG	INDEL;IDV=7;IMF=1;DP=7;VDB=6.71664e-05;SGB=-0.636426;MQ0F=0;AC=2;AN=2;DP4=0,0,0,7;MQ=60;RB=21,16073334,16073767,GTT,TAT
16	63036307	NA	GGAAAGC	G	224	NEI_IND[6/466];CTTACATGGGAAAGCTGC	INDEL;IDV=7;IMF=1;DP=7;VDB=6.71664e-05;SGB=-0.636426;MQ0F=0;AC=2;AN=2;DP4=0,0,0,7;MQ=60;RB=16,63036052,63036327,GCC,ACC
12	122963101	NA	TG	T	153	PASS;GCAGAAGATGTAGGCAGG	INDEL;IDV=11;IMF=1;DP=11;VDB=2.26006e-08;SGB=-0.676189;MQ0F=0;AC=2;AN=2;DP4=0,0,11,0;MQ=60;RB=12,122963092,122963490,AAT,TCT
6	101938816	NA	TAC	T	108	MASKED;CGTGCACATACACACACA	INDEL;IDV=4;IMF=1;DP=4;VDB=0.0058656;SGB=-0.556411;MQ0F=0;AC=2;AN=2;DP4=0,0,4,0;MQ=60;RB=6,101938806,101939009,TCT,CAG
8	118176647	NA	CA	C	27.4221	MASKED;CGTCTCAACAAAAAAATG	INDEL;IDV=9;IMF=1;DP=9;VDB=5.52906e-06;SGB=-0.662043;MQ0F=0;AC=2;AN=2;DP4=0,0,0,9;MQ=60;RB=8,118176104,118176680,TAT,GGT
4	82876031	NA	AATTC	A	225	NEI_IND[4/339];GCCTGCATAATTCATTGG	INDEL;IDV=10;IMF=1;DP=10;VDB=6.99472e-07;SGB=-0.670168;MQ0F=0;AC=2;AN=2;DP4=0,0,10,0;MQ=60;RB=4,82875971,82876267,TGT,TAG
3	5378674	NA	CCATT	C	220	NEI_IND[4/220];GTTGCTCTCCATTCAGGG	INDEL;IDV=7;IMF=1;DP=7;VDB=6.71664e-05;SGB=-0.636426;MQ0F=0;AC=2;AN=2;DP4=0,0,0,7;MQ=60;RB=3,5377999,5378768,GAG,TGA
5	19658240	NA	ATTGC	A	225	MASKED;TCTTTATTATTGCTTTAT	INDEL;IDV=9;IMF=1;DP=9;VDB=5.52906e-06;SGB=-0.662043;MQ0F=0;AC=2;AN=2;DP4=0,0,0,9;MQ=60;RB=5,19657947,19658288,TCC,GTC
1	65510337	NA	CTTG	C	225	PASS;AATTTGGTCTTGTTGTTT	INDEL;IDV=8;IMF=1;DP=8;VDB=1.33331e-05;SGB=-0.651104;MQ0F=0;AC=2;AN=2;DP4=0,0,8,0;MQ=60;RB=1,65510255,65510896,TCT,TCA
9	94990863	NA	TG	T	112	MASKED;CATGGTGGTGGCATGCCT	INDEL;IDV=7;IMF=1;DP=7;VDB=6.71664e-05;SGB=-0.636426;MQ0F=0;AC=2;AN=2;DP4=0,0,0,7;MQ=60;RB=9,94990620,94990932,TAC,TGG
1	41221529	NA	AT	A	124	PASS;GGCAAGAGATATTTTGGG	INDEL;IDV=7;IMF=1;DP=7;VDB=6.71664e-05;SGB=-0.636426;MQ0F=0;AC=2;AN=2;DP4=0,0,0,7;MQ=60;RB=1,41221336,41221658,CAC,CAT
18	27960330	NA	CCTTCT	C	224	MASKED;AAATACGTCCTTCTCTTC	INDEL;IDV=7;IMF=1;DP=7;VDB=6.71664e-05;SGB=-0.636426;MQ0F=0;AC=2;AN=2;DP4=0,0,0,7;MQ=60;RB=18,27959798,27960360,GTT,TTT
13	89067532	NA	CT	C	105	MASKED;AAGATAACCTTCTTGCAG	INDEL;IDV=6;IMF=1;DP=6;VDB=0.000411984;SGB=-0.616816;MQ0F=0;AC=2;AN=2;DP4=0,0,0,6;MQ=60;RB=13,89067333,89067641,TAA,AGA
2	105276414	NA	T	TA	84	PASS;AGAACAGTTTTCTAAGAG	INDEL;IDV=10;IMF=1;DP=10;VDB=6.99472e-07;SGB=-0.670168;MQ0F=0;AC=2;AN=2;DP4=0,0,10,0;MQ=60;RB=2,105276375,105276707,ATG,TAT
4	35662778	NA	GA	G	30.4183	PASS;TTTGATTGGAAAAACACA	INDEL;IDV=4;IMF=1;DP=4;VDB=0.0058656;SGB=-0.556411;MQ0F=0;AC=2;AN=2;DP4=0,0,4,0;MQ=60;RB=4,35662769,35662992,CCT,CAG
3	45194256	NA	GC	G	33.4163	MASKED;GAGGGAAGGCTTTTTTTG	INDEL;IDV=6;IMF=1;DP=6;VDB=0.00187095;SGB=-0.590765;MQ0F=0;AC=2;AN=2;DP4=0,0,0,5;MQ=60;RB=3,45193829,45194284,TTT,CCC
8	69460577	NA	T	TAAAA	225	PASS;CAGTTTTTTAAAAAGACA	INDEL;IDV=9;IMF=1;DP=9;VDB=5.52906e-06;SGB=-0.662043;MQ0F=0;AC=2;AN=2;DP4=0,0,9,0;MQ=60;RB=8,69460483,69460819,CCG,ACT
2	35476124	NA	ATAAAGT	A	225	MASKED;ATGCATAGATAAAGTTAG	INDEL;IDV=10;IMF=1;DP=10;VDB=6.99472e-07;SGB=-0.670168;MQ0F=0;AC=2;AN=2;DP4=0,0,10,0;MQ=60;RB=2,35476062,35476367,GAT,ATC
1	237031866	NA	TATACTCTGTA	T	205	PASS;ATTTTACATATACTCTGT	INDEL;IDV=6;IMF=1;DP=6;VDB=0.000411984;SGB=-0.616816;MQ0F=0;AC=2;AN=2;DP4=0,0,0,6;MQ=60;RB=1,237031694,237031923,GAA,TAT
5	57502676	NA	CT	C	92	MASKED;TGATGTCGCTTGATGCAT	INDEL;IDV=5;IMF=1;DP=5;VDB=0.00187095;SGB=-0.590765;MQ0F=0;AC=2;AN=2;DP4=0,0,0,5;MQ=60;RB=5,57502463,57502710,CCG,AAC
18	9453105	NA	TTGTA	T	225	NEI_IND[8/359];TTTGCATGTTGTATGTAT	INDEL;IDV=10;IMF=1;DP=10;VDB=6.99472e-07;SGB=-0.670168;MQ0F=0;AC=2;AN=2;DP4=0,0,10,0;MQ=60;RB=18,9453056,9453504,GCT,TAG
18	9453407	NA	A	AT	43.4147	NEI_IND[17/612];CACAGCTGATTTTTTCCT	INDEL;IDV=9;IMF=0.9;DP=10;VDB=6.99472e-07;SGB=-0.670168;MQ0F=0;AC=2;AN=2;DP4=0,0,0,10;MQ=60;RB=18,9453056,9453504,GCT,TAG
7	52246465	NA	CA	C	7.30725	MASKED;GGGATTGACAAAAAAAAA	INDEL;IDV=7;IMF=1;DP=7;VDB=6.71664e-05;SGB=-0.636426;MQ0F=0;AC=2;AN=2;DP4=0,0,0,7;MQ=60;RB=7,52245982,52246510,GTT,GAG
2	35476124	NA	ATAAAGT	A	224	MASKED;ATGCATAGATAAAGTTAG	INDEL;IDV=7;IMF=1;DP=7;VDB=6.71664e-05;SGB=-0.636426;MQ0F=0;AC=2;AN=2;DP4=0,0,7,0;MQ=60;RB=2,35476062,35476368,CTA,ATT
1	223387146	NA	AGTTTACATTAG	A	225	PASS;AAGTCAATAGTTTACATT	INDEL;IDV=10;IMF=1;DP=10;VDB=0.0284488;SGB=-0.670168;MQSB=0.952347;MQ0F=0;AC=2;AN=2;DP4=0,0,5,5;MQ=60;RB=1,223387037,223387231,TTT,TTA
16	63036307	NA	GGAAAGC	G	154	NEI_IND[6/466];CTTACATGGGAAAGCTGC	INDEL;IDV=4;IMF=1;DP=4;VDB=0.0058656;SGB=-0.556411;MQ0F=0;AC=2;AN=2;DP4=0,0,0,4;MQ=60;RB=16,63036052,63036328,TTG,TTA
9	23646705	NA	CA	C	71	PASS;ATAAAAACCAAAAGTTTA	INDEL;IDV=8;IMF=1;DP=8;VDB=6.71664e-05;SGB=-0.636426;MQ0F=0;AC=2;AN=2;DP4=0,0,7,0;MQ=60;RB=9,23646609,23646920,TCG,ATA
20	9733368	NA	G	GT	159	PASS;GAATCAGCGTGAGGCAGA	INDEL;IDV=10;IMF=1;DP=10;VDB=6.99472e-07;SGB=-0.670168;MQ0F=0;AC=2;AN=2;DP4=0,0,10,0;MQ=60;RB=20,9733248,9733571,TCT,TGT
3	163715228	NA	GT	G	140	PASS;TTTGGAGGGTGGGGAATG	INDEL;IDV=9;IMF=1;DP=9;VDB=5.52906e-06;SGB=-0.662043;MQ0F=0;AC=2;AN=2;DP4=0,0,9,0;MQ=60;RB=3,163715194,163715659,CCC,AAT
14	79929229	NA	ATATG	A	225	MASKED;ACATACACATATGTATGT	INDEL;IDV=10;IMF=1;DP=10;VDB=6.99472e-07;SGB=-0.670168;MQ0F=0;AC=2;AN=2;DP4=0,0,10,0;MQ=60;RB=14,79929148,79929512,TTG,GCG
8	12977501	NA	ATTAC	A	225	MASKED;AAGGAACAATTACTTACA	INDEL;IDV=11;IMF=1;DP=11;VDB=1.34115e-07;SGB=-0.676189;MQ0F=0;AC=2;AN=2;DP4=0,0,0,11;MQ=60;RB=8,12976969,12977528,TCA,TTA
11	2373750	NA	CT	C	127	MASKED;ATTTCTCTCTTTCTTGCA	INDEL;IDV=11;IMF=1;DP=11;VDB=2.26006e-08;SGB=-0.676189;MQ0F=0;AC=2;AN=2;DP4=0,0,0,11;MQ=60;RB=11,2373393,2373787,GGT,ATA
7	21341877	NA	GCTTTTGT	G	225	MASKED;ATTGCAATGCTTTTGTCT	INDEL;IDV=9;IMF=1;DP=9;VDB=5.52906e-06;SGB=-0.662043;MQ0F=0;AC=2;AN=2;DP4=0,0,9,0;MQ=60;RB=7,21341815,21342100,ATG,CTA
2	35476124	NA	ATAAAGT	A	225	MASKED;ATGCATAGATAAAGTTAG	INDEL;IDV=10;IMF=1;DP=10;VDB=6.99472e-07;SGB=-0.670168;MQ0F=0;AC=2;AN=2;DP4=0,0,10,0;MQ=60;RB=2,35476062,35476368,TGA,CGT
12	38237860	NA	CT	C	23.434	MASKED;ACCATAGGCTTTTTTTGC	INDEL;IDV=7;IMF=1;DP=7;VDB=6.71664e-05;SGB=-0.636426;MQ0F=0;AC=2;AN=2;DP4=0,0,0,7;MQ=60;RB=12,38237627,38237886,ATC,ATT
12	47204894	NA	CA	C	124	PASS;AATCATCTCATTCATTCA	INDEL;IDV=7;IMF=1;DP=7;VDB=6.71664e-05;SGB=-0.636426;MQ0F=0;AC=2;AN=2;DP4=0,0,7,0;MQ=60;RB=12,47204783,47205055,TTA,CGT
12	108709725	NA	T	TA	137	PASS;TTGCTGCTTACTGTTGGG	INDEL;IDV=7;IMF=1;DP=7;VDB=6.71664e-05;SGB=-0.636426;MQ0F=0;AC=2;AN=2;DP4=0,0,0,7;MQ=60;RB=12,108709522,108709852,TCT,GCA
2	11005171	NA	TGAA	T	225	MASKED;TTCACTTTTGAAGAAGTG	INDEL;IDV=13;IMF=1;DP=13;VDB=2.26006e-08;SGB=-0.683931;MQ0F=0;AC=2;AN=2;DP4=0,0,13,0;MQ=60;RB=2,11005046,11005561,TCA,GTC
6	31318394	NA	TG	T	103	MASKED;GCCTGGAATGGGAGTGCA	INDEL;IDV=7;IMF=1;DP=7;VDB=6.71664e-05;SGB=-0.636426;MQ0F=0;AC=2;AN=2;DP4=0,0,0,7;MQ=60;RB=6,31318160,31318528,AGA,GGC
1	184666335	NA	AAAT	A	225	PASS;CGTTGCTTAAATAAAATC	INDEL;IDV=10;IMF=1;DP=10;VDB=6.99472e-07;SGB=-0.670168;MQ0F=0;AC=2;AN=2;DP4=0,0,0,10;MQ=60;RB=1,184665828,184666439,CTA,TAG
2	62373280	NA	ATAAAC	A	225	NEI_IND[5/446];TGGTATAAATAAACTACT	INDEL;IDV=9;IMF=1;DP=9;VDB=5.52906e-06;SGB=-0.662043;MQ0F=0;AC=2;AN=2;DP4=0,0,0,9;MQ=60;RB=2,62373060,62373325,CTT,ATT
10	115485553	NA	GTTTCT	GT,G	185	MASKED;TTATGAAGGTTTCTTTTT	INDEL;IDV=6;IMF=1;DP=6;VDB=0.000481013;SGB=-0.616816;MQ0F=0;AC=1,1;AN=2;DP4=0,0,0,6;MQ=60;RB=10,115485259,115485606,CGT,GGT
9	121898745	NA	GAAA	G	97	MASKED;GAAAGAAAGAAAAAAAAA	INDEL;IDV=7;IMF=1;DP=7;VDB=0.000411984;SGB=-0.616816;MQ0F=0;AC=2;AN=2;DP4=0,0,0,6;MQ=60;RB=9,121898122,121898828,CTC,CTG
12	42029728	NA	ATGT	A	225	MASKED;TAAATGAGATGTTGTTTT	INDEL;IDV=11;IMF=1;DP=11;VDB=2.26006e-08;SGB=-0.676189;MQ0F=0;AC=2;AN=2;DP4=0,0,0,11;MQ=60;RB=12,42029409,42029756,TAA,GTT
18	27960330	NA	CCTTCT	C	182	MASKED;AAATACGTCCTTCTCTTC	INDEL;IDV=5;IMF=1;DP=5;VDB=0.00187095;SGB=-0.590765;MQ0F=0;AC=2;AN=2;DP4=0,0,0,5;MQ=60;RB=18,27960141,27960360,TTC,AAT
14	48159954	NA	CAT	C	225	MASKED;TATATATACATGTGTGTG	INDEL;IDV=9;IMF=1;DP=9;VDB=5.52906e-06;SGB=-0.662043;MQ0F=0;AC=2;AN=2;DP4=0,0,0,9;MQ=60;RB=14,48159641,48159967,TCA,AGT
2	219208532	NA	TCA	T	225	PASS;CCTGCCAGTCAGCCTTCA	INDEL;IDV=10;IMF=1;DP=10;VDB=6.99472e-07;SGB=-0.670168;MQ0F=0;AC=2;AN=2;DP4=0,0,0,10;MQ=60;RB=2,219208247,219208556,GTG,GCT
20	1030614	NA	AC	A	123	MASKED;TCACTGCAACCTCTGCCT	INDEL;IDV=9;IMF=1;DP=9;VDB=5.52906e-06;SGB=-0.662043;MQ0F=0;AC=2;AN=2;DP4=0,0,9,0;MQ=60;RB=20,1030590,1031054,CGT,GGG
12	55511761	NA	TAAAGAGAAAAATGAGGGAA	T	224	MASKED;ACACTAAATAAAGAGAAA	INDEL;IDV=7;IMF=1;DP=7;VDB=6.71664e-05;SGB=-0.636426;MQ0F=0;AC=2;AN=2;DP4=0,0,0,7;MQ=60;RB=12,55511448,55511888,GGC,TCT
5	24609922	NA	A	ACT	182	PASS;CTGCTGATACTCTCCTAA	INDEL;IDV=5;IMF=1;DP=5;VDB=0.00187095;SGB=-0.590765;MQ0F=0;AC=2;AN=2;DP4=0,0,5,0;MQ=60;RB=5,24609829,24610075,GCC,AAT
5	19658240	NA	ATTGC	A	182	MASKED;TCTTTATTATTGCTTTAT	INDEL;IDV=5;IMF=1;DP=5;VDB=0.00187095;SGB=-0.590765;MQ0F=0;AC=2;AN=2;DP4=0,0,0,5;MQ=60;RB=5,19657984,19658289,TAA,TAT
10	56885588	NA	CT	C	113	MASKED;AATCCTTGCTTTCTGCAG	INDEL;IDV=9;IMF=1;DP=9;VDB=5.52906e-06;SGB=-0.662043;MQ0F=0;AC=2;AN=2;DP4=0,0,0,9;MQ=60;RB=10,56885038,56885719,TCC,CAT
1	22682307	NA	TTA	T	141	MASKED;TCTGCATCTTAATCTCTT	INDEL;IDV=4;IMF=1;DP=4;VDB=0.0058656;SGB=-0.556411;MQ0F=0;AC=2;AN=2;DP4=0,0,4,0;MQ=60;RB=1,22682201,22682500,TAC,GGG
14	43552956	NA	TGAGAA	T	224	MASKED;TTGAATACTGAGAAGAGA	INDEL;IDV=7;IMF=1;DP=7;VDB=6.71664e-05;SGB=-0.636426;MQ0F=0;AC=2;AN=2;DP4=0,0,0,7;MQ=60;RB=14,43552392,43553057,GTT,GCT
8	124752470	NA	CGT	C	158	MASKED;TGTGCACACGTGTGTGTG	INDEL;IDV=7;IMF=1;DP=7;VDB=6.71664e-05;SGB=-0.636426;MQ0F=0;AC=2;AN=2;DP4=0,0,7,0;MQ=60;RB=8,124752444,124752980,AAA,TAT
X	65527816	NA	TTTA	T	225	MASKED;CAAATAGTTTTATTATTT	INDEL;IDV=8;IMF=1;DP=8;VDB=1.33331e-05;SGB=-0.651104;MQ0F=0;AC=2;AN=2;DP4=0,0,0,8;MQ=60;RB=X,65527610,65527892,TAA,CTG
1	190025541	NA	GC	G	84	MASKED;ATGGTGCTGCCAATGAGC	INDEL;IDV=5;IMF=1;DP=5;VDB=0.00187095;SGB=-0.590765;MQ0F=0;AC=2;AN=2;DP4=0,0,5,0;MQ=60;RB=1,190025414,190025822,ATG,AAT
12	127306841	NA	TAC	T	173	MASKED;TATATATATACACACACG	INDEL;IDV=7;IMF=1;DP=7;VDB=6.71664e-05;SGB=-0.636426;MQ0F=0;AC=2;AN=2;DP4=0,0,0,7;MQ=60;RB=12,127306579,127306882,ATT,GAG
13	93266393	NA	TAA	T	225	PASS;ACCAAATATAATTTATTT	INDEL;IDV=13;IMF=1;DP=13;VDB=2.26006e-08;SGB=-0.683931;MQ0F=0;AC=2;AN=2;DP4=0,0,13,0;MQ=60;RB=13,93266329,93266624,CAA,TTA
1	107480509	NA	AC	A	85	MASKED;TGAAAACAACCTTTGCAC	INDEL;IDV=5;IMF=1;DP=5;VDB=0.00187095;SGB=-0.590765;MQ0F=0;AC=2;AN=2;DP4=0,0,0,5;MQ=60;RB=1,107479967,107480608,CTC,GGA
11	55851379	NA	CAT	C	221	MASKED;CATGCACACATGTGAACA	INDEL;IDV=8;IMF=1;DP=8;VDB=1.33331e-05;SGB=-0.651104;MQ0F=0;AC=2;AN=2;DP4=0,0,8,0;MQ=60;RB=11,55851346,55851680,CTT,GTT
17	11374083	NA	ATG	A	155	MASKED;CCTGACAAATGTGTGCAG	INDEL;IDV=8;IMF=1;DP=8;VDB=0.000272497;SGB=-0.636426;MQ0F=0;AC=2;AN=2;DP4=0,0,0,7;MQ=60;RB=17,11373674,11374179,AAC,GTT
5	108632143	NA	AAAT	A	205	PASS;AAGAATATAAATAATATT	INDEL;IDV=6;IMF=1;DP=6;VDB=0.000411984;SGB=-0.616816;MQ0F=0;AC=2;AN=2;DP4=0,0,0,6;MQ=60;RB=5,108631909,108632180,CCT,CTT
1	70202972	NA	TAGTA	T	205	PASS;TCTCGTGATAGTAAGTCT	INDEL;IDV=6;IMF=1;DP=6;VDB=0.000411984;SGB=-0.616816;MQ0F=0;AC=2;AN=2;DP4=0,0,0,6;MQ=60;RB=1,70202784,70203017,TTT,TCT
15	65302040	NA	GA	G	73	MASKED;CCAGGCTGGAAGTGCAGT	INDEL;IDV=4;IMF=1;DP=4;VDB=0.0058656;SGB=-0.556411;MQ0F=0;AC=2;AN=2;DP4=0,0,0,4;MQ=60;RB=15,65301371,65302067,GGG,TTA
14	29991614	NA	GATTT	G	225	PASS;TCAAAGTAGATTTATTAC	INDEL;IDV=8;IMF=1;DP=8;VDB=1.33331e-05;SGB=-0.651104;MQ0F=0;AC=2;AN=2;DP4=0,0,0,8;MQ=60;RB=14,29991406,29991653,CCC,ATG
1	18622610	NA	G	GT	85	PASS;CTCCCGGAGTTTCTCAGT	INDEL;IDV=5;IMF=1;DP=5;VDB=0.00187095;SGB=-0.590765;MQ0F=0;AC=2;AN=2;DP4=0,0,5,0;MQ=60;RB=1,18622478,18622848,ATA,AAT
1	33826079	NA	TTAGA	T	225	NEI_IND[4/300];GTGCAATCTTAGATAAAT	INDEL;IDV=10;IMF=1;DP=10;VDB=6.99472e-07;SGB=-0.670168;MQ0F=0;AC=2;AN=2;DP4=0,0,10,0;MQ=60;RB=1,33825954,33826408,ATA,AGT
5	10617555	NA	T	TAA	224	PASS;TCTTTTTCTATTCAACCT	INDEL;IDV=7;IMF=1;DP=7;VDB=6.71664e-05;SGB=-0.636426;MQ0F=0;AC=2;AN=2;DP4=0,0,7,0;MQ=60;RB=5,10617505,10617742,TGC,ATA
7	155803118	NA	CATTATTG	C	205	MASKED;GTTGCATCCATTATTGAT	INDEL;IDV=6;IMF=1;DP=6;VDB=0.000411984;SGB=-0.616816;MQ0F=0;AC=2;AN=2;DP4=0,0,6,0;MQ=60;RB=7,155803014,155803435,TCC,TAG
9	121898745	NA	GAAA	G	85	MASKED;GAAAGAAAGAAAAAAAAA	INDEL;IDV=5;IMF=1;DP=5;VDB=0.00187095;SGB=-0.590765;MQ0F=0;AC=2;AN=2;DP4=0,0,0,5;MQ=60;RB=9,121898474,121898829,CCG,CTT
17	16452517	NA	TGAA	T	205	PASS;AAAACTGTTGAATAATTT	INDEL;IDV=7;IMF=1;DP=7;VDB=6.71664e-05;SGB=-0.636426;MQ0F=0;AC=2;AN=2;DP4=0,0,0,7;MQ=60;RB=17,16452323,16452648,CGT,GTT
5	24018406	NA	CTACA	C	225	MASKED;TCCCTGAGCTACATACAA	INDEL;IDV=8;IMF=1;DP=8;VDB=1.33331e-05;SGB=-0.651104;MQ0F=0;AC=2;AN=2;DP4=0,0,0,8;MQ=60;RB=5,24018197,24018541,GTC,ACG
10	109470479	NA	CTGTA	C	224	MASKED;ACTATTACCTGTATGTAT	INDEL;IDV=7;IMF=1;DP=7;VDB=6.71664e-05;SGB=-0.636426;MQ0F=0;AC=2;AN=2;DP4=0,0,7,0;MQ=60;RB=10,109470384,109470693,AAT,GGG
2	109097326	NA	TAAC	T	191	MASKED;TGCCTACATAACAAACCT	INDEL;IDV=6;IMF=1;DP=6;VDB=0.000411984;SGB=-0.616816;MQ0F=0;AC=2;AN=2;DP4=0,0,0,6;MQ=60;RB=2,109097056,109097399,TGA,CGT
7	107764864	NA	GTA	G	103	PASS;GCCAAAGAGTATATGTGT	INDEL;IDV=5;IMF=1;DP=5;VDB=0.00187095;SGB=-0.590765;MQ0F=0;AC=2;AN=2;DP4=0,0,0,5;MQ=60;RB=7,107764697,107764931,TCT,CCT
6	5080030	NA	TA	T	80	PASS;TGGAGTGTTAACTTTGTT	INDEL;IDV=11;IMF=1;DP=11;VDB=2.26006e-08;SGB=-0.676189;MQ0F=0;AC=2;AN=2;DP4=0,0,0,11;MQ=60;RB=6,5079871,5080110,ACC,ACC
2	62373280	NA	ATAAAC	A	224	NEI_IND[5/446];TGGTATAAATAAACTACT	INDEL;IDV=7;IMF=1;DP=7;VDB=6.71664e-05;SGB=-0.636426;MQ0F=0;AC=2;AN=2;DP4=0,0,0,7;MQ=60;RB=2,62373060,62373324,AAA,AAG
8	143789531	NA	TTCTA	T	224	MASKED;TAGAAGTGTTCTATCTAA	INDEL;IDV=7;IMF=0.875;DP=7;VDB=6.71664e-05;SGB=-0.636426;MQ0F=0;AC=2;AN=2;DP4=0,0,0,7;MQ=60;RB=8,143788795,143789576,TTA,CTT
2	49715927	NA	TATGCAC	T,TAC	193	MASKED;TATATATATATGCACACA	INDEL;IDV=8;IMF=1;DP=8;VDB=2.02372e-05;SGB=-0.651104;MQ0F=0;AC=1,1;AN=2;DP4=0,0,0,8;MQ=60;RB=2,49715532,49716014,TGA,GCA
12	42029728	NA	ATGT	A	225	MASKED;TAAATGAGATGTTGTTTT	INDEL;IDV=10;IMF=1;DP=10;VDB=6.99472e-07;SGB=-0.670168;MQ0F=0;AC=2;AN=2;DP4=0,0,0,10;MQ=60;RB=12,42029409,42029755,CTT,GGC
2	4528098	NA	CTGGCTAT	C	205	PASS;CGTTTCTGCTGGCTATAA	INDEL;IDV=6;IMF=1;DP=6;VDB=0.000411984;SGB=-0.616816;MQ0F=0;AC=2;AN=2;DP4=0,0,6,0;MQ=60;RB=2,4528029,4528754,GGA,TTT
5	97446036	NA	CT	C	69	MASKED;ATTCACATCTTTTGCAGA	INDEL;IDV=7;IMF=1;DP=7;VDB=6.71664e-05;SGB=-0.636426;MQ0F=0;AC=2;AN=2;DP4=0,0,0,7;MQ=60;RB=5,97445505,97446135,CCT,GCG
8	108986270	NA	CA	C	94	MASKED;TCCTCAAACAAACATGCA	INDEL;IDV=6;IMF=1;DP=6;VDB=0.000411984;SGB=-0.616816;MQ0F=0;AC=2;AN=2;DP4=0,0,0,6;MQ=60;RB=8,108985971,108986387,GAC,TGT
11	55851379	NA	CAT	C	142	MASKED;CATGCACACATGTGAACA	INDEL;IDV=4;IMF=1;DP=4;VDB=0.0058656;SGB=-0.556411;MQ0F=0;AC=2;AN=2;DP4=0,0,4,0;MQ=60;RB=11,55851346,55851806,TTT,AAT
12	71100823	NA	CA	C	128	PASS;CTGATGAACATTTGAGGG	INDEL;IDV=7;IMF=1;DP=7;VDB=6.71664e-05;SGB=-0.636426;MQ0F=0;AC=2;AN=2;DP4=0,0,0,7;MQ=60;RB=12,71100620,71100885,AAT,ATG
18	18671011	NA	A	AT	4.38292	NEI_IND[69/864];ATATGTGGATTTTTTTTT	INDEL;IDV=6;IMF=1;DP=6;VDB=0.00187095;SGB=-0.590765;MQ0F=0;AC=2;AN=2;DP4=0,0,5,0;MQ=60;RB=18,18670992,18671524,CTT,AAC
18	18671500	NA	GT	G	98	PASS;AGGCAGAGGTTGCAGTGA	INDEL;IDV=6;IMF=1;DP=6;VDB=0.000411984;SGB=-0.616816;MQ0F=0;AC=2;AN=2;DP4=0,0,0,6;MQ=60;RB=18,18670992,18671524,CTT,AAC
2	127101750	NA	TG	T	138	MASKED;ACCCAGCGTGGAGTGCAG	INDEL;IDV=14;IMF=1;DP=14;VDB=2.26006e-08;SGB=-0.686358;MQ0F=0;AC=2;AN=2;DP4=0,0,0,14;MQ=60;RB=2,127101404,127101778,CTT,TAT
8	73067911	NA	C	CAGAGAGAG,CAGAG	192	NEI_IND[72/238];CACACACACAGAGAGAGA	INDEL;IDV=7;IMF=1;DP=7;VDB=0.000186402;SGB=-0.636426;MQ0F=0;AC=1,1;AN=2;DP4=0,0,0,7;MQ=60;RB=8,73067260,73068000,CAG,GTA
5	76536481	NA	GTGTTATACCCACAC	G	225	PASS;TATTTAAAGTGTTATACC	INDEL;IDV=9;IMF=1;DP=9;VDB=5.52906e-06;SGB=-0.662043;MQ0F=0;AC=2;AN=2;DP4=0,0,0,9;MQ=60;RB=5,76536059,76536558,CCT,GTT
20	44258874	NA	TTTG	T	165	MASKED;TATGCACATTTGTGAGGA	INDEL;IDV=5;IMF=1;DP=5;VDB=0.00187095;SGB=-0.590765;MQ0F=0;AC=2;AN=2;DP4=0,0,5,0;MQ=60;RB=20,44258758,44259564,TCC,TAT
3	5378674	NA	CCATT	C	225	NEI_IND[4/220];GTTGCTCTCCATTCAGGG	INDEL;IDV=9;IMF=1;DP=9;VDB=5.52906e-06;SGB=-0.662043;MQ0F=0;AC=2;AN=2;DP4=0,0,0,9;MQ=60;RB=3,5378309,5378768,ACT,GAT
11	58663249	NA	AG	A	134	PASS;AAGCCAAAAGCTTGCATA	INDEL;IDV=11;IMF=1;DP=11;VDB=1.03095e-06;SGB=-0.670168;MQ0F=0;AC=2;AN=2;DP4=0,0,0,10;MQ=60;RB=11,58662675,58663378,TTT,TAA
19	2568662	NA	TACAC	T	154	NEI_IND[29/584];TATACACATACACATACA	INDEL;IDV=4;IMF=1;DP=4;VDB=0.0058656;SGB=-0.556411;MQ0F=0;AC=2;AN=2;DP4=0,0,4,0;MQ=60;RB=19,2568528,2568837,TTT,TCG
3	153095049	NA	AC	A	99	PASS;AAAAGCATACAAAATATT	INDEL;IDV=5;IMF=1;DP=5;VDB=0.00187095;SGB=-0.590765;MQ0F=0;AC=2;AN=2;DP4=0,0,0,5;MQ=60;RB=3,153094619,153095064,TAT,ATT
17	36512125	NA	TGTGGTAGTGTGCAC	T	225	MASKED;CAGTTGGGTGTGGTAGTG	INDEL;IDV=8;IMF=1;DP=8;VDB=1.33331e-05;SGB=-0.651104;MQ0F=0;AC=2;AN=2;DP4=0,0,0,8;MQ=60;RB=17,36511847,36512224,GGT,CTG
7	107764864	NA	GTA	G	195	PASS;GCCAAAGAGTATATGTGT	INDEL;IDV=9;IMF=1;DP=9;VDB=5.52906e-06;SGB=-0.662043;MQ0F=0;AC=2;AN=2;DP4=0,0,0,9;MQ=60;RB=7,107764697,107764998,ATA,CTT
9	121127165	NA	TA	T	43.4147	MASKED;ATGCTTATTAAAAAATGC	INDEL;IDV=10;IMF=1;DP=10;VDB=6.99472e-07;SGB=-0.670168;MQ0F=0;AC=2;AN=2;DP4=0,0,0,10;MQ=60;RB=9,121127014,121127272,TGT,CGG
8	124752470	NA	CGT	C	192	MASKED;TGTGCACACGTGTGTGTG	INDEL;IDV=11;IMF=1;DP=11;VDB=2.26006e-08;SGB=-0.676189;MQ0F=0;AC=2;AN=2;DP4=0,0,11,0;MQ=60;RB=8,124752445,124752980,AAG,AGA
3	177542882	NA	TAGG	T	224	PASS;AGGAGAAATAGGAGAAGG	INDEL;IDV=7;IMF=1;DP=7;VDB=6.71664e-05;SGB=-0.636426;MQ0F=0;AC=2;AN=2;DP4=0,0,0,7;MQ=60;RB=3,177542632,177542974,TTT,TGA
18	59332304	NA	GT	G	26.4242	MASKED;TTTTGTTTGTTTTTTTGC	INDEL;IDV=8;IMF=1;DP=8;VDB=1.33331e-05;SGB=-0.651104;MQ0F=0;AC=2;AN=2;DP4=0,0,0,8;MQ=60;RB=18,59332010,59332350,ATG,CGT
20	2665956	NA	AG	A	159	PASS;CAGGCTATAGTGCAGTGG	INDEL;IDV=14;IMF=1;DP=14;VDB=2.26006e-08;SGB=-0.686358;MQ0F=0;AC=2;AN=2;DP4=0,0,0,14;MQ=60;RB=20,2665634,2665981,ATA,GTT
10	55797315	NA	TA	T	105	MASKED;CACAATGCTAATTGCAGT	INDEL;IDV=6;IMF=1;DP=6;VDB=0.000411984;SGB=-0.616816;MQ0F=0;AC=2;AN=2;DP4=0,0,0,6;MQ=60;RB=10,55797100,55797373,TTT,CCA
9	121898745	NA	GAAA	G	97	MASKED;GAAAGAAAGAAAAAAAAA	INDEL;IDV=6;IMF=1;DP=6;VDB=0.000411984;SGB=-0.616816;MQ0F=0;AC=2;AN=2;DP4=0,0,0,6;MQ=60;RB=9,121898473,121898829,TCT,TTT
2	127101750	NA	TG	T	110	MASKED;ACCCAGCGTGGAGTGCAG	INDEL;IDV=7;IMF=1;DP=7;VDB=6.71664e-05;SGB=-0.636426;MQ0F=0;AC=2;AN=2;DP4=0,0,0,7;MQ=60;RB=2,127101241,127101777,TGA,ACC
17	2417516	NA	TAC	T	218	MASKED;CATATATATACACACACA	INDEL;IDV=19;IMF=1;DP=19;VDB=1.29641e-11;SGB=-0.691153;MQ0F=0;AC=2;AN=2;DP4=0,0,0,18;MQ=60;RB=17,2417198,2417626,TCG,GTT
13	41789244	NA	TA	T	101	PASS;GCGTAACATAGCAAGACC	INDEL;IDV=6;IMF=1;DP=6;VDB=0.000411984;SGB=-0.616816;MQ0F=0;AC=2;AN=2;DP4=0,0,0,6;MQ=60;RB=13,41789061,41789292,CTT,CGC
4	117485228	NA	CCAAA	C	182	PASS;AGAATAGACCAAACAGAG	INDEL;IDV=5;IMF=1;DP=5;VDB=0.00187095;SGB=-0.590765;MQ0F=0;AC=2;AN=2;DP4=0,0,5,0;MQ=60;RB=4,117485203,117485489,CGG,CTT
9	121898745	NA	GAAA	G	106	MASKED;GAAAGAAAGAAAAAAAAA	INDEL;IDV=7;IMF=1;DP=7;VDB=6.71664e-05;SGB=-0.636426;MQ0F=0;AC=2;AN=2;DP4=0,0,0,7;MQ=60;RB=9,121898474,121898829,TTC,CTA
8	99288294	NA	T	TA	137	PASS;ACATTTGTTACATTTCAT	INDEL;IDV=7;IMF=1;DP=7;VDB=6.71664e-05;SGB=-0.636426;MQ0F=0;AC=2;AN=2;DP4=0,0,7,0;MQ=60;RB=8,99288253,99288610,TGA,GCC
7	135503532	NA	AG	A	112	PASS;GATGAGACAGGATCGATC	INDEL;IDV=7;IMF=1;DP=7;VDB=6.71664e-05;SGB=-0.636426;MQ0F=0;AC=2;AN=2;DP4=0,0,0,7;MQ=60;RB=7,135503133,135503622,TAA,TTA
11	80612043	NA	CCTACATACAGGCT	C	225	MASKED;TCTTTTCACCTACATACA	INDEL;IDV=13;IMF=1;DP=13;VDB=2.26006e-08;SGB=-0.683931;MQ0F=0;AC=2;AN=2;DP4=0,0,0,13;MQ=60;RB=11,80611860,80612134,TAG,TCA
16	65759429	NA	TC	T	105	PASS;TTTTTAATTCCTTTTTTC	INDEL;IDV=6;IMF=1;DP=6;VDB=0.000411984;SGB=-0.616816;MQ0F=0;AC=2;AN=2;DP4=0,0,6,0;MQ=60;RB=16,65759387,65759858,CAC,TCA
4	173409067	NA	ATTT	A	134	NEI_IND[3/259];ATAGAATTATTTTTAAAA	INDEL;IDV=8;IMF=1;DP=8;VDB=1.33331e-05;SGB=-0.651104;MQ0F=0;AC=2;AN=2;DP4=0,0,0,8;MQ=60;RB=4,173408897,173409173,ATC,CGC
4	62343086	NA	TAC	T	104	MASKED;AGTGATGTTACACACACA	INDEL;IDV=8;IMF=1;DP=8;VDB=6.71664e-05;SGB=-0.636426;MQ0F=0;AC=2;AN=2;DP4=0,0,0,7;MQ=60;RB=4,62342917,62343126,AAT,GAC
18	59332304	NA	GT	G	28.4205	MASKED;TTTTGTTTGTTTTTTTGC	INDEL;IDV=10;IMF=1;DP=10;VDB=6.99472e-07;SGB=-0.670168;MQ0F=0;AC=2;AN=2;DP4=0,0,0,10;MQ=60;RB=18,59332009,59332350,TGT,ACT
10	97408991	NA	AGTTGGG	A	121	NEI_IND[6/237];GATCACGAAGTTGGGTGC	INDEL;IDV=3;IMF=0.75;DP=3;VDB=0.0221621;SGB=-0.511536;MQ0F=0;AC=2;AN=2;DP4=0,0,0,3;MQ=60;RB=10,97408811,97409021,ATA,GTC
6	45063196	NA	AATCCAG	A	205	NEI_IND[6/331];TGCATTTTAATCCAGATC	INDEL;IDV=6;IMF=1;DP=6;VDB=0.000411984;SGB=-0.616816;MQ0F=0;AC=2;AN=2;DP4=0,0,6,0;MQ=60;RB=6,45063131,45063401,ACT,GAG
14	82321249	NA	TAGA	T	225	PASS;TGCCCCAGTAGATAATCC	INDEL;IDV=14;IMF=1;DP=14;VDB=2.26006e-08;SGB=-0.686358;MQ0F=0;AC=2;AN=2;DP4=0,0,0,14;MQ=60;RB=14,82320837,82321349,CGG,TTT
4	83330090	NA	TAATA	T	182	PASS;AGATGCTCTAATATATTA	INDEL;IDV=5;IMF=1;DP=5;VDB=0.00187095;SGB=-0.590765;MQ0F=0;AC=2;AN=2;DP4=0,0,5,0;MQ=60;RB=4,83330011,83330548,GTA,GAA
12	14379706	NA	GTGTATA	G	225	MASKED;CTACTACCGTGTATATGT	INDEL;IDV=12;IMF=1;DP=12;VDB=2.26006e-08;SGB=-0.680642;MQ0F=0;AC=2;AN=2;DP4=0,0,0,12;MQ=60;RB=12,14379199,14379747,ATT,GAG
7	134728559	NA	AT	A	45.4146	MASKED;AATAGTAAATTTTATTGC	INDEL;IDV=4;IMF=1;DP=4;VDB=0.0058656;SGB=-0.556411;MQ0F=0;AC=2;AN=2;DP4=0,0,0,4;MQ=60;RB=7,134728117,134728684,ACA,GTT
1	119043282	NA	AG	A	99	PASS;CTATAGTGAGGTTTGTGG	INDEL;IDV=6;IMF=1;DP=6;VDB=0.000411984;SGB=-0.616816;MQ0F=0;AC=2;AN=2;DP4=0,0,0,6;MQ=60;RB=1,119042496,119043339,CAC,CTC
2	233366667	NA	T	TG	113	PASS;GTGACACATGGGCCTCAT	INDEL;IDV=8;IMF=1;DP=8;VDB=1.33331e-05;SGB=-0.651104;MQ0F=0;AC=2;AN=2;DP4=0,0,0,8;MQ=60;RB=2,233366302,233366736,CGG,AGA
4	111977208	NA	CAAAA	C	225	MASKED;CAATCAGACAAAAGAAAG	INDEL;IDV=14;IMF=1;DP=14;VDB=2.26006e-08;SGB=-0.686358;MQ0F=0;AC=2;AN=2;DP4=0,0,0,14;MQ=60;RB=4,111976911,111977308,GCG,ATA
16	63036307	NA	GGAAAGC	G	225	NEI_IND[6/466];CTTACATGGGAAAGCTGC	INDEL;IDV=9;IMF=1;DP=9;VDB=5.52906e-06;SGB=-0.662043;MQ0F=0;AC=2;AN=2;DP4=0,0,0,9;MQ=60;RB=16,63036051,63036328,AAT,GGT
5	18282205	NA	TC	T	91	PASS;AGCATCCTTCCCATGGAT	INDEL;IDV=6;IMF=1;DP=6;VDB=0.000411984;SGB=-0.616816;MQ0F=0;AC=2;AN=2;DP4=0,0,0,6;MQ=60;RB=5,18282006,18282279,TCC,ATA
18	58305810	NA	CAA	C	92	MASKED;AAGAATGGCAAAAAGTGC	INDEL;IDV=4;IMF=1;DP=4;VDB=0.0058656;SGB=-0.556411;MQ0F=0;AC=2;AN=2;DP4=0,0,0,4;MQ=60;RB=18,58305618,58305860,GAT,GTG
2	28768114	NA	CCCAGTG	C	182	MASKED;TCCGGTTTCCCAGTGCCA	INDEL;IDV=5;IMF=1;DP=5;VDB=0.00187095;SGB=-0.590765;MQ0F=0;AC=2;AN=2;DP4=0,0,0,5;MQ=60;RB=2,28767911,28768142,GAG,ATT
5	179553984	NA	GA	G	61	MASKED;TGAGAAGTGAAAAATGCA	INDEL;IDV=12;IMF=1;DP=12;VDB=2.26006e-08;SGB=-0.680642;MQ0F=0;AC=2;AN=2;DP4=0,0,0,12;MQ=60;RB=5,179553783,179554042,TTT,GTC
20	44258874	NA	TTTG	T	197	MASKED;TATGCACATTTGTGAGGA	INDEL;IDV=7;IMF=0.875;DP=7;VDB=0.000411984;SGB=-0.616816;MQ0F=0;AC=2;AN=2;DP4=0,0,6,0;MQ=60;RB=20,44258757,44259563,TTA,CCG
10	25417129	NA	CT	C	114	MASKED;CTGTACCACTTTGCAGCT	INDEL;IDV=8;IMF=1;DP=8;VDB=1.33331e-05;SGB=-0.651104;MQ0F=0;AC=2;AN=2;DP4=0,0,0,8;MQ=60;RB=10,25416934,25417191,ATT,TTA
11	22292053	NA	TACTTCTTTCTG	T	225	MASKED;GCTCCAGATACTTCTTTC	INDEL;IDV=9;IMF=1;DP=9;VDB=5.52906e-06;SGB=-0.662043;MQ0F=0;AC=2;AN=2;DP4=0,0,0,9;MQ=60;RB=11,22291677,22292171,GCA,CGG
13	31968532	NA	CA	C	53	MASKED;ATATTGCACAAAAACAAA	INDEL;IDV=8;IMF=1;DP=8;VDB=1.33331e-05;SGB=-0.651104;MQ0F=0;AC=2;AN=2;DP4=0,0,8,0;MQ=60;RB=13,31968508,31968903,CTT,CAA
18	46445134	NA	AC	A	138	PASS;CCAGGATGACCACTTGGC	INDEL;IDV=12;IMF=1;DP=12;VDB=2.26006e-08;SGB=-0.680642;MQ0F=0;AC=2;AN=2;DP4=0,0,12,0;MQ=60;RB=18,46445023,46445413,TAG,CAC
1	13909013	NA	GTTACCTGGGAGATC	G	205	MASKED;GACAAGACGTTACCTGGG	INDEL;IDV=6;IMF=1;DP=6;VDB=0.000411984;SGB=-0.616816;MQ0F=0;AC=2;AN=2;DP4=0,0,0,6;MQ=60;RB=1,13908660,13909071,GAT,CTC
1	33826079	NA	TTAGA	T	224	NEI_IND[4/300];GTGCAATCTTAGATAAAT	INDEL;IDV=7;IMF=1;DP=7;VDB=9.50611e-05;SGB=-0.636426;MQ0F=0;AC=2;AN=2;DP4=0,0,7,0;MQ=60;RB=1,33825954,33826408,TAA,GTT
10	1479444	NA	TATACAC	T	225	MASKED;CACATATATATACACACA	INDEL;IDV=11;IMF=1;DP=11;VDB=2.26006e-08;SGB=-0.676189;MQ0F=0;AC=2;AN=2;DP4=0,0,0,11;MQ=60;RB=10,1479239,1479564,TCG,ACT
1	221641549	NA	A	AT	17.4922	PASS;AAGTCATGATTTTTTTTA	INDEL;IDV=8;IMF=1;DP=8;VDB=1.33331e-05;SGB=-0.651104;MQ0F=0;AC=2;AN=2;DP4=0,0,0,8;MQ=60;RB=1,221640927,221641620,TAG,TGC
9	104948305	NA	GC	G	77	MASKED;AATAACCTGCCATCCATG	INDEL;IDV=4;IMF=1;DP=4;VDB=0.0058656;SGB=-0.556411;MQ0F=0;AC=2;AN=2;DP4=0,0,4,0;MQ=60;RB=9,104948225,104948722,ACC,CTA
11	109396289	NA	CAAAA	C	141	MASKED;AACAAAAACAAAAAAAAA	INDEL;IDV=6;IMF=1;DP=6;VDB=0.000411984;SGB=-0.616816;MQ0F=0;AC=2;AN=2;DP4=0,0,6,0;MQ=60;RB=11,109396213,109396509,CCG,GTT
11	99052258	NA	A	AGTACC	224	PASS;ACATAGCCAGTACCGACT	INDEL;IDV=7;IMF=1;DP=7;VDB=6.71664e-05;SGB=-0.636426;MQ0F=0;AC=2;AN=2;DP4=0,0,0,7;MQ=60;RB=11,99051950,99052282,GTT,TGT
3	154683958	NA	TA	T	127	PASS;AAATATACTATACATTGA	INDEL;IDV=7;IMF=1;DP=7;VDB=6.71664e-05;SGB=-0.636426;MQ0F=0;AC=2;AN=2;DP4=0,0,7,0;MQ=60;RB=3,154683871,154684315,TGT,TAC
6	37811988	NA	C	CT	132	PASS;GTGAGCCACTGCACCTGG	INDEL;IDV=8;IMF=1;DP=8;VDB=1.33331e-05;SGB=-0.651104;MQ0F=0;AC=2;AN=2;DP4=0,0,0,8;MQ=60;RB=6,37811750,37812109,GTA,TAT
8	2758692	NA	TTA	T	162	MASKED;TTTCCACTTTATGTTAAT	INDEL;IDV=6;IMF=1;DP=6;VDB=0.000411984;SGB=-0.616816;MQ0F=0;AC=2;AN=2;DP4=0,0,0,6;MQ=60;RB=8,2758338,2758708,TGA,GTT
7	98763615	NA	TAA	T	201	MASKED;TGGTTGTTTAAAAGTGTG	INDEL;IDV=10;IMF=1;DP=10;VDB=6.99472e-07;SGB=-0.670168;MQ0F=0;AC=2;AN=2;DP4=0,0,0,10;MQ=60;RB=7,98763142,98763740,TCA,CCG
1	22682307	NA	TTA	T	218	MASKED;TCTGCATCTTAATCTCTT	INDEL;IDV=8;IMF=1;DP=8;VDB=1.33331e-05;SGB=-0.651104;MQ0F=0;AC=2;AN=2;DP4=0,0,8,0;MQ=60;RB=1,22682200,22682501,TCT,GTA
10	7358845	NA	AAC	A	128	MASKED;CACACATAAACACACACA	INDEL;IDV=5;IMF=1;DP=5;VDB=0.00187095;SGB=-0.590765;MQ0F=0;AC=2;AN=2;DP4=0,0,0,5;MQ=60;RB=10,7358542,7358883,CTT,TCA
22	32485313	NA	CA	C	113	PASS;AGAATAGGCAGCCTTTAG	INDEL;IDV=6;IMF=1;DP=6;VDB=0.000411984;SGB=-0.616816;MQ0F=0;AC=2;AN=2;DP4=0,0,0,6;MQ=60;RB=22,32484837,32485330,CCT,CCC
6	80405522	NA	C	CTAA	205	PASS;TAAGACTGCTTTACATAT	INDEL;IDV=6;IMF=1;DP=6;VDB=0.000411984;SGB=-0.616816;MQ0F=0;AC=2;AN=2;DP4=0,0,0,6;MQ=60;RB=6,80405256,80405537,ATT,CCT
1	62005162	NA	TTTTG	T	225	MASKED;TTTTTGTTTTTTGTTTGT	INDEL;IDV=9;IMF=1;DP=9;VDB=3.66709e-05;SGB=-0.662043;MQ0F=0;AC=2;AN=2;DP4=0,0,0,9;MQ=60;RB=1,62004507,62005220,TAT,GAA
X	145825603	NA	ACT	A	225	PASS;GCCCTCTTACTTTTTGTC	INDEL;IDV=8;IMF=1;DP=8;VDB=1.33331e-05;SGB=-0.651104;MQ0F=0;AC=2;AN=2;DP4=0,0,8,0;MQ=60;RB=X,145825538,145825851,CGT,CCT
13	61748920	NA	TAAC	T	224	MASKED;ACTGCACTTAACAACAGA	INDEL;IDV=7;IMF=1;DP=7;VDB=6.71664e-05;SGB=-0.636426;MQ0F=0;AC=2;AN=2;DP4=0,0,7,0;MQ=60;RB=13,61748882,61749142,GGC,AGG
6	50769356	NA	TG	T	80	MASKED;GCCCAGGCTGGGGTGCAA	INDEL;IDV=10;IMF=1;DP=10;VDB=6.99472e-07;SGB=-0.670168;MQ0F=0;AC=2;AN=2;DP4=0,0,0,10;MQ=60;RB=6,50769115,50769384,TTA,GTT
