CHROM	POS	ID	REF	ALT	QUAL	FILTER	INFO
10	72236661	NA	GTAT	G	224	NEI_IND[3/181];GTATGTGTGTATTATGTG	INDEL;IDV=7;IMF=1;DP=7;VDB=6.71664e-05;SGB=-0.636426;MQ0F=0;AC=2;AN=2;DP4=0,0,0,7;MQ=60;RB=10,72236312,72236729,GCC,CTA
2	191109979	NA	AT	A	105	PASS;GCTTCTAAATTGTAGAGA	INDEL;IDV=6;IMF=1;DP=6;VDB=0.000411984;SGB=-0.616816;MQ0F=0;AC=2;AN=2;DP4=0,0,6,0;MQ=60;RB=2,191109923,191110184,GGA,TGA
2	10259430	NA	AAAAT	A	225	MASKED;TGCACAAAAAAATAAATC	INDEL;IDV=12;IMF=1;DP=12;VDB=2.26006e-08;SGB=-0.680642;MQ0F=0;AC=2;AN=2;DP4=0,0,12,0;MQ=60;RB=2,10259405,10259824,TGA,TTT
4	125867169	NA	ATATTT	A	225	NEI_IND[5/101];TCCCCAAGATATTTTATT	INDEL;IDV=12;IMF=1;DP=12;VDB=2.26006e-08;SGB=-0.680642;MQ0F=0;AC=2;AN=2;DP4=0,0,0,12;MQ=60;RB=4,125866613,125867185,ATT,GTT
5	173811756	NA	CGGTGTG	C	224	MASKED;TGCACACACGGTGTGTTA	INDEL;IDV=7;IMF=1;DP=7;VDB=6.71664e-05;SGB=-0.636426;MQ0F=0;AC=2;AN=2;DP4=0,0,7,0;MQ=60;RB=5,173811725,173811975,GAA,GCT
7	156947931	NA	C	CTTTTAACAT	224	PASS;AATGTTAACTTTTAACAT	INDEL;IDV=7;IMF=1;DP=7;VDB=6.71664e-05;SGB=-0.636426;MQ0F=0;AC=2;AN=2;DP4=0,0,7,0;MQ=60;RB=7,156947863,156948560,AAG,TCA
7	50708853	NA	ACTCTTGCTTG	A	219	NEI_IND[6/258];TCTTCCTCACTCTTGCTT	INDEL;IDV=7;IMF=1;DP=7;VDB=6.71664e-05;SGB=-0.636426;MQ0F=0;AC=2;AN=2;DP4=0,0,0,7;MQ=60;RB=7,50708271,50708929,GTT,CCC
4	36623560	NA	TG	T	142	MASKED;AGGCGTGGTGGCACACAC	INDEL;IDV=12;IMF=1;DP=12;VDB=2.26006e-08;SGB=-0.680642;MQ0F=0;AC=2;AN=2;DP4=0,0,0,12;MQ=60;RB=4,36623202,36623631,ATG,GGG
11	25799694	NA	TAC	T	160	MASKED;CATACACATACACACACA	INDEL;IDV=7;IMF=1;DP=7;VDB=6.71664e-05;SGB=-0.636426;MQ0F=0;AC=2;AN=2;DP4=0,0,0,7;MQ=60;RB=11,25799269,25799823,CTC,TGT
3	164153120	NA	C	CT	39.4149	NEI_IND[19/540];ATGGGTTTCTTTTTTATT	INDEL;IDV=8;IMF=1;DP=8;VDB=1.33331e-05;SGB=-0.651104;MQ0F=0;AC=2;AN=2;DP4=0,0,8,0;MQ=60;RB=3,164153071,164153816,TGA,CAT
3	164153720	NA	TG	T	121	MASKED;TTGATGGTTGGCACATTG	INDEL;IDV=8;IMF=1;DP=8;VDB=1.33331e-05;SGB=-0.651104;MQ0F=0;AC=2;AN=2;DP4=0,0,0,8;MQ=60;RB=3,164153071,164153816,TGA,CAT
6	48351881	NA	AG	A	103	PASS;TTTCTTCTAGATTTTCTA	INDEL;IDV=5;IMF=1;DP=5;VDB=0.00187095;SGB=-0.590765;MQ0F=0;AC=2;AN=2;DP4=0,0,0,5;MQ=60;RB=6,48351433,48351933,GCC,TTG
10	109523463	NA	CCTAT	C	224	MASKED;CTAGGATACCTATCTATA	INDEL;IDV=7;IMF=1;DP=7;VDB=6.71664e-05;SGB=-0.636426;MQ0F=0;AC=2;AN=2;DP4=0,0,0,7;MQ=60;RB=10,109522990,109523556,CGG,TAC
1	111434170	NA	CTGGTG	C	225	NEI_IND[5/358];TGAAGAGGCTGGTGTGGG	INDEL;IDV=11;IMF=1;DP=11;VDB=6.99472e-07;SGB=-0.670168;MQ0F=0;AC=2;AN=2;DP4=0,0,0,10;MQ=60;RB=1,111433697,111434272,CCG,CTG
10	74813674	NA	CTT	C	14.5685	MASKED;ATACATCTCTTTTTTTTT	INDEL;IDV=4;IMF=1;DP=4;VDB=0.00911214;SGB=-0.556411;MQ0F=0;AC=2;AN=2;DP4=0,0,0,4;MQ=60;RB=10,74812780,74813726,AAA,ATT
20	51727272	NA	TTAAAA	T	225	MASKED;AGATAACATTAAAATAAA	INDEL;IDV=16;IMF=1;DP=16;VDB=2.26006e-08;SGB=-0.686358;MQ0F=0;AC=2;AN=2;DP4=0,0,0,14;MQ=60;RB=20,51726932,51727405,TAT,ATA
22	37432836	NA	GT	G	135	PASS;GCATGGTGGTTGCACACC	INDEL;IDV=10;IMF=1;DP=10;VDB=6.99472e-07;SGB=-0.670168;MQ0F=0;AC=2;AN=2;DP4=0,0,0,10;MQ=60;RB=22,37432417,37432910,CAT,TGA
2	139469810	NA	TGAGTAA	T	205	MASKED;GCATTACATGAGTAAAAC	INDEL;IDV=6;IMF=1;DP=6;VDB=0.000411984;SGB=-0.616816;MQ0F=0;AC=2;AN=2;DP4=0,0,6,0;MQ=60;RB=2,139469736,139470320,AAA,GTT
1	184273144	NA	GT	G	140	PASS;TCCATGTTGTTGCAAATG	INDEL;IDV=12;IMF=0.923077;DP=13;VDB=2.26006e-08;SGB=-0.680642;MQ0F=0;AC=2;AN=2;DP4=0,0,0,12;MQ=60;RB=1,184272746,184273279,TTA,CGA
5	33024486	NA	CA	C	77	PASS;ATAGTATTCAAATAACTT	INDEL;IDV=5;IMF=1;DP=5;VDB=0.00187095;SGB=-0.590765;MQ0F=0;AC=2;AN=2;DP4=0,0,0,5;MQ=60;RB=5,33023403,33024498,TGA,CAT
6	107982577	NA	CCTTCCCTA	C	225	PASS;CACAATAACCTTCCCTAT	INDEL;IDV=8;IMF=1;DP=8;VDB=1.33331e-05;SGB=-0.651104;MQ0F=0;AC=2;AN=2;DP4=0,0,8,0;MQ=60;RB=6,107982550,107982848,ATG,TCA
6	152999595	NA	AT	A	64	PASS;ATTTTGTCATTTTAAGAA	INDEL;IDV=6;IMF=1;DP=6;VDB=0.000411984;SGB=-0.616816;MQ0F=0;AC=2;AN=2;DP4=0,0,0,6;MQ=60;RB=6,152999420,152999693,CTG,TCA
5	13543822	NA	CA	C	123	PASS;AACGGACTCAACTGGTTC	INDEL;IDV=9;IMF=1;DP=9;VDB=1.33331e-05;SGB=-0.651104;MQ0F=0;AC=2;AN=2;DP4=0,0,8,0;MQ=60;RB=5,13543766,13544625,AAT,TCT
7	13450921	NA	T	TG	42.4147	PASS;CTTGATTTTGGGGGGCAG	INDEL;IDV=9;IMF=1;DP=9;VDB=5.52906e-06;SGB=-0.662043;MQ0F=0;AC=2;AN=2;DP4=0,0,9,0;MQ=60;RB=7,13450836,13451350,ACG,GAT
11	110092735	NA	GTATAT	G	225	MASKED;ATGCAAATGTATATTATG	INDEL;IDV=11;IMF=1;DP=11;VDB=6.99472e-07;SGB=-0.670168;MQ0F=0;AC=2;AN=2;DP4=0,0,10,0;MQ=60;RB=11,110092641,110093019,ACA,GTT
8	68121855	NA	TCTC	T	225	PASS;TGTCCTGTTCTCCTCTAA	INDEL;IDV=9;IMF=1;DP=9;VDB=1.33331e-05;SGB=-0.651104;MQ0F=0;AC=2;AN=2;DP4=0,0,8,0;MQ=60;RB=8,68121792,68122059,CTA,ATG
4	36623560	NA	TG	T	121	MASKED;AGGCGTGGTGGCACACAC	INDEL;IDV=11;IMF=1;DP=11;VDB=5.52906e-06;SGB=-0.662043;MQ0F=0;AC=2;AN=2;DP4=0,0,0,9;MQ=60;RB=4,36623014,36623632,GTA,TGA
2	53072576	NA	TTTTA	T	225	MASKED;TTACAGATTTTTATTTAT	INDEL;IDV=9;IMF=1;DP=9;VDB=5.52906e-06;SGB=-0.662043;MQ0F=0;AC=2;AN=2;DP4=0,0,0,9;MQ=60;RB=2,53072118,53072609,CGG,TCT
11	58663249	NA	AG	A	89	PASS;AAGCCAAAAGCTTGCATA	INDEL;IDV=6;IMF=1;DP=6;VDB=0.00187095;SGB=-0.590765;MQ0F=0;AC=2;AN=2;DP4=0,0,0,5;MQ=60;RB=11,58662608,58663377,CTT,CCC
2	210057000	NA	CT	C	136	PASS;CAAATGTGCTTTAATATC	INDEL;IDV=14;IMF=1;DP=14;VDB=2.26006e-08;SGB=-0.686358;MQ0F=0;AC=2;AN=2;DP4=0,0,0,14;MQ=60;RB=2,210056550,210057060,GAT,ATC
22	38082083	NA	TAGTAC	T	225	PASS;AGTAGGGTTAGTACAGGA	INDEL;IDV=8;IMF=1;DP=8;VDB=1.33331e-05;SGB=-0.651104;MQ0F=0;AC=2;AN=2;DP4=0,0,8,0;MQ=60;RB=22,38081980,38082240,CTC,TGG
10	111968498	NA	GCCC	G	72	NEI_IND[15/249];CCACCGCCGCCCCCCCCC	INDEL;IDV=12;IMF=1;DP=12;VDB=2.26006e-08;SGB=-0.680642;MQ0F=0;AC=2;AN=2;DP4=0,0,12,0;MQ=60;RB=10,111968472,111968929,CCC,AAT
19	23189953	NA	T	TTTTCTTTTTAC	205	PASS;AGCTTTTTTTTTCTTTTT	INDEL;IDV=13;IMF=1;DP=13;VDB=2.7432e-08;SGB=-0.683931;MQ0F=0;AC=2;AN=2;DP4=0,0,0,13;MQ=60;RB=19,23189687,23190032,GGC,GCC
11	23365198	NA	AT	A	144	PASS;TAAGAGCTATTGCACATT	INDEL;IDV=12;IMF=1;DP=12;VDB=2.26006e-08;SGB=-0.680642;MQ0F=0;AC=2;AN=2;DP4=0,0,0,12;MQ=60;RB=11,23364929,23365270,GCT,TCG
1	242122706	NA	GGCTGGAGT	G	225	MASKED;GTGGCCCAGGCTGGAGTG	INDEL;IDV=8;IMF=1;DP=8;VDB=1.33331e-05;SGB=-0.651104;MQ0F=0;AC=2;AN=2;DP4=0,0,0,8;MQ=60;RB=1,242122429,242122744,TAC,CCG
7	55927806	NA	AG	A	134	MASKED;GGAGGCAGAGGTTGCAGT	INDEL;IDV=11;IMF=1;DP=11;VDB=2.26006e-08;SGB=-0.676189;MQ0F=0;AC=2;AN=2;DP4=0,0,0,11;MQ=60;RB=7,55927474,55927833,AAA,GCT
7	86111526	NA	GAAGA	G	225	MASKED;TTTGTTGTGAAGACAGAC	INDEL;IDV=11;IMF=1;DP=11;VDB=2.26006e-08;SGB=-0.676189;MQ0F=0;AC=2;AN=2;DP4=0,0,0,11;MQ=60;RB=7,86111281,86111609,CTG,CCT
19	30077465	NA	CTCTG	C	225	PASS;CCACTAGACTCTGTCTGG	INDEL;IDV=11;IMF=1;DP=11;VDB=2.26006e-08;SGB=-0.676189;MQ0F=0;AC=2;AN=2;DP4=0,0,11,0;MQ=60;RB=19,30077446,30077735,TAT,CCT
11	80612043	NA	CCTACATACAGGCT	C	225	MASKED;TCTTTTCACCTACATACA	INDEL;IDV=8;IMF=1;DP=8;VDB=1.33331e-05;SGB=-0.651104;MQ0F=0;AC=2;AN=2;DP4=0,0,0,8;MQ=60;RB=11,80611859,80612133,GTT,TTG
12	80922585	NA	CT	C	130	PASS;CCTAATTCCTTGTGTCTG	INDEL;IDV=9;IMF=1;DP=9;VDB=5.52906e-06;SGB=-0.662043;MQ0F=0;AC=2;AN=2;DP4=0,0,9,0;MQ=60;RB=12,80922555,80922841,TCC,CAT
8	8669681	NA	CGTAA	C	182	MASKED;GAGAAGCCCGTAAGTGTA	INDEL;IDV=5;IMF=1;DP=5;VDB=0.00187095;SGB=-0.590765;MQ0F=0;AC=2;AN=2;DP4=0,0,0,5;MQ=60;RB=8,8669164,8669718,GTG,TCG
8	34809379	NA	AT	A	131	PASS;AAAGAGGAATTATCCAGG	INDEL;IDV=11;IMF=1;DP=11;VDB=2.26006e-08;SGB=-0.676189;MQ0F=0;AC=2;AN=2;DP4=0,0,0,11;MQ=60;RB=8,34809046,34809466,GTC,TTC
3	190205504	NA	GCT	G	214	PASS;CAAGCTGTGCTCTCTCAG	INDEL;IDV=11;IMF=1;DP=11;VDB=2.26006e-08;SGB=-0.676189;MQ0F=0;AC=2;AN=2;DP4=0,0,11,0;MQ=60;RB=3,190205407,190205858,ACC,GTA
10	24807263	NA	A	ATGCAAACTTCT	154	PASS;GGTATCATAAACGTTTGC	INDEL;IDV=4;IMF=1;DP=4;VDB=0.0058656;SGB=-0.556411;MQ0F=0;AC=2;AN=2;DP4=0,0,0,4;MQ=60;RB=10,24807033,24807355,CTT,TTG
2	53072576	NA	TTTTA	T	205	MASKED;TTACAGATTTTTATTTAT	INDEL;IDV=6;IMF=1;DP=6;VDB=0.000411984;SGB=-0.616816;MQ0F=0;AC=2;AN=2;DP4=0,0,0,6;MQ=60;RB=2,53072118,53072624,TTG,AGT
2	219647980	NA	CAAAAAAAA	C	156	NEI_IND[30/808];CTCTGTCTCAAAAAAAAA	INDEL;IDV=8;IMF=1;DP=8;VDB=1.33331e-05;SGB=-0.651104;MQ0F=0;AC=2;AN=2;DP4=0,0,8,0;MQ=60;RB=2,219647946,219648244,GAT,ACG
2	20448226	NA	T	TA	129	PASS;TCTGAACTTAAATTGTTT	INDEL;IDV=12;IMF=1;DP=12;VDB=2.26006e-08;SGB=-0.680642;MQ0F=0;AC=2;AN=2;DP4=0,0,0,12;MQ=60;RB=2,20447856,20448302,CGT,GTA
1	192223802	NA	GTTC	G	224	PASS;TCATTTCTGTTCTTCTTA	INDEL;IDV=7;IMF=1;DP=7;VDB=6.71664e-05;SGB=-0.636426;MQ0F=0;AC=2;AN=2;DP4=0,0,7,0;MQ=60;RB=1,192223766,192224020,TCT,GTG
4	108866004	NA	ATATT	A	225	NEI_IND[4/284];ATATATATATATTTATAT	INDEL;IDV=10;IMF=1;DP=10;VDB=6.99472e-07;SGB=-0.670168;MQ0F=0;AC=2;AN=2;DP4=0,0,0,10;MQ=60;RB=4,108865821,108866119,CAA,CCC
6	22202935	NA	CCTGGA	C	225	MASKED;GATTATTTCCTGGAAATT	INDEL;IDV=11;IMF=1;DP=11;VDB=2.26006e-08;SGB=-0.676189;MQ0F=0;AC=2;AN=2;DP4=0,0,0,11;MQ=60;RB=6,22202634,22202996,GCG,CTG
2	46335171	NA	GTCC	G	225	PASS;CTCAAGCTGTCCTCCTGC	INDEL;IDV=9;IMF=1;DP=9;VDB=5.52906e-06;SGB=-0.662043;MQ0F=0;AC=2;AN=2;DP4=0,0,9,0;MQ=60;RB=2,46335119,46335596,TAT,TGG
6	29684408	NA	TTTAATTTTGC	T	205	MASKED;ACAATAATTTTAATTTTG	INDEL;IDV=6;IMF=1;DP=6;VDB=0.00155977;SGB=-0.616816;MQ0F=0;AC=2;AN=2;DP4=0,0,0,6;MQ=60;RB=6,29683574,29684466,GCT,TCT
13	69783114	NA	TG	T	70	MASKED;AGTCACAATGGCAATTAT	INDEL;IDV=4;IMF=1;DP=4;VDB=0.0058656;SGB=-0.556411;MQ0F=0;AC=2;AN=2;DP4=0,0,0,4;MQ=60;RB=13,69782439,69783212,CTA,AAC
6	140555437	NA	AATT	A	225	MASKED;GGAAGTCAAATTATTATC	INDEL;IDV=8;IMF=1;DP=8;VDB=1.33331e-05;SGB=-0.651104;MQ0F=0;AC=2;AN=2;DP4=0,0,0,8;MQ=60;RB=6,140555188,140555553,TTA,TGC
3	164153120	NA	C	CT	43.4147	NEI_IND[19/540];ATGGGTTTCTTTTTTATT	INDEL;IDV=10;IMF=1;DP=10;VDB=6.99472e-07;SGB=-0.670168;MQ0F=0;AC=2;AN=2;DP4=0,0,10,0;MQ=60;RB=3,164153071,164153815,CGT,TCC
3	164153720	NA	TG	T	129	MASKED;TTGATGGTTGGCACATTG	INDEL;IDV=10;IMF=1;DP=10;VDB=6.99472e-07;SGB=-0.670168;MQ0F=0;AC=2;AN=2;DP4=0,0,0,10;MQ=60;RB=3,164153071,164153815,CGT,TCC
2	152370032	NA	C	CT	114	PASS;GAGGGACACTTTATGTCC	INDEL;IDV=8;IMF=1;DP=8;VDB=1.33331e-05;SGB=-0.651104;MQ0F=0;AC=2;AN=2;DP4=0,0,8,0;MQ=60;RB=2,152369995,152370404,AAT,AAA
1	78015097	NA	ATC	A	225	PASS;AATGAGGTATCTATCACC	INDEL;IDV=12;IMF=1;DP=12;VDB=2.26006e-08;SGB=-0.680642;MQ0F=0;AC=2;AN=2;DP4=0,0,12,0;MQ=60;RB=1,78015065,78015585,GCA,TGT
11	63945064	NA	TGGAGTGCA	T	180	NEI_IND[6/301];TCTCTGTCTGGAGTGCAG	INDEL;IDV=10;IMF=1;DP=10;VDB=6.71664e-05;SGB=-0.636426;MQ0F=0;AC=2;AN=2;DP4=0,0,0,7;MQ=60;RB=11,63944627,63945091,GAG,AAT
3	116925842	NA	A	AT	134	PASS;GGATGAGCAAAGAGAATG	INDEL;IDV=13;IMF=1;DP=13;VDB=2.26006e-08;SGB=-0.683931;MQ0F=0;AC=2;AN=2;DP4=0,0,13,0;MQ=60;RB=3,116925792,116926186,TGA,TCA
16	59918907	NA	T	TC	119	PASS;TTTTTTTTTCCACATACA	INDEL;IDV=6;IMF=1;DP=6;VDB=0.000411984;SGB=-0.616816;MQ0F=0;AC=2;AN=2;DP4=0,0,6,0;MQ=60;RB=16,59918894,59919107,CCT,ATG
8	2758692	NA	TTA	T	202	MASKED;TTTCCACTTTATGTTAAT	INDEL;IDV=8;IMF=1;DP=8;VDB=1.33331e-05;SGB=-0.651104;MQ0F=0;AC=2;AN=2;DP4=0,0,0,8;MQ=60;RB=8,2758339,2758707,TCG,CCG
16	59283398	NA	CT	C	9.88465	MASKED;GGTCTCTACTTTTTTTTT	INDEL;IDV=6;IMF=1;DP=6;VDB=0.000411984;SGB=-0.616816;MQ0F=0;AC=2;AN=2;DP4=0,0,6,0;MQ=60;RB=16,59283283,59283697,CAG,CCA
2	175839618	NA	ATAAT	A	223	NEI_IND[22/251];CATAAGAAATAATTAATA	INDEL;IDV=7;IMF=1;DP=7;VDB=6.71664e-05;SGB=-0.636426;MQ0F=0;AC=2;AN=2;DP4=0,0,7,0;MQ=60;RB=2,175839523,175839979,GTG,TGT
9	115081995	NA	ATC	A	202	NEI_IND[2/168];GAAAAGACATCTGCATTC	INDEL;IDV=8;IMF=1;DP=8;VDB=1.33331e-05;SGB=-0.651104;MQ0F=0;AC=2;AN=2;DP4=0,0,0,8;MQ=60;RB=9,115081373,115082014,GTT,TGA
11	23365198	NA	AT	A	147	PASS;TAAGAGCTATTGCACATT	INDEL;IDV=14;IMF=1;DP=14;VDB=2.26006e-08;SGB=-0.686358;MQ0F=0;AC=2;AN=2;DP4=0,0,0,14;MQ=60;RB=11,23364872,23365270,CCC,TGG
6	14559166	NA	GCCACTTTAA	G	205	PASS;TTTAAATAGCCACTTTAA	INDEL;IDV=6;IMF=1;DP=6;VDB=0.000411984;SGB=-0.616816;MQ0F=0;AC=2;AN=2;DP4=0,0,0,6;MQ=60;RB=6,14558947,14559199,GGA,ATC
16	78273894	NA	GGT	G	185	MASKED;TCAGTGTGGGTGTGAGTT	INDEL;IDV=7;IMF=1;DP=7;VDB=6.71664e-05;SGB=-0.636426;MQ0F=0;AC=2;AN=2;DP4=0,0,0,7;MQ=60;RB=16,78273512,78273993,TGA,CGC
14	79652568	NA	AAATCGTGACG	A	182	NEI_IND[6/186];ATCCAAACAAATCGTGAC	INDEL;IDV=5;IMF=1;DP=5;VDB=0.00215942;SGB=-0.590765;MQ0F=0;AC=2;AN=2;DP4=0,0,5,0;MQ=60;RB=14,79652454,79653259,GAC,GGA
14	54740458	NA	GT	G	18.4763	MASKED;TTTTTTGGGTTTTTTTTG	INDEL;IDV=10;IMF=1;DP=10;VDB=6.99472e-07;SGB=-0.670168;MQ0F=0;AC=2;AN=2;DP4=0,0,0,10;MQ=60;RB=14,54740140,54740507,TCC,CCC
20	277487	NA	TAA	T	225	MASKED;TGGGAACTTAAGCAGCAC	INDEL;IDV=10;IMF=1;DP=10;VDB=6.99472e-07;SGB=-0.670168;MQ0F=0;AC=2;AN=2;DP4=0,0,0,10;MQ=60;RB=20,277280,277547,TCG,TGC
16	31078885	NA	C	CA	169	PASS;TTACCTGACAGAGTTGGG	INDEL;IDV=12;IMF=1;DP=12;VDB=2.26006e-08;SGB=-0.680642;MQ0F=0;AC=2;AN=2;DP4=0,0,12,0;MQ=60;RB=16,31078827,31079256,TGG,CTT
1	45298027	NA	CA	C	140	PASS;AGAGCAAACAGAGAAAGC	INDEL;IDV=9;IMF=1;DP=9;VDB=5.52906e-06;SGB=-0.662043;MQ0F=0;AC=2;AN=2;DP4=0,0,9,0;MQ=60;RB=1,45297991,45298536,GTC,TGA
9	121898745	NA	GAAA	G	114	MASKED;GAAAGAAAGAAAAAAAAA	INDEL;IDV=8;IMF=1;DP=8;VDB=1.33331e-05;SGB=-0.651104;MQ0F=0;AC=2;AN=2;DP4=0,0,0,8;MQ=60;RB=9,121898473,121898828,GCT,CTG
14	68532749	NA	ATATT	A	225	MASKED;GTATATAAATATTTATCT	INDEL;IDV=9;IMF=1;DP=9;VDB=5.52906e-06;SGB=-0.662043;MQ0F=0;AC=2;AN=2;DP4=0,0,0,9;MQ=60;RB=14,68532435,68532771,AAT,CCG
10	109523463	NA	CCTAT	C	224	MASKED;CTAGGATACCTATCTATA	INDEL;IDV=7;IMF=1;DP=7;VDB=6.71664e-05;SGB=-0.636426;MQ0F=0;AC=2;AN=2;DP4=0,0,0,7;MQ=60;RB=10,109522990,109523557,GAC,ATA
2	53567221	NA	CA	C	145	PASS;TAAATAGACATTTTTTTA	INDEL;IDV=11;IMF=1;DP=11;VDB=2.26006e-08;SGB=-0.676189;MQ0F=0;AC=2;AN=2;DP4=0,0,11,0;MQ=60;RB=2,53567090,53567512,ACC,CCT
10	85088879	NA	CTTTA	C	225	PASS;CAAATTCTCTTTATTTGT	INDEL;IDV=12;IMF=1;DP=12;VDB=2.26006e-08;SGB=-0.680642;MQ0F=0;AC=2;AN=2;DP4=0,0,12,0;MQ=60;RB=10,85088823,85089157,CCG,TTA
11	23365198	NA	AT	A	100	PASS;TAAGAGCTATTGCACATT	INDEL;IDV=6;IMF=1;DP=6;VDB=0.000411984;SGB=-0.616816;MQ0F=0;AC=2;AN=2;DP4=0,0,0,6;MQ=60;RB=11,23365005,23365270,CAC,CCC
13	78303716	NA	T	TAAA	225	PASS;AGACTTTCTAGACTCTCT	INDEL;IDV=12;IMF=1;DP=12;VDB=2.26006e-08;SGB=-0.680642;MQ0F=0;AC=2;AN=2;DP4=0,0,0,12;MQ=60;RB=13,78303441,78303813,AAT,GTT
5	60176977	NA	ATCAG	A	205	MASKED;GCCTGGCTATCAGCTCAG	INDEL;IDV=6;IMF=1;DP=6;VDB=0.000411984;SGB=-0.616816;MQ0F=0;AC=2;AN=2;DP4=0,0,0,6;MQ=60;RB=5,60176568,60177063,GAT,GAA
8	134180777	NA	GCTTGTTCATTCCATTCCT	G	225	NEI_IND[6/540];ATTTCTTGGCTTGTTCAT	INDEL;IDV=8;IMF=1;DP=8;VDB=1.33331e-05;SGB=-0.651104;MQ0F=0;AC=2;AN=2;DP4=0,0,0,8;MQ=60;RB=8,134180578,134180855,GTC,GGA
1	89382558	NA	CTTTA	C	191	PASS;GAAAAATACTTTATTTCT	INDEL;IDV=5;IMF=0.833333;DP=6;VDB=0.000481013;SGB=-0.616816;MQ0F=0;AC=2;AN=2;DP4=0,0,0,6;MQ=60;RB=1,89381999,89382644,CTT,GTT
15	54548693	NA	TAAAC	T	154	MASKED;TCTAGAAATAAACAATGT	INDEL;IDV=4;IMF=1;DP=4;VDB=0.0058656;SGB=-0.556411;MQ0F=0;AC=2;AN=2;DP4=0,0,0,4;MQ=60;RB=15,54548292,54548714,CCC,CCC
1	202961088	NA	T	TA	182	PASS;CAACAACTTACAAAGCCC	INDEL;IDV=17;IMF=1;DP=17;VDB=1.29641e-11;SGB=-0.690438;MQ0F=0;AC=2;AN=2;DP4=0,0,17,0;MQ=60;RB=1,202961035,202961408,TAA,TTT
20	19815611	NA	GAA	G	196	MASKED;GAGAGAGAGAAAGAAAGA	INDEL;IDV=9;IMF=1;DP=9;VDB=5.52906e-06;SGB=-0.662043;MQ0F=0;AC=2;AN=2;DP4=0,0,9,0;MQ=60;RB=20,19815478,19815850,TAG,CTG
20	19815741	NA	GAAGA	G	75	NEI_IND[116/232];AAAAGAAAGAAGAAAGAA	INDEL;IDV=5;IMF=1;DP=5;VDB=0.02;SGB=-0.453602;MQ0F=0;AC=2;AN=2;DP4=0,0,0,2;MQ=60;RB=20,19815478,19815850,TAG,CTG
20	19815788	NA	G	GAGGA	131	NEI_IND[25/389];AAGGGAGGGAGGAAGGAA	INDEL;IDV=5;IMF=0.714286;DP=7;VDB=0.0513395;SGB=-0.590765;MQ0F=0;AC=2;AN=2;DP4=0,0,0,5;MQ=60;RB=20,19815478,19815850,TAG,CTG
3	87741404	NA	AAGC	A	225	PASS;CTAACAAAAAGCAGCCTG	INDEL;IDV=8;IMF=1;DP=8;VDB=1.33331e-05;SGB=-0.651104;MQ0F=0;AC=2;AN=2;DP4=0,0,0,8;MQ=60;RB=3,87740987,87741452,CCC,CCC
20	42863745	NA	TTCTC	T	225	PASS;TTCTTTCTTTCTCTCTCT	INDEL;IDV=12;IMF=1;DP=12;VDB=2.26006e-08;SGB=-0.680642;MQ0F=0;AC=2;AN=2;DP4=0,0,0,12;MQ=60;RB=20,42863430,42863844,CAG,GCG
5	33024486	NA	CA	C	75	PASS;ATAGTATTCAAATAACTT	INDEL;IDV=5;IMF=1;DP=5;VDB=0.00187095;SGB=-0.590765;MQ0F=0;AC=2;AN=2;DP4=0,0,0,5;MQ=60;RB=5,33023403,33024497,TTA,CAG
12	82657696	NA	GC	G	54	MASKED;ATTGCTATGCCATTTGTA	INDEL;IDV=5;IMF=1;DP=5;VDB=0.0221621;SGB=-0.511536;MQ0F=0;AC=2;AN=2;DP4=0,0,3,0;MQ=60;RB=12,82657565,82658605,GTA,AAT
12	82658483	NA	AGAG	A	179	NEI_IND[54/162];AAAAAGAAAGAGGAGAAG	INDEL;IDV=5;IMF=1;DP=5;VDB=0.00187095;SGB=-0.590765;MQ0F=0;AC=2;AN=2;DP4=0,0,0,5;MQ=60;RB=12,82657565,82658605,GTA,AAT
16	7077526	NA	CT	C	13.6076	MASKED;CTTCAGGGCTTTTTTTTC	INDEL;IDV=6;IMF=1;DP=6;VDB=0.000411984;SGB=-0.616816;MQ0F=0;AC=2;AN=2;DP4=0,0,0,6;MQ=60;RB=16,7077324,7077612,GGG,GAA
14	43552956	NA	TGAGAA	T	225	MASKED;TTGAATACTGAGAAGAGA	INDEL;IDV=9;IMF=1;DP=9;VDB=5.52906e-06;SGB=-0.662043;MQ0F=0;AC=2;AN=2;DP4=0,0,0,9;MQ=60;RB=14,43552512,43553057,AAA,TAT
17	4092776	NA	TAAAA	T	225	PASS;CAGTTTCCTAAAAGAAAA	INDEL;IDV=11;IMF=1;DP=11;VDB=2.26006e-08;SGB=-0.676189;MQ0F=0;AC=2;AN=2;DP4=0,0,0,11;MQ=60;RB=17,4092559,4092808,ACG,CGT
2	16441138	NA	TAAATA	T	225	MASKED;TATGCAGGTAAATAAAAT	INDEL;IDV=10;IMF=1;DP=10;VDB=6.99472e-07;SGB=-0.670168;MQ0F=0;AC=2;AN=2;DP4=0,0,10,0;MQ=60;RB=2,16441020,16441454,GTG,CCC
5	7481885	NA	TTG	T	140	MASKED;ATGCTGATTTGTGTGTGT	INDEL;IDV=9;IMF=0.9;DP=10;VDB=4.25854e-05;SGB=-0.662043;MQ0F=0;ICB=1;HOB=0.5;AC=1;AN=2;DP4=0,1,0,9;MQ=60;RB=5,7481460,7481995,TAA,TGC
1	22682307	NA	TTA	T	207	MASKED;TCTGCATCTTAATCTCTT	INDEL;IDV=8;IMF=1;DP=8;VDB=6.71664e-05;SGB=-0.636426;MQ0F=0;AC=2;AN=2;DP4=0,0,7,0;MQ=60;RB=1,22682201,22682828,TGG,ATT
14	51547865	NA	CAATAAT	C	225	PASS;TTATAACTCAATAATAAA	INDEL;IDV=9;IMF=1;DP=9;VDB=5.52906e-06;SGB=-0.662043;MQ0F=0;AC=2;AN=2;DP4=0,0,0,9;MQ=60;RB=14,51547708,51547993,GTT,TTT
2	223363297	NA	AT	A	12.6563	MASKED;ATGAATGAATTTTTTTTT	INDEL;IDV=8;IMF=1;DP=8;VDB=1.33331e-05;SGB=-0.651104;MQ0F=0;AC=2;AN=2;DP4=0,0,0,8;MQ=60;RB=2,223362834,223363428,CTG,TTT
7	155803118	NA	CATTATTG	C	225	MASKED;GTTGCATCCATTATTGAT	INDEL;IDV=10;IMF=1;DP=10;VDB=6.99472e-07;SGB=-0.670168;MQ0F=0;AC=2;AN=2;DP4=0,0,10,0;MQ=60;RB=7,155803013,155803435,CCT,TCC
1	111434170	NA	CTGGTG	C	225	NEI_IND[5/358];TGAAGAGGCTGGTGTGGG	INDEL;IDV=12;IMF=1;DP=12;VDB=2.26006e-08;SGB=-0.680642;MQ0F=0;AC=2;AN=2;DP4=0,0,0,12;MQ=60;RB=1,111433953,111434273,TTA,GTT
16	6497237	NA	TAC	T	223	PASS;AGTGGAGTTACAGAGTCT	INDEL;IDV=9;IMF=1;DP=9;VDB=5.52906e-06;SGB=-0.662043;MQ0F=0;AC=2;AN=2;DP4=0,0,9,0;MQ=60;RB=16,6497172,6497498,ACT,GCT
5	73830991	NA	GA	G	84	MASKED;AATGAATAGAAAATGCAT	INDEL;IDV=10;IMF=1;DP=10;VDB=6.99472e-07;SGB=-0.670168;MQ0F=0;AC=2;AN=2;DP4=0,0,0,10;MQ=60;RB=5,73830675,73831076,ATT,TCC
12	56250521	NA	GT	G	11.7169	MASKED;TTGTTGTTGTTTTTTTTT	INDEL;IDV=10;IMF=1;DP=10;VDB=6.71664e-05;SGB=-0.636426;MQ0F=0;AC=2;AN=2;DP4=0,0,0,7;MQ=60;RB=12,56250230,56250590,AAT,TAT
12	56250534	NA	GT	G	5.7555	NEI_IND[61/671];TTTTTGGTGTTTTTTTTT	INDEL;IDV=10;IMF=1;DP=10;VDB=5.52906e-06;SGB=-0.662043;MQ0F=0;AC=2;AN=2;DP4=0,0,0,9;MQ=60;RB=12,56250230,56250590,AAT,TAT
4	95258094	NA	GTGTTTCGTTT	G	225	NEI_IND[6/402];TCTATTTGGTGTTTCGTT	INDEL;IDV=12;IMF=1;DP=12;VDB=2.26006e-08;SGB=-0.680642;MQ0F=0;AC=2;AN=2;DP4=0,0,0,12;MQ=60;RB=4,95257664,95258167,GTA,ATT
6	85292204	NA	TGA	T	175	MASKED;TAAATCAGTGAGAGAGAG	INDEL;IDV=11;IMF=1;DP=11;VDB=2.83141e-08;SGB=-0.676189;MQ0F=0;AC=2;AN=2;DP4=0,0,0,11;MQ=60;RB=6,85291826,85292247,GCT,GAT
8	13184981	NA	AT	A	12.6563	MASKED;TTTCTGGCATTTTTTTTT	INDEL;IDV=9;IMF=1;DP=9;VDB=1.33331e-05;SGB=-0.651104;MQ0F=0;AC=2;AN=2;DP4=0,0,8,0;MQ=60;RB=8,13184902,13185155,AGT,ACT
8	13185014	NA	T	TG	49.4146	NEI_IND[39/433];GGTGGGGGTGGGGGTTTC	INDEL;IDV=9;IMF=0.642857;DP=14;VDB=6.71664e-05;SGB=-0.636426;MQ0F=0;AC=2;AN=2;DP4=0,0,7,0;MQ=60;RB=8,13184902,13185155,AGT,ACT
12	59550310	NA	TA	T	70	MASKED;ATGTATAATATTTTTTTT	INDEL;IDV=9;IMF=0.9;DP=10;VDB=6.99472e-07;SGB=-0.662043;MQ0F=0;AC=2;AN=2;DP4=0,1,0,9;MQ=60;RB=12,59550076,59550335,CGA,CCT
3	7139024	NA	C	CA	36.4154	PASS;CTCAGGAACAAAAAATAT	INDEL;IDV=7;IMF=1;DP=7;VDB=6.71664e-05;SGB=-0.636426;MQ0F=0;AC=2;AN=2;DP4=0,0,7,0;MQ=60;RB=3,7139006,7139577,CTG,TTT
12	119360500	NA	AC	A	130	MASKED;GACCTGAGACCTGCAATA	INDEL;IDV=10;IMF=1;DP=10;VDB=6.99472e-07;SGB=-0.670168;MQ0F=0;AC=2;AN=2;DP4=0,0,0,10;MQ=60;RB=12,119360240,119360632,TGC,GAC
4	10319451	NA	CG	C	128	MASKED;GATAGATGCGACAGCTTA	INDEL;IDV=7;IMF=1;DP=7;VDB=6.71664e-05;SGB=-0.636426;MQ0F=0;AC=2;AN=2;DP4=0,0,0,7;MQ=60;RB=4,10319205,10319534,ACG,TCT
9	113207036	NA	AAAT	A	193	MASKED;TTATGAAAAAATAATATT	INDEL;IDV=8;IMF=1;DP=8;VDB=1.33331e-05;SGB=-0.651104;MQ0F=0;AC=2;AN=2;DP4=0,0,0,8;MQ=60;RB=9,113206587,113207070,TTT,AAT
2	35476124	NA	ATAAAGT	A	225	MASKED;ATGCATAGATAAAGTTAG	INDEL;IDV=9;IMF=1;DP=9;VDB=5.52906e-06;SGB=-0.662043;MQ0F=0;AC=2;AN=2;DP4=0,0,9,0;MQ=60;RB=2,35476063,35476367,ATG,GAG
6	140555437	NA	AATT	A	225	MASKED;GGAAGTCAAATTATTATC	INDEL;IDV=10;IMF=1;DP=10;VDB=6.99472e-07;SGB=-0.670168;MQ0F=0;AC=2;AN=2;DP4=0,0,0,10;MQ=60;RB=6,140555155,140555554,CCC,CGA
6	75637132	NA	AG	A	6.51141	MASKED;AAGGGAGAAGGGGGGGGA	INDEL;IDV=4;IMF=1;DP=4;VDB=0.0058656;SGB=-0.556411;MQ0F=0;AC=2;AN=2;DP4=0,0,4,0;MQ=60;RB=6,75637072,75637289,GCT,GGG
4	108866004	NA	ATATT	A	224	NEI_IND[4/284];ATATATATATATTTATAT	INDEL;IDV=7;IMF=1;DP=7;VDB=6.71664e-05;SGB=-0.636426;MQ0F=0;AC=2;AN=2;DP4=0,0,0,7;MQ=60;RB=4,108865822,108866119,GCC,TTG
1	208066351	NA	G	GGA	205	PASS;CCCCAAGAGGAGCAGGTG	INDEL;IDV=6;IMF=1;DP=6;VDB=0.000411984;SGB=-0.616816;MQ0F=0;AC=2;AN=2;DP4=0,0,6,0;MQ=60;RB=1,208066259,208066535,TTT,CCT
1	240849472	NA	AT	A	13.6076	MASKED;GCAGAGCCATTTTTTTTC	INDEL;IDV=6;IMF=1;DP=6;VDB=0.000560625;SGB=-0.616816;MQ0F=0;AC=2;AN=2;DP4=0,0,6,0;MQ=60;RB=1,240849355,240849952,TTC,TAC
4	178490657	NA	TTC	T	214	MASKED;ATGAACATTTCTCCTTTG	INDEL;IDV=9;IMF=1;DP=9;VDB=5.52906e-06;SGB=-0.662043;MQ0F=0;AC=2;AN=2;DP4=0,0,0,9;MQ=60;RB=4,178490279,178490757,AAT,CAG
6	45063196	NA	AATCCAG	A	224	NEI_IND[6/166];TGCATTTTAATCCAGATC	INDEL;IDV=7;IMF=1;DP=7;VDB=6.71664e-05;SGB=-0.636426;MQ0F=0;AC=2;AN=2;DP4=0,0,7,0;MQ=60;RB=6,45063131,45063542,TAT,ACC
7	141816640	NA	ATTTGT	A	225	PASS;GCCTTGTGATTTGTTTTA	INDEL;IDV=8;IMF=1;DP=8;VDB=1.33331e-05;SGB=-0.651104;MQ0F=0;AC=2;AN=2;DP4=0,0,8,0;MQ=60;RB=7,141816581,141816880,ATT,AAT
1	32518614	NA	TGTG	T	225	MASKED;AAGCTAGATGTGGTGGTG	INDEL;IDV=15;IMF=1;DP=15;VDB=4.49525e-10;SGB=-0.688148;MQ0F=0;AC=2;AN=2;DP4=0,0,0,15;MQ=60;RB=1,32518383,32518691,AGA,TCT
6	117047224	NA	AGTGTGTGT	A	225	NEI_IND[19/488];GAACATCAAGTGTGTGTG	INDEL;IDV=16;IMF=1;DP=16;VDB=1.29641e-11;SGB=-0.689466;MQ0F=0;AC=2;AN=2;DP4=0,0,0,16;MQ=60;RB=6,117046936,117047296,CCG,TCT
1	186434750	NA	TTCTTTTTC	T	225	MASKED;TTCTTTCTTTCTTTTTCT	INDEL;IDV=8;IMF=0.8;DP=9;VDB=1.82474e-05;SGB=-0.651104;MQ0F=0;AC=2;AN=2;DP4=0,0,0,8;MQ=60;RB=1,186434460,186434816,TAT,CTC
2	125811152	NA	GT	G	45.4146	MASKED;GAGACTGAGTTTTTTGTG	INDEL;IDV=13;IMF=1;DP=13;VDB=2.26006e-08;SGB=-0.683931;MQ0F=0;AC=2;AN=2;DP4=0,0,0,13;MQ=60;RB=2,125810641,125811213,GGG,GTC
16	59708789	NA	A	AT	20.4535	NEI_IND[14/408];TATTTTTTATTTTTTTAT	INDEL;IDV=6;IMF=0.857143;DP=7;VDB=0.000481013;SGB=-0.616816;MQ0F=0;AC=2;AN=2;DP4=0,0,0,6;MQ=60;RB=16,59708064,59708866,GTT,GGT
16	59708837	NA	CTTTAAG	C	117	NEI_IND[6/360];TTATTATACTTTAAGTTT	INDEL;IDV=7;IMF=1;DP=7;VDB=0.0058656;SGB=-0.556411;MQ0F=0;AC=2;AN=2;DP4=0,0,0,4;MQ=60;RB=16,59708064,59708866,GTT,GGT
6	33984346	NA	G	GTTCATAAAGGCA	225	PASS;GTGTTACAGTTCATAAAG	INDEL;IDV=10;IMF=1;DP=10;VDB=6.99472e-07;SGB=-0.670168;MQ0F=0;AC=2;AN=2;DP4=0,0,10,0;MQ=60;RB=6,33984324,33984653,TCT,TAT
15	90120478	NA	AGTACATTCTTGC	A	225	MASKED;ACTAAATGAGTACATTCT	INDEL;IDV=9;IMF=1;DP=9;VDB=5.52906e-06;SGB=-0.662043;MQ0F=0;AC=2;AN=2;DP4=0,0,0,9;MQ=60;RB=15,90120205,90120609,TGA,CCC
15	83734207	NA	ATTAT	A	225	PASS;GGAATCTTATTATTTGTT	INDEL;IDV=10;IMF=1;DP=10;VDB=6.99472e-07;SGB=-0.670168;MQ0F=0;AC=2;AN=2;DP4=0,0,10,0;MQ=60;RB=15,83734107,83734989,CTC,AAT
5	52375151	NA	AATT	A	225	PASS;TGGCATATAATTATTATG	INDEL;IDV=13;IMF=1;DP=13;VDB=2.26006e-08;SGB=-0.683931;MQ0F=0;AC=2;AN=2;DP4=0,0,13,0;MQ=60;RB=5,52375033,52375452,GCA,GTG
10	23730400	NA	CAG	C	214	MASKED;TGATGAAACAGAGCTGTT	INDEL;IDV=10;IMF=0.909091;DP=11;VDB=7.01825e-08;SGB=-0.676189;MQ0F=0;AC=2;AN=2;DP4=0,0,11,0;MQ=60;RB=10,23730359,23730982,CCT,TAG
5	110709125	NA	ATATATT	A	225	NEI_IND[6/234];AATGTAAAATATATTTAT	INDEL;IDV=10;IMF=1;DP=10;VDB=6.99472e-07;SGB=-0.670168;MQ0F=0;AC=2;AN=2;DP4=0,0,0,10;MQ=60;RB=5,110708906,110709204,TCC,CCC
1	106115946	NA	TCATATTCTTTCAGA	T	225	PASS;GAAACGTGTCATATTCTT	INDEL;IDV=11;IMF=1;DP=11;VDB=2.26006e-08;SGB=-0.676189;MQ0F=0;AC=2;AN=2;DP4=0,0,0,11;MQ=60;RB=1,106115656,106116002,GGG,TCG
12	81054603	NA	AATTT	A	154	PASS;TCAAAATCAATTTATTAA	INDEL;IDV=4;IMF=1;DP=4;VDB=0.0058656;SGB=-0.556411;MQ0F=0;AC=2;AN=2;DP4=0,0,4,0;MQ=60;RB=12,81054473,81054887,GAT,CTT
4	177417979	NA	CAT	C	188	MASKED;TGTAAAGACATATATGCA	INDEL;IDV=8;IMF=1;DP=8;VDB=1.33331e-05;SGB=-0.651104;MQ0F=0;AC=2;AN=2;DP4=0,0,0,8;MQ=60;RB=4,177417721,177418001,GGT,TTT
12	125515508	NA	GGT	G	159	MASKED;GTGTACATGGTGTGTGTG	INDEL;IDV=7;IMF=1;DP=7;VDB=6.71664e-05;SGB=-0.636426;MQ0F=0;AC=2;AN=2;DP4=0,0,0,7;MQ=60;RB=12,125515246,125515601,CGT,CCT
18	49491228	NA	TTTTAA	T	205	PASS;CATGACACTTTTAATTTA	INDEL;IDV=6;IMF=1;DP=6;VDB=0.000411984;SGB=-0.616816;MQ0F=0;AC=2;AN=2;DP4=0,0,0,6;MQ=60;RB=18,49490980,49491330,GTT,ATA
4	10319451	NA	CG	C	140	MASKED;GATAGATGCGACAGCTTA	INDEL;IDV=9;IMF=1;DP=9;VDB=5.52906e-06;SGB=-0.662043;MQ0F=0;AC=2;AN=2;DP4=0,0,0,9;MQ=60;RB=4,10319204,10319571,ATT,TTG
8	35128386	NA	TA	T	8.99861	MASKED;GGCTGCAATAAAAAAAAA	INDEL;IDV=8;IMF=1;DP=8;VDB=1.33331e-05;SGB=-0.651104;MQ0F=0;AC=2;AN=2;DP4=0,0,8,0;MQ=60;RB=8,35128289,35128617,CTG,CTT
6	154670517	NA	AT	A	80	PASS;TTTATTTTATTTTATTTA	INDEL;IDV=9;IMF=1;DP=9;VDB=5.52906e-06;SGB=-0.662043;MQ0F=0;AC=2;AN=2;DP4=0,0,9,0;MQ=60;RB=6,154670382,154670812,CCT,GTA
1	158851998	NA	GC	G	156	PASS;CTTTATAAGCTTGCATTT	INDEL;IDV=13;IMF=1;DP=13;VDB=2.26006e-08;SGB=-0.683931;MQ0F=0;AC=2;AN=2;DP4=0,0,0,13;MQ=60;RB=1,158851560,158852008,ACG,CCG
2	8108614	NA	GT	G	105	MASKED;AGTACTCAGTTTGCAAAA	INDEL;IDV=7;IMF=1;DP=7;VDB=6.71664e-05;SGB=-0.636426;MQ0F=0;AC=2;AN=2;DP4=0,0,0,7;MQ=60;RB=2,8108262,8108686,GAA,TTG
11	95660495	NA	CTATT	C	224	NEI_IND[4/358];TTTGCAAACTATTTATCT	INDEL;IDV=7;IMF=1;DP=7;VDB=6.71664e-05;SGB=-0.636426;MQ0F=0;AC=2;AN=2;DP4=0,0,7,0;MQ=60;RB=11,95660432,95660796,CTG,GAC
1	242122706	NA	GGCTGGAGT	G	225	MASKED;GTGGCCCAGGCTGGAGTG	INDEL;IDV=20;IMF=1;DP=20;VDB=2.21753e-12;SGB=-0.692067;MQ0F=0;AC=2;AN=2;DP4=0,0,0,20;MQ=58;RB=1,242122428,242122744,CAT,CCC
21	21195925	NA	TG	T	111	MASKED;CATACATGTGGCACACAC	INDEL;IDV=14;IMF=1;DP=14;VDB=6.71664e-05;SGB=-0.636426;MQ0F=0;AC=2;AN=2;DP4=0,0,7,0;MQ=60;RB=21,21195806,21196012,GAC,GGG
12	97701258	NA	AAAACAAACAAACAAGC	A	224	NEI_IND[6/175];TGCATCTCAAAACAAACA	INDEL;IDV=7;IMF=1;DP=7;VDB=6.71664e-05;SGB=-0.636426;MQ0F=0;AC=2;AN=2;DP4=0,0,7,0;MQ=60;RB=12,97701201,97701458,ATT,GAT
20	38875111	NA	CTG	C	203	PASS;AAGAAAAACTGTGTTAAA	INDEL;IDV=9;IMF=1;DP=9;VDB=5.52906e-06;SGB=-0.662043;MQ0F=0;AC=2;AN=2;DP4=0,0,9,0;MQ=60;RB=20,38875087,38875424,GCT,TCT
11	95660495	NA	CTATT	C	225	NEI_IND[4/358];TTTGCAAACTATTTATCT	INDEL;IDV=12;IMF=1;DP=12;VDB=2.26006e-08;SGB=-0.680642;MQ0F=0;AC=2;AN=2;DP4=0,0,12,0;MQ=60;RB=11,95660431,95660797,AGA,GTT
11	80278552	NA	TG	T	67	MASKED;GGTTAGATTGGCATTTAG	INDEL;IDV=7;IMF=1;DP=7;VDB=6.71664e-05;SGB=-0.636426;MQ0F=0;AC=2;AN=2;DP4=0,0,0,7;MQ=60;RB=11,80278392,80278636,CCG,TGA
1	167072551	NA	AC	A	134	MASKED;TGGAGGGCACCGTTCAAC	INDEL;IDV=10;IMF=1;DP=10;VDB=6.99472e-07;SGB=-0.670168;MQ0F=0;AC=2;AN=2;DP4=0,0,10,0;MQ=60;RB=1,167072488,167073071,GCT,TTT
8	134180777	NA	GCTTGTTCATTCCATTCCT	G	224	NEI_IND[6/540];ATTTCTTGGCTTGTTCAT	INDEL;IDV=7;IMF=1;DP=7;VDB=6.71664e-05;SGB=-0.636426;MQ0F=0;AC=2;AN=2;DP4=0,0,0,7;MQ=60;RB=8,134180577,134180854,TTT,CTC
9	93620634	NA	G	GCTCAAA	224	PASS;AAGCTCAAGCCCTGGAAA	INDEL;IDV=7;IMF=1;DP=7;VDB=6.71664e-05;SGB=-0.636426;MQ0F=0;AC=2;AN=2;DP4=0,0,0,7;MQ=60;RB=9,93620148,93620652,GAT,CCG
4	95258094	NA	GTGTTTCGTTT	G	182	NEI_IND[6/402];TCTATTTGGTGTTTCGTT	INDEL;IDV=5;IMF=1;DP=5;VDB=0.00187095;SGB=-0.590765;MQ0F=0;AC=2;AN=2;DP4=0,0,0,5;MQ=60;RB=4,95257664,95258167,CGA,GTT
11	44774116	NA	TTGTG	TTG,T	159	MASKED;TTGACAGTTTGTGTGTGT	INDEL;IDV=6;IMF=1;DP=6;VDB=0.000672183;SGB=-0.616816;MQ0F=0;AC=1,1;AN=2;DP4=0,0,0,6;MQ=60;RB=11,44773579,44774148,TCC,TTA
16	59708789	NA	A	AT	26.4242	NEI_IND[14/408];TATTTTTTATTTTTTTAT	INDEL;IDV=8;IMF=1;DP=8;VDB=1.33331e-05;SGB=-0.651104;MQ0F=0;AC=2;AN=2;DP4=0,0,0,8;MQ=60;RB=16,59708390,59708866,GGG,CAT
16	59708837	NA	CTTTAAG	C	196	NEI_IND[6/360];TTATTATACTTTAAGTTT	INDEL;IDV=8;IMF=1;DP=8;VDB=1.33331e-05;SGB=-0.651104;MQ0F=0;AC=2;AN=2;DP4=0,0,0,8;MQ=60;RB=16,59708390,59708866,GGG,CAT
4	102549378	NA	AT	A	9.88465	MASKED;ATTTTAGGATTTTTTTTT	INDEL;IDV=6;IMF=1;DP=6;VDB=0.000411984;SGB=-0.616816;MQ0F=0;AC=2;AN=2;DP4=0,0,0,6;MQ=60;RB=4,102549223,102549424,ACT,CCC
9	124264866	NA	CCT	C	203	MASKED;TTCTGGCCCCTCTCTCTC	INDEL;IDV=12;IMF=1;DP=12;VDB=2.26006e-08;SGB=-0.680642;MQ0F=0;AC=2;AN=2;DP4=0,0,0,12;MQ=60;RB=9,124264614,124264927,CCC,GTA
9	121898745	NA	GAAA	G	120	MASKED;GAAAGAAAGAAAAAAAAA	INDEL;IDV=9;IMF=1;DP=9;VDB=5.52906e-06;SGB=-0.662043;MQ0F=0;AC=2;AN=2;DP4=0,0,0,9;MQ=60;RB=9,121898473,121898828,ATA,GAG
6	85292204	NA	TGA	T	180	MASKED;TAAATCAGTGAGAGAGAG	INDEL;IDV=10;IMF=1;DP=10;VDB=6.99472e-07;SGB=-0.670168;MQ0F=0;AC=2;AN=2;DP4=0,0,0,10;MQ=60;RB=6,85291826,85292246,ATT,AGC
4	88960634	NA	TG	T	124	PASS;AGCCAACATGGTGAAACC	INDEL;IDV=11;IMF=1;DP=11;VDB=2.26006e-08;SGB=-0.676189;MQ0F=0;AC=2;AN=2;DP4=0,0,0,11;MQ=60;RB=4,88960161,88960754,GCT,TTT
18	1427801	NA	AG	A	80	MASKED;GAAGAGCCAGGGGCCCTG	INDEL;IDV=10;IMF=1;DP=10;VDB=6.99472e-07;SGB=-0.670168;MQ0F=0;AC=2;AN=2;DP4=0,0,0,10;MQ=60;RB=18,1427549,1427824,GCA,GGT
8	15660723	NA	TA	T	119	MASKED;ATAGAATTTATCTTTCCG	INDEL;IDV=7;IMF=1;DP=7;VDB=6.71664e-05;SGB=-0.636426;MQ0F=0;AC=2;AN=2;DP4=0,0,0,7;MQ=60;RB=8,15660459,15660736,TTA,CGA
3	145256058	NA	ACTTT	A	225	PASS;TGGGGCAGACTTTCTAGC	INDEL;IDV=12;IMF=1;DP=12;VDB=2.26006e-08;SGB=-0.680642;MQ0F=0;AC=2;AN=2;DP4=0,0,0,12;MQ=60;RB=3,145255521,145256078,TTG,CTC
3	44820571	NA	ATTC	A	182	PASS;TTTATTTTATTCTTTAGG	INDEL;IDV=5;IMF=1;DP=5;VDB=0.00187095;SGB=-0.590765;MQ0F=0;AC=2;AN=2;DP4=0,0,5,0;MQ=60;RB=3,44820563,44821263,CAA,CCT
4	26978613	NA	GGTTATTTAT	G	205	PASS;CTGGTACAGGTTATTTAT	INDEL;IDV=6;IMF=1;DP=6;VDB=0.000411984;SGB=-0.616816;MQ0F=0;AC=2;AN=2;DP4=0,0,6,0;MQ=60;RB=4,26978566,26978999,TTG,GGC
4	146875198	NA	ATCATT	A	182	MASKED;AGAGGAGGATCATTTTAA	INDEL;IDV=5;IMF=1;DP=5;VDB=0.00187095;SGB=-0.590765;MQ0F=0;AC=2;AN=2;DP4=0,0,0,5;MQ=60;RB=4,146874958,146875298,CGG,AAT
17	14115685	NA	AGC	A	198	MASKED;TGTCGGGGAGCGAGATGC	INDEL;IDV=7;IMF=1;DP=7;VDB=6.71664e-05;SGB=-0.636426;MQ0F=0;AC=2;AN=2;DP4=0,0,0,7;MQ=60;RB=17,14115306,14115749,ATG,CCT
11	82040665	NA	CA	C	9.88465	MASKED;TAAAAGTACAAAAAAAAT	INDEL;IDV=5;IMF=1;DP=5;VDB=0.00187095;SGB=-0.590765;MQ0F=0;AC=2;AN=2;DP4=0,0,0,5;MQ=60;RB=11,82040217,82040728,GGC,CCT
8	110659750	NA	CTTGT	C	225	PASS;CCCATTTACTTGTTTGTT	INDEL;IDV=19;IMF=1;DP=19;VDB=1.29641e-11;SGB=-0.69168;MQ0F=0;AC=2;AN=2;DP4=0,0,0,19;MQ=60;RB=8,110659605,110659884,CTA,GGT
20	61024288	NA	CACCG	C	225	MASKED;CACAGAGCCACCGACCGG	INDEL;IDV=15;IMF=1;DP=15;VDB=4.49525e-10;SGB=-0.688148;MQ0F=0;AC=2;AN=2;DP4=0,0,0,15;MQ=60;RB=20,61023790,61024327,ACT,TAC
4	154290120	NA	ATGGCTTAGTTGGGTACATC	A	225	PASS;ATCCCAGCATGGCTTAGT	INDEL;IDV=10;IMF=1;DP=10;VDB=6.99472e-07;SGB=-0.670168;MQ0F=0;AC=2;AN=2;DP4=0,0,0,10;MQ=60;RB=4,154289753,154290261,ACG,ATC
16	59708789	NA	A	AT	28.4205	NEI_IND[14/408];TATTTTTTATTTTTTTAT	INDEL;IDV=10;IMF=1;DP=10;VDB=6.99472e-07;SGB=-0.670168;MQ0F=0;AC=2;AN=2;DP4=0,0,0,10;MQ=60;RB=16,59708390,59708866,TTG,CCA
16	59708837	NA	CTTTAAG	C	202	NEI_IND[6/360];TTATTATACTTTAAGTTT	INDEL;IDV=10;IMF=1;DP=10;VDB=5.52906e-06;SGB=-0.662043;MQ0F=0;AC=2;AN=2;DP4=0,0,0,9;MQ=60;RB=16,59708390,59708866,TTG,CCA
10	105742808	NA	GGT	G	163	MASKED;ATGTGAGGGGTGTGTGTA	INDEL;IDV=7;IMF=1;DP=7;VDB=6.71664e-05;SGB=-0.636426;MQ0F=0;AC=2;AN=2;DP4=0,0,0,7;MQ=60;RB=10,105742621,105742869,CGT,GAT
11	25799694	NA	TAC	T	126	PASS;CATACACATACACACACA	INDEL;IDV=5;IMF=0.833333;DP=5;VDB=0.00187095;SGB=-0.590765;MQ0F=0;AC=2;AN=2;DP4=0,0,0,5;MQ=60;RB=11,25799268,25799822,CGA,ATG
1	208194932	NA	CCTTT	C	205	PASS;CATCTTTCCCTTTATTTA	INDEL;IDV=6;IMF=1;DP=6;VDB=0.000411984;SGB=-0.616816;MQ0F=0;AC=2;AN=2;DP4=0,0,6,0;MQ=60;RB=1,208194897,208195156,GGT,TTC
8	141898872	NA	CT	C	159	MASKED;CATTTTTGCTAAATGTCT	INDEL;IDV=12;IMF=1;DP=12;VDB=2.26006e-08;SGB=-0.680642;MQ0F=0;AC=2;AN=2;DP4=0,0,12,0;MQ=60;RB=8,141898791,141899095,GAG,CCC
13	43492463	NA	GTTTA	G	224	PASS;AGTGTTCTGTTTATTTGT	INDEL;IDV=7;IMF=1;DP=7;VDB=6.71664e-05;SGB=-0.636426;MQ0F=0;AC=2;AN=2;DP4=0,0,0,7;MQ=60;RB=13,43492265,43492499,TTT,GGG
4	178490657	NA	TTC	T	208	MASKED;ATGAACATTTCTCCTTTG	INDEL;IDV=9;IMF=1;DP=9;VDB=5.52906e-06;SGB=-0.662043;MQ0F=0;AC=2;AN=2;DP4=0,0,0,9;MQ=60;RB=4,178490279,178490769,TCA,GAT
8	15295954	NA	GC	G	62	MASKED;TGCATGGTGCCTGGTATA	INDEL;IDV=4;IMF=1;DP=4;VDB=0.0221621;SGB=-0.511536;MQ0F=0;AC=2;AN=2;DP4=0,0,3,0;MQ=60;RB=8,15295936,15296244,GAG,ACG
5	35702212	NA	GA	G	64	MASKED;CAAGGGAGGACAAATCTT	INDEL;IDV=4;IMF=1;DP=4;VDB=0.00766117;SGB=-0.556411;MQ0F=0;AC=2;AN=2;DP4=0,0,0,4;MQ=60;RB=5,35701143,35702308,CTC,AAT
4	36623560	NA	TG	T	116	MASKED;AGGCGTGGTGGCACACAC	INDEL;IDV=7;IMF=1;DP=7;VDB=6.71664e-05;SGB=-0.636426;MQ0F=0;AC=2;AN=2;DP4=0,0,0,7;MQ=60;RB=4,36623201,36623632,TTA,TAA
15	34951578	NA	AT	A	105	MASKED;GAGGAAGCATTGTGCACA	INDEL;IDV=6;IMF=1;DP=6;VDB=0.000411984;SGB=-0.616816;MQ0F=0;AC=2;AN=2;DP4=0,0,0,6;MQ=60;RB=15,34951267,34951630,GGC,TAT
5	11483975	NA	AT	A	156	PASS;AGAAAGAAATGTACCAGA	INDEL;IDV=11;IMF=1;DP=11;VDB=2.26006e-08;SGB=-0.676189;MQ0F=0;AC=2;AN=2;DP4=0,0,11,0;MQ=60;RB=5,11483884,11484178,CGT,GTG
2	39836652	NA	CACTT	C	154	PASS;CCTTACCACACTTACTAT	INDEL;IDV=4;IMF=1;DP=4;VDB=0.0058656;SGB=-0.556411;MQ0F=0;AC=2;AN=2;DP4=0,0,0,4;MQ=60;RB=2,39836396,39836685,ACT,TCC
1	29834209	NA	TCA	T	128	PASS;AGTCCATCTCACAGTTTC	INDEL;IDV=5;IMF=1;DP=5;VDB=0.00187095;SGB=-0.590765;MQ0F=0;AC=2;AN=2;DP4=0,0,0,5;MQ=60;RB=1,29834025,29834236,GAA,GCG
20	23819828	NA	GATGAACAT	G	205	MASKED;AATCTCCTGATGAACATC	INDEL;IDV=6;IMF=1;DP=6;VDB=0.000411984;SGB=-0.616816;MQ0F=0;AC=2;AN=2;DP4=0,0,0,6;MQ=60;RB=20,23819403,23819930,TTG,TAC
9	121898745	NA	GAAA	G	125	MASKED;GAAAGAAAGAAAAAAAAA	INDEL;IDV=10;IMF=1;DP=10;VDB=6.99472e-07;SGB=-0.670168;MQ0F=0;AC=2;AN=2;DP4=0,0,0,10;MQ=60;RB=9,121898473,121898828,GGA,GCG
9	104948305	NA	GC	G	123	MASKED;AATAACCTGCCATCCATG	INDEL;IDV=8;IMF=1;DP=8;VDB=1.33331e-05;SGB=-0.651104;MQ0F=0;AC=2;AN=2;DP4=0,0,8,0;MQ=60;RB=9,104948225,104948808,CTG,AAG
15	90120478	NA	AGTACATTCTTGC	A	225	MASKED;ACTAAATGAGTACATTCT	INDEL;IDV=9;IMF=1;DP=9;VDB=5.52906e-06;SGB=-0.662043;MQ0F=0;AC=2;AN=2;DP4=0,0,0,9;MQ=60;RB=15,90120204,90120609,GGT,GGG
7	80011473	NA	T	TA	160	NEI_IND[49/588];GAATATAATTATGAATAT	INDEL;IDV=10;IMF=1;DP=10;VDB=6.99472e-07;SGB=-0.670168;MQ0F=0;AC=2;AN=2;DP4=0,0,10,0;MQ=60;RB=7,80011361,80011751,TAA,CGT
7	80011658	NA	AAT	A	196	PASS;ATGTATATAATATATATA	INDEL;IDV=10;IMF=1;DP=10;VDB=6.99472e-07;SGB=-0.670168;MQ0F=0;AC=2;AN=2;DP4=0,0,0,10;MQ=60;RB=7,80011361,80011751,TAA,CGT
5	143868238	NA	CAAGGAG	C	176	MASKED;ATGAAAGACAAGGAGAAG	INDEL;IDV=5;IMF=0.714286;DP=7;VDB=0.00187095;SGB=-0.590765;MQ0F=0;AC=2;AN=2;DP4=0,0,0,5;MQ=60;RB=5,143868075,143868291,GGC,CTC
6	29564025	NA	CTGAAGG	C	225	PASS;AGCAGGCCCTGAAGGAAA	INDEL;IDV=15;IMF=1;DP=15;VDB=4.49525e-10;SGB=-0.688148;MQ0F=0;AC=2;AN=2;DP4=0,0,0,15;MQ=60;RB=6,29563744,29564084,GTA,CTA
6	74198642	NA	AAAC	A	187	PASS;CGTCTAAAAAACAACAAC	INDEL;IDV=8;IMF=1;DP=8;VDB=1.33331e-05;SGB=-0.651104;MQ0F=0;AC=2;AN=2;DP4=0,0,8,0;MQ=60;RB=6,74198607,74199056,CTT,TGG
6	74199001	NA	C	CTT	19.4677	NEI_IND[40/510];CTTTTTTTCTTTTTTTTT	INDEL;IDV=7;IMF=0.875;DP=8;VDB=6.71664e-05;SGB=-0.636426;MQ0F=0;AC=2;AN=2;DP4=0,0,0,7;MQ=60;RB=6,74198607,74199056,CTT,TGG
10	1652943	NA	GCA	G	188	MASKED;GGGCAGGCGCACACACAC	INDEL;IDV=12;IMF=1;DP=12;VDB=2.26006e-08;SGB=-0.680642;MQ0F=0;AC=2;AN=2;DP4=0,0,0,12;MQ=60;RB=10,1652618,1653025,TTT,ACT
11	36358210	NA	GAATA	G	225	PASS;TGTTTGTTGAATAAATAA	INDEL;IDV=8;IMF=1;DP=8;VDB=1.33331e-05;SGB=-0.651104;MQ0F=0;AC=2;AN=2;DP4=0,0,0,8;MQ=60;RB=11,36357955,36358320,GTT,TCT
17	61659965	NA	GA	G	165	PASS;GTAGCTGGGATTACCGGC	INDEL;IDV=14;IMF=1;DP=14;VDB=2.26006e-08;SGB=-0.686358;MQ0F=0;AC=2;AN=2;DP4=0,0,14,0;MQ=60;RB=17,61659887,61660190,CCC,TTT
7	51085962	NA	GTGGTGA	G	225	MASKED;TGGTGGTGGTGGTGATGG	INDEL;IDV=8;IMF=1;DP=8;VDB=1.33331e-05;SGB=-0.651104;MQ0F=0;AC=2;AN=2;DP4=0,0,0,8;MQ=60;RB=7,51085364,51086014,GCG,GGA
3	62787233	NA	AG	A	165	PASS;TATCAGGAAGCTGTAAAT	INDEL;IDV=14;IMF=1;DP=14;VDB=2.26006e-08;SGB=-0.686358;MQ0F=0;AC=2;AN=2;DP4=0,0,14,0;MQ=60;RB=3,62787139,62787620,AAG,AGT
2	150486754	NA	TTTTGTA	TTA,T	191	MASKED;TGTCAGTTTTTTGTATGT	INDEL;IDV=7;IMF=1;DP=7;VDB=7.99768e-05;SGB=-0.636426;MQ0F=0;AC=1,1;AN=2;DP4=0,0,0,7;MQ=60;RB=2,150486525,150486806,GTT,ACC
5	3288208	NA	CAT	C	193	MASKED;ATGGCAAACATACACACA	INDEL;IDV=7;IMF=1;DP=7;VDB=6.71664e-05;SGB=-0.636426;MQ0F=0;AC=2;AN=2;DP4=0,0,0,7;MQ=60;RB=5,3287838,3288233,GCC,TAT
8	109646452	NA	TA	T	45.4146	PASS;AGCCACAATAAAAAACTC	INDEL;IDV=14;IMF=1;DP=14;VDB=2.26006e-08;SGB=-0.686358;MQ0F=0;AC=2;AN=2;DP4=0,0,14,0;MQ=60;RB=8,109646423,109646741,AAG,AAA
11	25799694	NA	TAC	T	140	PASS;CATACACATACACACACA	INDEL;IDV=6;IMF=0.857143;DP=6;VDB=0.000411984;SGB=-0.616816;MQ0F=0;AC=2;AN=2;DP4=0,0,0,6;MQ=60;RB=11,25798767,25799822,CGA,TAG
5	173811756	NA	CGGTGTG	C	225	MASKED;TGCACACACGGTGTGTTA	INDEL;IDV=11;IMF=1;DP=11;VDB=2.26006e-08;SGB=-0.676189;MQ0F=0;AC=2;AN=2;DP4=0,0,11,0;MQ=60;RB=5,173811726,173811975,CAG,CCA
10	25525906	NA	A	AT	45.4146	PASS;TTATTCTAATTTTACAGC	INDEL;IDV=8;IMF=1;DP=8;VDB=0.0058656;SGB=-0.556411;MQ0F=0;AC=2;AN=2;DP4=0,0,4,0;MQ=60;RB=10,25525823,25525995,GTT,AGC
2	218388561	NA	GC	G	84	PASS;AACAATACGCCCTTAGCA	INDEL;IDV=5;IMF=1;DP=5;VDB=0.00187095;SGB=-0.590765;MQ0F=0;AC=2;AN=2;DP4=0,0,5,0;MQ=60;RB=2,218388463,218388737,GTC,ACC
14	62950696	NA	CTGTT	C	225	MASKED;TAGAGCTTCTGTTTGTTT	INDEL;IDV=10;IMF=1;DP=10;VDB=1.82464e-06;SGB=-0.670168;MQ0F=0;AC=2;AN=2;DP4=0,0,0,10;MQ=60;RB=14,62950269,62950720,TAG,AAG
14	43552956	NA	TGAGAA	T	182	MASKED;TTGAATACTGAGAAGAGA	INDEL;IDV=5;IMF=1;DP=5;VDB=0.00187095;SGB=-0.590765;MQ0F=0;AC=2;AN=2;DP4=0,0,0,5;MQ=60;RB=14,43552393,43553056,TTG,AGC
16	59708789	NA	A	AT	28.4205	NEI_IND[14/408];TATTTTTTATTTTTTTAT	INDEL;IDV=10;IMF=1;DP=10;VDB=6.99472e-07;SGB=-0.670168;MQ0F=0;AC=2;AN=2;DP4=0,0,0,10;MQ=60;RB=16,59708390,59708865,GGC,GCG
16	59708837	NA	CTTTAAG	C	207	NEI_IND[6/360];TTATTATACTTTAAGTTT	INDEL;IDV=10;IMF=1;DP=10;VDB=6.99472e-07;SGB=-0.670168;MQ0F=0;AC=2;AN=2;DP4=0,0,0,10;MQ=60;RB=16,59708390,59708865,GGC,GCG
15	28378021	NA	T	TA	106	PASS;TTTATTCTTAAACATTTT	INDEL;IDV=7;IMF=1;DP=7;VDB=6.71664e-05;SGB=-0.636426;MQ0F=0;AC=2;AN=2;DP4=0,0,7,0;MQ=60;RB=15,28377982,28378308,CCT,CTT
9	12544590	NA	TGCGC	T	225	MASKED;CTAATTTGTGCGCGCACA	INDEL;IDV=12;IMF=1;DP=12;VDB=2.26006e-08;SGB=-0.680642;MQ0F=0;AC=2;AN=2;DP4=0,0,12,0;MQ=60;RB=9,12544471,12544947,CCC,GCT
5	43436680	NA	AAAC	A	142	NEI_IND[9/293];AAACAAACAAACAAAAAA	INDEL;IDV=4;IMF=1;DP=4;VDB=0.0058656;SGB=-0.556411;MQ0F=0;AC=2;AN=2;DP4=0,0,0,4;MQ=60;RB=5,43436248,43436798,TAT,CTC
5	145492659	NA	CTCTTGTTGCCTA	C	224	NEI_IND[6/366];GAGTTTCACTCTTGTTGC	INDEL;IDV=7;IMF=1;DP=7;VDB=6.71664e-05;SGB=-0.636426;MQ0F=0;AC=2;AN=2;DP4=0,0,0,7;MQ=60;RB=5,145492293,145492703,AGG,ACT
5	90128520	NA	TGTA	T	225	PASS;CATTTTCTTGTAGTAGTT	INDEL;IDV=11;IMF=1;DP=11;VDB=2.26006e-08;SGB=-0.676189;MQ0F=0;AC=2;AN=2;DP4=0,0,0,11;MQ=60;RB=5,90128345,90128626,AAT,AAA
14	89099979	NA	AGAT	A	220	MASKED;GTGCAAACAGATGAGTGT	INDEL;IDV=7;IMF=1;DP=7;VDB=6.71664e-05;SGB=-0.636426;MQ0F=0;AC=2;AN=2;DP4=0,0,7,0;MQ=60;RB=14,89099956,89100717,AGT,GTA
5	7481885	NA	TTG	T	200	MASKED;ATGCTGATTTGTGTGTGT	INDEL;IDV=17;IMF=1;DP=17;VDB=1.29641e-11;SGB=-0.689466;MQ0F=0;AC=2;AN=2;DP4=0,0,0,16;MQ=60;RB=5,7481461,7481996,CCC,TAT
3	105790053	NA	ACAGAGTGAGACTCCGTC	A	225	MASKED;CCTGGGCGACAGAGTGAG	INDEL;IDV=8;IMF=1;DP=8;VDB=1.33331e-05;SGB=-0.651104;MQ0F=0;AC=2;AN=2;DP4=0,0,8,0;MQ=60;RB=3,105790015,105790779,ATA,CTG
18	51681343	NA	AT	A	130	PASS;TATTTAGAATTCCTGATC	INDEL;IDV=9;IMF=1;DP=9;VDB=5.52906e-06;SGB=-0.662043;MQ0F=0;AC=2;AN=2;DP4=0,0,0,9;MQ=60;RB=18,51681076,51681413,CCC,CAG
1	14699694	NA	AATATATATATATAT	A	225	MASKED;AAAAACTGAATATATATA	INDEL;IDV=14;IMF=1;DP=14;VDB=2.26006e-08;SGB=-0.686358;MQ0F=0;AC=2;AN=2;DP4=0,0,0,14;MQ=60;RB=1,14699262,14699791,TTG,TAT
20	24925730	NA	CA	C	120	MASKED;TTACCAAGCAAATGGAAA	INDEL;IDV=10;IMF=1;DP=10;VDB=6.99472e-07;SGB=-0.670168;MQ0F=0;AC=2;AN=2;DP4=0,0,0,10;MQ=60;RB=20,24925458,24925758,CAT,TAA
10	120516183	NA	CCTCT	C	225	MASKED;TTTCACTCCCTCTCTAAT	INDEL;IDV=9;IMF=1;DP=9;VDB=5.52906e-06;SGB=-0.662043;MQ0F=0;AC=2;AN=2;DP4=0,0,0,9;MQ=60;RB=10,120515771,120516283,GTG,GGT
7	15659297	NA	AC	A	117	PASS;AGATAGATACATCTCCTT	INDEL;IDV=6;IMF=1;DP=6;VDB=0.000411984;SGB=-0.616816;MQ0F=0;AC=2;AN=2;DP4=0,0,6,0;MQ=60;RB=7,15659240,15659545,TCA,GGG
7	77839461	NA	ATTAGT	A	225	PASS;TTAAAATTATTAGTTTAA	INDEL;IDV=11;IMF=1;DP=11;VDB=2.26006e-08;SGB=-0.676189;MQ0F=0;AC=2;AN=2;DP4=0,0,11,0;MQ=60;RB=7,77839388,77839896,ATT,TTT
4	172342929	NA	TA	T	111	PASS;TTCACTTTTAAAGGTGTG	INDEL;IDV=9;IMF=1;DP=9;VDB=5.52906e-06;SGB=-0.662043;MQ0F=0;AC=2;AN=2;DP4=0,0,9,0;MQ=60;RB=4,172342915,172343512,TGT,CCC
4	172342989	NA	A	AT	152	NEI_IND[53/635];ATGTAGTTAGGATAATAA	INDEL;IDV=9;IMF=1;DP=9;VDB=5.52906e-06;SGB=-0.662043;MQ0F=0;AC=2;AN=2;DP4=0,0,9,0;MQ=60;RB=4,172342915,172343512,TGT,CCC
7	112803746	NA	GAACC	G	225	MASKED;CAATTAGTGAACCAACAG	INDEL;IDV=11;IMF=1;DP=11;VDB=2.26006e-08;SGB=-0.676189;MQ0F=0;AC=2;AN=2;DP4=0,0,0,11;MQ=60;RB=7,112803188,112803874,GGT,ATA
12	55452115	NA	TTG	T	169	MASKED;TATGCATTTTGTGTGTGT	INDEL;IDV=9;IMF=1;DP=9;VDB=5.52906e-06;SGB=-0.662043;MQ0F=0;AC=2;AN=2;DP4=0,0,9,0;MQ=60;RB=12,55452050,55452373,GTT,CTG
6	131810982	NA	AACTC	A	225	MASKED;CTTGCATGAACTCACTCA	INDEL;IDV=10;IMF=1;DP=10;VDB=6.99472e-07;SGB=-0.670168;MQ0F=0;AC=2;AN=2;DP4=0,0,10,0;MQ=60;RB=6,131810871,131811425,TTG,TGT
4	24514760	NA	C	CAG	225	PASS;TGGTAAAACAGAGTCCAG	INDEL;IDV=13;IMF=1;DP=13;VDB=2.26006e-08;SGB=-0.680642;MQ0F=0;AC=2;AN=2;DP4=0,0,12,0;MQ=60;RB=4,24514668,24515128,CGG,TTA
18	58783327	NA	CTTATA	C	225	MASKED;TTTCAGCTCTTATATTAT	INDEL;IDV=10;IMF=1;DP=10;VDB=6.99472e-07;SGB=-0.670168;MQ0F=0;AC=2;AN=2;DP4=0,0,0,10;MQ=60;RB=18,58783100,58783430,TTT,GTT
11	95660495	NA	CTATT	C	205	NEI_IND[4/358];TTTGCAAACTATTTATCT	INDEL;IDV=6;IMF=1;DP=6;VDB=0.000411984;SGB=-0.616816;MQ0F=0;AC=2;AN=2;DP4=0,0,6,0;MQ=60;RB=11,95660431,95660797,ATT,TTT
2	86410019	NA	CCAAA	C	225	MASKED;AAAAAATACCAAACAAAC	INDEL;IDV=16;IMF=1;DP=16;VDB=0.978952;SGB=-0.688148;MQSB=1;MQ0F=0;AC=2;AN=2;DP4=0,0,8,7;MQ=60;RB=2,86409916,86410152,CGT,TTA
9	85341677	NA	GT	G	19.4636	MASKED;ATGGGAGTGTTTTTTTTG	INDEL;IDV=12;IMF=1;DP=12;VDB=2.26006e-08;SGB=-0.680642;MQ0F=0;AC=2;AN=2;DP4=0,0,0,12;MQ=60;RB=9,85341415,85341694,CTT,ATT
11	82040665	NA	CA	C	17.4922	MASKED;TAAAAGTACAAAAAAAAT	INDEL;IDV=8;IMF=1;DP=8;VDB=1.33331e-05;SGB=-0.651104;MQ0F=0;AC=2;AN=2;DP4=0,0,0,8;MQ=60;RB=11,82040216,82040727,AAT,TCG
8	20226006	NA	CTTT	C	15.5527	NEI_IND[37/180];TCTTTTTTCTTTTTTTTT	INDEL;IDV=5;IMF=1;DP=5;VDB=0.00842371;SGB=-0.590765;MQ0F=0;AC=2;AN=2;DP4=0,0,0,5;MQ=60;RB=8,20225593,20226083,TGA,TTT
8	20226056	NA	CG	C	59	MASKED;CCAGGCTCCGGTGTGCAT	INDEL;IDV=6;IMF=1;DP=6;VDB=0.0044139;SGB=-0.616816;MQ0F=0;AC=2;AN=2;DP4=0,0,0,6;MQ=54;RB=8,20225593,20226083,TGA,TTT
5	3288208	NA	CAT	C	207	MASKED;ATGGCAAACATACACACA	INDEL;IDV=8;IMF=1;DP=8;VDB=1.33331e-05;SGB=-0.651104;MQ0F=0;AC=2;AN=2;DP4=0,0,0,8;MQ=60;RB=5,3287838,3288318,CAG,ATA
7	141739683	NA	CAT	C	206	PASS;TCACCACACATGTTTTAT	INDEL;IDV=7;IMF=1;DP=7;VDB=6.71664e-05;SGB=-0.636426;MQ0F=0;AC=2;AN=2;DP4=0,0,7,0;MQ=60;RB=7,141739580,141739915,GCC,CCG
12	61462868	NA	ATTTAAAATTT	A	225	MASKED;GCATATATATTTAAAATT	INDEL;IDV=8;IMF=1;DP=8;VDB=1.33331e-05;SGB=-0.651104;MQ0F=0;AC=2;AN=2;DP4=0,0,8,0;MQ=60;RB=12,61462797,61463433,TGC,GAC
12	61463332	NA	C	CATTT	225	NEI_IND[2/72];TTTCATAACATAGGAGTG	INDEL;IDV=8;IMF=1;DP=8;VDB=1.33331e-05;SGB=-0.651104;MQ0F=0;AC=2;AN=2;DP4=0,0,0,8;MQ=60;RB=12,61462797,61463433,TGC,GAC
5	160883052	NA	CTTTG	C	225	PASS;CCACCAATCTTTGTTTGT	INDEL;IDV=11;IMF=1;DP=11;VDB=6.99472e-07;SGB=-0.670168;MQ0F=0;AC=2;AN=2;DP4=0,0,10,0;MQ=60;RB=5,160882931,160883590,TTT,ATG
2	35476124	NA	ATAAAGT	A	225	MASKED;ATGCATAGATAAAGTTAG	INDEL;IDV=12;IMF=1;DP=12;VDB=2.26006e-08;SGB=-0.680642;MQ0F=0;AC=2;AN=2;DP4=0,0,12,0;MQ=60;RB=2,35476062,35476368,CTA,AAA
16	62133492	NA	GC	G	118	MASKED;CATTAAATGCCAAATATT	INDEL;IDV=7;IMF=1;DP=7;VDB=6.71664e-05;SGB=-0.636426;MQ0F=0;AC=2;AN=2;DP4=0,0,7,0;MQ=60;RB=16,62133482,62133728,GTC,TCC
3	164773280	NA	TA	T	23.434	PASS;AGAGCAGTTAAAAAAAGG	INDEL;IDV=7;IMF=1;DP=7;VDB=6.71664e-05;SGB=-0.636426;MQ0F=0;AC=2;AN=2;DP4=0,0,7,0;MQ=60;RB=3,164773264,164773662,CCT,TTC
7	47861244	NA	GTTTA	G	225	MASKED;GTGTTGGGGTTTATTTAT	INDEL;IDV=11;IMF=1;DP=11;VDB=2.89569e-08;SGB=-0.676189;MQ0F=0;AC=2;AN=2;DP4=0,0,0,11;MQ=60;RB=7,47860947,47861336,TGT,CAG
11	25799694	NA	TAC	T	136	MASKED;CATACACATACACACACA	INDEL;IDV=6;IMF=1;DP=6;VDB=0.000411984;SGB=-0.616816;MQ0F=0;AC=2;AN=2;DP4=0,0,0,6;MQ=60;RB=11,25799268,25799823,GTT,ATA
8	143789531	NA	TTCTA	T	225	MASKED;TAGAAGTGTTCTATCTAA	INDEL;IDV=8;IMF=1;DP=8;VDB=1.33331e-05;SGB=-0.651104;MQ0F=0;AC=2;AN=2;DP4=0,0,0,8;MQ=60;RB=8,143788795,143789575,TGT,GCC
10	47084716	NA	GGT	G	225	NEI_IND[2/154];GGATGAATGGTGTTTCTC	INDEL;IDV=11;IMF=1;DP=11;VDB=2.26006e-08;SGB=-0.676189;MQ0F=0;AC=2;AN=2;DP4=0,0,0,11;MQ=60;RB=10,47084349,47084818,AAC,AAC
14	89579833	NA	TTGAG	T	225	MASKED;AACATTTATTGAGTGTTT	INDEL;IDV=9;IMF=1;DP=9;VDB=5.52906e-06;SGB=-0.662043;MQ0F=0;AC=2;AN=2;DP4=0,0,0,9;MQ=60;RB=14,89579435,89579871,TAA,TTC
11	96473539	NA	TC	T	139	PASS;TGGCTGTTTCTTCTTTGA	INDEL;IDV=9;IMF=1;DP=9;VDB=5.52906e-06;SGB=-0.662043;MQ0F=0;AC=2;AN=2;DP4=0,0,9,0;MQ=60;RB=11,96473508,96473911,GAC,CTG
14	45640894	NA	TTG	T	177	MASKED;AGTCCATGTTGTGTGTGT	INDEL;IDV=12;IMF=1;DP=12;VDB=4.20601e-08;SGB=-0.680642;MQ0F=0;AC=2;AN=2;DP4=0,0,0,12;MQ=60;RB=14,45640647,45640991,GCG,TAT
8	113143309	NA	CTA	C	218	MASKED;CTGCACACCTATCCAACT	INDEL;IDV=9;IMF=1;DP=9;VDB=5.52906e-06;SGB=-0.662043;MQ0F=0;AC=2;AN=2;DP4=0,0,9,0;MQ=60;RB=8,113143271,113143738,TTA,TTT
17	28455675	NA	GATATA	G	182	MASKED;CAGAAATTGATATAATAT	INDEL;IDV=5;IMF=1;DP=5;VDB=0.00187095;SGB=-0.590765;MQ0F=0;AC=2;AN=2;DP4=0,0,0,5;MQ=60;RB=17,28455515,28455786,CGT,CCG
2	53072576	NA	TTTTA	T	205	MASKED;TTACAGATTTTTATTTAT	INDEL;IDV=6;IMF=1;DP=6;VDB=0.000411984;SGB=-0.616816;MQ0F=0;AC=2;AN=2;DP4=0,0,0,6;MQ=60;RB=2,53072118,53072633,TCG,AAT
8	120908308	NA	AT	A	13.6076	MASKED;ATTATGCTATTTTTTTTG	INDEL;IDV=6;IMF=1;DP=6;VDB=0.000411984;SGB=-0.616816;MQ0F=0;AC=2;AN=2;DP4=0,0,0,6;MQ=60;RB=8,120907734,120908437,GGA,TGT
20	61024288	NA	CACCG	C	225	MASKED;CACAGAGCCACCGACCGG	INDEL;IDV=10;IMF=1;DP=10;VDB=5.52906e-06;SGB=-0.662043;MQ0F=0;AC=2;AN=2;DP4=0,0,0,9;MQ=60;RB=20,61023790,61024328,CCT,AAA
12	43246728	NA	CAT	C	204	PASS;AAAAAAGACATAAAGTTA	INDEL;IDV=9;IMF=1;DP=9;VDB=0.00159743;SGB=-0.662043;MQ0F=0;AC=2;AN=2;DP4=0,0,0,9;MQ=60;RB=12,43246543,43246799,CCC,CGA
13	32482442	NA	GC	G	137	MASKED;TTTAAGCAGCAGGAAAAT	INDEL;IDV=8;IMF=1;DP=8;VDB=1.33331e-05;SGB=-0.651104;MQ0F=0;AC=2;AN=2;DP4=0,0,8,0;MQ=60;RB=13,32482388,32482682,TGG,GTG
10	89508473	NA	TAGA	T	224	PASS;TTTTTTTTTAGAAGAATT	INDEL;IDV=7;IMF=1;DP=7;VDB=6.71664e-05;SGB=-0.636426;MQ0F=0;AC=2;AN=2;DP4=0,0,7,0;MQ=60;RB=10,89508454,89508958,ACT,AGG
2	123207790	NA	GAT	G	225	MASKED;TGAAACATGATCAGACCA	INDEL;IDV=11;IMF=1;DP=11;VDB=2.26006e-08;SGB=-0.676189;MQ0F=0;AC=2;AN=2;DP4=0,0,0,11;MQ=60;RB=2,123207433,123207897,GAT,TTC
11	21444978	NA	TATA	T	225	PASS;CATGAATATATAATAATT	INDEL;IDV=9;IMF=1;DP=9;VDB=5.52906e-06;SGB=-0.662043;MQ0F=0;AC=2;AN=2;DP4=0,0,9,0;MQ=60;RB=11,21444882,21445185,CCT,TCG
3	153376124	NA	AT	A	129	MASKED;CTTAGGGGATTTGCAGTG	INDEL;IDV=12;IMF=1;DP=12;VDB=2.26006e-08;SGB=-0.676189;MQ0F=0;AC=2;AN=2;DP4=0,0,0,11;MQ=60;RB=3,153375637,153376212,TAA,TAG
5	173728220	NA	TAA	T	114	MASKED;CATTATTTTAAAAAACAG	INDEL;IDV=8;IMF=1;DP=8;VDB=1.33331e-05;SGB=-0.651104;MQ0F=0;AC=2;AN=2;DP4=0,0,0,8;MQ=60;RB=5,173727847,173728267,ATA,GAT
5	10202281	NA	T	TA	132	PASS;CACTGAGATTTCTAAGAC	INDEL;IDV=12;IMF=1;DP=12;VDB=2.26006e-08;SGB=-0.680642;MQ0F=0;AC=2;AN=2;DP4=0,0,12,0;MQ=60;RB=5,10202171,10202553,AAC,AAG
15	99581563	NA	AG	A	76	PASS;GAGAGATGAGGGGAATTG	INDEL;IDV=10;IMF=1;DP=10;VDB=5.52906e-06;SGB=-0.662043;MQ0F=0;AC=2;AN=2;DP4=0,0,0,9;MQ=60;RB=15,99580898,99581592,CCT,AGC
6	346429	NA	G	GACACACAC,GACAC	193	NEI_IND[2/60];TTTGTGTAGACACACACA	INDEL;IDV=16;IMF=1;DP=16;VDB=1.29641e-11;SGB=-0.689466;MQ0F=0;AC=1,1;AN=2;DP4=0,0,16,0;MQ=60;RB=6,346410,346755,TGT,TCC
6	346674	NA	T	TC	92	PASS;CGGACATGTCCCCTCTCT	INDEL;IDV=16;IMF=1;DP=16;VDB=1.29641e-11;SGB=-0.689466;MQ0F=0;AC=2;AN=2;DP4=0,0,0,16;MQ=60;RB=6,346410,346755,TGT,TCC
7	131490088	NA	T	TCACACACA	192	NEI_IND[33/564];GGCAATATTCACACACAC	INDEL;IDV=8;IMF=0.666667;DP=12;VDB=1.33331e-05;SGB=-0.651104;MQ0F=0;AC=2;AN=2;DP4=0,0,8,0;MQ=60;RB=7,131490014,131490488,TTC,TGA
7	131490474	NA	CAG	C	225	MASKED;GATGAAGACAGGGTGCAT	INDEL;IDV=12;IMF=1;DP=12;VDB=2.26006e-08;SGB=-0.680642;MQ0F=0;AC=2;AN=2;DP4=0,0,0,12;MQ=60;RB=7,131490014,131490488,TTC,TGA
17	2417516	NA	TAC	T	136	MASKED;CATATATATACACACACA	INDEL;IDV=6;IMF=1;DP=6;VDB=0.000411984;SGB=-0.616816;MQ0F=0;AC=2;AN=2;DP4=0,0,0,6;MQ=60;RB=17,2416893,2417626,ATG,ACT
7	86111526	NA	GAAGA	G	225	MASKED;TTTGTTGTGAAGACAGAC	INDEL;IDV=8;IMF=1;DP=8;VDB=1.33331e-05;SGB=-0.651104;MQ0F=0;AC=2;AN=2;DP4=0,0,0,8;MQ=60;RB=7,86111281,86111609,CCG,TAT
11	35022574	NA	A	AT	164	PASS;ATACATAAATTCATCAGT	INDEL;IDV=12;IMF=1;DP=12;VDB=2.26006e-08;SGB=-0.680642;MQ0F=0;AC=2;AN=2;DP4=0,0,12,0;MQ=60;RB=11,35022496,35022880,TCG,CCT
8	108986270	NA	CA	C	105	MASKED;TCCTCAAACAAACATGCA	INDEL;IDV=8;IMF=1;DP=8;VDB=1.33331e-05;SGB=-0.651104;MQ0F=0;AC=2;AN=2;DP4=0,0,0,8;MQ=60;RB=8,108985626,108986387,CTT,CCT
6	93602820	NA	GA	G	29.4193	NEI_IND[40/932];ACATAAGGGAAAAAAATA	INDEL;IDV=11;IMF=1;DP=11;VDB=2.26006e-08;SGB=-0.676189;MQ0F=0;AC=2;AN=2;DP4=0,0,11,0;MQ=60;RB=6,93602751,93603131,GGG,CTT
6	93603041	NA	CTTTATT	C	225	PASS;GAGAAAAACTTTATTTTT	INDEL;IDV=11;IMF=1;DP=11;VDB=2.26006e-08;SGB=-0.676189;MQ0F=0;AC=2;AN=2;DP4=0,0,0,11;MQ=60;RB=6,93602751,93603131,GGG,CTT
15	90120478	NA	AGTACATTCTTGC	A	225	MASKED;ACTAAATGAGTACATTCT	INDEL;IDV=10;IMF=1;DP=10;VDB=6.99472e-07;SGB=-0.670168;MQ0F=0;AC=2;AN=2;DP4=0,0,0,10;MQ=60;RB=15,90120205,90120610,TAC,GGA
8	137395979	NA	GA	G	30.4183	PASS;AGGGGTAAGAAAAAGATT	INDEL;IDV=4;IMF=1;DP=4;VDB=0.0058656;SGB=-0.556411;MQ0F=0;AC=2;AN=2;DP4=0,0,0,4;MQ=60;RB=8,137395791,137396025,GAC,GAG
17	11088358	NA	GC	G	138	MASKED;GGGGGACTGCCATAAGCT	INDEL;IDV=11;IMF=1;DP=11;VDB=2.26006e-08;SGB=-0.676189;MQ0F=0;AC=2;AN=2;DP4=0,0,11,0;MQ=60;RB=17,11088264,11088665,TCT,GGG
11	121076895	NA	TAAC	T	205	MASKED;TGCTGTCTTAACAACAGT	INDEL;IDV=6;IMF=1;DP=6;VDB=0.000411984;SGB=-0.616816;MQ0F=0;AC=2;AN=2;DP4=0,0,6,0;MQ=60;RB=11,121076776,121077148,GCT,AAT
3	133033070	NA	AAAT	A	169	PASS;CTTGGAAAAAATATTTCT	INDEL;IDV=7;IMF=1;DP=7;VDB=6.71664e-05;SGB=-0.636426;MQ0F=0;AC=2;AN=2;DP4=0,0,7,0;MQ=60;RB=3,133032963,133033333,GTC,CGT
4	46255190	NA	CT	C	7.30725	MASKED;GTAAATATCTTTTTTTTT	INDEL;IDV=6;IMF=1;DP=6;VDB=0.00187095;SGB=-0.590765;MQ0F=0;AC=2;AN=2;DP4=0,0,0,5;MQ=60;RB=4,46254329,46255277,CCG,CGC
2	10259430	NA	AAAAT	A	145	MASKED;TGCACAAAAAAATAAATC	INDEL;IDV=4;IMF=1;DP=4;VDB=0.0058656;SGB=-0.556411;MQ0F=0;AC=2;AN=2;DP4=0,0,4,0;MQ=60;RB=2,10259405,10259823,GTT,CTG
18	43935706	NA	TCCAC	T	205	MASKED;TCTATCTCTCCACCCATC	INDEL;IDV=6;IMF=1;DP=6;VDB=0.000411984;SGB=-0.616816;MQ0F=0;AC=2;AN=2;DP4=0,0,0,6;MQ=60;RB=18,43934993,43935758,AAA,CTA
9	124264866	NA	CCT	C	191	MASKED;TTCTGGCCCCTCTCTCTC	INDEL;IDV=10;IMF=1;DP=10;VDB=6.99472e-07;SGB=-0.670168;MQ0F=0;AC=2;AN=2;DP4=0,0,0,10;MQ=60;RB=9,124264614,124264927,GCG,ATT
7	131490474	NA	CAG	C	183	MASKED;GATGAAGACAGGGTGCAT	INDEL;IDV=7;IMF=1;DP=7;VDB=0.000411984;SGB=-0.616816;MQ0F=0;AC=2;AN=2;DP4=0,0,0,6;MQ=60;RB=7,131489843,131490488,CCA,GAA
10	109523463	NA	CCTAT	C	225	MASKED;CTAGGATACCTATCTATA	INDEL;IDV=8;IMF=1;DP=8;VDB=1.33331e-05;SGB=-0.651104;MQ0F=0;AC=2;AN=2;DP4=0,0,0,8;MQ=60;RB=10,109522989,109523521,TTT,GAC
4	69339688	NA	CTAA	C	224	MASKED;AATTAACACTAATAATAT	INDEL;IDV=7;IMF=1;DP=7;VDB=6.71664e-05;SGB=-0.636426;MQ0F=0;AC=2;AN=2;DP4=0,0,0,7;MQ=60;RB=4,69339410,69339815,CGT,TGT
4	108866004	NA	ATATT	A	225	NEI_IND[4/284];ATATATATATATTTATAT	INDEL;IDV=10;IMF=1;DP=10;VDB=6.99472e-07;SGB=-0.670168;MQ0F=0;AC=2;AN=2;DP4=0,0,0,10;MQ=60;RB=4,108865822,108866119,TCC,CCC
5	111951902	NA	GCCCACTCAGAGAGGTCTAT	G	182	MASKED;GTTTTTTTGCCCACTCAG	INDEL;IDV=5;IMF=1;DP=5;VDB=0.00187095;SGB=-0.590765;MQ0F=0;AC=2;AN=2;DP4=0,0,0,5;MQ=60;RB=5,111951396,111952026,GGC,TTA
1	115873351	NA	TCACTC	T	225	MASKED;CGGTGACTTCACTCCAAG	INDEL;IDV=16;IMF=1;DP=16;VDB=1.29641e-11;SGB=-0.689466;MQ0F=0;AC=2;AN=2;DP4=0,0,0,16;MQ=60;RB=1,115873086,115873405,CTA,GTT
11	98742828	NA	GT	G	130	PASS;AGGCTGGAGTTGCAGTGG	INDEL;IDV=10;IMF=1;DP=10;VDB=6.99472e-07;SGB=-0.670168;MQ0F=0;AC=2;AN=2;DP4=0,0,0,10;MQ=60;RB=11,98742461,98742853,GGA,GCT
21	16073646	NA	AT	A	39.4149	MASKED;TTTACATTATTTTTTGTG	INDEL;IDV=8;IMF=1;DP=8;VDB=1.33331e-05;SGB=-0.651104;MQ0F=0;AC=2;AN=2;DP4=0,0,0,8;MQ=60;RB=21,16073334,16073766,TGA,CCC
14	62950696	NA	CTGTT	C	156	MASKED;TAGAGCTTCTGTTTGTTT	INDEL;IDV=5;IMF=1;DP=5;VDB=0.00215942;SGB=-0.590765;MQ0F=0;AC=2;AN=2;DP4=0,0,0,5;MQ=60;RB=14,62950006,62950720,CCT,GGC
5	88048753	NA	CAT	C	171	PASS;AGAGAACTCATATGGTAT	INDEL;IDV=6;IMF=1;DP=6;VDB=0.000411984;SGB=-0.616816;MQ0F=0;AC=2;AN=2;DP4=0,0,0,6;MQ=60;RB=5,88048329,88048861,TTA,TTC
7	130331036	NA	CTTTAAT	C	182	PASS;TTGCTCAACTTTAATTTT	INDEL;IDV=5;IMF=1;DP=5;VDB=0.00187095;SGB=-0.590765;MQ0F=0;AC=2;AN=2;DP4=0,0,5,0;MQ=60;RB=7,130331004,130331443,GTG,GGA
3	183335995	NA	ATGG	A	225	MASKED;ATATGGTGATGGTGGCAT	INDEL;IDV=11;IMF=1;DP=11;VDB=2.26006e-08;SGB=-0.676189;MQ0F=0;AC=2;AN=2;DP4=0,0,0,11;MQ=60;RB=3,183335732,183336071,CGT,TTT
3	73080704	NA	GA	G	26.4242	MASKED;AAAGAAAAGAAAAAAAGA	INDEL;IDV=8;IMF=1;DP=8;VDB=1.33331e-05;SGB=-0.651104;MQ0F=0;AC=2;AN=2;DP4=0,0,8,0;MQ=60;RB=3,73080570,73080904,GGT,GAG
2	32386937	NA	GGTGTCA	G	154	PASS;GGGGTAAGGGTGTCAGCA	INDEL;IDV=4;IMF=1;DP=4;VDB=0.0058656;SGB=-0.556411;MQ0F=0;AC=2;AN=2;DP4=0,0,0,4;MQ=60;RB=2,32386716,32386961,ATT,GAC
8	108986270	NA	CA	C	112	MASKED;TCCTCAAACAAACATGCA	INDEL;IDV=9;IMF=1;DP=9;VDB=5.52906e-06;SGB=-0.662043;MQ0F=0;AC=2;AN=2;DP4=0,0,0,9;MQ=60;RB=8,108985906,108986386,AAT,CTG
12	46948444	NA	G	GT	135	PASS;TTTCAATAGTTAAGAACA	INDEL;IDV=8;IMF=1;DP=8;VDB=1.33331e-05;SGB=-0.651104;MQ0F=0;AC=2;AN=2;DP4=0,0,8,0;MQ=60;RB=12,46948409,46948998,CCG,AGT
8	134180777	NA	GCTTGTTCATTCCATTCCT	G	225	NEI_IND[6/540];ATTTCTTGGCTTGTTCAT	INDEL;IDV=12;IMF=1;DP=12;VDB=2.26006e-08;SGB=-0.680642;MQ0F=0;AC=2;AN=2;DP4=0,0,0,12;MQ=60;RB=8,134180578,134180855,AGC,GGT
2	229534607	NA	ACACCAGTGGATC	A	225	MASKED;ACCTTTCCACACCAGTGG	INDEL;IDV=9;IMF=1;DP=9;VDB=5.52906e-06;SGB=-0.662043;MQ0F=0;AC=2;AN=2;DP4=0,0,0,9;MQ=60;RB=2,229534271,229534658,GGA,GGC
16	7077526	NA	CT	C	9.88465	MASKED;CTTCAGGGCTTTTTTTTC	INDEL;IDV=5;IMF=1;DP=5;VDB=0.00187095;SGB=-0.590765;MQ0F=0;AC=2;AN=2;DP4=0,0,0,5;MQ=60;RB=16,7077323,7077611,ATA,AAC
8	94376900	NA	CATTTT	C	205	NEI_IND[5/307];ATGATAACCATTTTATTT	INDEL;IDV=6;IMF=1;DP=6;VDB=0.000411984;SGB=-0.616816;MQ0F=0;AC=2;AN=2;DP4=0,0,6,0;MQ=60;RB=8,94376835,94377384,CAA,TGA
4	118638196	NA	GTC	G	170	PASS;TCTAGCAAGTCTCTGAAA	INDEL;IDV=6;IMF=1;DP=6;VDB=0.000411984;SGB=-0.616816;MQ0F=0;AC=2;AN=2;DP4=0,0,0,6;MQ=60;RB=4,118637696,118638290,GTT,ACA
3	125973507	NA	TTATC	T	225	PASS;TGAGACTCTTATCTATCT	INDEL;IDV=15;IMF=1;DP=15;VDB=4.49525e-10;SGB=-0.688148;MQ0F=0;AC=2;AN=2;DP4=0,0,0,15;MQ=60;RB=3,125973304,125973598,GAT,TAT
11	82040665	NA	CA	C	18.4763	MASKED;TAAAAGTACAAAAAAAAT	INDEL;IDV=10;IMF=1;DP=10;VDB=5.52906e-06;SGB=-0.662043;MQ0F=0;AC=2;AN=2;DP4=0,0,0,9;MQ=60;RB=11,82040217,82040728,ATG,TTT
8	112681904	NA	TA	T	18.4763	PASS;CGAAAACTTAAAAAAAAT	INDEL;IDV=9;IMF=1;DP=9;VDB=5.52906e-06;SGB=-0.662043;MQ0F=0;AC=2;AN=2;DP4=0,0,0,9;MQ=60;RB=8,112681737,112681971,GTG,CCT
2	127540116	NA	AGG	A	225	PASS;GCAAGGGGAGGCCGCTGG	INDEL;IDV=11;IMF=1;DP=11;VDB=6.99472e-07;SGB=-0.670168;MQ0F=0;AC=2;AN=2;DP4=0,0,0,10;MQ=60;RB=2,127539603,127540208,AGT,TGT
7	149063301	NA	GCTTT	G	225	NEI_IND[4/188];TGAGATTGGCTTTCTTTC	INDEL;IDV=9;IMF=1;DP=9;VDB=5.52906e-06;SGB=-0.662043;MQ0F=0;AC=2;AN=2;DP4=0,0,0,9;MQ=60;RB=7,149063079,149063396,CTG,GTA
3	164153120	NA	C	CT	39.4149	NEI_IND[19/540];ATGGGTTTCTTTTTTATT	INDEL;IDV=8;IMF=1;DP=8;VDB=1.33331e-05;SGB=-0.651104;MQ0F=0;AC=2;AN=2;DP4=0,0,8,0;MQ=60;RB=3,164153072,164153815,ATG,CCC
3	164153720	NA	TG	T	121	MASKED;TTGATGGTTGGCACATTG	INDEL;IDV=8;IMF=1;DP=8;VDB=1.33331e-05;SGB=-0.651104;MQ0F=0;AC=2;AN=2;DP4=0,0,0,8;MQ=60;RB=3,164153072,164153815,ATG,CCC
15	56119980	NA	CACTTT	C	205	NEI_IND[4/110];TTAGAAGTCACTTTACTT	INDEL;IDV=6;IMF=1;DP=6;VDB=0.000411984;SGB=-0.616816;MQ0F=0;AC=2;AN=2;DP4=0,0,0,6;MQ=60;RB=15,56119513,56120019,GCT,GTT
8	16916310	NA	AACGACAAATT	A	225	MASKED;TAGTAACAAACGACAAAT	INDEL;IDV=15;IMF=1;DP=15;VDB=4.49525e-10;SGB=-0.688148;MQ0F=0;AC=2;AN=2;DP4=0,0,15,0;MQ=60;RB=8,16916271,16916639,CCC,TCT
15	27365360	NA	A	AC	156	PASS;TTTATGTGACCAGTATCA	INDEL;IDV=10;IMF=1;DP=10;VDB=6.99472e-07;SGB=-0.670168;MQ0F=0;AC=2;AN=2;DP4=0,0,0,10;MQ=60;RB=15,27365066,27365404,CAA,TAC
4	164824388	NA	TTG	T	188	MASKED;TCCTTCCCTTGTGTGTGT	INDEL;IDV=11;IMF=1;DP=11;VDB=2.26006e-08;SGB=-0.676189;MQ0F=0;AC=2;AN=2;DP4=0,0,0,11;MQ=60;RB=4,164824137,164824456,GGC,GAC
9	12544590	NA	TGCGC	T	225	MASKED;CTAATTTGTGCGCGCACA	INDEL;IDV=12;IMF=1;DP=12;VDB=2.26006e-08;SGB=-0.680642;MQ0F=0;AC=2;AN=2;DP4=0,0,12,0;MQ=60;RB=9,12544470,12544947,TAA,CAT
7	51085962	NA	GTGGTGA	G	225	MASKED;TGGTGGTGGTGGTGATGG	INDEL;IDV=11;IMF=1;DP=11;VDB=2.26006e-08;SGB=-0.676189;MQ0F=0;AC=2;AN=2;DP4=0,0,0,11;MQ=60;RB=7,51085500,51086014,GTC,TCA
5	71040263	NA	AAC	A	224	MASKED;CTCCAGTAAACACACTGT	INDEL;IDV=12;IMF=1;DP=12;VDB=2.26006e-08;SGB=-0.680642;MQ0F=0;AC=2;AN=2;DP4=0,0,0,12;MQ=60;RB=5,71040048,71040354,GGT,TGG
2	135523635	NA	TTAA	T	224	MASKED;TGTTGTTGTTAATAATAT	INDEL;IDV=7;IMF=1;DP=7;VDB=6.71664e-05;SGB=-0.636426;MQ0F=0;AC=2;AN=2;DP4=0,0,0,7;MQ=60;RB=2,135523287,135523763,CGT,CCG
7	16592030	NA	AGT	A	223	MASKED;GGAAATGAAGTGTGTGCA	INDEL;IDV=13;IMF=1;DP=13;VDB=2.26006e-08;SGB=-0.683931;MQ0F=0;AC=2;AN=2;DP4=0,0,0,13;MQ=60;RB=7,16591682,16592131,TTG,ACG
11	58663249	NA	AG	A	115	PASS;AAGCCAAAAGCTTGCATA	INDEL;IDV=8;IMF=1;DP=8;VDB=6.71664e-05;SGB=-0.636426;MQ0F=0;AC=2;AN=2;DP4=0,0,0,7;MQ=60;RB=11,58662608,58663378,CTT,CGA
3	140451197	NA	TG	T	89	PASS;CCTTGTGTTGGGCTCTGC	INDEL;IDV=6;IMF=1;DP=6;VDB=0.000411984;SGB=-0.616816;MQ0F=0;AC=2;AN=2;DP4=0,0,0,6;MQ=60;RB=3,140450528,140451244,ACC,ACG
20	52677023	NA	TTTTTTTTTTG	T	225	MASKED;CTATTTTTTTTTTTTTTT	INDEL;IDV=12;IMF=1;DP=12;VDB=2.26006e-08;SGB=-0.680642;MQ0F=0;AC=2;AN=2;DP4=0,0,12,0;MQ=60;RB=20,52676932,52677399,CAT,TCT
17	50416499	NA	TAATGTAAAACACGTAA	T	225	NEI_IND[6/106];TAGTTTACTAATGTAAAA	INDEL;IDV=10;IMF=1;DP=10;VDB=6.99472e-07;SGB=-0.670168;MQ0F=0;AC=2;AN=2;DP4=0,0,10,0;MQ=60;RB=17,50416383,50417002,CTA,CGA
2	31849436	NA	TA	T	99	PASS;TTAATTATTATTTTTTTA	INDEL;IDV=5;IMF=1;DP=5;VDB=0.00187095;SGB=-0.590765;MQ0F=0;AC=2;AN=2;DP4=0,0,0,5;MQ=60;RB=2,31849242,31849471,CTG,ACG
2	186812017	NA	TA	T	153	PASS;TTCAGAAGTAAATATTAC	INDEL;IDV=12;IMF=1;DP=12;VDB=0.723817;SGB=-0.680642;MQSB=0.982603;MQ0F=0;AC=2;AN=2;DP4=0,0,6,6;MQ=60;RB=2,186811879,186812096,TTA,TAA
3	160173729	NA	TAC	T	129	PASS;GCAAAGAATACAGTCCTG	INDEL;IDV=6;IMF=1;DP=6;VDB=0.000411984;SGB=-0.616816;MQ0F=0;AC=2;AN=2;DP4=0,0,0,6;MQ=60;RB=3,160173561,160173803,CCG,TGA
2	9235250	NA	A	AC	103	PASS;ACGAAGGTACCTATGTGC	INDEL;IDV=5;IMF=1;DP=5;VDB=0.00187095;SGB=-0.590765;MQ0F=0;AC=2;AN=2;DP4=0,0,5,0;MQ=60;RB=2,9235139,9235421,GTC,GTA
4	176658725	NA	T	TA	156	PASS;CTTATTTATAAGAACTTT	INDEL;IDV=11;IMF=1;DP=11;VDB=8.4981e-07;SGB=-0.670168;MQ0F=0;AC=2;AN=2;DP4=0,0,10,0;MQ=60;RB=4,176658624,176659042,GGT,GTT
7	10845502	NA	AATTT	A	225	PASS;TCTCTAGTAATTTATTTA	INDEL;IDV=8;IMF=1;DP=8;VDB=1.33331e-05;SGB=-0.651104;MQ0F=0;AC=2;AN=2;DP4=0,0,0,8;MQ=60;RB=7,10845220,10845561,AAT,CGG
12	38237860	NA	CT	C	29.4193	MASKED;ACCATAGGCTTTTTTTGC	INDEL;IDV=11;IMF=1;DP=11;VDB=2.26006e-08;SGB=-0.676189;MQ0F=0;AC=2;AN=2;DP4=0,0,0,11;MQ=60;RB=12,38237626,38237886,TGT,AGT
11	58663249	NA	AG	A	135	PASS;AAGCCAAAAGCTTGCATA	INDEL;IDV=10;IMF=1;DP=10;VDB=6.61497e-06;SGB=-0.662043;MQ0F=0;AC=2;AN=2;DP4=0,0,0,9;MQ=60;RB=11,58662676,58663378,GTG,AAT
17	2417516	NA	TAC	T	191	MASKED;CATATATATACACACACA	INDEL;IDV=10;IMF=1;DP=10;VDB=6.99472e-07;SGB=-0.670168;MQ0F=0;AC=2;AN=2;DP4=0,0,0,10;MQ=60;RB=17,2417198,2417607,GGG,CCT
1	96108695	NA	TTCAATGTTTCTCA	T	225	PASS;TCTCCTCATTCAATGTTT	INDEL;IDV=11;IMF=1;DP=11;VDB=2.26006e-08;SGB=-0.676189;MQ0F=0;AC=2;AN=2;DP4=0,0,0,11;MQ=60;RB=1,96108334,96108743,ATA,ATA
12	19537750	NA	AG	A	148	MASKED;TTTCCAAAAGGCTGCATG	INDEL;IDV=14;IMF=1;DP=14;VDB=2.26006e-08;SGB=-0.686358;MQ0F=0;AC=2;AN=2;DP4=0,0,0,14;MQ=60;RB=12,19537334,19537783,GAT,AGG
18	41400070	NA	GA	G	138	PASS;AAATAGAAGAAGAACAAC	INDEL;IDV=11;IMF=1;DP=11;VDB=2.26006e-08;SGB=-0.676189;MQ0F=0;AC=2;AN=2;DP4=0,0,11,0;MQ=60;RB=18,41400028,41400916,CAG,CGC
4	141710859	NA	GA	G	44.4146	NEI_IND[10/229];AAAAGGAAGAAAAAGAAA	INDEL;IDV=6;IMF=1;DP=6;VDB=0.000411984;SGB=-0.616816;MQ0F=0;AC=2;AN=2;DP4=0,0,0,6;MQ=60;RB=4,141710275,141710994,CTA,TCT
20	5982833	NA	CTT	C	203	MASKED;AATGCACTCTTTTGCTTA	INDEL;IDV=9;IMF=1;DP=9;VDB=5.52906e-06;SGB=-0.662043;MQ0F=0;AC=2;AN=2;DP4=0,0,9,0;MQ=60;RB=20,5982784,5983079,CCT,GTT
16	7077526	NA	CT	C	19.4636	MASKED;CTTCAGGGCTTTTTTTTC	INDEL;IDV=11;IMF=1;DP=11;VDB=2.26006e-08;SGB=-0.676189;MQ0F=0;AC=2;AN=2;DP4=0,0,0,11;MQ=60;RB=16,7077323,7077611,AAT,CGG
11	95660495	NA	CTATT	C	225	NEI_IND[4/358];TTTGCAAACTATTTATCT	INDEL;IDV=12;IMF=1;DP=12;VDB=2.26006e-08;SGB=-0.680642;MQ0F=0;AC=2;AN=2;DP4=0,0,12,0;MQ=60;RB=11,95660431,95660797,TTT,GCT
16	78273894	NA	GGT	G	206	MASKED;TCAGTGTGGGTGTGAGTT	INDEL;IDV=9;IMF=1;DP=9;VDB=5.52906e-06;SGB=-0.662043;MQ0F=0;AC=2;AN=2;DP4=0,0,0,9;MQ=60;RB=16,78273513,78273993,CCC,CAC
21	20509733	NA	AAAGT	A	225	PASS;TAACTGCCAAAGTAATAG	INDEL;IDV=10;IMF=1;DP=10;VDB=6.99472e-07;SGB=-0.670168;MQ0F=0;AC=2;AN=2;DP4=0,0,0,10;MQ=60;RB=21,20509583,20509864,CAT,TTG
6	127634342	NA	AATTT	A	225	MASKED;GCTCAACAAATTTATTTA	INDEL;IDV=10;IMF=1;DP=10;VDB=6.99472e-07;SGB=-0.670168;MQ0F=0;AC=2;AN=2;DP4=0,0,0,10;MQ=60;RB=6,127633921,127634399,ATC,TTG
6	85292204	NA	TGA	T	157	MASKED;TAAATCAGTGAGAGAGAG	INDEL;IDV=7;IMF=1;DP=7;VDB=6.71664e-05;SGB=-0.636426;MQ0F=0;AC=2;AN=2;DP4=0,0,0,7;MQ=60;RB=6,85291827,85292256,GTC,GCC
18	59663200	NA	CTG	C	206	MASKED;GCTCAGAGCTGTGTGCAC	INDEL;IDV=10;IMF=1;DP=10;VDB=6.99472e-07;SGB=-0.670168;MQ0F=0;AC=2;AN=2;DP4=0,0,0,10;MQ=60;RB=18,59662681,59663306,TCC,CCT
5	173811756	NA	CGGTGTG	C	225	MASKED;TGCACACACGGTGTGTTA	INDEL;IDV=11;IMF=1;DP=11;VDB=2.26006e-08;SGB=-0.676189;MQ0F=0;AC=2;AN=2;DP4=0,0,11,0;MQ=60;RB=5,173811726,173811974,CAG,ATC
9	104948305	NA	GC	G	115	MASKED;AATAACCTGCCATCCATG	INDEL;IDV=7;IMF=1;DP=7;VDB=6.71664e-05;SGB=-0.636426;MQ0F=0;AC=2;AN=2;DP4=0,0,7,0;MQ=60;RB=9,104948224,104948722,GAT,CTA
4	163102385	NA	CTG	C	197	PASS;CTCCCAGGCTGGAGTGCA	INDEL;IDV=9;IMF=1;DP=9;VDB=7.99768e-05;SGB=-0.636426;MQ0F=0;AC=2;AN=2;DP4=0,0,0,7;MQ=60;RB=4,163102110,163102414,CCC,TTT
5	118397551	NA	AATAT	A	225	PASS;TTCCCAGAAATATATATA	INDEL;IDV=8;IMF=1;DP=8;VDB=1.33331e-05;SGB=-0.651104;MQ0F=0;AC=2;AN=2;DP4=0,0,0,8;MQ=60;RB=5,118397308,118397689,CAG,GCG
12	77392032	NA	CCTTA	C	154	PASS;CCATGTTTCCTTACTTAC	INDEL;IDV=4;IMF=1;DP=4;VDB=0.0058656;SGB=-0.556411;MQ0F=0;AC=2;AN=2;DP4=0,0,4,0;MQ=60;RB=12,77391943,77392426,GGG,GCA
4	69339688	NA	CTAA	C	225	MASKED;AATTAACACTAATAATAT	INDEL;IDV=9;IMF=1;DP=9;VDB=5.52906e-06;SGB=-0.662043;MQ0F=0;AC=2;AN=2;DP4=0,0,0,9;MQ=60;RB=4,69339411,69339815,CCC,GTT
4	65808341	NA	C	CA	6.51141	PASS;TTAAAAATCAAAAAAAAT	INDEL;IDV=5;IMF=1;DP=5;VDB=0.0058656;SGB=-0.556411;MQ0F=0;AC=2;AN=2;DP4=0,0,0,4;MQ=60;RB=4,65808161,65808475,TCG,TTT
1	103674102	NA	CGT	C	167	MASKED;AATACATGCGTGTGTGTG	INDEL;IDV=9;IMF=1;DP=9;VDB=5.52906e-06;SGB=-0.662043;MQ0F=0;AC=2;AN=2;DP4=0,0,0,9;MQ=60;RB=1,103673754,103674225,ATA,ACT
4	95258094	NA	GTGTTTCGTTT	G	182	NEI_IND[6/402];TCTATTTGGTGTTTCGTT	INDEL;IDV=5;IMF=1;DP=5;VDB=0.00187095;SGB=-0.590765;MQ0F=0;AC=2;AN=2;DP4=0,0,0,5;MQ=60;RB=4,95257665,95258167,CTC,GGT
4	102637548	NA	TCAAA	T	224	PASS;TACTCCTATCAAACACTT	INDEL;IDV=7;IMF=1;DP=7;VDB=6.71664e-05;SGB=-0.636426;MQ0F=0;AC=2;AN=2;DP4=0,0,0,7;MQ=60;RB=4,102637357,102637609,GTC,GCT
14	54740458	NA	GT	G	15.5372	MASKED;TTTTTTGGGTTTTTTTTG	INDEL;IDV=7;IMF=1;DP=7;VDB=6.71664e-05;SGB=-0.636426;MQ0F=0;AC=2;AN=2;DP4=0,0,0,7;MQ=60;RB=14,54740140,54740516,TTC,CTC
3	62650397	NA	CG	C	139	PASS;AATTTCGTCGGAAGATAT	INDEL;IDV=11;IMF=1;DP=11;VDB=2.26006e-08;SGB=-0.676189;MQ0F=0;AC=2;AN=2;DP4=0,0,11,0;MQ=60;RB=3,62650300,62650836,TCC,CAC
6	85942204	NA	C	CA	146	PASS;CTTAATGCCATGGATTGT	INDEL;IDV=8;IMF=1;DP=8;VDB=1.33331e-05;SGB=-0.651104;MQ0F=0;AC=2;AN=2;DP4=0,0,8,0;MQ=60;RB=6,85942088,85942463,CTC,CCT
4	178490657	NA	TTC	T	188	MASKED;ATGAACATTTCTCCTTTG	INDEL;IDV=7;IMF=1;DP=7;VDB=6.71664e-05;SGB=-0.636426;MQ0F=0;AC=2;AN=2;DP4=0,0,0,7;MQ=60;RB=4,178490280,178490758,TTG,ATA
11	129271199	NA	GAC	G	211	MASKED;AGAGACTTGACCACCTGT	INDEL;IDV=7;IMF=1;DP=7;VDB=6.71664e-05;SGB=-0.636426;MQ0F=0;AC=2;AN=2;DP4=0,0,7,0;MQ=60;RB=11,129271117,129271370,CTT,GCG
3	50135699	NA	ATTTTTATT	A	205	NEI_IND[6/234];GAGTCCTTATTTTTATTT	INDEL;IDV=6;IMF=1;DP=6;VDB=0.000411984;SGB=-0.616816;MQ0F=0;AC=2;AN=2;DP4=0,0,0,6;MQ=60;RB=3,50135473,50135755,GCC,CTA
6	62264432	NA	CAT	C	189	MASKED;AGTATTGACATGTGCAAA	INDEL;IDV=6;IMF=1;DP=6;VDB=0.000411984;SGB=-0.616816;MQ0F=0;AC=2;AN=2;DP4=0,0,0,6;MQ=60;RB=6,62264031,62264475,CTG,TGG
1	190074065	NA	GA	G	123	PASS;ATCTTTTTGAAGTTAAAG	INDEL;IDV=8;IMF=1;DP=8;VDB=1.33331e-05;SGB=-0.651104;MQ0F=0;AC=2;AN=2;DP4=0,0,8,0;MQ=60;RB=1,190074016,190074352,TAG,GGA
7	112803746	NA	GAACC	G	205	MASKED;CAATTAGTGAACCAACAG	INDEL;IDV=6;IMF=0.857143;DP=6;VDB=0.000411984;SGB=-0.616816;MQ0F=0;AC=2;AN=2;DP4=0,0,0,6;MQ=60;RB=7,112803188,112803874,AAA,GGA
19	5814835	NA	CCTT	C	153	NEI_IND[3/190];TCCTAGGTCCTTCTTGCT	INDEL;IDV=4;IMF=1;DP=4;VDB=0.014407;SGB=-0.556411;MQ0F=0;AC=2;AN=2;DP4=0,0,0,4;MQ=60;RB=19,5814196,5814909,CCT,GAT
8	63755475	NA	AG	A	116	PASS;ATAGGAAAAGCTCCATGA	INDEL;IDV=6;IMF=1;DP=6;VDB=0.000411984;SGB=-0.616816;MQ0F=0;AC=2;AN=2;DP4=0,0,0,6;MQ=60;RB=8,63755022,63755560,AAA,CCC
11	58662866	NA	AC	A	123	NEI_IND[5/55];CCATCATAACAAAATTTC	INDEL;IDV=7;IMF=1;DP=7;VDB=6.71664e-05;SGB=-0.636426;MQ0F=0;AC=2;AN=2;DP4=0,0,7,0;MQ=60;RB=11,58662850,58663377,TTC,ATG
11	58663249	NA	AG	A	105	PASS;AAGCCAAAAGCTTGCATA	INDEL;IDV=6;IMF=1;DP=6;VDB=0.000411984;SGB=-0.616816;MQ0F=0;AC=2;AN=2;DP4=0,0,0,6;MQ=60;RB=11,58662850,58663377,TTC,ATG
5	176144177	NA	CA	C	28.4205	MASKED;CATCTCCACAAAAAAATA	INDEL;IDV=16;IMF=1;DP=16;VDB=1.29641e-11;SGB=-0.689466;MQ0F=0;AC=2;AN=2;DP4=0,0,0,16;MQ=60;RB=5,176143852,176144279,GAT,TAA
10	79048284	NA	T	TTA	182	PASS;TGACTAATTTAATCTTCA	INDEL;IDV=5;IMF=1;DP=5;VDB=0.00187095;SGB=-0.590765;MQ0F=0;AC=2;AN=2;DP4=0,0,0,5;MQ=60;RB=10,79048056,79048372,TGA,TCA
14	45640894	NA	TTG	T	182	MASKED;AGTCCATGTTGTGTGTGT	INDEL;IDV=11;IMF=1;DP=11;VDB=2.26006e-08;SGB=-0.676189;MQ0F=0;AC=2;AN=2;DP4=0,0,0,11;MQ=60;RB=14,45640468,45640990,GAA,ACC
