CHROM	POS	ID	REF	ALT	QUAL	FILTER	INFO
5	57502676	NA	CT	C	113	MASKED;TGATGTCGCTTGATGCAT	INDEL;IDV=7;IMF=1;DP=7;VDB=6.71664e-05;SGB=-0.636426;MQ0F=0;AC=2;AN=2;DP4=0,0,0,7;MQ=60;RB=5,57502391,57502730,CGT,ATA
6	62368779	NA	TA	T	164	MASKED;CTCTGCACTAGTAAAAAT	INDEL;IDV=17;IMF=1;DP=17;VDB=1.29641e-11;SGB=-0.690438;MQ0F=0;AC=2;AN=2;DP4=0,0,17,0;MQ=60;RB=6,62368757,62369130,TTT,AAT
12	92631369	NA	GACTA	G	225	PASS;CTTGAAAAGACTAACTGT	INDEL;IDV=14;IMF=1;DP=14;VDB=0.998124;SGB=-0.686358;MQSB=0.966012;MQ0F=0;AC=2;AN=2;DP4=0,0,7,7;MQ=60;RB=12,92631257,92631504,CCT,CTA
4	138719629	NA	CTGGA	C	225	NEI_IND[4/323];TACAATATCTGGATGGAT	INDEL;IDV=10;IMF=1;DP=10;VDB=6.99472e-07;SGB=-0.670168;MQ0F=0;AC=2;AN=2;DP4=0,0,0,10;MQ=60;RB=4,138719282,138719693,TTT,TCA
11	123367093	NA	CT	C	36.4154	PASS;TTAGGATCCTTTTTTAAA	INDEL;IDV=7;IMF=1;DP=7;VDB=6.71664e-05;SGB=-0.636426;MQ0F=0;AC=2;AN=2;DP4=0,0,7,0;MQ=60;RB=11,123367020,123367472,CCT,GGC
20	50508444	NA	CACACACCTAAGGT	C	225	NEI_IND[6/354];CTAAGTAACACACACCTA	INDEL;IDV=9;IMF=1;DP=9;VDB=5.52906e-06;SGB=-0.662043;MQ0F=0;AC=2;AN=2;DP4=0,0,9,0;MQ=60;RB=20,50508405,50508799,AAT,TTC
2	226160992	NA	A	ATT	225	PASS;TGTCTATAAGGCACGGGC	INDEL;IDV=18;IMF=1;DP=18;VDB=0.999197;SGB=-0.690438;MQSB=1;MQ0F=0;AC=2;AN=2;DP4=0,0,8,9;MQ=60;RB=2,226160869,226161108,CCG,CCG
20	38288087	NA	TTCTCTCTC	T	194	NEI_IND[288/300];TTGAACATTTCTCTCTCT	INDEL;IDV=9;IMF=1;DP=9;VDB=5.52906e-06;SGB=-0.662043;MQ0F=0;AC=2;AN=2;DP4=0,0,9,0;MQ=60;RB=20,38288005,38288250,CGA,CCC
20	38288131	NA	CTCTG	C	115	PASS;GTCTCTATCTCTGTCTCT	INDEL;IDV=18;IMF=1;DP=18;VDB=5.52906e-06;SGB=-0.662043;MQ0F=0;AC=2;AN=2;DP4=0,0,0,9;MQ=60;RB=20,38288005,38288250,CGA,CCC
12	51229835	NA	AAACAAC	A	205	MASKED;TTATAAGAAAACAACAAC	INDEL;IDV=6;IMF=1;DP=6;VDB=0.000411984;SGB=-0.616816;MQ0F=0;AC=2;AN=2;DP4=0,0,0,6;MQ=60;RB=12,51229626,51229884,ACG,AGC
7	66574678	NA	AC	A	118	PASS;CCAGCTTGACCTACATAG	INDEL;IDV=8;IMF=1;DP=8;VDB=1.33331e-05;SGB=-0.651104;MQ0F=0;AC=2;AN=2;DP4=0,0,0,8;MQ=60;RB=7,66574466,66574804,AAC,CCT
18	27960330	NA	CCTTCT	C	225	MASKED;AAATACGTCCTTCTCTTC	INDEL;IDV=11;IMF=1;DP=11;VDB=2.26006e-08;SGB=-0.676189;MQ0F=0;AC=2;AN=2;DP4=0,0,0,11;MQ=60;RB=18,27960141,27960360,ATC,AAT
2	167980013	NA	TTTTTG	T	225	MASKED;AAAACTTTTTTTTGTTTT	INDEL;IDV=13;IMF=1;DP=13;VDB=2.26006e-08;SGB=-0.683931;MQ0F=0;AC=2;AN=2;DP4=0,0,0,13;MQ=60;RB=2,167979731,167980072,ACT,GGC
3	13498834	NA	TCATAAAAAG	T	121	NEI_IND[6/234];TAAACCAGTCATAAAAAG	INDEL;IDV=3;IMF=0.75;DP=3;VDB=0.0264014;SGB=-0.511536;MQ0F=0;AC=2;AN=2;DP4=0,0,0,3;MQ=60;RB=3,13498495,13498934,GCT,TAT
13	87225377	NA	CTA	C	181	MASKED;CTAATTTTCTATATGTTG	INDEL;IDV=7;IMF=1;DP=7;VDB=6.71664e-05;SGB=-0.636426;MQ0F=0;AC=2;AN=2;DP4=0,0,0,7;MQ=60;RB=13,87225064,87225452,TAA,TTT
11	106459200	NA	ACACACACACACACC	A	182	NEI_IND[6/234];ACACACACACACACACAC	INDEL;IDV=5;IMF=1;DP=5;VDB=0.00248765;SGB=-0.590765;MQ0F=0;AC=2;AN=2;DP4=0,0,5,0;MQ=60;RB=11,106459150,106459705,ATG,CGA
2	163625298	NA	C	CA	118	NEI_IND[17/348];CGAATCGCCAAGTATCAT	INDEL;IDV=6;IMF=1;DP=6;VDB=0.000411984;SGB=-0.616816;MQ0F=0;AC=2;AN=2;DP4=0,0,6,0;MQ=60;RB=2,163625261,163625784,ACG,TTC
2	163625758	NA	TTCTACCTGA	T	205	MASKED;CAGTTTATTTCTACCTGA	INDEL;IDV=6;IMF=1;DP=6;VDB=0.000411984;SGB=-0.616816;MQ0F=0;AC=2;AN=2;DP4=0,0,0,6;MQ=60;RB=2,163625261,163625784,ACG,TTC
6	34565449	NA	TG	T	72	PASS;GCTATATTTGGTTTTGTC	INDEL;IDV=5;IMF=1;DP=5;VDB=0.00187095;SGB=-0.590765;MQ0F=0;AC=2;AN=2;DP4=0,0,5,0;MQ=60;RB=6,34565382,34566039,GGC,GGT
5	156208490	NA	CATACACATAT	C	225	MASKED;TATACACACATACACATA	INDEL;IDV=11;IMF=1;DP=11;VDB=2.26006e-08;SGB=-0.676189;MQ0F=0;AC=2;AN=2;DP4=0,0,11,0;MQ=60;RB=5,156208430,156208708,AGG,GAT
18	38214426	NA	ATTTT	A	225	MASKED;TTGAATATATTTTTTTCT	INDEL;IDV=10;IMF=1;DP=10;VDB=6.99472e-07;SGB=-0.670168;MQ0F=0;AC=2;AN=2;DP4=0,0,0,10;MQ=60;RB=18,38214119,38214467,AAC,GGT
8	15295954	NA	GC	G	105	MASKED;TGCATGGTGCCTGGTATA	INDEL;IDV=6;IMF=1;DP=6;VDB=0.000411984;SGB=-0.616816;MQ0F=0;AC=2;AN=2;DP4=0,0,6,0;MQ=60;RB=8,15295935,15296258,CGT,CTC
8	34808685	NA	GCATGGGAGC	G	154	PASS;TTTACGTGGCATGGGAGC	INDEL;IDV=4;IMF=1;DP=4;VDB=0.0058656;SGB=-0.556411;MQ0F=0;AC=2;AN=2;DP4=0,0,4,0;MQ=60;RB=8,34808659,34809467,AGT,CCT
10	4598488	NA	T	TG	16.5122	PASS;GATTGATTTGGGGGGGTT	INDEL;IDV=5;IMF=1;DP=5;VDB=0.00187095;SGB=-0.590765;MQ0F=0;AC=2;AN=2;DP4=0,0,0,5;MQ=60;RB=10,4598325,4598578,CGC,GTA
16	10309899	NA	TA	T	102	PASS;GTCATGGATAAATGCCCA	INDEL;IDV=7;IMF=1;DP=7;VDB=6.71664e-05;SGB=-0.636426;MQ0F=0;AC=2;AN=2;DP4=0,0,7,0;MQ=60;RB=16,10309889,10310177,TAT,CCT
7	23157022	NA	ACTTCT	A	225	MASKED;GAATTCTTACTTCTCTTC	INDEL;IDV=11;IMF=1;DP=11;VDB=2.26006e-08;SGB=-0.676189;MQ0F=0;AC=2;AN=2;DP4=0,0,0,11;MQ=60;RB=7,23156787,23157140,GAT,GTT
15	94429865	NA	CT	C	159	MASKED;TGTATTTGCTAAAAGTTA	INDEL;IDV=12;IMF=1;DP=12;VDB=2.26006e-08;SGB=-0.680642;MQ0F=0;AC=2;AN=2;DP4=0,0,0,12;MQ=60;RB=15,94429402,94429908,AGC,TTT
18	69120526	NA	AT	A	111	PASS;GTTGCCAAATGATATATG	INDEL;IDV=6;IMF=1;DP=6;VDB=0.000411984;SGB=-0.616816;MQ0F=0;AC=2;AN=2;DP4=0,0,0,6;MQ=60;RB=18,69120143,69120622,CTG,CCT
7	31268558	NA	GC	G	142	MASKED;AGGTAGGTGCCAGCTATG	INDEL;IDV=12;IMF=1;DP=12;VDB=2.26006e-08;SGB=-0.680642;MQ0F=0;AC=2;AN=2;DP4=0,0,12,0;MQ=60;RB=7,31268483,31268789,AGA,GCT
14	43552956	NA	TGAGAA	T	225	MASKED;TTGAATACTGAGAAGAGA	INDEL;IDV=9;IMF=1;DP=9;VDB=5.52906e-06;SGB=-0.662043;MQ0F=0;AC=2;AN=2;DP4=0,0,0,9;MQ=60;RB=14,43552513,43553056,ATC,TAG
2	137721572	NA	TTGTC	T	225	MASKED;CCAACTCTTTGTCTGTCC	INDEL;IDV=11;IMF=1;DP=11;VDB=2.26006e-08;SGB=-0.676189;MQ0F=0;AC=2;AN=2;DP4=0,0,0,11;MQ=60;RB=2,137721172,137721596,TAT,GAA
10	13886656	NA	AAAAG	A	154	PASS;TCTTCCCTAAAAGAAAGA	INDEL;IDV=4;IMF=1;DP=4;VDB=0.0058656;SGB=-0.556411;MQ0F=0;AC=2;AN=2;DP4=0,0,4,0;MQ=60;RB=10,13886630,13886856,ACT,TCT
18	63931554	NA	GGTGTGTGTGT	G	225	MASKED;TATACAGGGGTGTGTGTG	INDEL;IDV=9;IMF=1;DP=9;VDB=5.52906e-06;SGB=-0.662043;MQ0F=0;AC=2;AN=2;DP4=0,0,9,0;MQ=60;RB=18,63931472,63931938,GTA,GCC
18	27688623	NA	GA	G	23.434	MASKED;TTCAGGGGGAAAAAAAGC	INDEL;IDV=7;IMF=1;DP=7;VDB=6.71664e-05;SGB=-0.636426;MQ0F=0;AC=2;AN=2;DP4=0,0,7,0;MQ=60;RB=18,27688591,27688939,CCC,TTG
15	68376709	NA	T	TTG	225	PASS;ATTTCAGTTTGAAGTCCC	INDEL;IDV=10;IMF=1;DP=10;VDB=6.99472e-07;SGB=-0.670168;MQ0F=0;AC=2;AN=2;DP4=0,0,10,0;MQ=60;RB=15,68376606,68376896,GTG,ATA
18	27688623	NA	GA	G	27.4221	MASKED;TTCAGGGGGAAAAAAAGC	INDEL;IDV=9;IMF=1;DP=9;VDB=5.52906e-06;SGB=-0.662043;MQ0F=0;AC=2;AN=2;DP4=0,0,9,0;MQ=60;RB=18,27688590,27688939,CAT,CTG
11	5385892	NA	TC	T	92	MASKED;TCTGAATATCTCTGATTT	INDEL;IDV=5;IMF=1;DP=5;VDB=0.00187095;SGB=-0.590765;MQ0F=0;AC=2;AN=2;DP4=0,0,0,5;MQ=60;RB=11,5385668,5385903,GTT,CGT
3	69113812	NA	C	CA	146	PASS;ATTTAACTCAGTTTTCAA	INDEL;IDV=8;IMF=1;DP=8;VDB=1.33331e-05;SGB=-0.651104;MQ0F=0;AC=2;AN=2;DP4=0,0,8,0;MQ=60;RB=3,69113689,69114000,GTA,TGT
13	26497129	NA	CTT	C	206	PASS;TGTGGACTCTTTTCCGTT	INDEL;IDV=10;IMF=1;DP=10;VDB=6.99472e-07;SGB=-0.670168;MQ0F=0;AC=2;AN=2;DP4=0,0,10,0;MQ=60;RB=13,26497025,26497514,GAT,CGA
2	42400692	NA	TTAAATAAGTACCA	T	224	MASKED;CCTGGTTTTTAAATAAGT	INDEL;IDV=7;IMF=1;DP=7;VDB=9.50611e-05;SGB=-0.636426;MQ0F=0;AC=2;AN=2;DP4=0,0,0,7;MQ=60;RB=2,42399985,42400821,TAC,CCG
19	40693461	NA	AAAAG	A	224	MASKED;GCATTTAAAAAAGAAAGA	INDEL;IDV=7;IMF=1;DP=7;VDB=6.71664e-05;SGB=-0.636426;MQ0F=0;AC=2;AN=2;DP4=0,0,7,0;MQ=60;RB=19,40693425,40693885,CCG,AGA
X	148499442	NA	TAAAC	T	182	PASS;TCAAAAAATAAACAAACA	INDEL;IDV=5;IMF=1;DP=5;VDB=0.00187095;SGB=-0.590765;MQ0F=0;AC=2;AN=2;DP4=0,0,5,0;MQ=60;RB=X,148499395,148499792,CTC,ACG
13	61748920	NA	TAAC	T	154	NEI_IND[3/165];ACTGCACTTAACAACAGA	INDEL;IDV=4;IMF=1;DP=4;VDB=0.0058656;SGB=-0.556411;MQ0F=0;AC=2;AN=2;DP4=0,0,4,0;MQ=60;RB=13,61748881,61749143,CAT,TGA
2	185561218	NA	ATGT	A	205	PASS;GGTCTAGAATGTTGTTCT	INDEL;IDV=6;IMF=1;DP=6;VDB=0.000411984;SGB=-0.616816;MQ0F=0;AC=2;AN=2;DP4=0,0,0,6;MQ=60;RB=2,185560829,185561299,GAA,GGT
2	137721572	NA	TTGTC	T	166	MASKED;CCAACTCTTTGTCTGTCC	INDEL;IDV=5;IMF=1;DP=5;VDB=0.00187095;SGB=-0.590765;MQ0F=0;AC=2;AN=2;DP4=0,0,0,5;MQ=60;RB=2,137720766,137721596,GGC,TTA
3	160542969	NA	CAGAT	C	225	MASKED;TGGATAAACAGATAGCCA	INDEL;IDV=13;IMF=1;DP=13;VDB=2.26006e-08;SGB=-0.683931;MQ0F=0;AC=2;AN=2;DP4=0,0,0,13;MQ=60;RB=3,160542716,160543012,AAG,AAT
1	22682307	NA	TTA	T	168	MASKED;TCTGCATCTTAATCTCTT	INDEL;IDV=5;IMF=1;DP=5;VDB=0.00187095;SGB=-0.590765;MQ0F=0;AC=2;AN=2;DP4=0,0,5,0;MQ=60;RB=1,22682200,22683016,TAA,GTG
18	66912826	NA	GC	G	113	MASKED;TTGGATCAGCATTTTGCA	INDEL;IDV=6;IMF=1;DP=6;VDB=0.000411984;SGB=-0.616816;MQ0F=0;AC=2;AN=2;DP4=0,0,0,6;MQ=60;RB=18,66912397,66912840,TAT,TTT
2	197329963	NA	A	AC	110	PASS;GAAATGCTAAGGGGCTGA	INDEL;IDV=5;IMF=1;DP=5;VDB=0.00187095;SGB=-0.590765;MQ0F=0;AC=2;AN=2;DP4=0,0,5,0;MQ=60;RB=2,197329840,197330422,TCA,ACT
4	144623003	NA	TATAA	T	182	PASS;TCTTTTTCTATAAATAAA	INDEL;IDV=5;IMF=1;DP=5;VDB=0.00187095;SGB=-0.590765;MQ0F=0;AC=2;AN=2;DP4=0,0,5,0;MQ=60;RB=4,144622989,144623588,TCA,TTT
6	144774771	NA	GC	G	114	PASS;AAACCAATGCTTTTTAGT	INDEL;IDV=6;IMF=1;DP=6;VDB=0.000411984;SGB=-0.616816;MQ0F=0;AC=2;AN=2;DP4=0,0,0,6;MQ=60;RB=6,144774340,144774883,ACC,GAG
4	73008522	NA	ATGT	A	180	PASS;ATTCACACATGTTGTTGA	INDEL;IDV=5;IMF=1;DP=5;VDB=0.00187095;SGB=-0.590765;MQ0F=0;AC=2;AN=2;DP4=0,0,5,0;MQ=60;RB=4,73008451,73008688,GAT,TTT
17	36052619	NA	CATTT	C	224	MASKED;CATTCATTCATTTGTTCG	INDEL;IDV=7;IMF=1;DP=7;VDB=6.71664e-05;SGB=-0.636426;MQ0F=0;AC=2;AN=2;DP4=0,0,7,0;MQ=60;RB=17,36052516,36053137,CCG,TTT
11	94899618	NA	T	TAA	225	PASS;AGGATAAATGTCTAACAT	INDEL;IDV=11;IMF=1;DP=11;VDB=2.26006e-08;SGB=-0.676189;MQ0F=0;AC=2;AN=2;DP4=0,0,0,11;MQ=60;RB=11,94899308,94899659,ATC,CTG
11	86508039	NA	TTTTG	T	225	MASKED;ATATTTGATTTTGTTTAT	INDEL;IDV=11;IMF=1;DP=11;VDB=2.26006e-08;SGB=-0.676189;MQ0F=0;AC=2;AN=2;DP4=0,0,0,11;MQ=60;RB=11,86507809,86508158,AAG,GTT
6	56438957	NA	TA	T	129	MASKED;TGGATGCATAAACATTTG	INDEL;IDV=13;IMF=1;DP=13;VDB=2.26006e-08;SGB=-0.683931;MQ0F=0;AC=2;AN=2;DP4=0,0,13,0;MQ=60;RB=6,56438931,56439260,TCA,TCC
3	78307039	NA	GA	G	135	MASKED;GCTTTAGGGAAGGGATTT	INDEL;IDV=10;IMF=1;DP=10;VDB=6.99472e-07;SGB=-0.670168;MQ0F=0;AC=2;AN=2;DP4=0,0,0,10;MQ=60;RB=3,78306665,78307088,CTT,TAC
X	78795724	NA	CT	C	23.434	PASS;AGTATTTTCTTTTTTTAT	INDEL;IDV=7;IMF=1;DP=7;VDB=6.71664e-05;SGB=-0.636426;MQ0F=0;AC=2;AN=2;DP4=0,0,0,7;MQ=60;RB=X,78795513,78795858,AGA,GCG
12	115042102	NA	TTCTC	T	187	PASS;TTCTTTCTTTCTCTTTCT	INDEL;IDV=6;IMF=1;DP=6;VDB=0.000411984;SGB=-0.616816;MQ0F=0;AC=2;AN=2;DP4=0,0,0,6;MQ=60;RB=12,115041970,115042211,ATA,ATT
14	51198735	NA	T	TTGA	225	PASS;CCCTTTTGTTGAGTGTTC	INDEL;IDV=8;IMF=1;DP=8;VDB=1.33331e-05;SGB=-0.651104;MQ0F=0;AC=2;AN=2;DP4=0,0,8,0;MQ=60;RB=14,51198631,51198931,TCT,TGT
10	27108309	NA	T	TAACA	225	PASS;AGTGGACCTAACAAGCCA	INDEL;IDV=18;IMF=1;DP=18;VDB=1.29641e-11;SGB=-0.691153;MQ0F=0;AC=2;AN=2;DP4=0,0,0,18;MQ=60;RB=10,27107946,27108377,TCC,CGG
14	43552956	NA	TGAGAA	T	225	MASKED;TTGAATACTGAGAAGAGA	INDEL;IDV=13;IMF=1;DP=13;VDB=2.26006e-08;SGB=-0.683931;MQ0F=0;AC=2;AN=2;DP4=0,0,0,13;MQ=60;RB=14,43552513,43553057,TTG,GTT
4	113793869	NA	T	TA	92	PASS;ATCGGTGATACAGACATC	INDEL;IDV=4;IMF=1;DP=4;VDB=0.0058656;SGB=-0.556411;MQ0F=0;AC=2;AN=2;DP4=0,0,4,0;MQ=60;RB=4,113793796,113794059,ATG,CGA
1	187119819	NA	CTTAG	C	154	PASS;CTTTTTTTCTTAGTTAGT	INDEL;IDV=4;IMF=1;DP=4;VDB=0.0058656;SGB=-0.556411;MQ0F=0;AC=2;AN=2;DP4=0,0,4,0;MQ=60;RB=1,187119766,187120000,CCT,CTG
2	182510754	NA	CT	C	125	PASS;GAGAAAGCCTTACTAAGA	INDEL;IDV=9;IMF=1;DP=9;VDB=5.52906e-06;SGB=-0.662043;MQ0F=0;AC=2;AN=2;DP4=0,0,0,9;MQ=60;RB=2,182510217,182510775,TTT,CAA
15	25671757	NA	CAA	C	219	PASS;GCATAAAACAAAATTTGA	INDEL;IDV=11;IMF=1;DP=11;VDB=2.26006e-08;SGB=-0.676189;MQ0F=0;AC=2;AN=2;DP4=0,0,11,0;MQ=60;RB=15,25671633,25672017,CGA,CGA
2	195712344	NA	CA	C	99	MASKED;TCAAAAAGCATGTGCAAG	INDEL;IDV=5;IMF=1;DP=5;VDB=0.00187095;SGB=-0.590765;MQ0F=0;AC=2;AN=2;DP4=0,0,0,5;MQ=60;RB=2,195711867,195712371,AGA,TCA
14	28209169	NA	GATGTTTGCACTCT	G	224	MASKED;ATAGACTAGATGTTTGCA	INDEL;IDV=7;IMF=1;DP=7;VDB=6.71664e-05;SGB=-0.636426;MQ0F=0;AC=2;AN=2;DP4=0,0,0,7;MQ=60;RB=14,28208574,28209208,AAC,CCT
11	55851379	NA	CAT	C	225	MASKED;CATGCACACATGTGAACA	INDEL;IDV=10;IMF=1;DP=10;VDB=6.99472e-07;SGB=-0.670168;MQ0F=0;AC=2;AN=2;DP4=0,0,10,0;MQ=60;RB=11,55851347,55851680,CCG,GTT
7	115135961	NA	TCTTAAA	T	182	NEI_IND[6/302];ATGCATTTTCTTAAACTT	INDEL;IDV=5;IMF=1;DP=5;VDB=0.00187095;SGB=-0.590765;MQ0F=0;AC=2;AN=2;DP4=0,0,5,0;MQ=60;RB=7,115135849,115136430,CTG,AGT
5	27991188	NA	ATATCT	A	182	MASKED;ATGAGTAAATATCTTATC	INDEL;IDV=5;IMF=1;DP=5;VDB=0.00187095;SGB=-0.590765;MQ0F=0;AC=2;AN=2;DP4=0,0,5,0;MQ=60;RB=5,27991119,27991737,TTA,AGT
3	118609317	NA	CCA	C	225	PASS;TTTCAGCCCCATTTACTT	INDEL;IDV=12;IMF=1;DP=12;VDB=2.26006e-08;SGB=-0.680642;MQ0F=0;AC=2;AN=2;DP4=0,0,12,0;MQ=60;RB=3,118609200,118609476,ATG,CTC
1	212976883	NA	GATAAGA	G	205	PASS;AGACAAAAGATAAGAATA	INDEL;IDV=6;IMF=1;DP=6;VDB=0.000411984;SGB=-0.616816;MQ0F=0;AC=2;AN=2;DP4=0,0,0,6;MQ=60;RB=1,212976675,212976921,AGT,ATG
2	53072576	NA	TTTTA	T	225	MASKED;TTACAGATTTTTATTTAT	INDEL;IDV=14;IMF=1;DP=14;VDB=2.26006e-08;SGB=-0.686358;MQ0F=0;AC=2;AN=2;DP4=0,0,0,14;MQ=60;RB=2,53072118,53072691,AAC,ATG
9	140885973	NA	TA	T	162	PASS;GGAAAACTTACCTAGCCT	INDEL;IDV=13;IMF=1;DP=13;VDB=2.26006e-08;SGB=-0.683931;MQ0F=0;AC=2;AN=2;DP4=0,0,0,13;MQ=60;RB=9,140885739,140886039,GTT,GTG
8	56739684	NA	GGAGGCT	G	225	PASS;GCTACTCAGGAGGCTGAG	INDEL;IDV=12;IMF=1;DP=12;VDB=3.42399e-08;SGB=-0.680642;MQ0F=0;AC=2;AN=2;DP4=0,0,0,12;MQ=60;RB=8,56739325,56739726,TCA,CCC
5	1354022	NA	GCTGGA	G	225	MASKED;TCACCCAGGCTGGACTGG	INDEL;IDV=16;IMF=1;DP=16;VDB=1.29641e-11;SGB=-0.689466;MQ0F=0;AC=2;AN=2;DP4=0,0,0,16;MQ=60;RB=5,1353750,1354056,TAG,GGC
10	51592481	NA	CCATT	C	225	PASS;AGTGTCCTCCATTCATGA	INDEL;IDV=11;IMF=1;DP=11;VDB=2.26006e-08;SGB=-0.676189;MQ0F=0;AC=2;AN=2;DP4=0,0,0,11;MQ=60;RB=10,51592259,51592556,CTA,GGG
10	21700575	NA	GA	G	89	PASS;GTAAGATTGAATTAGAGC	INDEL;IDV=5;IMF=1;DP=5;VDB=0.00187095;SGB=-0.590765;MQ0F=0;AC=2;AN=2;DP4=0,0,5,0;MQ=60;RB=10,21700536,21700739,AAG,TTA
15	54548693	NA	TAAAC	T	225	MASKED;TCTAGAAATAAACAATGT	INDEL;IDV=11;IMF=1;DP=11;VDB=2.26006e-08;SGB=-0.676189;MQ0F=0;AC=2;AN=2;DP4=0,0,11,0;MQ=60;RB=15,54548656,54548954,GTT,AAA
4	95258094	NA	GTGTTTCGTTT	G	154	MASKED;TCTATTTGGTGTTTCGTT	INDEL;IDV=4;IMF=1;DP=4;VDB=0.0058656;SGB=-0.556411;MQ0F=0;AC=2;AN=2;DP4=0,0,0,4;MQ=60;RB=4,95257665,95258167,CAC,CTT
3	96776892	NA	TA	T	30.4183	PASS;TTTAGTTGTAAAAAGTGA	INDEL;IDV=8;IMF=1;DP=8;VDB=0.0058656;SGB=-0.556411;MQ0F=0;AC=2;AN=2;DP4=0,0,4,0;MQ=60;RB=3,96776804,96777029,GGG,GCA
3	96777008	NA	CAT	C	139	MASKED;CATTACCACATGTTTACA	INDEL;IDV=4;IMF=1;DP=4;VDB=0.0058656;SGB=-0.556411;MQ0F=0;AC=2;AN=2;DP4=0,0,0,4;MQ=60;RB=3,96776804,96777029,GGG,GCA
18	27960330	NA	CCTTCT	C	205	MASKED;AAATACGTCCTTCTCTTC	INDEL;IDV=6;IMF=1;DP=6;VDB=0.000411984;SGB=-0.616816;MQ0F=0;AC=2;AN=2;DP4=0,0,0,6;MQ=60;RB=18,27960141,27960360,CTG,TTT
1	160629827	NA	GC	G	93	MASKED;ACATCCTTGCCAACATTT	INDEL;IDV=5;IMF=1;DP=5;VDB=0.00187095;SGB=-0.590765;MQ0F=0;AC=2;AN=2;DP4=0,0,0,5;MQ=60;RB=1,160629633,160629906,CAC,GAT
8	114439227	NA	A	AT	150	PASS;TATATCCTATGACTAATA	INDEL;IDV=10;IMF=1;DP=10;VDB=5.52906e-06;SGB=-0.662043;MQ0F=0;AC=2;AN=2;DP4=0,0,0,9;MQ=60;RB=8,114438995,114439333,CGA,GTT
11	86508039	NA	TTTTG	T	224	MASKED;ATATTTGATTTTGTTTAT	INDEL;IDV=7;IMF=1;DP=7;VDB=6.71664e-05;SGB=-0.636426;MQ0F=0;AC=2;AN=2;DP4=0,0,0,7;MQ=60;RB=11,86507809,86508158,CCG,GTT
15	28343227	NA	A	AG	81	PASS;GGGGCTGGAGGTTGCGTT	INDEL;IDV=5;IMF=1;DP=5;VDB=0.00187095;SGB=-0.590765;MQ0F=0;AC=2;AN=2;DP4=0,0,0,5;MQ=60;RB=15,28343063,28343333,GTT,TCC
2	210301578	NA	C	CT	106	PASS;TTCATACACTAACATTTT	INDEL;IDV=5;IMF=1;DP=5;VDB=0.00187095;SGB=-0.590765;MQ0F=0;AC=2;AN=2;DP4=0,0,0,5;MQ=60;RB=2,210300988,210301589,CTT,TGA
14	43552956	NA	TGAGAA	T	205	MASKED;TTGAATACTGAGAAGAGA	INDEL;IDV=6;IMF=1;DP=6;VDB=0.000411984;SGB=-0.616816;MQ0F=0;AC=2;AN=2;DP4=0,0,0,6;MQ=60;RB=14,43552512,43553056,TAT,CTG
16	57056295	NA	AGGAGGCTGT	A	225	NEI_IND[2/96];CAAGCTGGAGGAGGCTGT	INDEL;IDV=14;IMF=1;DP=14;VDB=2.26006e-08;SGB=-0.686358;MQ0F=0;AC=2;AN=2;DP4=0,0,0,14;MQ=60;RB=16,57055957,57056371,ACA,GTT
3	9986691	NA	TAAAG	T	225	PASS;TCAGGAAATAAAGAAAGG	INDEL;IDV=12;IMF=0.923077;DP=12;VDB=2.26006e-08;SGB=-0.680642;MQ0F=0;AC=2;AN=2;DP4=0,0,12,0;MQ=60;RB=3,9986620,9987342,CTG,CCT
8	134820595	NA	GTGTA	G	154	NEI_IND[4/217];GTGTGTGTGTGTATGCAT	INDEL;IDV=4;IMF=1;DP=4;VDB=0.0058656;SGB=-0.556411;MQ0F=0;AC=2;AN=2;DP4=0,0,0,4;MQ=60;RB=8,134820157,134820614,ACC,AAC
16	63036307	NA	GGAAAGC	G	225	NEI_IND[6/402];CTTACATGGGAAAGCTGC	INDEL;IDV=16;IMF=1;DP=16;VDB=1.29641e-11;SGB=-0.689466;MQ0F=0;AC=2;AN=2;DP4=0,0,0,16;MQ=60;RB=16,63036051,63036328,GTT,TTT
X	67337980	NA	GC	G	92	PASS;TACCAGGGGCCTTATAAG	INDEL;IDV=5;IMF=1;DP=5;VDB=0.00187095;SGB=-0.590765;MQ0F=0;AC=2;AN=2;DP4=0,0,0,5;MQ=60;RB=X,67337762,67338054,CTG,ATA
16	30082036	NA	TTTAGGTCCAGAAC	T	224	PASS;TCAGCACTTTTAGGTCCA	INDEL;IDV=7;IMF=1;DP=7;VDB=6.71664e-05;SGB=-0.636426;MQ0F=0;AC=2;AN=2;DP4=0,0,7,0;MQ=60;RB=16,30081940,30082219,GCT,CGT
5	113601021	NA	GGTGTGTGTGTGTGT	G,GGT	192	MASKED;CAAGAGGAGGTGTGTGTG	INDEL;IDV=9;IMF=1;DP=9;VDB=1.22485e-05;SGB=-0.662043;MQ0F=0;AC=1,1;AN=2;DP4=0,0,0,9;MQ=60;RB=5,113600740,113601125,ATG,CCG
2	101079743	NA	TC	T	125	MASKED;CATCCGTGTCCCTGCAAA	INDEL;IDV=10;IMF=1;DP=10;VDB=6.99472e-07;SGB=-0.670168;MQ0F=0;AC=2;AN=2;DP4=0,0,0,10;MQ=60;RB=2,101079516,101079781,ATG,TTT
20	17468917	NA	GT	G	111	MASKED;GGCAGACTGTTGGTGCAT	INDEL;IDV=7;IMF=1;DP=7;VDB=6.71664e-05;SGB=-0.636426;MQ0F=0;AC=2;AN=2;DP4=0,0,0,7;MQ=60;RB=20,17468560,17468944,GTG,TTT
3	48090946	NA	CA	C	36.4154	MASKED;TGTCTCTACAAAAAATGC	INDEL;IDV=7;IMF=1;DP=7;VDB=6.71664e-05;SGB=-0.636426;MQ0F=0;AC=2;AN=2;DP4=0,0,0,7;MQ=60;RB=3,48090581,48090976,GTG,TGC
4	142670253	NA	GAAAC	G	225	NEI_IND[4/374];TCTGCACAGAAACAAACA	INDEL;IDV=8;IMF=1;DP=8;VDB=1.33331e-05;SGB=-0.651104;MQ0F=0;AC=2;AN=2;DP4=0,0,8,0;MQ=60;RB=4,142670198,142670529,CAC,CAC
4	142670403	NA	G	GA	8.99861	NEI_IND[59/763];GTTTATAAGAAAAAAAAA	INDEL;IDV=8;IMF=1;DP=8;VDB=1.33331e-05;SGB=-0.651104;MQ0F=0;AC=2;AN=2;DP4=0,0,0,8;MQ=60;RB=4,142670198,142670529,CAC,CAC
12	127462486	NA	CTATT	C	224	MASKED;CACAAAAACTATTTAAGT	INDEL;IDV=7;IMF=1;DP=7;VDB=6.71664e-05;SGB=-0.636426;MQ0F=0;AC=2;AN=2;DP4=0,0,0,7;MQ=60;RB=12,127462235,127462586,ATT,CGT
3	78307039	NA	GA	G	113	MASKED;GCTTTAGGGAAGGGATTT	INDEL;IDV=7;IMF=1;DP=7;VDB=6.71664e-05;SGB=-0.636426;MQ0F=0;AC=2;AN=2;DP4=0,0,0,7;MQ=60;RB=3,78306665,78307089,TCA,TAT
6	36727058	NA	T	TTTCATGCTCC	225	PASS;CCCTGAGGTTTCATGCTC	INDEL;IDV=9;IMF=1;DP=9;VDB=5.52906e-06;SGB=-0.662043;MQ0F=0;AC=2;AN=2;DP4=0,0,0,9;MQ=60;RB=6,36726791,36727106,CTG,CTA
5	73830991	NA	GA	G	56	MASKED;AATGAATAGAAAATGCAT	INDEL;IDV=5;IMF=1;DP=5;VDB=0.00187095;SGB=-0.590765;MQ0F=0;AC=2;AN=2;DP4=0,0,0,5;MQ=60;RB=5,73830676,73831076,TTG,TAG
15	90120478	NA	AGTACATTCTTGC	A	225	NEI_IND[6/342];ACTAAATGAGTACATTCT	INDEL;IDV=12;IMF=1;DP=12;VDB=2.26006e-08;SGB=-0.680642;MQ0F=0;AC=2;AN=2;DP4=0,0,0,12;MQ=60;RB=15,90120204,90120610,TGT,CGT
X	31955621	NA	AT	A	18.4763	PASS;TTATCTAGATTTTTTTTA	INDEL;IDV=10;IMF=1;DP=10;VDB=5.52906e-06;SGB=-0.662043;MQ0F=0;AC=2;AN=2;DP4=0,0,0,9;MQ=60;RB=X,31955407,31955747,CAG,TCG
3	173547284	NA	CAAAT	C	225	MASKED;ACCATAGTCAAATTAATT	INDEL;IDV=10;IMF=1;DP=10;VDB=5.52906e-06;SGB=-0.662043;MQ0F=0;AC=2;AN=2;DP4=0,0,9,0;MQ=60;RB=3,173547257,173547931,GGA,TCT
3	173547343	NA	CGT	C	197	PASS;AGTGTGTGCGTGTGTGTG	INDEL;IDV=9;IMF=0.9;DP=10;VDB=6.71664e-05;SGB=-0.636426;MQ0F=0;AC=2;AN=2;DP4=0,0,7,0;MQ=60;RB=3,173547257,173547931,GGA,TCT
7	44532864	NA	GTGCT	G	225	MASKED;TCACACAAGTGCTTTGCA	INDEL;IDV=9;IMF=1;DP=9;VDB=5.52906e-06;SGB=-0.662043;MQ0F=0;AC=2;AN=2;DP4=0,0,0,9;MQ=60;RB=7,44532560,44532936,TGC,TCG
22	30792218	NA	T	TGTC	205	PASS;TCCCTGAATGATCTATGT	INDEL;IDV=6;IMF=1;DP=6;VDB=0.000481013;SGB=-0.616816;MQ0F=0;AC=2;AN=2;DP4=0,0,6,0;MQ=60;RB=22,30792207,30792550,ATA,TTT
7	31268558	NA	GC	G	149	MASKED;AGGTAGGTGCCAGCTATG	INDEL;IDV=16;IMF=1;DP=16;VDB=1.29641e-11;SGB=-0.689466;MQ0F=0;AC=2;AN=2;DP4=0,0,16,0;MQ=60;RB=7,31268484,31268789,TTG,GCT
1	56902283	NA	TAATG	T	182	NEI_IND[4/200];TTAATAGATAATGAATGA	INDEL;IDV=5;IMF=1;DP=5;VDB=0.00187095;SGB=-0.590765;MQ0F=0;AC=2;AN=2;DP4=0,0,0,5;MQ=60;RB=1,56902101,56902357,ACC,CTG
15	53381561	NA	AG	A	118	PASS;ATTTGTCTAGCGCTGTTA	INDEL;IDV=7;IMF=1;DP=7;VDB=6.71664e-05;SGB=-0.636426;MQ0F=0;AC=2;AN=2;DP4=0,0,0,7;MQ=60;RB=15,53381153,53381669,GAC,TGG
11	55851379	NA	CAT	C	225	MASKED;CATGCACACATGTGAACA	INDEL;IDV=12;IMF=1;DP=12;VDB=2.26006e-08;SGB=-0.680642;MQ0F=0;AC=2;AN=2;DP4=0,0,12,0;MQ=60;RB=11,55851346,55851679,ATT,TGG
2	105682405	NA	AAAAGAAAAAG	A	225	MASKED;TGTAAAAGAAAAGAAAAA	INDEL;IDV=16;IMF=1;DP=16;VDB=1.29641e-11;SGB=-0.689466;MQ0F=0;AC=2;AN=2;DP4=0,0,0,16;MQ=60;RB=2,105682151,105682497,GTC,TGT
15	49430523	NA	ACTCT	A	225	MASKED;CAGAAAACACTCTCTATT	INDEL;IDV=12;IMF=1;DP=12;VDB=2.26006e-08;SGB=-0.680642;MQ0F=0;AC=2;AN=2;DP4=0,0,0,12;MQ=60;RB=15,49430258,49430638,GGA,CCG
8	62280373	NA	AT	A	80	PASS;GTACATATATTTTACTGT	INDEL;IDV=9;IMF=0.9;DP=9;VDB=5.52906e-06;SGB=-0.662043;MQ0F=0;AC=2;AN=2;DP4=0,0,0,9;MQ=60;RB=8,62280210,62280495,ATA,ATA
7	115135961	NA	TCTTAAA	T	225	NEI_IND[6/302];ATGCATTTTCTTAAACTT	INDEL;IDV=11;IMF=1;DP=11;VDB=6.99472e-07;SGB=-0.670168;MQ0F=0;AC=2;AN=2;DP4=0,0,10,0;MQ=60;RB=7,115135849,115136312,ACG,AAA
1	193821792	NA	ATT	A	200	PASS;CAAAGATTATTATATCTA	INDEL;IDV=8;IMF=1;DP=8;VDB=1.33331e-05;SGB=-0.651104;MQ0F=0;AC=2;AN=2;DP4=0,0,0,8;MQ=60;RB=1,193821611,193821889,GCT,ATA
X	28920011	NA	CTT	C	225	PASS;ATCTAACTCTTTAAGTAA	INDEL;IDV=15;IMF=1;DP=15;VDB=4.49525e-10;SGB=-0.688148;MQ0F=0;AC=2;AN=2;DP4=0,0,0,15;MQ=60;RB=X,28919657,28920094,GTT,CCG
5	100596473	NA	CAG	C	225	NEI_IND[2/154];TTAAAAGGCAGAGTTTCC	INDEL;IDV=12;IMF=1;DP=12;VDB=2.26006e-08;SGB=-0.680642;MQ0F=0;AC=2;AN=2;DP4=0,0,0,12;MQ=60;RB=5,100596098,100596534,TCA,ATA
11	80765174	NA	TA	T	90	MASKED;GAACATACTAAAATTGCA	INDEL;IDV=13;IMF=1;DP=13;VDB=2.26006e-08;SGB=-0.683931;MQ0F=0;AC=2;AN=2;DP4=0,0,0,13;MQ=60;RB=11,80764910,80765287,CAG,GTC
9	92911762	NA	TA	T	152	MASKED;TTCATTATTAGGGGTGCA	INDEL;IDV=11;IMF=1;DP=11;VDB=2.26006e-08;SGB=-0.676189;MQ0F=0;AC=2;AN=2;DP4=0,0,0,11;MQ=60;RB=9,92911412,92911859,TGA,TTT
12	55511761	NA	TAAAGAGAAAAATGAGGGAA	T	225	MASKED;ACACTAAATAAAGAGAAA	INDEL;IDV=11;IMF=1;DP=11;VDB=2.26006e-08;SGB=-0.676189;MQ0F=0;AC=2;AN=2;DP4=0,0,0,11;MQ=60;RB=12,55511448,55511887,GCC,TCC
7	37257970	NA	TG	T	124	PASS;GCAGAAACTGTCTTTTTC	INDEL;IDV=7;IMF=1;DP=7;VDB=6.71664e-05;SGB=-0.636426;MQ0F=0;AC=2;AN=2;DP4=0,0,7,0;MQ=60;RB=7,37257940,37258301,GGA,ATG
4	4839392	NA	CTCTG	C	225	NEI_IND[4/236];GAAATTCTCTCTGTGTGT	INDEL;IDV=9;IMF=1;DP=9;VDB=5.52906e-06;SGB=-0.662043;MQ0F=0;AC=2;AN=2;DP4=0,0,0,9;MQ=60;RB=4,4839209,4839451,TGA,CGT
15	65224376	NA	GAT	G	225	MASKED;ATAGGCGGGATAGCCATT	INDEL;IDV=15;IMF=1;DP=15;VDB=4.49525e-10;SGB=-0.688148;MQ0F=0;AC=2;AN=2;DP4=0,0,0,15;MQ=60;RB=15,65224148,65224478,ATT,CGC
13	85394188	NA	TATTTC	T	205	MASKED;AGTCCTAATATTTCATTA	INDEL;IDV=6;IMF=1;DP=6;VDB=0.000411984;SGB=-0.616816;MQ0F=0;AC=2;AN=2;DP4=0,0,0,6;MQ=60;RB=13,85393751,85394258,ATG,CCT
22	35059125	NA	CCGCCCGTGT	C	224	MASKED;TAAGGTTGCCGCCCGTGT	INDEL;IDV=7;IMF=1;DP=7;VDB=6.71664e-05;SGB=-0.636426;MQ0F=0;AC=2;AN=2;DP4=0,0,7,0;MQ=60;RB=22,35059028,35059485,CCT,GAC
6	62421227	NA	AAATGATAAATAT	A	225	PASS;TTGAATAAAAATGATAAA	INDEL;IDV=9;IMF=1;DP=9;VDB=5.52906e-06;SGB=-0.662043;MQ0F=0;AC=2;AN=2;DP4=0,0,0,9;MQ=60;RB=6,62420973,62421354,ATT,GAC
7	95787115	NA	AAAAC	A	154	NEI_IND[4/308];TATCTTGGAAAACAAACA	INDEL;IDV=4;IMF=1;DP=4;VDB=0.0058656;SGB=-0.556411;MQ0F=0;AC=2;AN=2;DP4=0,0,4,0;MQ=60;RB=7,95787080,95787632,CTG,TGA
21	36714980	NA	TATGCAA	T	225	MASKED;TGAAGCGCTATGCAAATG	INDEL;IDV=10;IMF=1;DP=10;VDB=6.99472e-07;SGB=-0.670168;MQ0F=0;AC=2;AN=2;DP4=0,0,0,10;MQ=60;RB=21,36714595,36715057,TTA,TAT
22	48712796	NA	AACACCAAGAGGGATCC	A	225	NEI_IND[6/456];TGGGGTCGAACACCAAGA	INDEL;IDV=10;IMF=1;DP=10;VDB=6.99472e-07;SGB=-0.670168;MQ0F=0;AC=2;AN=2;DP4=0,0,0,10;MQ=60;RB=22,48711957,48712846,TTT,ATA
4	145253285	NA	GAT	G	119	PASS;GCTTCAAAGATATATATA	INDEL;IDV=11;IMF=1;DP=11;VDB=2.26006e-08;SGB=-0.676189;MQ0F=0;AC=2;AN=2;DP4=0,0,0,11;MQ=60;RB=4,145253133,145253392,CTT,ATG
X	64805877	NA	GT	G	15.5372	PASS;CTATTTTTGTTTTTTTTA	INDEL;IDV=7;IMF=1;DP=7;VDB=6.71664e-05;SGB=-0.636426;MQ0F=0;AC=2;AN=2;DP4=0,0,7,0;MQ=60;RB=X,64805752,64806206,AGA,CTT
4	149754387	NA	GGTGTGT	G	203	MASKED;CTTTCAGGGGTGTGTGTG	INDEL;IDV=6;IMF=1;DP=6;VDB=0.000411984;SGB=-0.616816;MQ0F=0;AC=2;AN=2;DP4=0,0,0,6;MQ=60;RB=4,149754164,149754425,ATT,CCG
8	98236683	NA	TA	T	103	PASS;AGCAGATGTAGTAAATAC	INDEL;IDV=5;IMF=1;DP=5;VDB=0.00187095;SGB=-0.590765;MQ0F=0;AC=2;AN=2;DP4=0,0,5,0;MQ=60;RB=8,98236632,98236846,CAC,TTA
X	48601367	NA	TTTC	T	69	MASKED;TCTCTTTCTTTCTTTTTT	INDEL;IDV=3;IMF=0.75;DP=4;VDB=0.02;SGB=-0.453602;MQ0F=0;AC=2;AN=2;DP4=0,0,0,2;MQ=60;RB=X,48601134,48601423,CCG,TTA
15	34456574	NA	CTG	C	187	MASKED;ACCTAAAACTGTGCAACT	INDEL;IDV=8;IMF=1;DP=8;VDB=6.71664e-05;SGB=-0.636426;MQ0F=0;AC=2;AN=2;DP4=0,0,0,7;MQ=60;RB=15,34456174,34456685,TGA,CCC
10	35615817	NA	AAAAC	A	225	MASKED;TGTCTCTTAAAACAAACA	INDEL;IDV=8;IMF=1;DP=8;VDB=1.33331e-05;SGB=-0.651104;MQ0F=0;AC=2;AN=2;DP4=0,0,8,0;MQ=60;RB=10,35615760,35616177,TAG,CCT
16	57056295	NA	AGGAGGCTGT	A	225	NEI_IND[2/96];CAAGCTGGAGGAGGCTGT	INDEL;IDV=9;IMF=1;DP=9;VDB=5.52906e-06;SGB=-0.662043;MQ0F=0;AC=2;AN=2;DP4=0,0,0,9;MQ=60;RB=16,57055967,57056370,AGA,GTG
17	48998277	NA	TTCCAGGAAGAA	T	224	MASKED;TGCTGGTTTTCCAGGAAG	INDEL;IDV=7;IMF=1;DP=7;VDB=6.71664e-05;SGB=-0.636426;MQ0F=0;AC=2;AN=2;DP4=0,0,0,7;MQ=60;RB=17,48998037,48998410,CTA,ATG
9	136619609	NA	TTTTC	T	225	PASS;GCATGTGTTTTTCTTTAT	INDEL;IDV=9;IMF=1;DP=9;VDB=5.52906e-06;SGB=-0.662043;MQ0F=0;AC=2;AN=2;DP4=0,0,0,9;MQ=60;RB=9,136619354,136619702,TCT,CCT
8	11466753	NA	CAATATT	C	225	MASKED;ATCAGTAGCAATATTAAA	INDEL;IDV=12;IMF=1;DP=12;VDB=5.15975e-08;SGB=-0.680642;MQ0F=0;AC=2;AN=2;DP4=0,0,0,12;MQ=60;RB=8,11466486,11466861,CCC,CGA
2	50771367	NA	ATAAG	A	203	NEI_IND[4/190];TGCACAACATAAGTAATA	INDEL;IDV=6;IMF=1;DP=6;VDB=0.000411984;SGB=-0.616816;MQ0F=0;AC=2;AN=2;DP4=0,0,0,6;MQ=60;RB=2,50770760,50771408,CTA,CCC
5	124258821	NA	CTCAG	C	225	PASS;CCTAACAGCTCAGATAAA	INDEL;IDV=8;IMF=1;DP=8;VDB=1.33331e-05;SGB=-0.651104;MQ0F=0;AC=2;AN=2;DP4=0,0,8,0;MQ=60;RB=5,124258793,124259059,GTA,CCT
16	9906521	NA	AAG	A	97	PASS;AAAGAAAAAAGAAATAAA	INDEL;IDV=6;IMF=1;DP=6;VDB=0.000411984;SGB=-0.616816;MQ0F=0;AC=2;AN=2;DP4=0,0,6,0;MQ=60;RB=16,9906461,9906763,TTT,GTG
7	147650505	NA	A	AT	85	NEI_IND[21/468];TAAGAAATACGATTCTCA	INDEL;IDV=7;IMF=1;DP=7;VDB=6.71664e-05;SGB=-0.636426;MQ0F=0;AC=2;AN=2;DP4=0,0,0,7;MQ=60;RB=7,147649904,147650585,GTA,GAC
7	147650539	NA	TA	T	45.4146	MASKED;TGGGTTGATAAGGTGCAG	INDEL;IDV=7;IMF=1;DP=7;VDB=6.71664e-05;SGB=-0.636426;MQ0F=0;AC=2;AN=2;DP4=0,0,0,7;MQ=60;RB=7,147649904,147650585,GTA,GAC
3	184086790	NA	CTT	C	225	PASS;CGAGAGGACTTGGTGGTT	INDEL;IDV=12;IMF=1;DP=12;VDB=2.26006e-08;SGB=-0.680642;MQ0F=0;AC=2;AN=2;DP4=0,0,12,0;MQ=60;RB=3,184086694,184087118,AAT,GGC
11	15991914	NA	GTTTGCT	G	205	MASKED;TGCTAAATGTTTGCTTTT	INDEL;IDV=6;IMF=1;DP=6;VDB=0.000411984;SGB=-0.616816;MQ0F=0;AC=2;AN=2;DP4=0,0,0,6;MQ=60;RB=11,15991585,15991974,CTG,TTG
X	51716716	NA	TC	T	120	PASS;AAATACCTTCCCTTGATG	INDEL;IDV=9;IMF=1;DP=9;VDB=5.52906e-06;SGB=-0.662043;MQ0F=0;AC=2;AN=2;DP4=0,0,0,9;MQ=60;RB=X,51716253,51716795,ATC,TAT
15	61316207	NA	CA	C	42.4147	MASKED;TATGGAAACAAAAAATGC	INDEL;IDV=9;IMF=1;DP=9;VDB=5.52906e-06;SGB=-0.662043;MQ0F=0;AC=2;AN=2;DP4=0,0,0,9;MQ=60;RB=15,61315790,61316289,AAT,GGG
17	20086241	NA	T	TC	125	PASS;CAAAAAGTTGAGTTAATG	INDEL;IDV=6;IMF=1;DP=6;VDB=0.000411984;SGB=-0.616816;MQ0F=0;AC=2;AN=2;DP4=0,0,6,0;MQ=60;RB=17,20086194,20086477,CAA,AGC
8	15295954	NA	GC	G	138	MASKED;TGCATGGTGCCTGGTATA	INDEL;IDV=9;IMF=1;DP=9;VDB=5.52906e-06;SGB=-0.662043;MQ0F=0;AC=2;AN=2;DP4=0,0,9,0;MQ=60;RB=8,15295935,15296244,TAT,TCG
5	175111914	NA	GAA	G	169	PASS;GGAAAGGTGAAAGAGTTA	INDEL;IDV=6;IMF=1;DP=6;VDB=0.000411984;SGB=-0.616816;MQ0F=0;AC=2;AN=2;DP4=0,0,6,0;MQ=60;RB=5,175111797,175112093,AAT,CAG
8	107666336	NA	TATAGCA	T	224	PASS;ATAGAAGATATAGCAATA	INDEL;IDV=7;IMF=1;DP=7;VDB=6.71664e-05;SGB=-0.636426;MQ0F=0;AC=2;AN=2;DP4=0,0,0,7;MQ=60;RB=8,107665896,107666370,CTG,ATC
X	65313766	NA	TACTG	T	225	PASS;AATCCCATTACTGACTAT	INDEL;IDV=9;IMF=1;DP=9;VDB=5.52906e-06;SGB=-0.662043;MQ0F=0;AC=2;AN=2;DP4=0,0,9,0;MQ=60;RB=X,65313665,65313932,TAT,GGT
15	48313174	NA	GT	G	32.4168	PASS;GTAGATGAGTTTTTTGGA	INDEL;IDV=6;IMF=1;DP=6;VDB=0.000411984;SGB=-0.616816;MQ0F=0;AC=2;AN=2;DP4=0,0,0,6;MQ=60;RB=15,48312674,48313192,ACC,TGC
7	115135961	NA	TCTTAAA	T	225	NEI_IND[6/302];ATGCATTTTCTTAAACTT	INDEL;IDV=11;IMF=1;DP=11;VDB=2.26006e-08;SGB=-0.676189;MQ0F=0;AC=2;AN=2;DP4=0,0,11,0;MQ=60;RB=7,115135849,115136430,CTC,ATA
5	173811756	NA	CGGTGTG	C	225	MASKED;TGCACACACGGTGTGTTA	INDEL;IDV=10;IMF=1;DP=10;VDB=6.99472e-07;SGB=-0.670168;MQ0F=0;AC=2;AN=2;DP4=0,0,10,0;MQ=60;RB=5,173811725,173811974,ATA,TGG
13	82574954	NA	GAAA	G	5.7555	MASKED;GAAAGGAAGAAAGAAAAA	INDEL;IDV=9;IMF=1;DP=9;VDB=0.0221621;SGB=-0.511536;MQ0F=0;AC=2;AN=2;DP4=0,0,3,0;MQ=60;RB=13,82574824,82575264,AGG,AAG
4	48919267	NA	GT	G	106	PASS;ACATCTTGGTTTCTTCCA	INDEL;IDV=7;IMF=1;DP=7;VDB=6.71664e-05;SGB=-0.636426;MQ0F=0;AC=2;AN=2;DP4=0,0,0,7;MQ=60;RB=4,48918780,48919317,TTT,GGT
4	64847336	NA	AGTTTT	A	225	MASKED;AGGGGAAAAGTTTTGTTT	INDEL;IDV=9;IMF=1;DP=9;VDB=5.52906e-06;SGB=-0.662043;MQ0F=0;AC=2;AN=2;DP4=0,0,0,9;MQ=60;RB=4,64846913,64847448,AAT,ATA
6	103473816	NA	AT	A	53	MASKED;GAATGCACATTTTTCCTT	INDEL;IDV=8;IMF=1;DP=8;VDB=1.33331e-05;SGB=-0.651104;MQ0F=0;AC=2;AN=2;DP4=0,0,8,0;MQ=60;RB=6,103473725,103474389,ATA,GAA
8	107019617	NA	AATAATATAAAAATGC	A	224	MASKED;TGCTTGTAAATAATATAA	INDEL;IDV=7;IMF=1;DP=7;VDB=6.71664e-05;SGB=-0.636426;MQ0F=0;AC=2;AN=2;DP4=0,0,0,7;MQ=60;RB=8,107019290,107019717,TTT,AAC
22	35059125	NA	CCGCCCGTGT	C	182	MASKED;TAAGGTTGCCGCCCGTGT	INDEL;IDV=5;IMF=1;DP=5;VDB=0.00187095;SGB=-0.590765;MQ0F=0;AC=2;AN=2;DP4=0,0,5,0;MQ=60;RB=22,35059029,35059485,GGC,GAC
15	57965630	NA	CTCTG	C	225	PASS;CTCTCTCTCTCTGTCTGC	INDEL;IDV=19;IMF=1;DP=19;VDB=1.29641e-11;SGB=-0.69168;MQ0F=0;AC=2;AN=2;DP4=0,0,0,19;MQ=60;RB=15,57965337,57965654,TGT,ACT
21	24325002	NA	ATGTG	A	225	MASKED;CTTAACCTATGTGTGTGT	INDEL;IDV=9;IMF=1;DP=9;VDB=5.52906e-06;SGB=-0.662043;MQ0F=0;AC=2;AN=2;DP4=0,0,0,9;MQ=60;RB=21,24324583,24325041,CTA,GTT
5	20973075	NA	TC	T	88	MASKED;GTTCATGCTCCTTCAGCC	INDEL;IDV=5;IMF=1;DP=5;VDB=0.00187095;SGB=-0.590765;MQ0F=0;AC=2;AN=2;DP4=0,0,5,0;MQ=60;RB=5,20972946,20973492,CCT,GCT
2	205476573	NA	CTA	C	153	MASKED;ATCTATATCTATATATAT	INDEL;IDV=6;IMF=1;DP=6;VDB=0.000411984;SGB=-0.616816;MQ0F=0;AC=2;AN=2;DP4=0,0,0,6;MQ=60;RB=2,205476328,205476591,TTT,TGA
1	198432948	NA	CT	C	23.434	PASS;ACTTACTGCTTTTTTTCT	INDEL;IDV=7;IMF=1;DP=7;VDB=6.71664e-05;SGB=-0.636426;MQ0F=0;AC=2;AN=2;DP4=0,0,0,7;MQ=60;RB=1,198432776,198433065,CGT,GTT
12	38237860	NA	CT	C	26.4242	MASKED;ACCATAGGCTTTTTTTGC	INDEL;IDV=8;IMF=1;DP=8;VDB=1.33331e-05;SGB=-0.651104;MQ0F=0;AC=2;AN=2;DP4=0,0,0,8;MQ=60;RB=12,38237627,38237886,GAC,TGA
11	19186925	NA	TTAC	T	225	PASS;TCTCCATATTACTTGTAA	INDEL;IDV=12;IMF=1;DP=12;VDB=2.26006e-08;SGB=-0.680642;MQ0F=0;AC=2;AN=2;DP4=0,0,12,0;MQ=60;RB=11,19186867,19187224,GGA,AAC
13	56467193	NA	GA	G	27.4221	MASKED;AAGAAAAAGAAAAAAATG	INDEL;IDV=9;IMF=1;DP=9;VDB=5.52906e-06;SGB=-0.662043;MQ0F=0;AC=2;AN=2;DP4=0,0,0,9;MQ=60;RB=13,56466785,56467210,TGG,TTG
5	20973075	NA	TC	T	105	MASKED;GTTCATGCTCCTTCAGCC	INDEL;IDV=6;IMF=1;DP=6;VDB=0.000411984;SGB=-0.616816;MQ0F=0;AC=2;AN=2;DP4=0,0,0,6;MQ=60;RB=5,20972797,20973155,TGA,GGT
2	53072576	NA	TTTTA	T	225	MASKED;TTACAGATTTTTATTTAT	INDEL;IDV=11;IMF=1;DP=11;VDB=2.26006e-08;SGB=-0.676189;MQ0F=0;AC=2;AN=2;DP4=0,0,0,11;MQ=60;RB=2,53072118,53072609,TCC,ATA
7	115135961	NA	TCTTAAA	T	225	NEI_IND[6/302];ATGCATTTTCTTAAACTT	INDEL;IDV=11;IMF=1;DP=11;VDB=2.26006e-08;SGB=-0.676189;MQ0F=0;AC=2;AN=2;DP4=0,0,11,0;MQ=60;RB=7,115135848,115136430,GCT,AAT
X	32074015	NA	CTGTT	C	154	PASS;AGTCCTGTCTGTTTGTAT	INDEL;IDV=4;IMF=1;DP=4;VDB=0.0058656;SGB=-0.556411;MQ0F=0;AC=2;AN=2;DP4=0,0,4,0;MQ=60;RB=X,32073954,32074590,AGG,CAC
6	25311254	NA	CA	C	32.4168	MASKED;TAAAAATACAAAAAACTG	INDEL;IDV=6;IMF=1;DP=6;VDB=0.000411984;SGB=-0.616816;MQ0F=0;AC=2;AN=2;DP4=0,0,0,6;MQ=60;RB=6,25311049,25311346,TGT,CAC
6	25311294	NA	CA	C	68	MASKED;TGTAATACCAGCCACTCG	INDEL;IDV=6;IMF=1;DP=6;VDB=0.000411984;SGB=-0.616816;MQ0F=0;AC=2;AN=2;DP4=0,0,0,6;MQ=60;RB=6,25311049,25311346,TGT,CAC
22	36990738	NA	CTGTGTGTGTGTCTG	C	224	NEI_IND[6/282];GTGTGTGTCTGTGTGTGT	INDEL;IDV=7;IMF=1;DP=7;VDB=6.71664e-05;SGB=-0.636426;MQ0F=0;AC=2;AN=2;DP4=0,0,0,7;MQ=60;RB=22,36990514,36990781,ATA,CTG
6	12781771	NA	TGTTA	T	225	PASS;ATGTCCACTGTTAGATAG	INDEL;IDV=9;IMF=1;DP=9;VDB=5.52906e-06;SGB=-0.662043;MQ0F=0;AC=2;AN=2;DP4=0,0,9,0;MQ=60;RB=6,12781696,12782097,ACG,CGG
22	22392587	NA	CA	C	61	PASS;TATCTTTACAAAAATTAC	INDEL;IDV=12;IMF=1;DP=12;VDB=2.26006e-08;SGB=-0.680642;MQ0F=0;AC=2;AN=2;DP4=0,0,12,0;MQ=60;RB=22,22392572,22392931,CCG,GCC
12	88710869	NA	TATA	T	225	PASS;ACTAAAAATATAAAAATT	INDEL;IDV=9;IMF=1;DP=9;VDB=5.52906e-06;SGB=-0.662043;MQ0F=0;AC=2;AN=2;DP4=0,0,0,9;MQ=60;RB=12,88710637,88710963,GTA,GGA
11	77882818	NA	A	AT	62	PASS;CCCAGCTAATTTTTGTAT	INDEL;IDV=17;IMF=1;DP=17;VDB=1.29641e-11;SGB=-0.690438;MQ0F=0;AC=2;AN=2;DP4=0,0,17,0;MQ=60;RB=11,77882732,77883208,ATT,TGA
11	112586635	NA	TATA	T	225	PASS;ACATATAGTATAATAACC	INDEL;IDV=9;IMF=1;DP=9;VDB=5.52906e-06;SGB=-0.662043;MQ0F=0;AC=2;AN=2;DP4=0,0,0,9;MQ=60;RB=11,112586306,112586718,GTT,AAT
14	81256218	NA	G	GTTGTT	225	PASS;TTTTTGTTGTTGTTTTGT	INDEL;IDV=18;IMF=1;DP=18;VDB=8.11043e-08;SGB=-0.691153;MQ0F=0;AC=2;AN=2;DP4=0,0,0,18;MQ=58;RB=14,81255835,81256261,GCC,AAT
21	36461424	NA	GA	G	62	MASKED;GTAGATGGGAGGGACACA	INDEL;IDV=4;IMF=1;DP=4;VDB=0.0221621;SGB=-0.511536;MQ0F=0;AC=2;AN=2;DP4=0,0,3,0;MQ=60;RB=21,36461307,36461693,GGG,AAT
X	135217815	NA	AAAAC	A	225	PASS;TCTGGGTGAAAACAAACA	INDEL;IDV=9;IMF=1;DP=9;VDB=5.52906e-06;SGB=-0.662043;MQ0F=0;AC=2;AN=2;DP4=0,0,9,0;MQ=60;RB=X,135217730,135218040,CGT,GTG
2	179587378	NA	AT	A	112	PASS;TGTAAAATATCATCACCT	INDEL;IDV=6;IMF=1;DP=6;VDB=0.000411984;SGB=-0.616816;MQ0F=0;AC=2;AN=2;DP4=0,0,6,0;MQ=60;RB=2,179587253,179587737,CTC,TGG
11	133551649	NA	AAG	A	190	PASS;AAACTGGAAAGAGAGTTC	INDEL;IDV=9;IMF=1;DP=9;VDB=5.52906e-06;SGB=-0.662043;MQ0F=0;AC=2;AN=2;DP4=0,0,0,9;MQ=60;RB=11,133551019,133551771,ACC,ATT
3	152309793	NA	ATTAG	A	224	MASKED;CAATCATTATTAGTTAAA	INDEL;IDV=7;IMF=1;DP=7;VDB=6.71664e-05;SGB=-0.636426;MQ0F=0;AC=2;AN=2;DP4=0,0,7,0;MQ=60;RB=3,152309740,152310155,AAC,TAC
2	194377066	NA	ATTG	A	225	MASKED;GAGATTTCATTGTTGTGT	INDEL;IDV=12;IMF=1;DP=12;VDB=0.637461;SGB=-0.680642;MQSB=0.982603;MQ0F=0;AC=2;AN=2;DP4=0,0,6,6;MQ=60;RB=2,194376943,194377158,CAC,CAA
9	92911762	NA	TA	T	129	MASKED;TTCATTATTAGGGGTGCA	INDEL;IDV=7;IMF=1;DP=7;VDB=6.71664e-05;SGB=-0.636426;MQ0F=0;AC=2;AN=2;DP4=0,0,0,7;MQ=60;RB=9,92911382,92911858,CAA,CTG
21	16073646	NA	AT	A	39.4149	PASS;TTTACATTATTTTTTGTG	INDEL;IDV=8;IMF=1;DP=8;VDB=1.33331e-05;SGB=-0.651104;MQ0F=0;AC=2;AN=2;DP4=0,0,0,8;MQ=60;RB=21,16073334,16073767,AAT,CGA
5	111951902	NA	GCCCACTCAGAGAGGTCTAT	G	225	MASKED;GTTTTTTTGCCCACTCAG	INDEL;IDV=10;IMF=1;DP=10;VDB=6.99472e-07;SGB=-0.670168;MQ0F=0;AC=2;AN=2;DP4=0,0,0,10;MQ=60;RB=5,111951395,111952026,GTT,GGT
3	22321137	NA	TATA	T	71	NEI_IND[4/267];TTTATATATATATATATG	INDEL;IDV=11;IMF=1;DP=11;VDB=5.52906e-06;SGB=-0.662043;MQ0F=0;AC=2;AN=2;DP4=0,0,0,9;MQ=60;RB=3,22320917,22321242,TGA,GGT
2	53072576	NA	TTTTA	T	205	MASKED;TTACAGATTTTTATTTAT	INDEL;IDV=6;IMF=1;DP=6;VDB=0.000411984;SGB=-0.616816;MQ0F=0;AC=2;AN=2;DP4=0,0,0,6;MQ=60;RB=2,53072118,53072632,TAG,GAC
12	78559199	NA	GT	G	18.4763	MASKED;ATTTTTCAGTTTTTTTTC	INDEL;IDV=10;IMF=1;DP=10;VDB=6.99472e-07;SGB=-0.670168;MQ0F=0;AC=2;AN=2;DP4=0,0,10,0;MQ=60;RB=12,78559084,78559396,GGT,GGT
X	147334474	NA	TA	T	81	PASS;AATGTTTTTAAAATATTA	INDEL;IDV=9;IMF=1;DP=9;VDB=5.52906e-06;SGB=-0.662043;MQ0F=0;AC=2;AN=2;DP4=0,0,0,9;MQ=60;RB=X,147334098,147334513,TCG,AAC
11	55851379	NA	CAT	C	225	MASKED;CATGCACACATGTGAACA	INDEL;IDV=10;IMF=1;DP=10;VDB=6.99472e-07;SGB=-0.670168;MQ0F=0;AC=2;AN=2;DP4=0,0,10,0;MQ=60;RB=11,55851347,55851680,CCC,TCT
19	38099547	NA	AG	A	134	MASKED;AGGCCTTTAGGAGTGCAG	INDEL;IDV=10;IMF=1;DP=10;VDB=6.99472e-07;SGB=-0.670168;MQ0F=0;AC=2;AN=2;DP4=0,0,0,10;MQ=60;RB=19,38099190,38099600,CAT,ACT
9	24761977	NA	GTCTA	G	225	PASS;TGCTATCTGTCTATCTAT	INDEL;IDV=8;IMF=1;DP=8;VDB=1.33331e-05;SGB=-0.651104;MQ0F=0;AC=2;AN=2;DP4=0,0,8,0;MQ=60;RB=9,24761848,24762408,GTT,GAG
3	158509083	NA	TA	T	162	PASS;TTATTTTTTATTTTTCTT	INDEL;IDV=13;IMF=1;DP=13;VDB=2.26006e-08;SGB=-0.683931;MQ0F=0;AC=2;AN=2;DP4=0,0,0,13;MQ=60;RB=3,158508824,158509141,GTT,ATA
10	108995428	NA	GA	G	26.4242	MASKED;ACTGTTAGGAAAAAATGC	INDEL;IDV=7;IMF=1;DP=7;VDB=0.00187095;SGB=-0.590765;MQ0F=0;AC=2;AN=2;DP4=0,0,0,5;MQ=60;RB=10,108994420,108995484,CTT,CAA
4	35543633	NA	AGCAGC	A	224	MASKED;TGCAAAAGAGCAGCGCTG	INDEL;IDV=7;IMF=1;DP=7;VDB=6.71664e-05;SGB=-0.636426;MQ0F=0;AC=2;AN=2;DP4=0,0,7,0;MQ=60;RB=4,35543614,35544170,CTG,ACT
15	65224376	NA	GAT	G	225	MASKED;ATAGGCGGGATAGCCATT	INDEL;IDV=18;IMF=1;DP=18;VDB=1.29641e-11;SGB=-0.691153;MQ0F=0;AC=2;AN=2;DP4=0,0,0,18;MQ=60;RB=15,65224149,65224478,CAC,TAG
21	35931920	NA	GTTT	G	225	MASKED;ATTTTCCAGTTTATTATG	INDEL;IDV=13;IMF=1;DP=13;VDB=2.26006e-08;SGB=-0.683931;MQ0F=0;AC=2;AN=2;DP4=0,0,0,13;MQ=60;RB=21,35931656,35931972,ATA,TCC
3	178617728	NA	CAA	C	143	MASKED;CAAGCTTCCAAAAGACTG	INDEL;IDV=5;IMF=1;DP=5;VDB=0.00187095;SGB=-0.590765;MQ0F=0;AC=2;AN=2;DP4=0,0,0,5;MQ=60;RB=3,178617189,178617815,GGA,AAA
6	38316216	NA	TG	T	151	PASS;AGAACTGCTGAAAAATAG	INDEL;IDV=11;IMF=1;DP=11;VDB=6.99472e-07;SGB=-0.670168;MQ0F=0;AC=2;AN=2;DP4=0,0,0,10;MQ=60;RB=6,38315716,38316299,GAC,TCG
5	14286547	NA	GTCTCAGACT	G	225	PASS;GTCCACAGGTCTCAGACT	INDEL;IDV=8;IMF=1;DP=8;VDB=1.33331e-05;SGB=-0.651104;MQ0F=0;AC=2;AN=2;DP4=0,0,0,8;MQ=60;RB=5,14286218,14286576,ATA,GGT
4	32961140	NA	GAATA	G	222	PASS;AGTTTGAGGAATAAATAG	INDEL;IDV=8;IMF=1;DP=8;VDB=1.33331e-05;SGB=-0.651104;MQ0F=0;AC=2;AN=2;DP4=0,0,8,0;MQ=60;RB=4,32961011,32961596,GAA,GAT
8	120908308	NA	AT	A	18.4763	MASKED;ATTATGCTATTTTTTTTG	INDEL;IDV=10;IMF=1;DP=10;VDB=6.99472e-07;SGB=-0.670168;MQ0F=0;AC=2;AN=2;DP4=0,0,0,10;MQ=60;RB=8,120908095,120908437,CGA,AAT
11	44278963	NA	T	TA	138	PASS;CTGGAAATTACAGAGGTA	INDEL;IDV=8;IMF=1;DP=8;VDB=1.33331e-05;SGB=-0.651104;MQ0F=0;AC=2;AN=2;DP4=0,0,0,8;MQ=60;RB=11,44278493,44279016,CCT,ATG
12	22165041	NA	C	CA	49.4146	NEI_IND[29/206];AACAACAACAAAAACATC	INDEL;IDV=7;IMF=1;DP=7;VDB=6.71664e-05;SGB=-0.636426;MQ0F=0;AC=2;AN=2;DP4=0,0,7,0;MQ=60;RB=12,22164969,22165245,ATT,CCT
12	22165168	NA	GTA	G	163	MASKED;GTATGTATGTATATATAT	INDEL;IDV=7;IMF=1;DP=7;VDB=6.71664e-05;SGB=-0.636426;MQ0F=0;AC=2;AN=2;DP4=0,0,0,7;MQ=60;RB=12,22164969,22165245,ATT,CCT
3	169815626	NA	CAAGT	C	205	PASS;TATTTTCTCAAGTAAGTA	INDEL;IDV=12;IMF=1;DP=12;VDB=0.000411984;SGB=-0.616816;MQ0F=0;AC=2;AN=2;DP4=0,0,6,0;MQ=60;RB=3,169815536,169815758,AAG,TGA
5	106279863	NA	TAATA	T	225	MASKED;TTCAAAATTAATAAATAA	INDEL;IDV=15;IMF=1;DP=15;VDB=4.49525e-10;SGB=-0.688148;MQ0F=0;AC=2;AN=2;DP4=0,0,0,15;MQ=60;RB=5,106279498,106279911,CGT,CCT
20	16563373	NA	TTTG	T	225	PASS;GGGTTTTGTTTGAACCTA	INDEL;IDV=9;IMF=1;DP=9;VDB=6.61497e-06;SGB=-0.662043;MQ0F=0;AC=2;AN=2;DP4=0,0,0,9;MQ=60;RB=20,16563077,16563503,GTA,ATT
6	101505636	NA	TCTGA	T	225	NEI_IND[4/200];CTGAATATTCTGACTGAC	INDEL;IDV=12;IMF=1;DP=12;VDB=2.26006e-08;SGB=-0.680642;MQ0F=0;AC=2;AN=2;DP4=0,0,0,12;MQ=60;RB=6,101505206,101505666,GTA,ATC
6	139307245	NA	GT	G	88	PASS;CAGGCTTTGTTTTGTATC	INDEL;IDV=13;IMF=1;DP=13;VDB=2.26006e-08;SGB=-0.683931;MQ0F=0;AC=2;AN=2;DP4=0,0,0,13;MQ=60;RB=6,139306899,139307311,GCT,CCG
1	238229018	NA	AAAG	A	225	MASKED;ATAAGTGAAAAGAAGAAA	INDEL;IDV=8;IMF=1;DP=8;VDB=1.33331e-05;SGB=-0.651104;MQ0F=0;AC=2;AN=2;DP4=0,0,0,8;MQ=60;RB=1,238228587,238229052,ACC,CCC
13	77433120	NA	ATGTATATGTATATGTATG	A	205	MASKED;ATATGTATATGTATATGT	INDEL;IDV=6;IMF=1;DP=6;VDB=0.000411984;SGB=-0.616816;MQ0F=0;AC=2;AN=2;DP4=0,0,0,6;MQ=60;RB=13,77432870,77433189,TGG,ACC
4	133683485	NA	TTGA	T	225	MASKED;TGCATTTGTTGATATCTG	INDEL;IDV=8;IMF=1;DP=8;VDB=1.33331e-05;SGB=-0.651104;MQ0F=0;AC=2;AN=2;DP4=0,0,8,0;MQ=60;RB=4,133683354,133683714,TAT,TTG
6	50769356	NA	TG	T	85	MASKED;GCCCAGGCTGGGGTGCAA	INDEL;IDV=12;IMF=1;DP=12;VDB=2.26006e-08;SGB=-0.680642;MQ0F=0;AC=2;AN=2;DP4=0,0,0,12;MQ=60;RB=6,50769115,50769384,GAT,TCT
10	27893420	NA	CT	C	85	MASKED;AACAAGTGCTAATGTTAT	INDEL;IDV=4;IMF=1;DP=4;VDB=0.0058656;SGB=-0.556411;MQ0F=0;AC=2;AN=2;DP4=0,0,0,4;MQ=60;RB=10,27892885,27893503,GGG,CTT
18	27960330	NA	CCTTCT	C	225	MASKED;AAATACGTCCTTCTCTTC	INDEL;IDV=9;IMF=1;DP=9;VDB=5.52906e-06;SGB=-0.662043;MQ0F=0;AC=2;AN=2;DP4=0,0,0,9;MQ=60;RB=18,27959798,27960360,AGT,CCT
7	50708853	NA	ACTCTTGCTTG	A	225	MASKED;TCTTCCTCACTCTTGCTT	INDEL;IDV=16;IMF=1;DP=16;VDB=1.29641e-11;SGB=-0.689466;MQ0F=0;AC=2;AN=2;DP4=0,0,0,16;MQ=60;RB=7,50708272,50708929,GTG,CTC
11	55851379	NA	CAT	C	168	MASKED;CATGCACACATGTGAACA	INDEL;IDV=5;IMF=1;DP=5;VDB=0.00187095;SGB=-0.590765;MQ0F=0;AC=2;AN=2;DP4=0,0,5,0;MQ=60;RB=11,55851347,55851680,CTC,CAA
1	238229018	NA	AAAG	A	187	MASKED;ATAAGTGAAAAGAAGAAA	INDEL;IDV=9;IMF=1;DP=9;VDB=5.52906e-06;SGB=-0.662043;MQ0F=0;AC=2;AN=2;DP4=0,0,0,9;MQ=60;RB=1,238228586,238229069,GAA,CGT
5	168195735	NA	TC	T	120	PASS;TCCACAGTTCCCAGTGGT	INDEL;IDV=9;IMF=1;DP=9;VDB=5.52906e-06;SGB=-0.662043;MQ0F=0;AC=2;AN=2;DP4=0,0,9,0;MQ=60;RB=5,168195652,168195977,GCT,ACC
10	11343751	NA	G	GA	136	PASS;CATAAGCAGAAGGGAATG	INDEL;IDV=16;IMF=1;DP=16;VDB=1.33331e-05;SGB=-0.651104;MQ0F=0;AC=2;AN=2;DP4=0,0,8,0;MQ=60;RB=10,11343642,11343867,GTA,TAT
10	83678724	NA	TAAC	T	50	PASS;TTGCATCATAACAAAACA	INDEL;IDV=4;IMF=1;DP=4;VDB=0.0221621;SGB=-0.511536;MQ0F=0;AC=2;AN=2;DP4=0,0,3,0;MQ=60;RB=10,83678629,83679196,GAT,AAC
15	65302040	NA	GA	G	130	MASKED;CCAGGCTGGAAGTGCAGT	INDEL;IDV=10;IMF=1;DP=10;VDB=8.4981e-07;SGB=-0.670168;MQ0F=0;AC=2;AN=2;DP4=0,0,0,10;MQ=60;RB=15,65301649,65302067,GTG,TGA
12	127300327	NA	TTGTG	T	182	MASKED;TGTGTGCATTGTGTGTGT	INDEL;IDV=5;IMF=1;DP=5;VDB=0.00187095;SGB=-0.590765;MQ0F=0;AC=2;AN=2;DP4=0,0,5,0;MQ=60;RB=12,127300304,127300550,TTC,GTG
22	49334506	NA	TTTTC	T	182	MASKED;TTTTCTGTTTTTCTTTAT	INDEL;IDV=5;IMF=1;DP=5;VDB=0.00187095;SGB=-0.590765;MQ0F=0;AC=2;AN=2;DP4=0,0,0,5;MQ=60;RB=22,49334178,49334639,GTG,CCC
22	49334556	NA	A	ATCAG	182	NEI_IND[1/25];TCTCTATAATCAGAGTAA	INDEL;IDV=5;IMF=1;DP=5;VDB=0.00187095;SGB=-0.590765;MQ0F=0;AC=2;AN=2;DP4=0,0,0,5;MQ=60;RB=22,49334178,49334639,GTG,CCC
22	49334607	NA	A	AACAC	182	NEI_IND[1/24];AGAGCTTTAACAAAGCAC	INDEL;IDV=5;IMF=1;DP=5;VDB=0.00187095;SGB=-0.590765;MQ0F=0;AC=2;AN=2;DP4=0,0,0,5;MQ=60;RB=22,49334178,49334639,GTG,CCC
2	228103961	NA	TA	T	28.4205	MASKED;AATACAAATAAAAAAATG	INDEL;IDV=10;IMF=1;DP=10;VDB=6.99472e-07;SGB=-0.670168;MQ0F=0;AC=2;AN=2;DP4=0,0,0,10;MQ=60;RB=2,228103639,228103985,GTA,AAG
5	106876150	NA	C	CT	165	PASS;AACAAAAGCTGATTATCT	INDEL;IDV=11;IMF=1;DP=11;VDB=2.26006e-08;SGB=-0.676189;MQ0F=0;AC=2;AN=2;DP4=0,0,11,0;MQ=60;RB=5,106876092,106876745,GGT,TAA
1	150802681	NA	GC	G	170	PASS;TTAGCCAGGCATGGTGGC	INDEL;IDV=17;IMF=1;DP=17;VDB=1.29641e-11;SGB=-0.690438;MQ0F=0;AC=2;AN=2;DP4=0,0,0,17;MQ=60;RB=1,150802385,150802758,GGT,ATG
8	28977326	NA	TGTATTATTCG	T	225	MASKED;ACAGTGGCTGTATTATTC	INDEL;IDV=8;IMF=1;DP=8;VDB=1.33331e-05;SGB=-0.651104;MQ0F=0;AC=2;AN=2;DP4=0,0,0,8;MQ=60;RB=8,28977155,28977418,ACG,TCA
X	112434119	NA	TC	T	149	PASS;TGTAAATTTCAAACCATG	INDEL;IDV=10;IMF=1;DP=10;VDB=6.99472e-07;SGB=-0.670168;MQ0F=0;AC=2;AN=2;DP4=0,0,0,10;MQ=60;RB=X,112433695,112434200,AAT,TCC
8	15295954	NA	GC	G	112	MASKED;TGCATGGTGCCTGGTATA	INDEL;IDV=6;IMF=1;DP=6;VDB=0.000411984;SGB=-0.616816;MQ0F=0;AC=2;AN=2;DP4=0,0,6,0;MQ=60;RB=8,15295935,15296245,ACT,TGT
3	24081967	NA	G	GT	90	PASS;TGTGTGGCGTTTTATACT	INDEL;IDV=14;IMF=1;DP=14;VDB=2.26006e-08;SGB=-0.686358;MQ0F=0;AC=2;AN=2;DP4=0,0,14,0;MQ=60;RB=3,24081945,24082243,ATA,GAT
7	120581344	NA	CATTG	C	225	PASS;CAAACCAACATTGATTAA	INDEL;IDV=12;IMF=1;DP=12;VDB=2.26006e-08;SGB=-0.680642;MQ0F=0;AC=2;AN=2;DP4=0,0,0,12;MQ=60;RB=7,120581161,120581429,GGG,ACT
18	4055863	NA	ATTATACTGTCAT	A	225	PASS;TGCTTAGAATTATACTGT	INDEL;IDV=10;IMF=1;DP=10;VDB=6.99472e-07;SGB=-0.670168;MQ0F=0;AC=2;AN=2;DP4=0,0,0,10;MQ=60;RB=18,4055640,4055894,CGT,ACA
7	43940717	NA	ATAACT	A	224	MASKED;AAGATTAAATAACTTAAT	INDEL;IDV=7;IMF=1;DP=7;VDB=6.71664e-05;SGB=-0.636426;MQ0F=0;AC=2;AN=2;DP4=0,0,7,0;MQ=60;RB=7,43940626,43940913,GTA,CAT
9	85341677	NA	GT	G	18.4763	PASS;ATGGGAGTGTTTTTTTTG	INDEL;IDV=10;IMF=1;DP=10;VDB=6.99472e-07;SGB=-0.670168;MQ0F=0;AC=2;AN=2;DP4=0,0,0,10;MQ=60;RB=9,85341415,85341693,GCT,ATG
10	27038849	NA	CAA	C	173	PASS;ATACCAAACAAAGTGTGC	INDEL;IDV=6;IMF=1;DP=6;VDB=0.000411984;SGB=-0.616816;MQ0F=0;AC=2;AN=2;DP4=0,0,6,0;MQ=60;RB=10,27038718,27039359,TGG,AAC
10	1652943	NA	GCACA	GCA,G	192	MASKED;GGGCAGGCGCACACACAC	INDEL;IDV=11;IMF=1;DP=11;VDB=3.87165e-08;SGB=-0.676189;MQ0F=0;AC=1,1;AN=2;DP4=0,0,0,11;MQ=60;RB=10,1652619,1652981,GCG,GTT
4	142670253	NA	GAAAC	G	225	NEI_IND[4/374];TCTGCACAGAAACAAACA	INDEL;IDV=11;IMF=1;DP=11;VDB=2.26006e-08;SGB=-0.676189;MQ0F=0;AC=2;AN=2;DP4=0,0,11,0;MQ=60;RB=4,142670198,142670529,GTG,CTG
4	142670403	NA	G	GA	5.77062	NEI_IND[59/763];GTTTATAAGAAAAAAAAA	INDEL;IDV=10;IMF=0.909091;DP=11;VDB=8.49811e-07;SGB=-0.670168;MQ0F=0;AC=2;AN=2;DP4=0,0,0,10;MQ=60;RB=4,142670198,142670529,GTG,CTG
4	131244521	NA	TTTC	T	225	PASS;CCACTTATTTTCTTTGAA	INDEL;IDV=8;IMF=1;DP=8;VDB=1.33331e-05;SGB=-0.651104;MQ0F=0;AC=2;AN=2;DP4=0,0,0,8;MQ=60;RB=4,131244331,131244589,GGG,CCG
11	124980790	NA	ACACTT	A	225	PASS;TACTTTAAACACTTCACT	INDEL;IDV=10;IMF=1;DP=10;VDB=4.82812e-05;SGB=-0.670168;MQ0F=0;AC=2;AN=2;DP4=0,0,0,10;MQ=60;RB=11,124980438,124980854,GCA,CTC
18	66912826	NA	GC	G	157	MASKED;TTGGATCAGCATTTTGCA	INDEL;IDV=17;IMF=1;DP=17;VDB=1.29641e-11;SGB=-0.690438;MQ0F=0;AC=2;AN=2;DP4=0,0,0,17;MQ=60;RB=18,66912398,66912839,CTC,TCC
7	38478133	NA	C	CATG	86	MASKED;TGCAAGTTCTCCATAAAA	INDEL;IDV=11;IMF=1;DP=11;VDB=2.26006e-08;SGB=-0.676189;MQ0F=0;AC=2;AN=2;DP4=0,0,11,0;MQ=60;RB=7,38478107,38478505,GTT,AAT
4	21436905	NA	CT	C	60	PASS;GGGTGAAGCTTTTTAAAA	INDEL;IDV=11;IMF=1;DP=11;VDB=2.26006e-08;SGB=-0.676189;MQ0F=0;AC=2;AN=2;DP4=0,0,0,11;MQ=60;RB=4,21436675,21437015,GCT,TAG
9	127330960	NA	A	AC	123	PASS;GCAAAGTGATTCACCCAA	INDEL;IDV=6;IMF=1;DP=6;VDB=0.000411984;SGB=-0.616816;MQ0F=0;AC=2;AN=2;DP4=0,0,6,0;MQ=60;RB=9,127330860,127331328,GAC,TTG
4	83806219	NA	CTTT	C	225	PASS;ATATCCTTCTTTGTCTCA	INDEL;IDV=14;IMF=1;DP=14;VDB=2.26006e-08;SGB=-0.686358;MQ0F=0;AC=2;AN=2;DP4=0,0,14,0;MQ=60;RB=4,83806162,83806513,TAT,TTG
2	167980013	NA	TTTTTG	T	225	MASKED;AAAACTTTTTTTTGTTTT	INDEL;IDV=11;IMF=1;DP=11;VDB=2.26006e-08;SGB=-0.676189;MQ0F=0;AC=2;AN=2;DP4=0,0,0,11;MQ=60;RB=2,167979732,167980072,CTC,TCG
3	152309793	NA	ATTAG	A	225	MASKED;CAATCATTATTAGTTAAA	INDEL;IDV=8;IMF=1;DP=8;VDB=1.33331e-05;SGB=-0.651104;MQ0F=0;AC=2;AN=2;DP4=0,0,8,0;MQ=60;RB=3,152309739,152310455,CGT,TAG
5	63870470	NA	TC	T	132	PASS;TGGTTAGATCAACTCTTG	INDEL;IDV=8;IMF=1;DP=8;VDB=1.33331e-05;SGB=-0.651104;MQ0F=0;AC=2;AN=2;DP4=0,0,8,0;MQ=60;RB=5,63870438,63870674,TAA,GTG
13	113223117	NA	C	CA	137	PASS;TCATTACTCAGAGCTGAG	INDEL;IDV=10;IMF=1;DP=10;VDB=5.52906e-06;SGB=-0.662043;MQ0F=0;AC=2;AN=2;DP4=0,0,0,9;MQ=60;RB=13,113222967,113223248,ATA,GTC
3	191759020	NA	ATAGCTGAG	A	225	MASKED;TTACATCTATAGCTGAGT	INDEL;IDV=12;IMF=1;DP=12;VDB=2.26006e-08;SGB=-0.680642;MQ0F=0;AC=2;AN=2;DP4=0,0,0,12;MQ=60;RB=3,191758522,191759070,CCG,CGT
18	32629625	NA	G	GT	42.4147	PASS;TGTGTTTTGTTTTTTGCT	INDEL;IDV=9;IMF=0.9;DP=10;VDB=5.52906e-06;SGB=-0.662043;MQ0F=0;AC=2;AN=2;DP4=0,0,9,0;MQ=60;RB=18,32629504,32630138,GGG,CGG
5	170117309	NA	TTCTG	T	225	PASS;CAGTGGGTTTCTGTCTTT	INDEL;IDV=10;IMF=1;DP=10;VDB=6.99472e-07;SGB=-0.670168;MQ0F=0;AC=2;AN=2;DP4=0,0,10,0;MQ=60;RB=5,170117216,170117548,GTT,TCG
7	53609812	NA	TGTTTAG	T	225	PASS;TATTCTACTGTTTAGGTG	INDEL;IDV=8;IMF=1;DP=8;VDB=1.33331e-05;SGB=-0.651104;MQ0F=0;AC=2;AN=2;DP4=0,0,8,0;MQ=60;RB=7,53609769,53610015,GCT,CTT
3	76390047	NA	AT	A	82	PASS;ATATCTTAATAAAAATTC	INDEL;IDV=4;IMF=1;DP=4;VDB=0.0058656;SGB=-0.556411;MQ0F=0;AC=2;AN=2;DP4=0,0,4,0;MQ=60;RB=3,76389948,76390417,GAA,TTT
7	95787115	NA	AAAAC	A	225	NEI_IND[4/308];TATCTTGGAAAACAAACA	INDEL;IDV=10;IMF=1;DP=10;VDB=6.99472e-07;SGB=-0.670168;MQ0F=0;AC=2;AN=2;DP4=0,0,10,0;MQ=60;RB=7,95787079,95787632,GGA,TCT
2	36236634	NA	CATAATGAAGAT	C	154	MASKED;TATATGGCCATAATGAAG	INDEL;IDV=4;IMF=1;DP=4;VDB=0.0058656;SGB=-0.556411;MQ0F=0;AC=2;AN=2;DP4=0,0,4,0;MQ=60;RB=2,36236514,36237395,GTT,TCA
12	55098159	NA	C	CA	99	PASS;ATCAGTTGCTCTGAAGCC	INDEL;IDV=8;IMF=1;DP=8;VDB=1.33331e-05;SGB=-0.651104;MQ0F=0;AC=2;AN=2;DP4=0,0,0,8;MQ=60;RB=12,55098000,55098238,CTA,GGC
3	86947457	NA	TAAAG	T	182	PASS;AAAAATTCTAAAGAAAGA	INDEL;IDV=5;IMF=1;DP=5;VDB=0.00187095;SGB=-0.590765;MQ0F=0;AC=2;AN=2;DP4=0,0,0,5;MQ=60;RB=3,86947051,86947500,GGG,GAG
3	86536401	NA	TTTTAA	T	225	MASKED;AAAATTTCTTTTAATTTT	INDEL;IDV=9;IMF=1;DP=9;VDB=5.52906e-06;SGB=-0.662043;MQ0F=0;AC=2;AN=2;DP4=0,0,0,9;MQ=60;RB=3,86536065,86536439,GAG,TAG
9	115134993	NA	GTTCA	G	225	PASS;TTTTTGAGGTTCATTCAT	INDEL;IDV=13;IMF=1;DP=13;VDB=2.26006e-08;SGB=-0.683931;MQ0F=0;AC=2;AN=2;DP4=0,0,0,13;MQ=60;RB=9,115134653,115135059,CGC,CGA
2	209709556	NA	TAAAAA	T	224	MASKED;ACTAAAAATAAAAAAAAG	INDEL;IDV=7;IMF=1;DP=7;VDB=6.71664e-05;SGB=-0.636426;MQ0F=0;AC=2;AN=2;DP4=0,0,0,7;MQ=60;RB=2,209709377,209709648,GGA,GGG
22	27072659	NA	TTGG	T	177	PASS;TGAACATCTTGGTGGTAT	INDEL;IDV=5;IMF=1;DP=5;VDB=0.00187095;SGB=-0.590765;MQ0F=0;AC=2;AN=2;DP4=0,0,0,5;MQ=60;RB=22,27071920,27072681,GTT,ACG
17	36052619	NA	CATTT	C	224	MASKED;CATTCATTCATTTGTTCG	INDEL;IDV=7;IMF=1;DP=7;VDB=6.71664e-05;SGB=-0.636426;MQ0F=0;AC=2;AN=2;DP4=0,0,7,0;MQ=60;RB=17,36052515,36053160,AGA,GGG
7	156537804	NA	T	TG	177	PASS;TTAGGACTTGGACATCTT	INDEL;IDV=17;IMF=1;DP=17;VDB=1.29641e-11;SGB=-0.690438;MQ0F=0;AC=2;AN=2;DP4=0,0,17,0;MQ=60;RB=7,156537750,156538238,AAT,TCC
3	173547284	NA	CAAAT	C	225	MASKED;ACCATAGTCAAATTAATT	INDEL;IDV=11;IMF=1;DP=11;VDB=2.26006e-08;SGB=-0.676189;MQ0F=0;AC=2;AN=2;DP4=0,0,0,11;MQ=60;RB=3,173546964,173547340,ACT,TGT
3	161960068	NA	TA	T	28.4205	MASKED;ATGTGCAATAAAAAAAGA	INDEL;IDV=16;IMF=1;DP=16;VDB=1.29641e-11;SGB=-0.689466;MQ0F=0;AC=2;AN=2;DP4=0,0,16,0;MQ=60;RB=3,161960033,161960331,CCG,GTG
11	76731633	NA	CA	C	108	MASKED;GTATGCCTCAAATGCAGA	INDEL;IDV=9;IMF=1;DP=9;VDB=5.52906e-06;SGB=-0.662043;MQ0F=0;AC=2;AN=2;DP4=0,0,0,9;MQ=60;RB=11,76731045,76731721,GTT,AAA
3	5364309	NA	TAG	T	225	PASS;TCAAAATTTAGGTTTGCA	INDEL;IDV=10;IMF=1;DP=10;VDB=6.99472e-07;SGB=-0.670168;MQ0F=0;AC=2;AN=2;DP4=0,0,0,10;MQ=60;RB=3,5364023,5364324,GTC,ACG
19	28301248	NA	GTTTCC	G	225	MASKED;TATTGATTGTTTCCTTTG	INDEL;IDV=9;IMF=1;DP=9;VDB=5.52906e-06;SGB=-0.662043;MQ0F=0;AC=2;AN=2;DP4=0,0,0,9;MQ=60;RB=19,28300985,28301360,GTC,ACC
9	122581140	NA	CAGACTGA	C	224	MASKED;TTTGGCCACAGACTGAAG	INDEL;IDV=7;IMF=1;DP=7;VDB=6.71664e-05;SGB=-0.636426;MQ0F=0;AC=2;AN=2;DP4=0,0,0,7;MQ=60;RB=9,122580569,122581226,CCT,TGA
13	109413707	NA	AAAAAAG	A	225	MASKED;TGGACACTAAAAAAGAAA	INDEL;IDV=10;IMF=1;DP=10;VDB=6.99472e-07;SGB=-0.670168;MQ0F=0;AC=2;AN=2;DP4=0,0,0,10;MQ=60;RB=13,109413512,109413837,AAT,GAA
13	109413823	NA	TTC	T	216	PASS;GTTATCATTTCTGTTACC	INDEL;IDV=10;IMF=1;DP=10;VDB=6.99472e-07;SGB=-0.670168;MQ0F=0;AC=2;AN=2;DP4=0,0,0,10;MQ=60;RB=13,109413512,109413837,AAT,GAA
3	163509506	NA	TATA	T	225	MASKED;CCAAACTGTATAATTTGC	INDEL;IDV=9;IMF=1;DP=9;VDB=5.52906e-06;SGB=-0.662043;MQ0F=0;AC=2;AN=2;DP4=0,0,0,9;MQ=60;RB=3,163509284,163509557,GGT,GTT
X	62900746	NA	AAAC	A	225	MASKED;AAACAAACAAACAACAAC	INDEL;IDV=10;IMF=0.909091;DP=11;VDB=6.99472e-07;SGB=-0.670168;MQ0F=0;AC=2;AN=2;DP4=0,0,10,0;MQ=60;RB=X,62900676,62901006,TAT,CCT
10	30464403	NA	TG	T	59	NEI_IND[8/653];TATTAAGGTGTTTTTTTT	INDEL;IDV=8;IMF=0.615385;DP=9;VDB=0.00766117;SGB=-0.556411;MQ0F=0;AC=2;AN=2;DP4=0,0,4,0;MQ=60;RB=10,30464307,30464525,CCA,TTG
5	73830991	NA	GA	G	56	MASKED;AATGAATAGAAAATGCAT	INDEL;IDV=5;IMF=1;DP=5;VDB=0.00187095;SGB=-0.590765;MQ0F=0;AC=2;AN=2;DP4=0,0,0,5;MQ=60;RB=5,73830675,73831077,TGA,TCA
2	53072576	NA	TTTTA	T	225	MASKED;TTACAGATTTTTATTTAT	INDEL;IDV=9;IMF=1;DP=9;VDB=5.52906e-06;SGB=-0.662043;MQ0F=0;AC=2;AN=2;DP4=0,0,0,9;MQ=60;RB=2,53072117,53072624,TTT,TTA
20	19503430	NA	GTT	G	17.8247	MASKED;CCTGCAGGGTTTTTTTTT	INDEL;IDV=12;IMF=1;DP=12;VDB=2.26006e-08;SGB=-0.680642;MQ0F=0;AC=2;AN=2;DP4=0,0,12,0;MQ=60;RB=20,19503381,19503735,TTG,GGC
10	9670901	NA	TTC	T	220	PASS;TAGCATAGTTCATTGAAG	INDEL;IDV=8;IMF=1;DP=8;VDB=1.33331e-05;SGB=-0.651104;MQ0F=0;AC=2;AN=2;DP4=0,0,0,8;MQ=60;RB=10,9670498,9670960,TCC,CGT
14	76502696	NA	TTTTG	T	193	PASS;TTCCTTTTTTTTGTTTGT	INDEL;IDV=10;IMF=1;DP=10;VDB=1.60207e-05;SGB=-0.651104;MQ0F=0;AC=2;AN=2;DP4=0,0,0,8;MQ=60;RB=14,76502421,76502799,AAA,CCG
3	30812897	NA	AGAGCAT	A	225	PASS;TTGGGGAAAGAGCATACG	INDEL;IDV=11;IMF=1;DP=11;VDB=2.26006e-08;SGB=-0.676189;MQ0F=0;AC=2;AN=2;DP4=0,0,11,0;MQ=60;RB=3,30812818,30813176,CGA,AAC
8	482841	NA	GATCGTTCATTTACAAGTT	G	224	PASS;CCAGCCACGATCGTTCAT	INDEL;IDV=7;IMF=1;DP=7;VDB=6.71664e-05;SGB=-0.636426;MQ0F=0;AC=2;AN=2;DP4=0,0,0,7;MQ=60;RB=8,482597,482907,GTT,CCG
4	177417979	NA	CAT	C	188	MASKED;TGTAAAGACATATATGCA	INDEL;IDV=8;IMF=1;DP=8;VDB=1.33331e-05;SGB=-0.651104;MQ0F=0;AC=2;AN=2;DP4=0,0,0,8;MQ=60;RB=4,177417721,177418001,TCT,AAT
18	1443702	NA	CA	C	26.4242	PASS;TTAAAATACAAAAAAAGG	INDEL;IDV=8;IMF=1;DP=8;VDB=1.33331e-05;SGB=-0.651104;MQ0F=0;AC=2;AN=2;DP4=0,0,0,8;MQ=60;RB=18,1443441,1443751,AGG,CGC
15	90120478	NA	AGTACATTCTTGC	A	225	NEI_IND[6/342];ACTAAATGAGTACATTCT	INDEL;IDV=15;IMF=1;DP=15;VDB=4.49525e-10;SGB=-0.688148;MQ0F=0;AC=2;AN=2;DP4=0,0,0,15;MQ=60;RB=15,90120205,90120609,CAG,CAC
7	8657417	NA	TAA	T	135	PASS;AAACAACTTAAAGAGTAT	INDEL;IDV=4;IMF=1;DP=4;VDB=0.0058656;SGB=-0.556411;MQ0F=0;AC=2;AN=2;DP4=0,0,0,4;MQ=60;RB=7,8657205,8657505,TAC,CAT
11	55851379	NA	CAT	C	207	MASKED;CATGCACACATGTGAACA	INDEL;IDV=7;IMF=1;DP=7;VDB=6.71664e-05;SGB=-0.636426;MQ0F=0;AC=2;AN=2;DP4=0,0,7,0;MQ=60;RB=11,55851347,55851680,ATG,GGA
6	130648962	NA	A	AT	165	PASS;TAGAAGTGACTACAATAC	INDEL;IDV=11;IMF=1;DP=11;VDB=2.26006e-08;SGB=-0.676189;MQ0F=0;AC=2;AN=2;DP4=0,0,11,0;MQ=60;RB=6,130648883,130649263,TTT,AGT
1	238229018	NA	AAAG	A	139	MASKED;ATAAGTGAAAAGAAGAAA	INDEL;IDV=7;IMF=1;DP=7;VDB=6.71664e-05;SGB=-0.636426;MQ0F=0;AC=2;AN=2;DP4=0,0,0,7;MQ=60;RB=1,238228586,238229053,AAT,TCT
5	136302568	NA	TATA	T	225	PASS;TGTTGAGTTATAAGAGTT	INDEL;IDV=14;IMF=1;DP=14;VDB=2.26006e-08;SGB=-0.686358;MQ0F=0;AC=2;AN=2;DP4=0,0,0,14;MQ=60;RB=5,136302301,136302621,TCA,GAC
4	133683485	NA	TTGA	T	225	MASKED;TGCATTTGTTGATATCTG	INDEL;IDV=15;IMF=1;DP=15;VDB=4.49525e-10;SGB=-0.688148;MQ0F=0;AC=2;AN=2;DP4=0,0,15,0;MQ=60;RB=4,133683354,133683715,GTT,TCA
22	32307458	NA	TACTGGGAGGGAATGCTGA	T	225	PASS;ATAGCGAATACTGGGAGG	INDEL;IDV=12;IMF=1;DP=12;VDB=0.979791;SGB=-0.680642;MQSB=0.982603;MQ0F=0;AC=2;AN=2;DP4=0,0,6,6;MQ=60;RB=22,32307345,32307596,TTG,CTG
2	189898204	NA	CG	C	161	NEI_IND[12/1166];GTGAGAAACGTTTTTTTT	INDEL;IDV=13;IMF=1;DP=13;VDB=2.26006e-08;SGB=-0.683931;MQ0F=0;AC=2;AN=2;DP4=0,0,0,13;MQ=60;RB=2,189897967,189898266,CGT,CCT
20	45838463	NA	AAAT	A	225	PASS;CATCATATAAATAATACG	INDEL;IDV=12;IMF=1;DP=12;VDB=2.26006e-08;SGB=-0.680642;MQ0F=0;AC=2;AN=2;DP4=0,0,0,12;MQ=60;RB=20,45838124,45838507,TAG,AAT
1	77061664	NA	AG	A	64	MASKED;TTTTACTCAGGGGATGCA	INDEL;IDV=6;IMF=1;DP=6;VDB=0.000411984;SGB=-0.616816;MQ0F=0;AC=2;AN=2;DP4=0,0,0,6;MQ=60;RB=1,77061466,77061687,CTG,TGG
3	96776892	NA	TA	T	38.415	PASS;TTTAGTTGTAAAAAGTGA	INDEL;IDV=10;IMF=1;DP=10;VDB=0.00187095;SGB=-0.590765;MQ0F=0;AC=2;AN=2;DP4=0,0,5,0;MQ=60;RB=3,96776804,96777029,TTC,CCT
3	96777008	NA	CAT	C	164	MASKED;CATTACCACATGTTTACA	INDEL;IDV=5;IMF=1;DP=5;VDB=0.00187095;SGB=-0.590765;MQ0F=0;AC=2;AN=2;DP4=0,0,0,5;MQ=60;RB=3,96776804,96777029,TTC,CCT
13	69728456	NA	TC	T	124	PASS;CTAATTCATCCTGACTCT	INDEL;IDV=9;IMF=1;DP=9;VDB=5.52906e-06;SGB=-0.662043;MQ0F=0;AC=2;AN=2;DP4=0,0,0,9;MQ=60;RB=13,69728110,69728478,AAT,GCG
2	105682405	NA	AAAAGAAAAAG	A	224	MASKED;TGTAAAAGAAAAGAAAAA	INDEL;IDV=7;IMF=1;DP=7;VDB=6.71664e-05;SGB=-0.636426;MQ0F=0;AC=2;AN=2;DP4=0,0,0,7;MQ=60;RB=2,105682151,105682459,TTC,AAG
1	171581264	NA	TGCA	T	205	PASS;GGCTGGAGTGCAGTGCAG	INDEL;IDV=6;IMF=1;DP=6;VDB=0.000411984;SGB=-0.616816;MQ0F=0;AC=2;AN=2;DP4=0,0,0,6;MQ=60;RB=1,171580974,171581276,AAT,CCT
9	85341677	NA	GT	G	17.4922	PASS;ATGGGAGTGTTTTTTTTG	INDEL;IDV=8;IMF=1;DP=8;VDB=1.33331e-05;SGB=-0.651104;MQ0F=0;AC=2;AN=2;DP4=0,0,0,8;MQ=60;RB=9,85341415,85341693,GTA,TCC
16	63036307	NA	GGAAAGC	G	225	NEI_IND[6/402];CTTACATGGGAAAGCTGC	INDEL;IDV=11;IMF=1;DP=11;VDB=2.26006e-08;SGB=-0.676189;MQ0F=0;AC=2;AN=2;DP4=0,0,0,11;MQ=60;RB=16,63036051,63036327,ACT,GAC
