CHROM	POS	ID	REF	ALT	QUAL	FILTER	INFO
9	23547312	NA	G	GAAAA	225	PASS;GAAAGAAAGAACGAAAGA	INDEL;IDV=14;IMF=1;DP=14;VDB=2.26006e-08;SGB=-0.686358;MQ0F=0;AC=2;AN=2;DP4=0,0,14,0;MQ=60;RB=9,23547202,23547569,TCC,CTA
2	8108614	NA	GT	G	139	MASKED;AGTACTCAGTTTGCAAAA	INDEL;IDV=18;IMF=1;DP=18;VDB=1.29641e-11;SGB=-0.691153;MQ0F=0;AC=2;AN=2;DP4=0,0,0,18;MQ=60;RB=2,8108263,8108675,TTC,ATA
15	87568040	NA	AG	A	130	MASKED;TCATTCCAAGGATGCAGG	INDEL;IDV=9;IMF=1;DP=9;VDB=5.52906e-06;SGB=-0.662043;MQ0F=0;AC=2;AN=2;DP4=0,0,0,9;MQ=60;RB=15,87567594,87568128,AGG,GTC
4	34288087	NA	TATTA	T	225	PASS;TTTTCCAGTATTAATTCT	INDEL;IDV=14;IMF=1;DP=14;VDB=2.26006e-08;SGB=-0.686358;MQ0F=0;AC=2;AN=2;DP4=0,0,14,0;MQ=60;RB=4,34288045,34288416,TCT,TCC
3	183335755	NA	G	GA	8.99861	NEI_IND[17/492];CAGAGCGAGAAAAAAAAA	INDEL;IDV=7;IMF=0.875;DP=8;VDB=1.33331e-05;SGB=-0.651104;MQ0F=0;AC=2;AN=2;DP4=0,0,8,0;MQ=60;RB=3,183335733,183336070,TGG,GGG
3	183335995	NA	ATGG	A	225	MASKED;ATATGGTGATGGTGGCAT	INDEL;IDV=8;IMF=1;DP=8;VDB=1.33331e-05;SGB=-0.651104;MQ0F=0;AC=2;AN=2;DP4=0,0,0,8;MQ=60;RB=3,183335733,183336070,TGG,GGG
10	72236661	NA	GTAT	G	205	MASKED;GTATGTGTGTATTATGTG	INDEL;IDV=6;IMF=1;DP=6;VDB=0.000411984;SGB=-0.616816;MQ0F=0;AC=2;AN=2;DP4=0,0,0,6;MQ=60;RB=10,72236311,72236729,CCT,TAT
10	14695571	NA	ATG	A	225	MASKED;GTGCCATCATGGTGCAAG	INDEL;IDV=9;IMF=1;DP=9;VDB=5.52906e-06;SGB=-0.662043;MQ0F=0;AC=2;AN=2;DP4=0,0,0,9;MQ=60;RB=10,14695331,14695601,ATA,GGG
11	98250573	NA	GTTAGTTAAAATATGCT	G	224	MASKED;CACCTGCTGTTAGTTAAA	INDEL;IDV=7;IMF=1;DP=7;VDB=6.71664e-05;SGB=-0.636426;MQ0F=0;AC=2;AN=2;DP4=0,0,0,7;MQ=60;RB=11,98250379,98250661,GAT,CTT
7	52527451	NA	TGCCA	T	225	MASKED;GATTTGGATGCCAGCATG	INDEL;IDV=11;IMF=1;DP=11;VDB=2.26006e-08;SGB=-0.676189;MQ0F=0;AC=2;AN=2;DP4=0,0,0,11;MQ=60;RB=7,52527143,52527541,GGT,TAT
3	120482719	NA	CT	C	88	PASS;AGAGGCTTCTTCTTTCCC	INDEL;IDV=5;IMF=1;DP=5;VDB=0.00187095;SGB=-0.590765;MQ0F=0;AC=2;AN=2;DP4=0,0,5,0;MQ=60;RB=3,120482592,120482891,TCA,GAA
19	44779557	NA	TTCTA	T	182	PASS;GCCAAAGTTTCTATCTGA	INDEL;IDV=5;IMF=1;DP=5;VDB=0.00187095;SGB=-0.590765;MQ0F=0;AC=2;AN=2;DP4=0,0,5,0;MQ=60;RB=19,44779501,44779727,TTT,GGA
18	4513143	NA	GT	G	44.4146	PASS;TTTTGAGTGTTTTTCTTT	INDEL;IDV=6;IMF=1;DP=6;VDB=0.000411984;SGB=-0.616816;MQ0F=0;AC=2;AN=2;DP4=0,0,0,6;MQ=60;RB=18,4512297,4513206,TGA,CTG
16	84622976	NA	A	AC	42.4147	PASS;GCAGTGGTACCCCCCGCC	INDEL;IDV=9;IMF=1;DP=9;VDB=5.52906e-06;SGB=-0.662043;MQ0F=0;AC=2;AN=2;DP4=0,0,9,0;MQ=60;RB=16,84622955,84623254,CGA,CAT
16	11973744	NA	C	CT	122	PASS;TTTACCATCATAACCATT	INDEL;IDV=6;IMF=1;DP=6;VDB=0.000411984;SGB=-0.616816;MQ0F=0;AC=2;AN=2;DP4=0,0,0,6;MQ=60;RB=16,11973562,11973840,GAA,TCG
6	140555437	NA	AATT	A	225	MASKED;GGAAGTCAAATTATTATC	INDEL;IDV=11;IMF=1;DP=11;VDB=2.26006e-08;SGB=-0.676189;MQ0F=0;AC=2;AN=2;DP4=0,0,0,11;MQ=60;RB=6,140555154,140555554,CTA,TGA
7	83615175	NA	TGTG	T	225	PASS;ACATTGGATGTGGTCAAA	INDEL;IDV=8;IMF=1;DP=8;VDB=1.33331e-05;SGB=-0.651104;MQ0F=0;AC=2;AN=2;DP4=0,0,8,0;MQ=60;RB=7,83615076,83615749,CCC,AAT
1	75106127	NA	AC	A	118	PASS;TGTGATGAACCTACTTCA	INDEL;IDV=8;IMF=1;DP=8;VDB=1.33331e-05;SGB=-0.651104;MQ0F=0;AC=2;AN=2;DP4=0,0,0,8;MQ=60;RB=1,75105673,75106152,CCC,ACG
6	165615895	NA	TG	T	149	PASS;AAAGAGAATGTGGTATAT	INDEL;IDV=11;IMF=1;DP=11;VDB=6.99472e-07;SGB=-0.670168;MQ0F=0;AC=2;AN=2;DP4=0,0,0,10;MQ=60;RB=6,165615540,165615955,CCC,CAC
9	32063131	NA	CA	C	9.88465	PASS;ACTTCTCACAAAAAAAAG	INDEL;IDV=5;IMF=1;DP=5;VDB=0.00187095;SGB=-0.590765;MQ0F=0;AC=2;AN=2;DP4=0,0,5,0;MQ=60;RB=9,32063041,32063398,TCG,TCC
17	61260304	NA	CT	C	120	PASS;GAACATTTCTTTGAAGAT	INDEL;IDV=9;IMF=1;DP=9;VDB=5.52906e-06;SGB=-0.662043;MQ0F=0;AC=2;AN=2;DP4=0,0,9,0;MQ=60;RB=17,61260227,61260755,AAT,AAA
2	5620677	NA	ATC	A	198	PASS;ATAAAACAATCTATTTTT	INDEL;IDV=7;IMF=1;DP=7;VDB=6.71664e-05;SGB=-0.636426;MQ0F=0;AC=2;AN=2;DP4=0,0,7,0;MQ=60;RB=2,5620611,5621098,TAA,CTC
12	59232050	NA	GT	G	154	MASKED;ATTCTTCTGTCATTTATT	INDEL;IDV=12;IMF=1;DP=12;VDB=2.26006e-08;SGB=-0.680642;MQ0F=0;AC=2;AN=2;DP4=0,0,12,0;MQ=60;RB=12,59232034,59232513,TCT,TCC
3	14728734	NA	GA	G	61	PASS;ACTGCCTTGAAAAACCCA	INDEL;IDV=12;IMF=1;DP=12;VDB=2.26006e-08;SGB=-0.680642;MQ0F=0;AC=2;AN=2;DP4=0,0,12,0;MQ=60;RB=3,14728660,14729000,GGG,TTC
5	93425299	NA	TACACACACACAC	T	225	MASKED;ACCGTTTATACACACACA	INDEL;IDV=10;IMF=1;DP=10;VDB=5.52906e-06;SGB=-0.662043;MQ0F=0;AC=2;AN=2;DP4=0,0,0,9;MQ=60;RB=5,93424921,93425393,GCC,CAC
2	65933766	NA	CTT	C	145	PASS;AAAGGAAACTTATATTCA	INDEL;IDV=4;IMF=1;DP=4;VDB=0.0058656;SGB=-0.556411;MQ0F=0;AC=2;AN=2;DP4=0,0,4,0;MQ=60;RB=2,65933722,65933926,TGC,ACC
11	83677211	NA	CATT	C	224	PASS;TATATGAACATTATCAGG	INDEL;IDV=7;IMF=1;DP=7;VDB=6.71664e-05;SGB=-0.636426;MQ0F=0;AC=2;AN=2;DP4=0,0,7,0;MQ=60;RB=11,83677141,83677466,GGT,GGT
20	46153022	NA	AC	A	137	MASKED;TCTAACATACCTGTTTCC	INDEL;IDV=13;IMF=1;DP=13;VDB=2.7432e-08;SGB=-0.683931;MQ0F=0;AC=2;AN=2;DP4=0,0,0,13;MQ=60;RB=20,46152629,46153049,TGT,ATA
11	25799694	NA	TAC	T	95	MASKED;CATACACATACACACACA	INDEL;IDV=5;IMF=1;DP=5;VDB=0.0058656;SGB=-0.556411;MQ0F=0;AC=2;AN=2;DP4=0,0,0,4;MQ=60;RB=11,25798880,25799823,CCG,CGT
9	98690502	NA	GC	G	101	PASS;AAGCATATGCCTACATGA	INDEL;IDV=6;IMF=1;DP=6;VDB=0.000411984;SGB=-0.616816;MQ0F=0;AC=2;AN=2;DP4=0,0,6,0;MQ=60;RB=9,98690389,98690718,GAT,TCA
6	140656710	NA	TGG	T	202	PASS;TCTGGAGCTGGGAGTTAG	INDEL;IDV=8;IMF=1;DP=8;VDB=1.33331e-05;SGB=-0.651104;MQ0F=0;AC=2;AN=2;DP4=0,0,8,0;MQ=60;RB=6,140656582,140656884,AAT,TCT
18	74347153	NA	CT	C	101	MASKED;CTTACCCCCTGGATGGTA	INDEL;IDV=9;IMF=0.9;DP=10;VDB=6.99472e-07;SGB=-0.670168;MQ0F=0;AC=2;AN=2;DP4=0,0,10,0;MQ=60;RB=18,74347031,74348120,TCT,GTG
20	8472024	NA	TTTGAA	T	225	PASS;TCACCAAATTTGAACGTT	INDEL;IDV=10;IMF=1;DP=10;VDB=6.99472e-07;SGB=-0.670168;MQ0F=0;AC=2;AN=2;DP4=0,0,10,0;MQ=60;RB=20,8471970,8472495,TTA,GAT
15	90120478	NA	AGTACATTCTTGC	A	225	NEI_IND[6/462];ACTAAATGAGTACATTCT	INDEL;IDV=16;IMF=1;DP=16;VDB=1.29641e-11;SGB=-0.689466;MQ0F=0;AC=2;AN=2;DP4=0,0,0,16;MQ=60;RB=15,90120205,90120609,AAC,CAG
2	16441138	NA	TAAATA	T	205	NEI_IND[5/164];TATGCAGGTAAATAAAAT	INDEL;IDV=6;IMF=1;DP=6;VDB=0.000411984;SGB=-0.616816;MQ0F=0;AC=2;AN=2;DP4=0,0,6,0;MQ=60;RB=2,16441019,16441455,CGT,AAT
9	125416800	NA	ATACCAAATTT	A	224	PASS;CTGAAGATATACCAAATT	INDEL;IDV=7;IMF=1;DP=7;VDB=6.71664e-05;SGB=-0.636426;MQ0F=0;AC=2;AN=2;DP4=0,0,7,0;MQ=60;RB=9,125416702,125417040,ACA,TGT
7	109319556	NA	TTTA	T	146	PASS;TTCCCTTTTTTATTATCT	INDEL;IDV=5;IMF=1;DP=5;VDB=0.00187095;SGB=-0.590765;MQ0F=0;AC=2;AN=2;DP4=0,0,5,0;MQ=60;RB=7,109319521,109319839,CTG,TCC
2	156881106	NA	AC	A	109	MASKED;GTAAGAAGACCATTCTTA	INDEL;IDV=9;IMF=1;DP=9;VDB=5.52906e-06;SGB=-0.662043;MQ0F=0;AC=2;AN=2;DP4=0,0,0,9;MQ=60;RB=2,156880440,156881154,GCT,GTG
19	32680309	NA	TGG	T	225	PASS;TGGAAATGTGGAGAGTTT	INDEL;IDV=10;IMF=1;DP=10;VDB=6.99472e-07;SGB=-0.670168;MQ0F=0;AC=2;AN=2;DP4=0,0,10,0;MQ=60;RB=19,32680274,32680507,ACT,GAG
4	60098859	NA	AT	A	6.51141	PASS;AGCATAGGATTTTTTTTC	INDEL;IDV=8;IMF=1;DP=8;VDB=0.0058656;SGB=-0.556411;MQ0F=0;AC=2;AN=2;DP4=0,0,4,0;MQ=60;RB=4,60098787,60098996,TCT,TGT
12	47115946	NA	GA	G	56	MASKED;AATTGAAAGAAAAAGTGC	INDEL;IDV=9;IMF=1;DP=9;VDB=5.52906e-06;SGB=-0.662043;MQ0F=0;AC=2;AN=2;DP4=0,0,0,9;MQ=60;RB=12,47115738,47116046,GCT,ACG
5	143643722	NA	ATTAAT	A	225	PASS;CATCTGAAATTAATTTAA	INDEL;IDV=14;IMF=1;DP=14;VDB=2.26006e-08;SGB=-0.686358;MQ0F=0;AC=2;AN=2;DP4=0,0,0,14;MQ=60;RB=5,143643439,143643789,AGA,AAA
6	11941507	NA	GATACCACTCAT	G	182	MASKED;TTTACAAGGATACCACTC	INDEL;IDV=5;IMF=1;DP=5;VDB=0.00187095;SGB=-0.590765;MQ0F=0;AC=2;AN=2;DP4=0,0,0,5;MQ=60;RB=6,11940997,11941574,CAC,TAT
12	59232050	NA	GT	G	113	MASKED;ATTCTTCTGTCATTTATT	INDEL;IDV=6;IMF=1;DP=6;VDB=0.000411984;SGB=-0.616816;MQ0F=0;AC=2;AN=2;DP4=0,0,6,0;MQ=60;RB=12,59232035,59232514,AGG,TTT
2	177164861	NA	TAGAGAGAC	T	225	NEI_IND[6/418];GCACACACTAGAGAGACA	INDEL;IDV=8;IMF=1;DP=8;VDB=1.33331e-05;SGB=-0.651104;MQ0F=0;AC=2;AN=2;DP4=0,0,8,0;MQ=60;RB=2,177164839,177165105,TAC,TTA
1	107480509	NA	AC	A	115	MASKED;TGAAAACAACCTTTGCAC	INDEL;IDV=7;IMF=1;DP=7;VDB=6.71664e-05;SGB=-0.636426;MQ0F=0;AC=2;AN=2;DP4=0,0,0,7;MQ=60;RB=1,107480065,107480608,GAA,GAT
8	35128386	NA	TA	T	8.99861	MASKED;GGCTGCAATAAAAAAAAA	INDEL;IDV=12;IMF=1;DP=12;VDB=2.26006e-08;SGB=-0.680642;MQ0F=0;AC=2;AN=2;DP4=0,0,12,0;MQ=60;RB=8,35128288,35128646,CAT,GAT
11	113514753	NA	CTGTAT	C	225	MASKED;GGGAGCTGCTGTATGGGG	INDEL;IDV=8;IMF=1;DP=8;VDB=1.33331e-05;SGB=-0.651104;MQ0F=0;AC=2;AN=2;DP4=0,0,8,0;MQ=60;RB=11,113514708,113514989,TTG,GTA
8	13475550	NA	GTT	G	88	MASKED;GCAGACTTGTTTTTTTTC	INDEL;IDV=12;IMF=1;DP=12;VDB=2.26006e-08;SGB=-0.680642;MQ0F=0;AC=2;AN=2;DP4=0,0,0,12;MQ=60;RB=8,13475216,13475665,TCC,GTT
21	27822361	NA	CACTGA	C	225	MASKED;TCGTATTTCACTGAATGC	INDEL;IDV=9;IMF=1;DP=9;VDB=5.52906e-06;SGB=-0.662043;MQ0F=0;AC=2;AN=2;DP4=0,0,0,9;MQ=60;RB=21,27821865,27822468,TCT,TTA
3	13463425	NA	CAT	C	105	MASKED;TGCACACACATATGTATA	INDEL;IDV=4;IMF=1;DP=4;VDB=0.0058656;SGB=-0.556411;MQ0F=0;AC=2;AN=2;DP4=0,0,4,0;MQ=60;RB=3,13463402,13464042,GCG,TCA
21	21389375	NA	TATACAGA	T	205	MASKED;TTTCATAATATACAGAAT	INDEL;IDV=6;IMF=1;DP=6;VDB=0.000411984;SGB=-0.616816;MQ0F=0;AC=2;AN=2;DP4=0,0,0,6;MQ=60;RB=21,21389051,21389416,TCA,CAT
10	92311065	NA	GT	G	86	PASS;TGTGACCAGTTGCAGAAA	INDEL;IDV=6;IMF=1;DP=6;VDB=0.000411984;SGB=-0.616816;MQ0F=0;AC=2;AN=2;DP4=0,0,0,6;MQ=60;RB=10,92310890,92311129,AAG,CCT
1	194300936	NA	CT	C	27.4221	MASKED;TTTTCATACTTTTTTTAG	INDEL;IDV=9;IMF=1;DP=9;VDB=5.52906e-06;SGB=-0.662043;MQ0F=0;AC=2;AN=2;DP4=0,0,9,0;MQ=60;RB=1,194300924,194301381,GAC,GCG
3	180651919	NA	TTGA	T	225	MASKED;CTGTTTAATTGATGGTCA	INDEL;IDV=9;IMF=1;DP=9;VDB=5.52906e-06;SGB=-0.662043;MQ0F=0;AC=2;AN=2;DP4=0,0,9,0;MQ=60;RB=3,180651869,180652620,CTG,TTT
2	182925087	NA	T	TTG	225	PASS;GTATATATTTGTGTGCAT	INDEL;IDV=8;IMF=1;DP=8;VDB=1.33331e-05;SGB=-0.651104;MQ0F=0;AC=2;AN=2;DP4=0,0,0,8;MQ=60;RB=2,182924769,182925139,ATC,GCA
5	156768395	NA	CA	C	23.434	PASS;GTCTCTACCAAAAAAATA	INDEL;IDV=8;IMF=1;DP=8;VDB=6.71664e-05;SGB=-0.636426;MQ0F=0;AC=2;AN=2;DP4=0,0,0,7;MQ=60;RB=5,156767980,156768435,TCT,TTA
1	71496928	NA	AACACACACAC	A	199	NEI_IND[6/152];GGCAGGAAAACACACACA	INDEL;IDV=11;IMF=1;DP=11;VDB=2.83141e-08;SGB=-0.676189;MQ0F=0;AC=2;AN=2;DP4=0,0,0,11;MQ=60;RB=1,71496719,71496986,CCT,TTC
12	19596124	NA	GGGTT	G	224	MASKED;TGCCTTGTGGGTTCAAGC	INDEL;IDV=7;IMF=1;DP=7;VDB=6.71664e-05;SGB=-0.636426;MQ0F=0;AC=2;AN=2;DP4=0,0,7,0;MQ=60;RB=12,19596087,19596523,ATT,CTG
5	103474364	NA	TAAAC	T	225	NEI_IND[4/330];TATCAACTTAAACAAAAT	INDEL;IDV=11;IMF=1;DP=11;VDB=2.26006e-08;SGB=-0.676189;MQ0F=0;AC=2;AN=2;DP4=0,0,0,11;MQ=60;RB=5,103473955,103474439,ACT,TCT
21	15719756	NA	A	ACCTTCCCTTTGT	225	PASS;AATGCATGACCTTCCCTT	INDEL;IDV=10;IMF=0.909091;DP=11;VDB=1.34115e-07;SGB=-0.676189;MQ0F=0;AC=2;AN=2;DP4=0,0,11,0;MQ=60;RB=21,15719696,15720361,GAA,AAT
18	27688623	NA	GA	G	29.4193	MASKED;TTCAGGGGGAAAAAAAGC	INDEL;IDV=11;IMF=1;DP=11;VDB=2.26006e-08;SGB=-0.676189;MQ0F=0;AC=2;AN=2;DP4=0,0,11,0;MQ=60;RB=18,27688590,27688940,GAA,TGA
9	124264866	NA	CCT	C	184	MASKED;TTCTGGCCCCTCTCTCTC	INDEL;IDV=9;IMF=1;DP=9;VDB=5.52906e-06;SGB=-0.662043;MQ0F=0;AC=2;AN=2;DP4=0,0,0,9;MQ=60;RB=9,124264613,124264927,TTA,GGT
3	50977513	NA	C	CAT	225	PASS;CAAACACACACACACATT	INDEL;IDV=9;IMF=1;DP=9;VDB=5.52906e-06;SGB=-0.662043;MQ0F=0;AC=2;AN=2;DP4=0,0,9,0;MQ=60;RB=3,50977379,50977785,AAC,GCT
11	44774116	NA	TTG	T	105	MASKED;TTGACAGTTTGTGTGTGT	INDEL;IDV=5;IMF=1;DP=5;VDB=0.0058656;SGB=-0.556411;MQ0F=0;AC=2;AN=2;DP4=0,0,0,4;MQ=60;RB=11,44773197,44774148,AGT,CAT
3	140197629	NA	AAG	A	225	NEI_IND[56/672];AGGAAGGGAAGGGAAGGG	INDEL;IDV=9;IMF=1;DP=9;VDB=5.52906e-06;SGB=-0.662043;MQ0F=0;AC=2;AN=2;DP4=0,0,9,0;MQ=60;RB=3,140197496,140197844,TCT,ATG
3	140197714	NA	GAGGA	G	225	NEI_IND[184/441];GGGGGAAGGAGGAAGGAA	INDEL;IDV=9;IMF=1;DP=9;VDB=5.52906e-06;SGB=-0.662043;MQ0F=0;AC=2;AN=2;DP4=0,0,0,9;MQ=60;RB=3,140197496,140197844,TCT,ATG
5	103474364	NA	TAAAC	T	225	NEI_IND[4/330];TATCAACTTAAACAAAAT	INDEL;IDV=10;IMF=1;DP=10;VDB=6.99472e-07;SGB=-0.670168;MQ0F=0;AC=2;AN=2;DP4=0,0,0,10;MQ=60;RB=5,103473955,103474439,CCA,AGT
16	15601259	NA	CAT	C	225	PASS;TGGGGTGGCATTTGGGGA	INDEL;IDV=12;IMF=1;DP=12;VDB=3.29783e-08;SGB=-0.680642;MQ0F=0;AC=2;AN=2;DP4=0,0,12,0;MQ=60;RB=16,15601246,15602045,TCC,CTA
13	24916043	NA	GTGTGTA	G	225	MASKED;GTGTGTGTGTGTGTATAT	INDEL;IDV=9;IMF=0.9;DP=10;VDB=2.20066e-06;SGB=-0.670168;MQ0F=0;AC=2;AN=2;DP4=0,0,10,0;MQ=60;RB=13,24915925,24916440,AGA,TAC
8	10965580	NA	GTA	G	225	PASS;TGAACGATGTAACAGGTG	INDEL;IDV=8;IMF=1;DP=8;VDB=1.33331e-05;SGB=-0.651104;MQ0F=0;AC=2;AN=2;DP4=0,0,0,8;MQ=60;RB=8,10965380,10965671,CCG,GTG
6	29563793	NA	TAA	T	225	PASS;TAAATAAATAAGAGAAAA	INDEL;IDV=9;IMF=1;DP=9;VDB=5.52906e-06;SGB=-0.662043;MQ0F=0;AC=2;AN=2;DP4=0,0,9,0;MQ=60;RB=6,29563744,29564083,AAT,CTG
12	19537750	NA	AG	A	138	MASKED;TTTCCAAAAGGCTGCATG	INDEL;IDV=11;IMF=1;DP=11;VDB=2.26006e-08;SGB=-0.676189;MQ0F=0;AC=2;AN=2;DP4=0,0,0,11;MQ=60;RB=12,19537028,19537783,GCT,ATG
4	96771197	NA	CA	C	58	PASS;TTCAAAATCAATGACATA	INDEL;IDV=10;IMF=1;DP=10;VDB=6.99472e-07;SGB=-0.670168;MQ0F=0;AC=2;AN=2;DP4=0,0,10,0;MQ=60;RB=4,96771093,96771462,CGG,CTG
4	96771209	NA	G	GC	38.415	NEI_IND[53/636];GACATATTGCCCCTACCC	INDEL;IDV=10;IMF=1;DP=10;VDB=6.99472e-07;SGB=-0.670168;MQ0F=0;AC=2;AN=2;DP4=0,0,10,0;MQ=60;RB=4,96771093,96771462,CGG,CTG
4	128382081	NA	ATAG	A	154	PASS;AGGTGTTTATAGTATTCT	INDEL;IDV=4;IMF=0.571429;DP=4;VDB=0.0058656;SGB=-0.556411;MQ0F=0;AC=2;AN=2;DP4=0,0,0,4;MQ=60;RB=4,128381703,128382148,GTT,ACC
14	62950696	NA	CTGTT	C	225	MASKED;TAGAGCTTCTGTTTGTTT	INDEL;IDV=15;IMF=1;DP=15;VDB=4.49525e-10;SGB=-0.688148;MQ0F=0;AC=2;AN=2;DP4=0,0,0,15;MQ=60;RB=14,62950269,62950721,TAC,TGA
7	134903863	NA	AT	A	134	PASS;TCTAGACCATTGGCTTTC	INDEL;IDV=12;IMF=1;DP=12;VDB=2.26006e-08;SGB=-0.680642;MQ0F=0;AC=2;AN=2;DP4=0,0,0,12;MQ=60;RB=7,134903646,134903983,AAT,CGT
5	19976049	NA	T	TG	118	PASS;ACTGAAAATGGAGTGAGA	INDEL;IDV=6;IMF=1;DP=6;VDB=0.000411984;SGB=-0.616816;MQ0F=0;AC=2;AN=2;DP4=0,0,6,0;MQ=60;RB=5,19976014,19976401,GTT,GTG
14	105715445	NA	CCGCGCCCG	C	225	PASS;CGCGGCCCCCGCGCCCGC	INDEL;IDV=10;IMF=1;DP=10;VDB=6.99472e-07;SGB=-0.670168;MQ0F=0;AC=2;AN=2;DP4=0,0,0,10;MQ=60;RB=14,105715118,105715487,TAT,ATC
9	124257250	NA	TG	T	46.4146	MASKED;ACTCAGGCTGGAGTGCAG	INDEL;IDV=5;IMF=1;DP=5;VDB=0.0058656;SGB=-0.556411;MQ0F=0;AC=2;AN=2;DP4=0,0,0,4;MQ=60;RB=9,124256917,124257278,GAG,CGA
12	38237860	NA	CT	C	11.7169	MASKED;ACCATAGGCTTTTTTTGC	INDEL;IDV=4;IMF=1;DP=4;VDB=0.0058656;SGB=-0.556411;MQ0F=0;AC=2;AN=2;DP4=0,0,0,4;MQ=60;RB=12,38237626,38237886,GAT,TCT
18	60410064	NA	TATTGA	T	225	PASS;GTACCTCTTATTGAATGA	INDEL;IDV=11;IMF=1;DP=11;VDB=4.42314e-08;SGB=-0.676189;MQ0F=0;AC=2;AN=2;DP4=0,0,11,0;MQ=60;RB=18,60409960,60410462,ATA,CGT
4	149754387	NA	GGTGTGT	G	225	MASKED;CTTTCAGGGGTGTGTGTG	INDEL;IDV=8;IMF=1;DP=8;VDB=1.33331e-05;SGB=-0.651104;MQ0F=0;AC=2;AN=2;DP4=0,0,0,8;MQ=60;RB=4,149754165,149754425,TTG,GGC
13	44615584	NA	TATAAGCC	T	182	MASKED;GCCATGTGTATAAGCCAT	INDEL;IDV=5;IMF=1;DP=5;VDB=0.00187095;SGB=-0.590765;MQ0F=0;AC=2;AN=2;DP4=0,0,0,5;MQ=60;RB=13,44615098,44615681,GGC,GAT
6	140555437	NA	AATT	A	225	MASKED;GGAAGTCAAATTATTATC	INDEL;IDV=9;IMF=1;DP=9;VDB=5.52906e-06;SGB=-0.662043;MQ0F=0;AC=2;AN=2;DP4=0,0,0,9;MQ=60;RB=6,140555189,140555553,TGG,CAC
21	27822361	NA	CACTGA	C	225	MASKED;TCGTATTTCACTGAATGC	INDEL;IDV=8;IMF=1;DP=8;VDB=1.33331e-05;SGB=-0.651104;MQ0F=0;AC=2;AN=2;DP4=0,0,0,8;MQ=60;RB=21,27821865,27822397,CAA,AAC
8	13475550	NA	GTT	G	88	MASKED;GCAGACTTGTTTTTTTTC	INDEL;IDV=12;IMF=1;DP=12;VDB=2.26006e-08;SGB=-0.680642;MQ0F=0;AC=2;AN=2;DP4=0,0,0,12;MQ=60;RB=8,13475215,13475573,CCT,TAT
17	34064046	NA	TATAGGC	T	224	PASS;ACTGGGATTATAGGCATG	INDEL;IDV=7;IMF=1;DP=7;VDB=6.71664e-05;SGB=-0.636426;MQ0F=0;AC=2;AN=2;DP4=0,0,0,7;MQ=60;RB=17,34063855,34064113,GAC,TTC
22	50177179	NA	CTA	C	225	PASS;ACCAGTCACTATGGGACG	INDEL;IDV=14;IMF=1;DP=14;VDB=2.26006e-08;SGB=-0.686358;MQ0F=0;AC=2;AN=2;DP4=0,0,0,14;MQ=60;RB=22,50176852,50177239,ATC,TAG
12	70852709	NA	C	CT	166	PASS;CAAGAAAACTATCACCTC	INDEL;IDV=11;IMF=1;DP=11;VDB=2.26006e-08;SGB=-0.676189;MQ0F=0;AC=2;AN=2;DP4=0,0,0,11;MQ=60;RB=12,70852463,70852791,GGG,TTG
1	57389499	NA	GCC	G	47.4146	MASKED;AAGAGACAGCCCACCTTT	INDEL;IDV=10;IMF=1;DP=10;VDB=5.52906e-06;SGB=-0.662043;MQ0F=0;AC=2;AN=2;DP4=0,0,9,0;MQ=60;RB=1,57389431,57389980,TCG,ATT
6	103817709	NA	ATATGT	A	225	NEI_IND[5/211];ATTTTTTCATATGTCTGT	INDEL;IDV=10;IMF=1;DP=10;VDB=6.99472e-07;SGB=-0.670168;MQ0F=0;AC=2;AN=2;DP4=0,0,10,0;MQ=60;RB=6,103817630,103817924,CTC,ATT
7	154201831	NA	G	GA	49.4146	PASS;TTTAGGCAGTTTTTGGTT	INDEL;IDV=7;IMF=1;DP=7;VDB=6.71664e-05;SGB=-0.636426;MQ0F=0;AC=2;AN=2;DP4=0,0,7,0;MQ=60;RB=7,154201759,154202095,GAG,GTC
4	178490657	NA	TTC	T	153	MASKED;ATGAACATTTCTCCTTTG	INDEL;IDV=5;IMF=1;DP=5;VDB=0.00187095;SGB=-0.590765;MQ0F=0;AC=2;AN=2;DP4=0,0,0,5;MQ=60;RB=4,178490279,178490768,AAA,ATG
10	11678921	NA	TGTA	T	225	PASS;GCTAGGAATGTAGTCTAA	INDEL;IDV=9;IMF=1;DP=9;VDB=5.52906e-06;SGB=-0.662043;MQ0F=0;AC=2;AN=2;DP4=0,0,9,0;MQ=60;RB=10,11678794,11679120,ACG,CTG
19	50215790	NA	AGAG	A	225	PASS;GAGGGAGAAGAGGAGAGG	INDEL;IDV=11;IMF=1;DP=11;VDB=2.26006e-08;SGB=-0.676189;MQ0F=0;AC=2;AN=2;DP4=0,0,0,11;MQ=60;RB=19,50215567,50215915,GGA,GAG
7	95418837	NA	CAAAT	C	121	PASS;GATTTAAACAAATAGAGT	INDEL;IDV=4;IMF=1;DP=4;VDB=0.0221621;SGB=-0.511536;MQ0F=0;AC=2;AN=2;DP4=0,0,3,0;MQ=60;RB=7,95418715,95419015,CTC,TTC
X	98881888	NA	ACAAT	A	225	PASS;AGACAGACACAATCAGAG	INDEL;IDV=12;IMF=1;DP=12;VDB=2.26006e-08;SGB=-0.680642;MQ0F=0;AC=2;AN=2;DP4=0,0,12,0;MQ=60;RB=X,98881787,98882146,TGA,TGC
12	88314210	NA	GC	G	125	MASKED;AAGCCATTGCCCTTTGCA	INDEL;IDV=11;IMF=1;DP=11;VDB=1.03095e-06;SGB=-0.670168;MQ0F=0;AC=2;AN=2;DP4=0,0,0,10;MQ=60;RB=12,88313999,88314340,CAA,AAT
12	88314247	NA	C	CCT	116	NEI_IND[1/12];TCTCTCTCCCTCTCTCTC	INDEL;IDV=9;IMF=0.818182;DP=11;VDB=1.03095e-06;SGB=-0.662043;MQ0F=0;AC=2;AN=2;DP4=0,1,0,9;MQ=60;RB=12,88313999,88314340,CAA,AAT
2	55668848	NA	G	GTCTGGAGCC	225	PASS;ATATGGTTGTCTGGAGCC	INDEL;IDV=10;IMF=1;DP=10;VDB=1.17174e-06;SGB=-0.670168;MQ0F=0;AC=2;AN=2;DP4=0,0,0,10;MQ=60;RB=2,55668623,55668962,GGG,GAT
4	5124092	NA	CTCATTCACTCAT	C	225	MASKED;CTTGTTCACTCATTCACT	INDEL;IDV=8;IMF=1;DP=8;VDB=1.33331e-05;SGB=-0.651104;MQ0F=0;AC=2;AN=2;DP4=0,0,8,0;MQ=60;RB=4,5124032,5124462,CCT,CCT
12	73506824	NA	ATATAT	A	225	MASKED;GTGTAGACATATATTATG	INDEL;IDV=15;IMF=1;DP=15;VDB=4.49525e-10;SGB=-0.688148;MQ0F=0;AC=2;AN=2;DP4=0,0,15,0;MQ=60;RB=12,73506770,73507107,CTA,AAA
1	94609129	NA	CTGCTG	C	182	PASS;ACCAATCACTGCTGGAGG	INDEL;IDV=5;IMF=0.714286;DP=5;VDB=0.00187095;SGB=-0.590765;MQ0F=0;AC=2;AN=2;DP4=0,0,0,5;MQ=60;RB=1,94608857,94609219,GGA,CCT
10	98894527	NA	C	CT	125	PASS;CTCTTCCCCTTTGATTTT	INDEL;IDV=10;IMF=1;DP=10;VDB=6.99472e-07;SGB=-0.670168;MQ0F=0;AC=2;AN=2;DP4=0,0,0,10;MQ=60;RB=10,98894316,98894651,AGA,GTG
12	52364361	NA	T	TA	159	PASS;TGTAGAGTTATGGTCTTT	INDEL;IDV=10;IMF=1;DP=10;VDB=6.99472e-07;SGB=-0.670168;MQ0F=0;AC=2;AN=2;DP4=0,0,10,0;MQ=60;RB=12,52364343,52364780,TTT,CAA
17	56569369	NA	T	TA	16.5122	PASS;ATCGCTAATAAAAAAATA	INDEL;IDV=5;IMF=1;DP=5;VDB=0.00187095;SGB=-0.590765;MQ0F=0;AC=2;AN=2;DP4=0,0,5,0;MQ=60;RB=17,56569286,56569584,CGA,CCT
16	83584659	NA	TTA	T	161	NEI_IND[8/96];TAAGTCATTTATATCTAT	INDEL;IDV=7;IMF=1;DP=7;VDB=6.71664e-05;SGB=-0.636426;MQ0F=0;AC=2;AN=2;DP4=0,0,7,0;MQ=60;RB=16,83584528,83585171,TGG,AGC
11	25799694	NA	TAC	T	167	MASKED;CATACACATACACACACA	INDEL;IDV=8;IMF=1;DP=8;VDB=1.33331e-05;SGB=-0.651104;MQ0F=0;AC=2;AN=2;DP4=0,0,0,8;MQ=60;RB=11,25799268,25799822,ATT,TTG
2	16441138	NA	TAAATA	T	225	NEI_IND[5/164];TATGCAGGTAAATAAAAT	INDEL;IDV=8;IMF=1;DP=8;VDB=1.33331e-05;SGB=-0.651104;MQ0F=0;AC=2;AN=2;DP4=0,0,8,0;MQ=60;RB=2,16441020,16441455,CTG,TCT
7	34999510	NA	AATAT	A	154	NEI_IND[4/344];TGTATATAAATATATATA	INDEL;IDV=4;IMF=1;DP=4;VDB=0.0058656;SGB=-0.556411;MQ0F=0;AC=2;AN=2;DP4=0,0,4,0;MQ=60;RB=7,34999398,34999949,CTG,GCT
19	21479563	NA	CATT	C	225	MASKED;GCAGAAAACATTATTAAT	INDEL;IDV=8;IMF=1;DP=8;VDB=1.33331e-05;SGB=-0.651104;MQ0F=0;AC=2;AN=2;DP4=0,0,8,0;MQ=60;RB=19,21479464,21479872,CTA,GTT
10	60688804	NA	G	GTA	142	NEI_IND[12/264];AGATATACGTATATATAT	INDEL;IDV=4;IMF=1;DP=4;VDB=0.0058656;SGB=-0.556411;MQ0F=0;AC=2;AN=2;DP4=0,0,4,0;MQ=60;RB=10,60688797,60689248,TAT,CGT
10	60688926	NA	TCA	T	136	NEI_IND[24/240];GTATATATTCATATATAT	INDEL;IDV=4;IMF=1;DP=4;VDB=0.0058656;SGB=-0.556411;MQ0F=0;AC=2;AN=2;DP4=0,0,4,0;MQ=60;RB=10,60688797,60689248,TAT,CGT
10	60689198	NA	TTCAAA	T	154	PASS;CAAAGTATTTCAAAGTAG	INDEL;IDV=4;IMF=1;DP=4;VDB=0.0058656;SGB=-0.556411;MQ0F=0;AC=2;AN=2;DP4=0,0,0,4;MQ=60;RB=10,60688797,60689248,TAT,CGT
2	233539897	NA	A	AAAAG	219	NEI_IND[28/336];AGAAAAAAAAGAGAGAGA	INDEL;IDV=12;IMF=1;DP=12;VDB=4.42314e-08;SGB=-0.676189;MQ0F=0;AC=2;AN=2;DP4=0,0,11,0;MQ=60;RB=2,233539828,233540200,CTT,TGA
2	233539956	NA	G	GA	121	NEI_IND[45/292];AAAGAAAAGAAAGAAAAG	INDEL;IDV=11;IMF=0.916667;DP=12;VDB=6.99472e-07;SGB=-0.670168;MQ0F=0;AC=2;AN=2;DP4=0,0,10,0;MQ=60;RB=2,233539828,233540200,CTT,TGA
5	24594772	NA	TACTTGTTCTCTGTGCCTA	T	182	PASS;CAACTTCCTACTTGTTCT	INDEL;IDV=5;IMF=1;DP=5;VDB=0.00187095;SGB=-0.590765;MQ0F=0;AC=2;AN=2;DP4=0,0,5,0;MQ=60;RB=5,24594733,24595069,TGA,TTG
15	74123864	NA	TTTAGTAGAGATGG	T	225	PASS;TTGATTTTTTTAGTAGAG	INDEL;IDV=8;IMF=1;DP=8;VDB=1.33331e-05;SGB=-0.651104;MQ0F=0;AC=2;AN=2;DP4=0,0,8,0;MQ=60;RB=15,74123758,74124047,ATT,TTT
13	23290469	NA	AT	A	9.88465	MASKED;GTTTGGAAATTTTTTTTC	INDEL;IDV=5;IMF=1;DP=5;VDB=0.00187095;SGB=-0.590765;MQ0F=0;AC=2;AN=2;DP4=0,0,0,5;MQ=60;RB=13,23290040,23290519,GCG,ACT
18	57172176	NA	CA	C	16.5122	PASS;ATGGGAGGCAAAAAAACC	INDEL;IDV=5;IMF=1;DP=5;VDB=0.00187095;SGB=-0.590765;MQ0F=0;AC=2;AN=2;DP4=0,0,0,5;MQ=60;RB=18,57171911,57172227,CCT,GTT
5	29386539	NA	ATAGT	A	225	MASKED;TTGCAATAATAGTTAGCT	INDEL;IDV=8;IMF=1;DP=8;VDB=1.33331e-05;SGB=-0.651104;MQ0F=0;AC=2;AN=2;DP4=0,0,8,0;MQ=60;RB=5,29386521,29386848,CCG,TTG
18	19875229	NA	GTC	G	198	MASKED;GCCTCTTAGTCTCTCTCT	INDEL;IDV=11;IMF=1;DP=11;VDB=2.26006e-08;SGB=-0.676189;MQ0F=0;AC=2;AN=2;DP4=0,0,0,11;MQ=60;RB=18,19874988,19875288,GCA,TTA
1	151096331	NA	AAAAATAAAATAAAATAAAAT	A	225	NEI_IND[636/636];CGGTCTCAAAAAATAAAA	INDEL;IDV=10;IMF=1;DP=10;VDB=6.99472e-07;SGB=-0.670168;MQ0F=0;AC=2;AN=2;DP4=0,0,10,0;MQ=60;RB=1,151096295,151096713,CTG,AAT
1	151096577	NA	AAAAG	A	103	NEI_IND[276/984];AAAAAAAAAAAAGAAAGA	INDEL;IDV=9;IMF=0.9;DP=10;VDB=1.51066e-06;SGB=-0.670168;MQ0F=0;AC=2;AN=2;DP4=0,0,0,10;MQ=60;RB=1,151096295,151096713,CTG,AAT
1	107480509	NA	AC	A	115	MASKED;TGAAAACAACCTTTGCAC	INDEL;IDV=7;IMF=1;DP=7;VDB=6.71664e-05;SGB=-0.636426;MQ0F=0;AC=2;AN=2;DP4=0,0,0,7;MQ=60;RB=1,107480065,107480607,CCT,ATG
10	109470479	NA	CTGTA	C	225	MASKED;ACTATTACCTGTATGTAT	INDEL;IDV=9;IMF=1;DP=9;VDB=5.52906e-06;SGB=-0.662043;MQ0F=0;AC=2;AN=2;DP4=0,0,9,0;MQ=60;RB=10,109470385,109470903,AGC,CAA
20	44258874	NA	TTTG	T	225	MASKED;TATGCACATTTGTGAGGA	INDEL;IDV=8;IMF=0.888889;DP=8;VDB=1.33331e-05;SGB=-0.651104;MQ0F=0;AC=2;AN=2;DP4=0,0,8,0;MQ=60;RB=20,44258758,44259564,TTG,GTT
11	113657191	NA	AG	A	123	PASS;TACTCAGGAGGCTGAGGC	INDEL;IDV=8;IMF=1;DP=8;VDB=1.33331e-05;SGB=-0.651104;MQ0F=0;AC=2;AN=2;DP4=0,0,0,8;MQ=60;RB=11,113656799,113657231,TAT,CAC
1	23683299	NA	TTGC	T	224	PASS;CTGAATAATTGCTGCTAA	INDEL;IDV=7;IMF=1;DP=7;VDB=6.71664e-05;SGB=-0.636426;MQ0F=0;AC=2;AN=2;DP4=0,0,0,7;MQ=60;RB=1,23683022,23683339,GTA,TCA
9	113207036	NA	AAAT	A	217	MASKED;TTATGAAAAAATAATATT	INDEL;IDV=11;IMF=1;DP=11;VDB=2.26006e-08;SGB=-0.676189;MQ0F=0;AC=2;AN=2;DP4=0,0,0,11;MQ=60;RB=9,113206587,113207070,TAT,TAT
11	23365198	NA	AT	A	92	PASS;TAAGAGCTATTGCACATT	INDEL;IDV=5;IMF=1;DP=5;VDB=0.00187095;SGB=-0.590765;MQ0F=0;AC=2;AN=2;DP4=0,0,0,5;MQ=60;RB=11,23365005,23365271,GGG,ATA
7	10841961	NA	TAGATCAGCAGAATC	T	182	NEI_IND[6/243];CTGCACTTTAGATCAGCA	INDEL;IDV=5;IMF=1;DP=5;VDB=0.00187095;SGB=-0.590765;MQ0F=0;AC=2;AN=2;DP4=0,0,5,0;MQ=60;RB=7,10841943,10842787,TTT,AGA
4	5124092	NA	CTCATTCACTCAT	C	205	MASKED;CTTGTTCACTCATTCACT	INDEL;IDV=6;IMF=1;DP=6;VDB=0.000411984;SGB=-0.616816;MQ0F=0;AC=2;AN=2;DP4=0,0,6,0;MQ=60;RB=4,5124032,5124461,ATT,GAC
3	171784302	NA	CAG	C	173	MASKED;TTTCAGGACAGAGGTGGC	INDEL;IDV=6;IMF=1;DP=6;VDB=0.000411984;SGB=-0.616816;MQ0F=0;AC=2;AN=2;DP4=0,0,6,0;MQ=60;RB=3,171784248,171784639,TCC,TTG
4	109613591	NA	AATGAACATTCGT	A	225	MASKED;AGGAAGGGAATGAACATT	INDEL;IDV=11;IMF=1;DP=11;VDB=2.26006e-08;SGB=-0.676189;MQ0F=0;AC=2;AN=2;DP4=0,0,0,11;MQ=60;RB=4,109613293,109613726,TCA,CGA
18	35457398	NA	GT	G	105	MASKED;GTTTAGAGGTTTATGCAA	INDEL;IDV=8;IMF=1;DP=8;VDB=1.33331e-05;SGB=-0.651104;MQ0F=0;AC=2;AN=2;DP4=0,0,0,8;MQ=60;RB=18,35456817,35457413,CAT,GTT
1	105052507	NA	CAAAAAAAAAA	C	80	NEI_IND[53/199];CTCCGTCTCAAAAAAAAA	INDEL;IDV=8;IMF=1;DP=8;VDB=1.33331e-05;SGB=-0.651104;MQ0F=0;AC=2;AN=2;DP4=0,0,8,0;MQ=60;RB=1,105052451,105052782,CAC,TGA
1	105052705	NA	GTGTGCA	G	225	MASKED;GCATGATGGTGTGCATGT	INDEL;IDV=8;IMF=1;DP=8;VDB=1.33331e-05;SGB=-0.651104;MQ0F=0;AC=2;AN=2;DP4=0,0,0,8;MQ=60;RB=1,105052451,105052782,CAC,TGA
1	241324724	NA	TTAA	T	182	PASS;ATAACACATTAATAATAA	INDEL;IDV=5;IMF=1;DP=5;VDB=0.00187095;SGB=-0.590765;MQ0F=0;AC=2;AN=2;DP4=0,0,5,0;MQ=60;RB=1,241324678,241325068,GTT,ACG
4	142670253	NA	GAAAC	G	217	MASKED;TCTGCACAGAAACAAACA	INDEL;IDV=7;IMF=1;DP=7;VDB=6.71664e-05;SGB=-0.636426;MQ0F=0;AC=2;AN=2;DP4=0,0,7,0;MQ=60;RB=4,142670198,142670530,GTG,ATT
4	142670403	NA	G	GA	6.51141	NEI_IND[87/1098];GTTTATAAGAAAAAAAAA	INDEL;IDV=6;IMF=0.857143;DP=7;VDB=0.000411984;SGB=-0.616816;MQ0F=0;AC=2;AN=2;DP4=0,0,0,6;MQ=60;RB=4,142670198,142670530,GTG,ATT
17	11374083	NA	ATG	A	149	MASKED;CCTGACAAATGTGTGCAG	INDEL;IDV=7;IMF=1;DP=7;VDB=6.71664e-05;SGB=-0.636426;MQ0F=0;AC=2;AN=2;DP4=0,0,0,7;MQ=60;RB=17,11373745,11374216,TGA,ATA
16	88712705	NA	GGCAGACT	G	205	NEI_IND[6/331];CAGGACAAGGCAGACTGC	INDEL;IDV=6;IMF=1;DP=6;VDB=0.000411984;SGB=-0.616816;MQ0F=0;AC=2;AN=2;DP4=0,0,6,0;MQ=60;RB=16,88712691,88712916,TGT,CGT
18	66912826	NA	GC	G	140	MASKED;TTGGATCAGCATTTTGCA	INDEL;IDV=9;IMF=1;DP=9;VDB=5.52906e-06;SGB=-0.662043;MQ0F=0;AC=2;AN=2;DP4=0,0,0,9;MQ=60;RB=18,66912397,66912840,CAT,GCA
X	7859748	NA	GTAT	G	225	PASS;GATATAAAGTATTATTAA	INDEL;IDV=13;IMF=1;DP=13;VDB=2.7432e-08;SGB=-0.683931;MQ0F=0;AC=2;AN=2;DP4=0,0,13,0;MQ=60;RB=X,7859673,7859983,CAC,GCG
4	4482862	NA	C	CT	118	PASS;ACGATATACTGTACAACA	INDEL;IDV=7;IMF=1;DP=7;VDB=6.71664e-05;SGB=-0.636426;MQ0F=0;AC=2;AN=2;DP4=0,0,0,7;MQ=60;RB=4,4482706,4482986,ACG,AAT
3	22321137	NA	TATA	T	39.4149	MASKED;TTTATATATATATATATG	INDEL;IDV=5;IMF=1;DP=5;VDB=0.0058656;SGB=-0.556411;MQ0F=0;AC=2;AN=2;DP4=0,0,0,4;MQ=60;RB=3,22320788,22321242,ACA,TCT
9	124264866	NA	CCT	C	197	MASKED;TTCTGGCCCCTCTCTCTC	INDEL;IDV=11;IMF=1;DP=11;VDB=2.26006e-08;SGB=-0.676189;MQ0F=0;AC=2;AN=2;DP4=0,0,0,11;MQ=60;RB=9,124264613,124264927,ATA,CTT
11	63945064	NA	TGGAGTGCA	T	166	NEI_IND[6/319];TCTCTGTCTGGAGTGCAG	INDEL;IDV=6;IMF=1;DP=6;VDB=0.00376034;SGB=-0.590765;MQ0F=0;AC=2;AN=2;DP4=0,0,0,5;MQ=60;RB=11,63944822,63945168,CCA,CTC
18	27688623	NA	GA	G	29.4193	MASKED;TTCAGGGGGAAAAAAAGC	INDEL;IDV=11;IMF=1;DP=11;VDB=2.26006e-08;SGB=-0.676189;MQ0F=0;AC=2;AN=2;DP4=0,0,11,0;MQ=60;RB=18,27688590,27688939,AGA,TTG
5	96940788	NA	GA	G	71	PASS;TCAAAGAAGAAAACCTAG	INDEL;IDV=7;IMF=1;DP=7;VDB=6.71664e-05;SGB=-0.636426;MQ0F=0;AC=2;AN=2;DP4=0,0,0,7;MQ=60;RB=5,96940572,96940909,GAC,ATC
1	28651594	NA	TCAAAA	T	225	PASS;ACTCCGTCTCAAAACAAA	INDEL;IDV=9;IMF=1;DP=9;VDB=5.52906e-06;SGB=-0.662043;MQ0F=0;AC=2;AN=2;DP4=0,0,9,0;MQ=60;RB=1,28651562,28652090,ACT,CCG
4	121768521	NA	CCCTCT	C	182	PASS;TCTCATCACCCTCTCTGG	INDEL;IDV=5;IMF=1;DP=5;VDB=0.00187095;SGB=-0.590765;MQ0F=0;AC=2;AN=2;DP4=0,0,5,0;MQ=60;RB=4,121768457,121768786,GAA,GGT
3	165489034	NA	TTTGTTG	T,TTTG	192	PASS;TTTGTGGGTTTGTTGTTG	INDEL;IDV=8;IMF=1;DP=8;VDB=2.48509e-05;SGB=-0.651104;MQ0F=0;AC=1,1;AN=2;DP4=0,0,0,8;MQ=60;RB=3,165488379,165489071,CTG,GGA
12	95795335	NA	CCTT	C	225	MASKED;TATGCACTCCTTATTAAC	INDEL;IDV=8;IMF=1;DP=8;VDB=1.33331e-05;SGB=-0.651104;MQ0F=0;AC=2;AN=2;DP4=0,0,8,0;MQ=60;RB=12,95795319,95795914,GAA,AGG
12	96268953	NA	TG	T	115	MASKED;CTGATTGATGGCATGAGA	INDEL;IDV=7;IMF=1;DP=7;VDB=6.71664e-05;SGB=-0.636426;MQ0F=0;AC=2;AN=2;DP4=0,0,0,7;MQ=60;RB=12,96268749,96269019,CGG,CAT
19	18431652	NA	G	GT	161	PASS;TGCCAAGTGTGATAGGAG	INDEL;IDV=12;IMF=1;DP=12;VDB=2.26006e-08;SGB=-0.680642;MQ0F=0;AC=2;AN=2;DP4=0,0,12,0;MQ=60;RB=19,18431573,18432160,CGG,CCC
8	108986270	NA	CA	C	68	MASKED;TCCTCAAACAAACATGCA	INDEL;IDV=4;IMF=1;DP=4;VDB=0.0058656;SGB=-0.556411;MQ0F=0;AC=2;AN=2;DP4=0,0,0,4;MQ=60;RB=8,108985970,108986386,CTT,GTC
X	56760852	NA	TC	T	132	PASS;AGACCACTTCAGAGCAAA	INDEL;IDV=8;IMF=1;DP=8;VDB=1.33331e-05;SGB=-0.651104;MQ0F=0;AC=2;AN=2;DP4=0,0,8,0;MQ=60;RB=X,56760816,56761063,TAC,AGG
10	14695571	NA	ATG	A	225	MASKED;GTGCCATCATGGTGCAAG	INDEL;IDV=9;IMF=1;DP=9;VDB=5.52906e-06;SGB=-0.662043;MQ0F=0;AC=2;AN=2;DP4=0,0,0,9;MQ=60;RB=10,14695331,14695645,TCT,CCT
10	14695635	NA	CT	C	125	NEI_IND[1/11];TCCATTTCCTTGGTGGCA	INDEL;IDV=9;IMF=1;DP=9;VDB=5.52906e-06;SGB=-0.662043;MQ0F=0;AC=2;AN=2;DP4=0,0,0,9;MQ=60;RB=10,14695331,14695645,TCT,CCT
6	17533445	NA	TTAAA	T	224	MASKED;GAACTATATTAAATAGAG	INDEL;IDV=7;IMF=1;DP=7;VDB=6.71664e-05;SGB=-0.636426;MQ0F=0;AC=2;AN=2;DP4=0,0,0,7;MQ=60;RB=6,17532945,17533505,TCT,CCG
1	80857686	NA	CTAAA	C	225	MASKED;AGTAATGACTAAATACGT	INDEL;IDV=14;IMF=1;DP=14;VDB=2.26006e-08;SGB=-0.686358;MQ0F=0;AC=2;AN=2;DP4=0,0,0,14;MQ=60;RB=1,80857399,80857702,GGC,GCT
7	108202723	NA	TATTAA	T	225	MASKED;TTCATCTGTATTAAATTA	INDEL;IDV=11;IMF=1;DP=11;VDB=2.26006e-08;SGB=-0.676189;MQ0F=0;AC=2;AN=2;DP4=0,0,0,11;MQ=60;RB=7,108202446,108202745,TTG,TAA
15	48485300	NA	C	CA	106	PASS;GCCAATTACAAAGCAACT	INDEL;IDV=7;IMF=1;DP=7;VDB=6.71664e-05;SGB=-0.636426;MQ0F=0;AC=2;AN=2;DP4=0,0,7,0;MQ=60;RB=15,48485193,48485497,ATA,TTT
4	48658745	NA	C	CTA	37.4152	NEI_IND[65/816];ATGACTGACTATATATAT	INDEL;IDV=11;IMF=1;DP=11;VDB=5.52906e-06;SGB=-0.662043;MQ0F=0;AC=2;AN=2;DP4=0,0,9,0;MQ=60;RB=4,48658684,48659109,GCT,GTA
8	31583151	NA	AAAGC	A	158	PASS;TAATAAAGAAAGCAACTG	INDEL;IDV=6;IMF=0.6;DP=6;VDB=0.000411984;SGB=-0.616816;MQ0F=0;AC=2;AN=2;DP4=0,0,0,6;MQ=60;RB=8,31583002,31583229,TGC,CCT
20	33562176	NA	TCTTA	T	182	MASKED;AGTCAGTATCTTACTTAA	INDEL;IDV=5;IMF=1;DP=5;VDB=0.00187095;SGB=-0.590765;MQ0F=0;AC=2;AN=2;DP4=0,0,0,5;MQ=60;RB=20,33561809,33562208,CTG,TTG
1	91570873	NA	CT	C	119	MASKED;TTCTTTCTCTTTCTTTTT	INDEL;IDV=9;IMF=1;DP=9;VDB=5.52906e-06;SGB=-0.662043;MQ0F=0;AC=2;AN=2;DP4=0,0,0,9;MQ=60;RB=1,91570649,91570952,TGT,GAT
8	122782487	NA	CTATTA	C	154	PASS;ATATCTATCTATTATATT	INDEL;IDV=4;IMF=1;DP=4;VDB=0.0058656;SGB=-0.556411;MQ0F=0;AC=2;AN=2;DP4=0,0,0,4;MQ=60;RB=8,122782202,122782588,TTA,TAT
7	22390651	NA	GA	G	130	PASS;GCAGATGAGAACAAAGTA	INDEL;IDV=9;IMF=1;DP=9;VDB=5.52906e-06;SGB=-0.662043;MQ0F=0;AC=2;AN=2;DP4=0,0,9,0;MQ=60;RB=7,22390606,22391056,CTC,AAC
3	148077139	NA	TCACACACACACA	TCACA,T	135	MASKED;CAGAAAAATCACACACAC	INDEL;IDV=5;IMF=1;DP=5;VDB=0.00286037;SGB=-0.590765;MQ0F=0;AC=1,1;AN=2;DP4=0,0,0,5;MQ=60;RB=3,148076711,148077250,ATA,CTC
7	28597557	NA	CA	C	158	MASKED;TATTGCACCAGGGACCCC	INDEL;IDV=14;IMF=1;DP=14;VDB=2.26006e-08;SGB=-0.686358;MQ0F=0;AC=2;AN=2;DP4=0,0,14,0;MQ=60;RB=7,28597430,28597805,GAC,GCC
13	43347956	NA	T	TTTGA	225	NEI_IND[20/828];TGTGTCTATTTGATTCTT	INDEL;IDV=8;IMF=1;DP=8;VDB=1.33331e-05;SGB=-0.651104;MQ0F=0;AC=2;AN=2;DP4=0,0,8,0;MQ=60;RB=13,43347869,43348455,CCG,TCT
13	43348408	NA	TG	T	138	MASKED;TTCTAATTTGTTTGCACT	INDEL;IDV=8;IMF=1;DP=8;VDB=1.33331e-05;SGB=-0.651104;MQ0F=0;AC=2;AN=2;DP4=0,0,0,8;MQ=60;RB=13,43347869,43348455,CCG,TCT
21	27822361	NA	CACTGA	C	225	MASKED;TCGTATTTCACTGAATGC	INDEL;IDV=8;IMF=1;DP=8;VDB=1.33331e-05;SGB=-0.651104;MQ0F=0;AC=2;AN=2;DP4=0,0,0,8;MQ=60;RB=21,27821865,27822397,GGT,CCG
10	60688804	NA	G	GTA	137	NEI_IND[12/264];AGATATACGTATATATAT	INDEL;IDV=4;IMF=1;DP=4;VDB=0.0058656;SGB=-0.556411;MQ0F=0;AC=2;AN=2;DP4=0,0,4,0;MQ=60;RB=10,60688797,60689238,GTT,TTT
10	60688926	NA	TCA	T	126	NEI_IND[24/240];GTATATATTCATATATAT	INDEL;IDV=4;IMF=1;DP=4;VDB=0.0058656;SGB=-0.556411;MQ0F=0;AC=2;AN=2;DP4=0,0,4,0;MQ=60;RB=10,60688797,60689238,GTT,TTT
10	60689198	NA	TTCAAA	T	116	PASS;CAAAGTATTTCAAAGTAG	INDEL;IDV=4;IMF=1;DP=4;VDB=0.0058656;SGB=-0.556411;MQ0F=0;AC=2;AN=2;DP4=0,0,0,4;MQ=60;RB=10,60688797,60689238,GTT,TTT
2	28683196	NA	AT	A	75	MASKED;TGTCCATAATTTTTTTCA	INDEL;IDV=12;IMF=1;DP=12;VDB=0.999771;SGB=-0.680642;MQSB=0.982603;MQ0F=0;AC=2;AN=2;DP4=0,0,6,6;MQ=60;RB=2,28683063,28683314,TAG,GTC
10	92311065	NA	GT	G	81	PASS;TGTGACCAGTTGCAGAAA	INDEL;IDV=6;IMF=1;DP=6;VDB=0.000411984;SGB=-0.616816;MQ0F=0;AC=2;AN=2;DP4=0,0,0,6;MQ=60;RB=10,92310890,92311129,GTC,CGT
9	87629484	NA	AAAC	A	225	PASS;TTAGCCACAAACAACTGA	INDEL;IDV=10;IMF=1;DP=10;VDB=6.99472e-07;SGB=-0.670168;MQ0F=0;AC=2;AN=2;DP4=0,0,0,10;MQ=60;RB=9,87629280,87629622,ACA,CAT
2	195712344	NA	CA	C	112	MASKED;TCAAAAAGCATGTGCAAG	INDEL;IDV=6;IMF=1;DP=6;VDB=0.000411984;SGB=-0.616816;MQ0F=0;AC=2;AN=2;DP4=0,0,0,6;MQ=60;RB=2,195711378,195712371,CAA,TGA
X	82010395	NA	TCAA	T	225	PASS;AGACTCTGTCAACAACAA	INDEL;IDV=11;IMF=1;DP=11;VDB=2.26006e-08;SGB=-0.676189;MQ0F=0;AC=2;AN=2;DP4=0,0,11,0;MQ=60;RB=X,82010366,82010660,CAG,GGC
11	80278552	NA	TG	T	100	MASKED;GGTTAGATTGGCATTTAG	INDEL;IDV=7;IMF=1;DP=7;VDB=0.000411984;SGB=-0.616816;MQ0F=0;AC=2;AN=2;DP4=0,0,0,6;MQ=60;RB=11,80278038,80278635,GAG,AGG
4	6926031	NA	TCGGTGTCCC	T	225	PASS;TCTGTTCTTCGGTGTCCC	INDEL;IDV=10;IMF=1;DP=10;VDB=6.99472e-07;SGB=-0.670168;MQ0F=0;AC=2;AN=2;DP4=0,0,0,10;MQ=60;RB=4,6925838,6926146,CCC,CGC
11	98250573	NA	GTTAGTTAAAATATGCT	G	225	MASKED;CACCTGCTGTTAGTTAAA	INDEL;IDV=9;IMF=1;DP=9;VDB=5.52906e-06;SGB=-0.662043;MQ0F=0;AC=2;AN=2;DP4=0,0,0,9;MQ=60;RB=11,98250379,98250660,TTA,TCC
19	21479563	NA	CATT	C	225	MASKED;GCAGAAAACATTATTAAT	INDEL;IDV=10;IMF=1;DP=10;VDB=6.99472e-07;SGB=-0.670168;MQ0F=0;AC=2;AN=2;DP4=0,0,10,0;MQ=60;RB=19,21479464,21479888,ATA,ATT
X	139683691	NA	AG	A	41.4148	PASS;AGAGAAAAAGAAAAAGGA	INDEL;IDV=5;IMF=1;DP=5;VDB=0.00187095;SGB=-0.590765;MQ0F=0;AC=2;AN=2;DP4=0,0,0,5;MQ=60;RB=X,139683544,139683770,GGC,AGG
16	30079194	NA	AG	A	133	PASS;AGAAGCTCAGGGAAGTGA	INDEL;IDV=13;IMF=1;DP=13;VDB=2.26006e-08;SGB=-0.683931;MQ0F=0;AC=2;AN=2;DP4=0,0,13,0;MQ=60;RB=16,30079090,30079434,TAA,AGG
4	64542406	NA	AG	A	94	PASS;AGTAAAAAAGAAATTAGA	INDEL;IDV=6;IMF=1;DP=6;VDB=0.000411984;SGB=-0.616816;MQ0F=0;AC=2;AN=2;DP4=0,0,0,6;MQ=60;RB=4,64541452,64542428,GAA,CCT
10	92390410	NA	GTCAACAAT	G	225	PASS;ATTGTGAAGTCAACAATT	INDEL;IDV=9;IMF=1;DP=9;VDB=5.52906e-06;SGB=-0.662043;MQ0F=0;AC=2;AN=2;DP4=0,0,0,9;MQ=60;RB=10,92390161,92390462,CTA,TGG
4	120054312	NA	AAAT	A	225	MASKED;TATTGCAGAAATAATAAT	INDEL;IDV=10;IMF=1;DP=10;VDB=2.65032e-06;SGB=-0.670168;MQ0F=0;AC=2;AN=2;DP4=0,0,10,0;MQ=60;RB=4,120054273,120054592,GCT,GCA
1	145115658	NA	TATTTTTAA	T	205	NEI_IND[6/334];ATTTTGGTTATTTTTAAT	INDEL;IDV=6;IMF=1;DP=6;VDB=0.000411984;SGB=-0.616816;MQ0F=0;AC=2;AN=2;DP4=0,0,6,0;MQ=60;RB=1,145115641,145116010,GAT,CTA
6	140555437	NA	AATT	A	182	MASKED;GGAAGTCAAATTATTATC	INDEL;IDV=5;IMF=1;DP=5;VDB=0.00187095;SGB=-0.590765;MQ0F=0;AC=2;AN=2;DP4=0,0,0,5;MQ=60;RB=6,140555098,140555554,TTG,AAA
6	103817709	NA	ATATGT	A	182	NEI_IND[5/211];ATTTTTTCATATGTCTGT	INDEL;IDV=5;IMF=1;DP=5;VDB=0.00187095;SGB=-0.590765;MQ0F=0;AC=2;AN=2;DP4=0,0,5,0;MQ=60;RB=6,103817682,103817923,GGC,TGC
1	57389499	NA	GCC	G	46.4146	MASKED;AAGAGACAGCCCACCTTT	INDEL;IDV=7;IMF=1;DP=7;VDB=6.71664e-05;SGB=-0.636426;MQ0F=0;AC=2;AN=2;DP4=0,0,7,0;MQ=60;RB=1,57389430,57390011,CCT,CTT
12	19537750	NA	AG	A	72	MASKED;TTTCCAAAAGGCTGCATG	INDEL;IDV=4;IMF=1;DP=4;VDB=0.0058656;SGB=-0.556411;MQ0F=0;AC=2;AN=2;DP4=0,0,0,4;MQ=60;RB=12,19537335,19537783,ACG,TCC
7	147650505	NA	A	AT	97	NEI_IND[41/492];TAAGAAATACGATTCTCA	INDEL;IDV=11;IMF=1;DP=11;VDB=2.26006e-08;SGB=-0.676189;MQ0F=0;AC=2;AN=2;DP4=0,0,0,11;MQ=60;RB=7,147649904,147650586,GTA,TGT
7	147650539	NA	TA	T	50	MASKED;TGGGTTGATAAGGTGCAG	INDEL;IDV=11;IMF=1;DP=11;VDB=1.33331e-05;SGB=-0.651104;MQ0F=0;AC=2;AN=2;DP4=0,0,0,8;MQ=60;RB=7,147649904,147650586,GTA,TGT
11	36268845	NA	ACTT	A	121	NEI_IND[3/210];TAATTAGCACTTCTTTTT	INDEL;IDV=4;IMF=0.8;DP=4;VDB=0.0221621;SGB=-0.511536;MQ0F=0;AC=2;AN=2;DP4=0,0,0,3;MQ=60;RB=11,36267926,36268960,TAG,CTT
4	177417979	NA	CAT	C	142	MASKED;TGTAAAGACATATATGCA	INDEL;IDV=5;IMF=1;DP=5;VDB=0.00187095;SGB=-0.590765;MQ0F=0;AC=2;AN=2;DP4=0,0,0,5;MQ=60;RB=4,177417721,177418000,ATT,GGC
20	44258874	NA	TTTG	T	225	MASKED;TATGCACATTTGTGAGGA	INDEL;IDV=11;IMF=1;DP=11;VDB=2.26006e-08;SGB=-0.676189;MQ0F=0;AC=2;AN=2;DP4=0,0,11,0;MQ=60;RB=20,44258757,44259563,CTA,TCG
20	9805839	NA	GCT	G	173	PASS;TGGACTGTGCTCTGTGTT	INDEL;IDV=6;IMF=1;DP=6;VDB=0.000411984;SGB=-0.616816;MQ0F=0;AC=2;AN=2;DP4=0,0,6,0;MQ=60;RB=20,9805791,9806056,CGT,GCG
8	143789531	NA	TTCTA	T	225	MASKED;TAGAAGTGTTCTATCTAA	INDEL;IDV=8;IMF=1;DP=8;VDB=2.75158e-05;SGB=-0.651104;MQ0F=0;AC=2;AN=2;DP4=0,0,0,8;MQ=60;RB=8,143788796,143789575,AAC,AAC
9	124264866	NA	CCT	C	209	MASKED;TTCTGGCCCCTCTCTCTC	INDEL;IDV=14;IMF=1;DP=14;VDB=2.26006e-08;SGB=-0.686358;MQ0F=0;AC=2;AN=2;DP4=0,0,0,14;MQ=60;RB=9,124264614,124264927,CTG,GTA
2	195712344	NA	CA	C	142	MASKED;TCAAAAAGCATGTGCAAG	INDEL;IDV=10;IMF=1;DP=10;VDB=6.99472e-07;SGB=-0.670168;MQ0F=0;AC=2;AN=2;DP4=0,0,0,10;MQ=60;RB=2,195711867,195712370,GTA,CTG
14	81423026	NA	TA	T	7.30725	MASKED;AGTTAAGATAAAAAAAAA	INDEL;IDV=5;IMF=1;DP=5;VDB=0.00187095;SGB=-0.590765;MQ0F=0;AC=2;AN=2;DP4=0,0,0,5;MQ=60;RB=14,81422830,81423083,CCG,CCT
13	67376920	NA	CTTTAT	C	225	PASS;AGTTTTCTCTTTATTTTA	INDEL;IDV=19;IMF=1;DP=19;VDB=1.29641e-11;SGB=-0.69168;MQ0F=0;AC=2;AN=2;DP4=0,0,19,0;MQ=60;RB=13,67376866,67377324,AGC,AGT
13	67377236	NA	GA	G	10.7919	NEI_IND[29/376];ATTCCTATGAAAAAAAAA	INDEL;IDV=18;IMF=1;DP=18;VDB=1.29641e-11;SGB=-0.691153;MQ0F=0;AC=2;AN=2;DP4=0,0,0,18;MQ=60;RB=13,67376866,67377324,AGC,AGT
12	69180907	NA	ATTTTCTGGTC	A	225	PASS;ACTGTGTCATTTTCTGGT	INDEL;IDV=10;IMF=1;DP=10;VDB=6.99472e-07;SGB=-0.670168;MQ0F=0;AC=2;AN=2;DP4=0,0,10,0;MQ=60;RB=12,69180807,69181294,TAT,CTG
5	149893739	NA	TG	T	137	MASKED;TGAACAGTTGTGTGATGT	INDEL;IDV=8;IMF=1;DP=8;VDB=1.33331e-05;SGB=-0.651104;MQ0F=0;AC=2;AN=2;DP4=0,0,8,0;MQ=60;RB=5,149893675,149894060,AAT,CAA
6	153862628	NA	TG	T	134	NEI_IND[2/198];GGGCATGGTGGTGGCACG	INDEL;IDV=10;IMF=1;DP=10;VDB=6.99472e-07;SGB=-0.670168;MQ0F=0;AC=2;AN=2;DP4=0,0,0,10;MQ=60;RB=6,153862286,153862701,GCA,TCA
13	43347956	NA	T	TTTGA	224	NEI_IND[20/828];TGTGTCTATTTGATTCTT	INDEL;IDV=7;IMF=1;DP=7;VDB=6.71664e-05;SGB=-0.636426;MQ0F=0;AC=2;AN=2;DP4=0,0,7,0;MQ=60;RB=13,43347868,43348455,GTA,CCT
13	43348408	NA	TG	T	123	MASKED;TTCTAATTTGTTTGCACT	INDEL;IDV=7;IMF=1;DP=7;VDB=6.71664e-05;SGB=-0.636426;MQ0F=0;AC=2;AN=2;DP4=0,0,0,7;MQ=60;RB=13,43347868,43348455,GTA,CCT
7	139998850	NA	CTTTG	C	174	PASS;TGTTTTCTCTTTGTTTGT	INDEL;IDV=5;IMF=1;DP=5;VDB=0.00429937;SGB=-0.590765;MQ0F=0;AC=2;AN=2;DP4=0,0,0,5;MQ=60;RB=7,139998553,139998924,CTG,GGT
X	112992637	NA	GACAATT	G	154	PASS;TGTGTGGAGACAATTTTT	INDEL;IDV=4;IMF=1;DP=4;VDB=0.0058656;SGB=-0.556411;MQ0F=0;AC=2;AN=2;DP4=0,0,0,4;MQ=60;RB=X,112992445,112992700,GAT,TAC
18	41322718	NA	TA	T	139	PASS;ATCTTCCATACTTTTCAT	INDEL;IDV=9;IMF=1;DP=9;VDB=5.52906e-06;SGB=-0.662043;MQ0F=0;AC=2;AN=2;DP4=0,0,9,0;MQ=60;RB=18,41322686,41322958,CGG,ACT
5	84278634	NA	G	GAT	225	PASS;GATAGATAGATAGATAGA	INDEL;IDV=9;IMF=1;DP=9;VDB=5.52906e-06;SGB=-0.662043;MQ0F=0;AC=2;AN=2;DP4=0,0,9,0;MQ=60;RB=5,84278500,84279018,TAC,TTT
3	122589663	NA	CAAT	C	225	MASKED;CATCTCAACAATAATAAT	INDEL;IDV=12;IMF=1;DP=12;VDB=2.26006e-08;SGB=-0.680642;MQ0F=0;AC=2;AN=2;DP4=0,0,12,0;MQ=60;RB=3,122589628,122589943,TCC,CCT
10	19112416	NA	TG	T	116	MASKED;CATTGCAGTGGTTTTTGT	INDEL;IDV=8;IMF=1;DP=8;VDB=1.33331e-05;SGB=-0.651104;MQ0F=0;AC=2;AN=2;DP4=0,0,8,0;MQ=60;RB=10,19112300,19112830,GGG,ACT
13	98974795	NA	TGTCAGTGCTCCTTAGCC	T	225	NEI_IND[6/318];CTCTCACTTGTCAGTGCT	INDEL;IDV=8;IMF=1;DP=8;VDB=1.33331e-05;SGB=-0.651104;MQ0F=0;AC=2;AN=2;DP4=0,0,8,0;MQ=60;RB=13,98974761,98974990,CAT,AGC
12	19548972	NA	CA	C	70	PASS;CAAACAAACAAACAAAAA	INDEL;IDV=4;IMF=1;DP=4;VDB=0.0058656;SGB=-0.556411;MQ0F=0;AC=2;AN=2;DP4=0,0,4,0;MQ=60;RB=12,19548934,19549498,GAA,GTT
2	26913832	NA	AAAAG	A	138	PASS;AAAAAAAAAAAAGAGAGA	INDEL;IDV=15;IMF=0.833333;DP=17;VDB=4.49525e-10;SGB=-0.688148;MQ0F=0;AC=2;AN=2;DP4=0,0,15,0;MQ=60;RB=2,26913738,26914280,CCC,GAT
4	5124092	NA	CTCATTCACTCAT	C	225	MASKED;CTTGTTCACTCATTCACT	INDEL;IDV=8;IMF=1;DP=8;VDB=1.33331e-05;SGB=-0.651104;MQ0F=0;AC=2;AN=2;DP4=0,0,8,0;MQ=60;RB=4,5124032,5124462,GAA,CTA
12	125928502	NA	T	TTA	189	PASS;GTGGTAATTTATTAAAGT	INDEL;IDV=6;IMF=1;DP=6;VDB=0.000411984;SGB=-0.616816;MQ0F=0;AC=2;AN=2;DP4=0,0,6,0;MQ=60;RB=12,125928433,125928729,GGA,CAG
4	177417979	NA	CAT	C	199	MASKED;TGTAAAGACATATATGCA	INDEL;IDV=9;IMF=1;DP=9;VDB=5.52906e-06;SGB=-0.662043;MQ0F=0;AC=2;AN=2;DP4=0,0,0,9;MQ=60;RB=4,177417721,177418000,GAT,CTC
10	1479444	NA	TATACAC	T	225	MASKED;CACATATATATACACACA	INDEL;IDV=8;IMF=1;DP=8;VDB=1.33331e-05;SGB=-0.651104;MQ0F=0;AC=2;AN=2;DP4=0,0,0,8;MQ=60;RB=10,1479238,1479564,TCT,AAT
6	48785915	NA	TAGAC	T	205	PASS;TAGCTAGATAGACAGACA	INDEL;IDV=6;IMF=1;DP=6;VDB=0.000411984;SGB=-0.616816;MQ0F=0;AC=2;AN=2;DP4=0,0,0,6;MQ=60;RB=6,48785618,48785950,AAT,CTC
3	74124709	NA	G	GTAAGC	182	PASS;GTTTATCCGTAAGCCAAG	INDEL;IDV=5;IMF=1;DP=5;VDB=0.00187095;SGB=-0.590765;MQ0F=0;AC=2;AN=2;DP4=0,0,0,5;MQ=60;RB=3,74124492,74124825,TGA,GAG
3	96991141	NA	CGTGTGTGTGTGTGT	C	192	MASKED;TTCCATTTCGTGTGTGTG	INDEL;IDV=8;IMF=1;DP=8;VDB=1.92178e-05;SGB=-0.651104;MQ0F=0;AC=2;AN=2;DP4=0,0,0,8;MQ=60;RB=3,96990702,96991232,ACT,ATG
5	116918696	NA	GA	G	150	MASKED;GTTCTAACGAGATCTGAG	INDEL;IDV=10;IMF=1;DP=10;VDB=6.99472e-07;SGB=-0.670168;MQ0F=0;AC=2;AN=2;DP4=0,0,10,0;MQ=60;RB=5,116918634,116919121,AAC,GCC
2	1007448	NA	TTAA	T	205	MASKED;ATTGGACTTTAATCAATT	INDEL;IDV=6;IMF=1;DP=6;VDB=0.000411984;SGB=-0.616816;MQ0F=0;AC=2;AN=2;DP4=0,0,6,0;MQ=60;RB=2,1007425,1008022,CTT,AGC
7	120017228	NA	AAAGT	A	224	PASS;TAAAGCTGAAAGTAATAA	INDEL;IDV=7;IMF=1;DP=7;VDB=6.71664e-05;SGB=-0.636426;MQ0F=0;AC=2;AN=2;DP4=0,0,0,7;MQ=60;RB=7,120017068,120017308,TCG,ACA
5	80447726	NA	TTATAATGC	T	224	PASS;CACAATGATTATAATGCT	INDEL;IDV=7;IMF=1;DP=7;VDB=6.71664e-05;SGB=-0.636426;MQ0F=0;AC=2;AN=2;DP4=0,0,0,7;MQ=60;RB=5,80447126,80447749,AAT,GGT
13	106387584	NA	CT	C	18.4763	MASKED;ACCTTAGTCTTTTTTTTG	INDEL;IDV=9;IMF=1;DP=9;VDB=5.52906e-06;SGB=-0.662043;MQ0F=0;AC=2;AN=2;DP4=0,0,0,9;MQ=60;RB=13,106387332,106387624,TCT,ACT
6	85292204	NA	TGA	T	199	MASKED;TAAATCAGTGAGAGAGAG	INDEL;IDV=13;IMF=1;DP=13;VDB=2.7432e-08;SGB=-0.683931;MQ0F=0;AC=2;AN=2;DP4=0,0,0,13;MQ=60;RB=6,85291827,85292256,CTG,CCG
3	56991230	NA	CA	C	105	PASS;TCAGAAGTCAACACATTT	INDEL;IDV=6;IMF=1;DP=6;VDB=0.000411984;SGB=-0.616816;MQ0F=0;AC=2;AN=2;DP4=0,0,6,0;MQ=60;RB=3,56991198,56991439,CTA,GTT
5	95923900	NA	CTTTTTTTTTT	CTT,C	82	NEI_IND[93/195];CTTTCTTTCTTTTTTTTT	INDEL;IDV=8;IMF=1;DP=8;VDB=2.02372e-05;SGB=-0.651104;MQ0F=0;AC=1,1;AN=2;DP4=0,0,0,8;MQ=60;RB=5,95923642,95923956,ATC,TTG
7	3355035	NA	TTGAG	T	225	NEI_IND[4/272];ACTGATCTTTGAGTGCAC	INDEL;IDV=9;IMF=1;DP=9;VDB=5.52906e-06;SGB=-0.662043;MQ0F=0;AC=2;AN=2;DP4=0,0,0,9;MQ=60;RB=7,3354298,3355145,AGA,GAC
X	150689489	NA	ATACAAGGTTT	A	205	PASS;GAGTGAATATACAAGGTT	INDEL;IDV=6;IMF=1;DP=6;VDB=0.000411984;SGB=-0.616816;MQ0F=0;AC=2;AN=2;DP4=0,0,6,0;MQ=60;RB=X,150689437,150689678,TAG,AGT
7	143032365	NA	GC	G	122	MASKED;ACCTGTATGCCACAATTA	INDEL;IDV=8;IMF=1;DP=8;VDB=1.33331e-05;SGB=-0.651104;MQ0F=0;AC=2;AN=2;DP4=0,0,0,8;MQ=60;RB=7,143031879,143032472,TGA,CCT
7	126011352	NA	AAG	A	199	NEI_IND[34/314];AAGAGAGAAAGAGAGAGA	INDEL;IDV=11;IMF=1;DP=11;VDB=2.26006e-08;SGB=-0.676189;MQ0F=0;AC=2;AN=2;DP4=0,0,11,0;MQ=60;RB=7,126011250,126011805,ATC,CCT
7	126011692	NA	CAATT	C	225	NEI_IND[4/280];AGGGCTCACAATTAAAGC	INDEL;IDV=11;IMF=1;DP=11;VDB=4.42314e-08;SGB=-0.676189;MQ0F=0;AC=2;AN=2;DP4=0,0,0,11;MQ=60;RB=7,126011250,126011805,ATC,CCT
4	142670253	NA	GAAAC	G	225	MASKED;TCTGCACAGAAACAAACA	INDEL;IDV=9;IMF=1;DP=9;VDB=5.52906e-06;SGB=-0.662043;MQ0F=0;AC=2;AN=2;DP4=0,0,9,0;MQ=60;RB=4,142670197,142670529,GAA,CTG
4	142670403	NA	G	GA	5.42541	NEI_IND[87/1098];GTTTATAAGAAAAAAAAA	INDEL;IDV=7;IMF=0.777778;DP=9;VDB=7.55993e-06;SGB=-0.651104;MQ0F=0;AC=2;AN=2;DP4=0,1,0,8;MQ=60;RB=4,142670197,142670529,GAA,CTG
14	57507564	NA	AG	A	127	PASS;AGAAAAGTAGGTTTGCAG	INDEL;IDV=10;IMF=1;DP=10;VDB=6.99472e-07;SGB=-0.670168;MQ0F=0;AC=2;AN=2;DP4=0,0,0,10;MQ=60;RB=14,57507073,57507574,TCA,CCT
1	220746656	NA	CTTTG	C	225	PASS;CATAGAGGCTTTGTTTAT	INDEL;IDV=8;IMF=1;DP=8;VDB=1.33331e-05;SGB=-0.651104;MQ0F=0;AC=2;AN=2;DP4=0,0,0,8;MQ=60;RB=1,220746426,220746717,TTA,TCA
2	28683196	NA	AT	A	66	MASKED;TGTCCATAATTTTTTTCA	INDEL;IDV=10;IMF=1;DP=10;VDB=0.999659;SGB=-0.670168;MQSB=0.952347;MQ0F=0;AC=2;AN=2;DP4=0,0,5,5;MQ=60;RB=2,28683062,28683315,GAT,AAT
20	19094995	NA	CTT	C	198	PASS;AGGCCACTCTTGACTGGT	INDEL;IDV=13;IMF=0.928571;DP=14;VDB=6.71664e-05;SGB=-0.636426;MQ0F=0;AC=2;AN=2;DP4=0,0,7,0;MQ=60;RB=20,19094908,19095126,TAT,GTG
5	172722633	NA	AAAAAG	A	207	MASKED;TAATAAAAAAAAAGAAAA	INDEL;IDV=7;IMF=1;DP=7;VDB=6.71664e-05;SGB=-0.636426;MQ0F=0;AC=2;AN=2;DP4=0,0,7,0;MQ=60;RB=5,172722594,172723195,CTG,AAT
18	66912826	NA	GC	G	148	MASKED;TTGGATCAGCATTTTGCA	INDEL;IDV=11;IMF=1;DP=11;VDB=2.26006e-08;SGB=-0.676189;MQ0F=0;AC=2;AN=2;DP4=0,0,0,11;MQ=60;RB=18,66912397,66912840,TGA,TGA
15	53931255	NA	GA	G	132	PASS;CATCTCCTGACATCTTTG	INDEL;IDV=8;IMF=1;DP=8;VDB=1.33331e-05;SGB=-0.651104;MQ0F=0;AC=2;AN=2;DP4=0,0,8,0;MQ=60;RB=15,53931217,53931511,CTC,TAA
17	8442975	NA	G	GT	169	PASS;GTGTGACCGTATCACTGT	INDEL;IDV=12;IMF=1;DP=12;VDB=2.26006e-08;SGB=-0.680642;MQ0F=0;AC=2;AN=2;DP4=0,0,12,0;MQ=60;RB=17,8442879,8443367,CGT,GTT
4	95258094	NA	GTGTTTCGTTT	G	182	MASKED;TCTATTTGGTGTTTCGTT	INDEL;IDV=5;IMF=1;DP=5;VDB=0.00187095;SGB=-0.590765;MQ0F=0;AC=2;AN=2;DP4=0,0,0,5;MQ=60;RB=4,95257664,95258167,TTA,CGT
X	5896757	NA	TA	T	86	PASS;TATAGTTGTAAAAGTATA	INDEL;IDV=11;IMF=1;DP=11;VDB=2.26006e-08;SGB=-0.676189;MQ0F=0;AC=2;AN=2;DP4=0,0,0,11;MQ=60;RB=X,5896599,5896880,CTG,CTC
4	116013781	NA	TC	T	113	PASS;CTGTATTTTCTGCAAAGG	INDEL;IDV=6;IMF=1;DP=6;VDB=0.000411984;SGB=-0.616816;MQ0F=0;AC=2;AN=2;DP4=0,0,0,6;MQ=60;RB=4,116013403,116013809,ATA,CCT
17	11216572	NA	AG	A	128	MASKED;CCAATCTGAGTTTTAAAA	INDEL;IDV=7;IMF=1;DP=7;VDB=6.71664e-05;SGB=-0.636426;MQ0F=0;AC=2;AN=2;DP4=0,0,7,0;MQ=60;RB=17,11216514,11216842,TTG,GGC
7	28597557	NA	CA	C	169	MASKED;TATTGCACCAGGGACCCC	INDEL;IDV=16;IMF=1;DP=16;VDB=1.29641e-11;SGB=-0.689466;MQ0F=0;AC=2;AN=2;DP4=0,0,16,0;MQ=60;RB=7,28597495,28597806,TAC,TCT
12	86344855	NA	ATTGT	A	225	PASS;TTATTGAAATTGTTTGTC	INDEL;IDV=14;IMF=1;DP=14;VDB=2.26006e-08;SGB=-0.686358;MQ0F=0;AC=2;AN=2;DP4=0,0,14,0;MQ=60;RB=12,86344812,86345457,TGG,GTG
4	116231921	NA	CATAG	C	224	PASS;GATTTTTTCATAGATATT	INDEL;IDV=7;IMF=1;DP=7;VDB=6.71664e-05;SGB=-0.636426;MQ0F=0;AC=2;AN=2;DP4=0,0,7,0;MQ=60;RB=4,116231899,116232296,TAT,TTT
20	33562176	NA	TCTTA	T	225	MASKED;AGTCAGTATCTTACTTAA	INDEL;IDV=11;IMF=1;DP=11;VDB=2.26006e-08;SGB=-0.676189;MQ0F=0;AC=2;AN=2;DP4=0,0,0,11;MQ=60;RB=20,33561808,33562208,GTA,AAC
15	52332711	NA	TTACTTC	T	225	PASS;TATGGCCCTTACTTCAAA	INDEL;IDV=8;IMF=1;DP=8;VDB=1.33331e-05;SGB=-0.651104;MQ0F=0;AC=2;AN=2;DP4=0,0,0,8;MQ=60;RB=15,52332287,52332833,GAT,GGA
2	38984500	NA	ATTAT	A	225	MASKED;TTATTATTATTATTTATT	INDEL;IDV=10;IMF=1;DP=10;VDB=6.99472e-07;SGB=-0.670168;MQ0F=0;AC=2;AN=2;DP4=0,0,0,10;MQ=60;RB=2,38984190,38984558,CTT,CGG
3	35740944	NA	TAAC	T	145	PASS;AATAATAATAACATGTTT	INDEL;IDV=4;IMF=1;DP=4;VDB=0.0058656;SGB=-0.556411;MQ0F=0;AC=2;AN=2;DP4=0,0,0,4;MQ=60;RB=3,35740774,35741003,CTG,ATG
17	40687667	NA	TGTTA	T	225	MASKED;TCCTAGCCTGTTAGTTAC	INDEL;IDV=11;IMF=1;DP=11;VDB=2.26006e-08;SGB=-0.676189;MQ0F=0;AC=2;AN=2;DP4=0,0,0,11;MQ=60;RB=17,40687378,40687718,AAA,AAT
4	176708057	NA	CTAAACTTTATTCT	C	225	PASS;GAACAAGGCTAAACTTTA	INDEL;IDV=10;IMF=1;DP=10;VDB=6.99472e-07;SGB=-0.670168;MQ0F=0;AC=2;AN=2;DP4=0,0,10,0;MQ=60;RB=4,176707945,176708405,CTC,CGT
13	36859721	NA	AAGAT	A	225	NEI_IND[13/396];AATAAAATAAGATAGATA	INDEL;IDV=13;IMF=1;DP=13;VDB=2.26006e-08;SGB=-0.683931;MQ0F=0;AC=2;AN=2;DP4=0,0,13,0;MQ=60;RB=13,36859629,36860145,TTT,GTA
8	63408025	NA	CA	C	66	PASS;CTTTTTATCAAGAAATTT	INDEL;IDV=4;IMF=1;DP=4;VDB=0.00671048;SGB=-0.556411;MQ0F=0;AC=2;AN=2;DP4=0,0,4,0;MQ=60;RB=8,63407993,63408677,AAA,TTG
4	178104640	NA	TA	T	28.4205	MASKED;TAGATGAATAAAAAAATG	INDEL;IDV=10;IMF=1;DP=10;VDB=6.99472e-07;SGB=-0.670168;MQ0F=0;AC=2;AN=2;DP4=0,0,0,10;MQ=60;RB=4,178104390,178104701,GAG,AAT
3	62918386	NA	CTCT	C	225	MASKED;TCAGGCAGCTCTTCTTAT	INDEL;IDV=9;IMF=1;DP=9;VDB=5.52906e-06;SGB=-0.662043;MQ0F=0;AC=2;AN=2;DP4=0,0,0,9;MQ=60;RB=3,62918121,62918474,TGG,CTG
14	89579833	NA	TTGAG	T	224	MASKED;AACATTTATTGAGTGTTT	INDEL;IDV=7;IMF=1;DP=7;VDB=6.71664e-05;SGB=-0.636426;MQ0F=0;AC=2;AN=2;DP4=0,0,0,7;MQ=60;RB=14,89579436,89579872,TCC,ACA
5	103474364	NA	TAAAC	T	182	NEI_IND[4/330];TATCAACTTAAACAAAAT	INDEL;IDV=5;IMF=1;DP=5;VDB=0.00187095;SGB=-0.590765;MQ0F=0;AC=2;AN=2;DP4=0,0,5,0;MQ=60;RB=5,103474324,103474532,AGA,CCT
7	21341877	NA	GCTTTTGT	G	225	NEI_IND[6/210];ATTGCAATGCTTTTGTCT	INDEL;IDV=9;IMF=1;DP=9;VDB=5.52906e-06;SGB=-0.662043;MQ0F=0;AC=2;AN=2;DP4=0,0,9,0;MQ=60;RB=7,21341815,21342100,TAG,GTA
18	38880736	NA	G	GA	18.4763	PASS;GAGTAGGGGAAAAAAAAG	INDEL;IDV=10;IMF=1;DP=10;VDB=6.99472e-07;SGB=-0.670168;MQ0F=0;AC=2;AN=2;DP4=0,0,10,0;MQ=60;RB=18,38880696,38881076,CAT,CTA
16	23244158	NA	AAC	A	223	PASS;GGAACTGTAACAGTCAAT	INDEL;IDV=10;IMF=1;DP=10;VDB=6.99472e-07;SGB=-0.670168;MQ0F=0;AC=2;AN=2;DP4=0,0,10,0;MQ=60;RB=16,23244053,23244361,TAG,GCT
13	53196579	NA	GTATTA	G	225	PASS;CTGTAATTGTATTATATT	INDEL;IDV=8;IMF=1;DP=8;VDB=1.33331e-05;SGB=-0.651104;MQ0F=0;AC=2;AN=2;DP4=0,0,8,0;MQ=60;RB=13,53196473,53196948,TTG,TTT
20	12928022	NA	AT	A	32.4168	MASKED;GTTTGGCCATTTTTTGCA	INDEL;IDV=6;IMF=1;DP=6;VDB=0.000411984;SGB=-0.616816;MQ0F=0;AC=2;AN=2;DP4=0,0,0,6;MQ=60;RB=20,12927777,12928056,TAT,CTT
21	39646345	NA	GA	G	63	MASKED;TGTCTGTGGAAAATGCAC	INDEL;IDV=6;IMF=1;DP=6;VDB=0.000411984;SGB=-0.616816;MQ0F=0;AC=2;AN=2;DP4=0,0,0,6;MQ=60;RB=21,39646065,39646364,TCT,CAT
6	118284985	NA	TGGGATACATGTGCA	T	224	MASKED;TTAAGTTCTGGGATACAT	INDEL;IDV=7;IMF=1;DP=7;VDB=6.71664e-05;SGB=-0.636426;MQ0F=0;AC=2;AN=2;DP4=0,0,0,7;MQ=60;RB=6,118284530,118285060,CTA,GTC
17	11216572	NA	AG	A	141	MASKED;CCAATCTGAGTTTTAAAA	INDEL;IDV=9;IMF=1;DP=9;VDB=5.52906e-06;SGB=-0.662043;MQ0F=0;AC=2;AN=2;DP4=0,0,9,0;MQ=60;RB=17,11216499,11217071,GCG,TCG
11	96265993	NA	AT	A	27.4221	MASKED;TGGGAAACATTTTTTTGC	INDEL;IDV=9;IMF=1;DP=9;VDB=5.52906e-06;SGB=-0.662043;MQ0F=0;AC=2;AN=2;DP4=0,0,0,9;MQ=60;RB=11,96265710,96266008,GCT,CTT
10	72997304	NA	GT	G	167	MASKED;TAAGAGCAGTGAGACGTC	INDEL;IDV=16;IMF=1;DP=16;VDB=1.29641e-11;SGB=-0.689466;MQ0F=0;AC=2;AN=2;DP4=0,0,0,16;MQ=60;RB=10,72996943,72997362,CTA,AGT
13	98974795	NA	TGTCAGTGCTCCTTAGCC	T	205	NEI_IND[6/318];CTCTCACTTGTCAGTGCT	INDEL;IDV=6;IMF=1;DP=6;VDB=0.000411984;SGB=-0.616816;MQ0F=0;AC=2;AN=2;DP4=0,0,6,0;MQ=60;RB=13,98974762,98974991,ATG,TTT
1	48813108	NA	TAA	T	216	PASS;TACACATATAATATATAT	INDEL;IDV=8;IMF=1;DP=8;VDB=1.33331e-05;SGB=-0.651104;MQ0F=0;AC=2;AN=2;DP4=0,0,8,0;MQ=60;RB=1,48813093,48813519,GTT,CTT
19	6370630	NA	A	AT	134	PASS;CATTGTGGATGTCACTGG	INDEL;IDV=7;IMF=1;DP=7;VDB=6.71664e-05;SGB=-0.636426;MQ0F=0;AC=2;AN=2;DP4=0,0,7,0;MQ=60;RB=19,6370513,6370825,CCG,GTA
11	25799694	NA	TAC	T	144	MASKED;CATACACATACACACACA	INDEL;IDV=6;IMF=1;DP=6;VDB=0.000411984;SGB=-0.616816;MQ0F=0;AC=2;AN=2;DP4=0,0,0,6;MQ=60;RB=11,25799268,25799823,TAA,CGA
4	13677804	NA	G	GGT	175	PASS;TATTCCATGGTGTGTGTG	INDEL;IDV=5;IMF=1;DP=5;VDB=0.00187095;SGB=-0.590765;MQ0F=0;AC=2;AN=2;DP4=0,0,5,0;MQ=60;RB=4,13677761,13678028,ATG,GGG
4	41657291	NA	AAG	A	137	PASS;TATTTAAAAAGAAGTATA	INDEL;IDV=7;IMF=1;DP=7;VDB=6.71664e-05;SGB=-0.636426;MQ0F=0;AC=2;AN=2;DP4=0,0,0,7;MQ=60;RB=4,41656603,41657416,CTG,ATA
13	49188558	NA	TCATG	T	225	PASS;ATCCAGGGTCATGAAGAT	INDEL;IDV=8;IMF=1;DP=8;VDB=1.33331e-05;SGB=-0.651104;MQ0F=0;AC=2;AN=2;DP4=0,0,0,8;MQ=60;RB=13,49188243,49188685,CCG,GCT
12	131173611	NA	CTGAT	C	225	PASS;CAGAAACACTGATTGATA	INDEL;IDV=9;IMF=1;DP=9;VDB=5.52906e-06;SGB=-0.662043;MQ0F=0;AC=2;AN=2;DP4=0,0,0,9;MQ=60;RB=12,131173395,131173680,ATT,AAT
2	208469213	NA	ATCTT	A	154	NEI_IND[4/200];TTCTCCACATCTTTCTTA	INDEL;IDV=4;IMF=1;DP=4;VDB=0.0058656;SGB=-0.556411;MQ0F=0;AC=2;AN=2;DP4=0,0,0,4;MQ=60;RB=2,208469041,208469327,GGG,CGC
3	33613306	NA	AAAC	A	182	PASS;AAAAACAGAAACAACAAC	INDEL;IDV=5;IMF=1;DP=5;VDB=0.00187095;SGB=-0.590765;MQ0F=0;AC=2;AN=2;DP4=0,0,5,0;MQ=60;RB=3,33613262,33613791,GCG,AGC
5	105211469	NA	TAGTC	T	225	MASKED;CATGATAGTAGTCAGTCT	INDEL;IDV=11;IMF=1;DP=11;VDB=2.26006e-08;SGB=-0.676189;MQ0F=0;AC=2;AN=2;DP4=0,0,11,0;MQ=60;RB=5,105211426,105211916,CTG,TTT
1	190825832	NA	ATAAG	A	154	MASKED;TCCCACTTATAAGTAAGA	INDEL;IDV=4;IMF=1;DP=4;VDB=0.0058656;SGB=-0.556411;MQ0F=0;AC=2;AN=2;DP4=0,0,0,4;MQ=60;RB=1,190825400,190825877,GAT,CGA
2	148198044	NA	TATAGATAGATAG	T	126	NEI_IND[6/426];GATGATGATATAGATAGA	INDEL;IDV=6;IMF=1;DP=6;VDB=0.000878341;SGB=-0.616816;MQ0F=0;AC=2;AN=2;DP4=0,0,0,6;MQ=60;RB=2,148197438,148198148,ATA,GAC
2	137436173	NA	ATATATATAAATT	A	225	NEI_IND[194/394];ATATATATATATATATAA	INDEL;IDV=8;IMF=1;DP=8;VDB=1.33331e-05;SGB=-0.651104;MQ0F=0;AC=2;AN=2;DP4=0,0,0,8;MQ=60;RB=2,137435861,137436235,CGA,TAT
7	38478133	NA	C	CATG	88	MASKED;TGCAAGTTCTCCATAAAA	INDEL;IDV=14;IMF=1;DP=14;VDB=2.26006e-08;SGB=-0.680642;MQ0F=0;AC=2;AN=2;DP4=0,0,12,0;MQ=60;RB=7,38478107,38478428,GTT,TCC
6	39919731	NA	AT	A	159	PASS;TCCATTTTATCTTAATCC	INDEL;IDV=12;IMF=1;DP=12;VDB=2.26006e-08;SGB=-0.680642;MQ0F=0;AC=2;AN=2;DP4=0,0,12,0;MQ=60;RB=6,39919651,39920065,GGT,TAT
