CHROM	POS	ID	REF	ALT	QUAL	FILTER	INFO
10	92161221	NA	CCAAA	C	225	PASS;AAATCAAACCAAACAAAT	INDEL;IDV=10;IMF=1;DP=10;VDB=6.99472e-07;SGB=-0.670168;MQ0F=0;AC=2;AN=2;DP4=0,0,10,0;MQ=60;RB=10,92161104,92161462,ACT,AAT
11	112965405	NA	CTA	C	169	PASS;TCTGGGGTCTATTTTTCA	INDEL;IDV=6;IMF=1;DP=6;VDB=0.000411984;SGB=-0.616816;MQ0F=0;AC=2;AN=2;DP4=0,0,6,0;MQ=60;RB=11,112965272,112965634,CTA,GTA
8	133814017	NA	CATAAAA	C	225	MASKED;GAACTCAACATAAAAATA	INDEL;IDV=9;IMF=1;DP=9;VDB=5.52906e-06;SGB=-0.662043;MQ0F=0;AC=2;AN=2;DP4=0,0,0,9;MQ=60;RB=8,133813723,133814078,AGG,GCC
20	57863304	NA	CCTT	C	154	MASKED;GAAGACCTCCTTCTTTGC	INDEL;IDV=4;IMF=1;DP=4;VDB=0.0058656;SGB=-0.556411;MQ0F=0;AC=2;AN=2;DP4=0,0,0,4;MQ=60;RB=20,57862953,57863429,CAT,ATT
1	77427795	NA	C	CT	97	PASS;AAGTGATTCTTTGGTAAT	INDEL;IDV=6;IMF=1;DP=6;VDB=0.000411984;SGB=-0.616816;MQ0F=0;AC=2;AN=2;DP4=0,0,6,0;MQ=60;RB=1,77427679,77428178,TCT,GAC
8	5272734	NA	T	TCAC	224	PASS;AGTTTGCATCACCATCAC	INDEL;IDV=7;IMF=1;DP=7;VDB=6.71664e-05;SGB=-0.636426;MQ0F=0;AC=2;AN=2;DP4=0,0,7,0;MQ=60;RB=8,5272661,5273155,CAT,TGC
13	78869705	NA	TG	T	77	PASS;ATTTTACCTGGGGCAGTT	INDEL;IDV=16;IMF=1;DP=16;VDB=1.33331e-05;SGB=-0.651104;MQ0F=0;AC=2;AN=2;DP4=0,0,8,0;MQ=60;RB=13,78869591,78869803,TTT,CCG
21	45394099	NA	TTATC	T	205	MASKED;CATATAAATTATCTATGT	INDEL;IDV=6;IMF=1;DP=6;VDB=0.000411984;SGB=-0.616816;MQ0F=0;AC=2;AN=2;DP4=0,0,6,0;MQ=60;RB=21,45394081,45394344,TGT,ATT
2	191751655	NA	AAAAAG	A	81	PASS;AAAAAAAAAAAAAGAAAG	INDEL;IDV=6;IMF=0.857143;DP=7;VDB=0.000411984;SGB=-0.616816;MQ0F=0;AC=2;AN=2;DP4=0,0,6,0;MQ=60;RB=2,191751609,191751989,GTG,CAG
13	89067532	NA	CT	C	75	MASKED;AAGATAACCTTCTTGCAG	INDEL;IDV=4;IMF=1;DP=4;VDB=0.0058656;SGB=-0.556411;MQ0F=0;AC=2;AN=2;DP4=0,0,0,4;MQ=60;RB=13,89067333,89067641,AGA,ATT
11	55851379	NA	CAT	C	141	MASKED;CATGCACACATGTGAACA	INDEL;IDV=4;IMF=1;DP=4;VDB=0.0058656;SGB=-0.556411;MQ0F=0;AC=2;AN=2;DP4=0,0,4,0;MQ=60;RB=11,55851347,55851680,ACG,ATA
1	32518614	NA	TGTG	T	180	MASKED;AAGCTAGATGTGGTGGTG	INDEL;IDV=5;IMF=1;DP=5;VDB=0.00187095;SGB=-0.590765;MQ0F=0;AC=2;AN=2;DP4=0,0,0,5;MQ=60;RB=1,32518383,32518691,TTA,TGT
2	152416537	NA	GAGTT	G	154	PASS;GGCATAAAGAGTTAGAGG	INDEL;IDV=4;IMF=1;DP=4;VDB=0.0058656;SGB=-0.556411;MQ0F=0;AC=2;AN=2;DP4=0,0,4,0;MQ=60;RB=2,152416427,152416887,GGA,ACG
5	24527258	NA	TTATGTTTTGTGTATA	T	182	PASS;GTACACATTTATGTTTTG	INDEL;IDV=5;IMF=1;DP=5;VDB=0.00187095;SGB=-0.590765;MQ0F=0;AC=2;AN=2;DP4=0,0,5,0;MQ=60;RB=5,24527229,24527588,ACT,CGT
18	30935160	NA	GT	G	144	PASS;ATTTTAATGTGAAATAAA	INDEL;IDV=9;IMF=1;DP=9;VDB=5.52906e-06;SGB=-0.662043;MQ0F=0;AC=2;AN=2;DP4=0,0,9,0;MQ=60;RB=18,30935113,30935472,GCT,TCT
5	97477725	NA	ATAC	A	225	MASKED;AGTTATAAATACTACTTA	INDEL;IDV=9;IMF=1;DP=9;VDB=5.52906e-06;SGB=-0.662043;MQ0F=0;AC=2;AN=2;DP4=0,0,0,9;MQ=60;RB=5,97477346,97477747,CCC,GAT
5	135245870	NA	CCTT	C	215	PASS;CAGTGTATCCTTCTAAGG	INDEL;IDV=7;IMF=1;DP=7;VDB=6.71664e-05;SGB=-0.636426;MQ0F=0;AC=2;AN=2;DP4=0,0,7,0;MQ=60;RB=5,135245741,135246058,TCG,CGC
3	47189749	NA	TAGTTGGG	T	182	PASS;CTCCCAAGTAGTTGGGAT	INDEL;IDV=5;IMF=1;DP=5;VDB=0.00187095;SGB=-0.590765;MQ0F=0;AC=2;AN=2;DP4=0,0,5,0;MQ=60;RB=3,47189702,47190107,ACG,TTG
11	59999442	NA	TTAAAGA	T	205	MASKED;ATGAAAAGTTAAAGATAA	INDEL;IDV=6;IMF=1;DP=6;VDB=0.000411984;SGB=-0.616816;MQ0F=0;AC=2;AN=2;DP4=0,0,0,6;MQ=60;RB=11,59999166,59999475,TAA,ACC
2	105682405	NA	AAAAGAAAAAG	A	154	NEI_IND[6/246];TGTAAAAGAAAAGAAAAA	INDEL;IDV=4;IMF=1;DP=4;VDB=0.0058656;SGB=-0.556411;MQ0F=0;AC=2;AN=2;DP4=0,0,0,4;MQ=60;RB=2,105682150,105682460,ACA,CAT
5	99510520	NA	TCTAA	T	205	MASKED;TATTGTACTCTAACTATA	INDEL;IDV=6;IMF=1;DP=6;VDB=0.000411984;SGB=-0.616816;MQ0F=0;AC=2;AN=2;DP4=0,0,0,6;MQ=60;RB=5,99510285,99510534,TCA,TTG
10	77343857	NA	TTACTC	T	182	PASS;TTCAGACTTTACTCTAAG	INDEL;IDV=6;IMF=1;DP=6;VDB=0.00187095;SGB=-0.590765;MQ0F=0;AC=2;AN=2;DP4=0,0,0,5;MQ=60;RB=10,77343536,77343983,AAT,CTT
X	73187371	NA	CAT	C	192	MASKED;TGTATACACATACACACG	INDEL;IDV=7;IMF=1;DP=7;VDB=6.71664e-05;SGB=-0.636426;MQ0F=0;AC=2;AN=2;DP4=0,0,0,7;MQ=60;RB=X,73187042,73187455,ATG,CCC
12	117892684	NA	GA	G	44.4146	MASKED;ACAGGAATGAAAAATGCA	INDEL;IDV=7;IMF=1;DP=7;VDB=0.000411984;SGB=-0.616816;MQ0F=0;AC=2;AN=2;DP4=0,0,0,6;MQ=60;RB=12,117892358,117892757,AAC,TTT
2	206820080	NA	GGTGCAGTGAGC	G	225	PASS;GGGTTGAGGGTGCAGTGA	INDEL;IDV=9;IMF=1;DP=9;VDB=5.52906e-06;SGB=-0.662043;MQ0F=0;AC=2;AN=2;DP4=0,0,0,9;MQ=60;RB=2,206819662,206820128,CGT,AGT
12	115341585	NA	CTG	C	146	MASKED;GTGTGAGACTGTGTGTGC	INDEL;IDV=6;IMF=1;DP=6;VDB=0.000411984;SGB=-0.616816;MQ0F=0;AC=2;AN=2;DP4=0,0,0,6;MQ=60;RB=12,115340926,115341717,AAC,CCT
12	115341669	NA	A	AGT	204	NEI_IND[1/36];AGAATGTGAGTGTGTGAG	INDEL;IDV=6;IMF=1;DP=6;VDB=0.000411984;SGB=-0.616816;MQ0F=0;AC=2;AN=2;DP4=0,0,0,6;MQ=60;RB=12,115340926,115341717,AAC,CCT
2	118626453	NA	TTGAC	T	154	MASKED;GTGTCACATTGACTGATT	INDEL;IDV=4;IMF=1;DP=4;VDB=0.0058656;SGB=-0.556411;MQ0F=0;AC=2;AN=2;DP4=0,0,0,4;MQ=60;RB=2,118626040,118626572,TGA,CTC
10	61654313	NA	GCAGA	G	225	MASKED;GGCATACAGCAGACACTC	INDEL;IDV=8;IMF=1;DP=8;VDB=1.33331e-05;SGB=-0.651104;MQ0F=0;AC=2;AN=2;DP4=0,0,0,8;MQ=60;RB=10,61653930,61654399,ACT,CAG
18	25330928	NA	CAAAG	C	224	PASS;AAGTTTGACAAAGAAAAG	INDEL;IDV=7;IMF=1;DP=7;VDB=6.71664e-05;SGB=-0.636426;MQ0F=0;AC=2;AN=2;DP4=0,0,0,7;MQ=60;RB=18,25330718,25331001,TCG,CCC
12	127763631	NA	ACGCGCG	A	225	NEI_IND[7/612];ACACACACACGCGCGCGC	INDEL;IDV=9;IMF=1;DP=9;VDB=5.52906e-06;SGB=-0.662043;MQ0F=0;AC=2;AN=2;DP4=0,0,9,0;MQ=60;RB=12,127763506,127763984,CTA,TTT
2	50356143	NA	A	ATAAC	182	PASS;ATAAATAAATAAATAAAT	INDEL;IDV=5;IMF=1;DP=5;VDB=0.00187095;SGB=-0.590765;MQ0F=0;AC=2;AN=2;DP4=0,0,5,0;MQ=60;RB=2,50356088,50356362,GGC,GCT
17	43288193	NA	CTTT	C	56	MASKED;GGATATATCTTTTTTTTT	INDEL;IDV=9;IMF=1;DP=9;VDB=5.52906e-06;SGB=-0.662043;MQ0F=0;AC=2;AN=2;DP4=0,0,0,9;MQ=60;RB=17,43287898,43288241,GTA,CTG
8	105319948	NA	AC	A	90	MASKED;TGTGGCCGACCTTGCATC	INDEL;IDV=6;IMF=1;DP=6;VDB=0.00187095;SGB=-0.590765;MQ0F=0;AC=2;AN=2;DP4=0,0,0,5;MQ=60;RB=8,105319652,105320012,GTT,CAT
6	126112084	NA	CT	C	137	MASKED;GTCCTCCCCTGACCCCTC	INDEL;IDV=8;IMF=1;DP=8;VDB=1.33331e-05;SGB=-0.651104;MQ0F=0;AC=2;AN=2;DP4=0,0,0,8;MQ=60;RB=6,126111850,126112156,TTG,TAT
2	152762996	NA	TACTC	T	224	PASS;AGAGCAGTTACTCTATCT	INDEL;IDV=7;IMF=1;DP=7;VDB=6.71664e-05;SGB=-0.636426;MQ0F=0;AC=2;AN=2;DP4=0,0,7,0;MQ=60;RB=2,152762894,152763485,TGC,CCG
17	14719820	NA	CAAAT	C	182	PASS;CCTATTGACAAATAAACA	INDEL;IDV=5;IMF=1;DP=5;VDB=0.00187095;SGB=-0.590765;MQ0F=0;AC=2;AN=2;DP4=0,0,0,5;MQ=60;RB=17,14719256,14719857,ACG,GGA
11	59999442	NA	TTAAAGA	T	196	MASKED;ATGAAAAGTTAAAGATAA	INDEL;IDV=6;IMF=1;DP=6;VDB=0.000411984;SGB=-0.616816;MQ0F=0;AC=2;AN=2;DP4=0,0,0,6;MQ=60;RB=11,59999167,59999475,GGC,CTC
4	177823046	NA	ATCTC	A	121	MASKED;ATATACACATCTCTCTCT	INDEL;IDV=3;IMF=0.6;DP=3;VDB=0.0221621;SGB=-0.511536;MQ0F=0;AC=2;AN=2;DP4=0,0,0,3;MQ=60;RB=4,177822829,177823132,CCC,TGG
1	22682307	NA	TTA	T	189	NEI_IND[2/186];TCTGCATCTTAATCTCTT	INDEL;IDV=6;IMF=1;DP=6;VDB=0.000411984;SGB=-0.616816;MQ0F=0;AC=2;AN=2;DP4=0,0,6,0;MQ=60;RB=1,22682200,22682501,ATA,GAT
13	106533300	NA	AT	A	16.5122	PASS;CCAAATGGATTTTTTTAT	INDEL;IDV=5;IMF=1;DP=5;VDB=0.00187095;SGB=-0.590765;MQ0F=0;AC=2;AN=2;DP4=0,0,5,0;MQ=60;RB=13,106533277,106533648,TCT,GAT
4	118812424	NA	CT	C	27.4221	MASKED;ATTTCATTCTTTTTTATG	INDEL;IDV=5;IMF=1;DP=5;VDB=0.00187095;SGB=-0.590765;MQ0F=0;AC=2;AN=2;DP4=0,0,5,0;MQ=60;RB=4,118812299,118812954,GAT,CCA
2	57605245	NA	TAAAG	T	224	PASS;AAAAAAAATAAAGAAATT	INDEL;IDV=7;IMF=1;DP=7;VDB=6.71664e-05;SGB=-0.636426;MQ0F=0;AC=2;AN=2;DP4=0,0,7,0;MQ=60;RB=2,57605233,57605951,TAT,TGG
6	82330749	NA	TCTAA	T	224	PASS;CTTTTTTCTCTAACTATC	INDEL;IDV=7;IMF=1;DP=7;VDB=6.71664e-05;SGB=-0.636426;MQ0F=0;AC=2;AN=2;DP4=0,0,0,7;MQ=60;RB=6,82330315,82330850,GAC,TAT
2	124328526	NA	ATC	A	225	MASKED;GCATCATAATCTACAAAT	INDEL;IDV=8;IMF=1;DP=8;VDB=1.33331e-05;SGB=-0.651104;MQ0F=0;AC=2;AN=2;DP4=0,0,8,0;MQ=60;RB=2,124328462,124328985,GAG,TAC
3	58344465	NA	C	CA	92	PASS;GGCATTACCAGATGTCTG	INDEL;IDV=4;IMF=1;DP=4;VDB=0.0058656;SGB=-0.556411;MQ0F=0;AC=2;AN=2;DP4=0,0,4,0;MQ=60;RB=3,58344376,58344708,CGT,TCG
1	238882930	NA	GA	G	9.88465	MASKED;CAGGTTAAGAAAAAAAAT	INDEL;IDV=5;IMF=1;DP=5;VDB=0.00187095;SGB=-0.590765;MQ0F=0;AC=2;AN=2;DP4=0,0,0,5;MQ=60;RB=1,238882275,238882966,GGG,TCA
3	19982266	NA	CT	C	92	MASKED;AGGAACACCTTGGAGTGC	INDEL;IDV=5;IMF=1;DP=5;VDB=0.00187095;SGB=-0.590765;MQ0F=0;AC=2;AN=2;DP4=0,0,5,0;MQ=60;RB=3,19982203,19982552,TCT,ATA
4	178104640	NA	TA	T	26.4242	MASKED;TAGATGAATAAAAAAATG	INDEL;IDV=8;IMF=1;DP=8;VDB=1.33331e-05;SGB=-0.651104;MQ0F=0;AC=2;AN=2;DP4=0,0,0,8;MQ=60;RB=4,178104390,178104701,TAC,ACA
14	23005670	NA	AAAAG	A	154	PASS;TTGGTTTTAAAAGAAAGA	INDEL;IDV=4;IMF=1;DP=4;VDB=0.0058656;SGB=-0.556411;MQ0F=0;AC=2;AN=2;DP4=0,0,4,0;MQ=60;RB=14,23005598,23005857,TAG,GGT
10	32220092	NA	GTATC	G	147	PASS;CAAGCTAAGTATCTATCA	INDEL;IDV=4;IMF=1;DP=4;VDB=0.0058656;SGB=-0.556411;MQ0F=0;AC=2;AN=2;DP4=0,0,4,0;MQ=60;RB=10,32219973,32220264,AAT,AAT
5	74526489	NA	GT	G	112	MASKED;AGGCACAAGTTGTTAATG	INDEL;IDV=7;IMF=1;DP=7;VDB=6.71664e-05;SGB=-0.636426;MQ0F=0;AC=2;AN=2;DP4=0,0,7,0;MQ=60;RB=5,74526418,74526882,ACC,AGA
X	43932978	NA	TC	T	40.4148	NEI_IND[16/191];TCTTTCTTTCTTTCTTTC	INDEL;IDV=5;IMF=1;DP=5;VDB=0.0058656;SGB=-0.556411;MQ0F=0;AC=2;AN=2;DP4=0,0,4,0;MQ=60;RB=X,43932851,43933148,CGC,CTG
12	46473405	NA	AC	A	79	MASKED;TCTGGAAAACTTTGTATA	INDEL;IDV=4;IMF=1;DP=4;VDB=0.0058656;SGB=-0.556411;MQ0F=0;AC=2;AN=2;DP4=0,0,4,0;MQ=60;RB=12,46473365,46474059,TGT,CTA
1	80857686	NA	CTAAA	C	224	MASKED;AGTAATGACTAAATACGT	INDEL;IDV=8;IMF=1;DP=8;VDB=6.71664e-05;SGB=-0.636426;MQ0F=0;AC=2;AN=2;DP4=0,0,7,0;MQ=60;RB=1,80857589,80858046,CCC,GTC
1	83210733	NA	TG	T	120	MASKED;ATTAATTTTGCCAATTGA	INDEL;IDV=8;IMF=1;DP=8;VDB=6.71664e-05;SGB=-0.636426;MQ0F=0;AC=2;AN=2;DP4=0,0,0,7;MQ=60;RB=1,83210516,83210863,CTG,GCA
20	6871536	NA	GTATTTATT	G	205	MASKED;TCTTTCTGGTATTTATTT	INDEL;IDV=6;IMF=1;DP=6;VDB=0.000411984;SGB=-0.616816;MQ0F=0;AC=2;AN=2;DP4=0,0,0,6;MQ=60;RB=20,6871320,6871618,GGG,TGA
18	13382754	NA	CT	C	121	MASKED;ATTCCCCCCTCTCCTTCT	INDEL;IDV=7;IMF=1;DP=7;VDB=6.71664e-05;SGB=-0.636426;MQ0F=0;AC=2;AN=2;DP4=0,0,7,0;MQ=60;RB=18,13382647,13382997,CCT,CTT
13	61048869	NA	AAC	A	145	PASS;AACAATGAAACAATTTTT	INDEL;IDV=6;IMF=1;DP=6;VDB=0.000411984;SGB=-0.616816;MQ0F=0;AC=2;AN=2;DP4=0,0,0,6;MQ=60;RB=13,61048290,61048952,GGA,TCT
1	180879355	NA	GCTGGCGACAGCA	G	205	NEI_IND[6/176];AGGCAGATGCTGGCGACA	INDEL;IDV=6;IMF=1;DP=6;VDB=0.000411984;SGB=-0.616816;MQ0F=0;AC=2;AN=2;DP4=0,0,0,6;MQ=60;RB=1,180879095,180879413,TGA,AAT
11	55851379	NA	CAT	C	207	MASKED;CATGCACACATGTGAACA	INDEL;IDV=7;IMF=1;DP=7;VDB=6.71664e-05;SGB=-0.636426;MQ0F=0;AC=2;AN=2;DP4=0,0,7,0;MQ=60;RB=11,55851347,55851679,CCG,TGG
4	178104640	NA	TA	T	16.5122	MASKED;TAGATGAATAAAAAAATG	INDEL;IDV=6;IMF=1;DP=6;VDB=0.00187095;SGB=-0.590765;MQ0F=0;AC=2;AN=2;DP4=0,0,0,5;MQ=60;RB=4,178104127,178104700,TCT,TGG
13	62750441	NA	TGA	T	207	NEI_IND[126/630];TGGTTTCATGAAAAAGCT	INDEL;IDV=7;IMF=1;DP=7;VDB=6.71664e-05;SGB=-0.636426;MQ0F=0;AC=2;AN=2;DP4=0,0,7,0;MQ=60;RB=13,62750402,62750799,TTG,ACT
13	62750528	NA	AC	A	71	PASS;GCAAACAAACCCCAAAGC	INDEL;IDV=7;IMF=1;DP=7;VDB=6.71664e-05;SGB=-0.636426;MQ0F=0;AC=2;AN=2;DP4=0,0,7,0;MQ=60;RB=13,62750402,62750799,TTG,ACT
12	46632002	NA	GAAGT	G	205	PASS;AGATGAAAGAAGTAAGTA	INDEL;IDV=6;IMF=1;DP=6;VDB=0.000411984;SGB=-0.616816;MQ0F=0;AC=2;AN=2;DP4=0,0,6,0;MQ=60;RB=12,46631909,46632327,CTT,CTG
17	80880236	NA	TCAAAAACAAAAA	T	182	MASKED;ACCCTGCCTCAAAAACAA	INDEL;IDV=5;IMF=1;DP=5;VDB=0.00187095;SGB=-0.590765;MQ0F=0;AC=2;AN=2;DP4=0,0,5,0;MQ=60;RB=17,80880203,80880466,TGT,GCC
X	1777433	NA	G	GT	125	NEI_IND[37/444];CAGTTGTGGTATCCAAGC	INDEL;IDV=6;IMF=1;DP=6;VDB=0.000411984;SGB=-0.616816;MQ0F=0;AC=2;AN=2;DP4=0,0,0,6;MQ=60;RB=X,1777211,1777488,CGC,GTG
X	1777455	NA	TTTTG	T	90	NEI_IND[8/436];GCACACTTTTTTGTTTGT	INDEL;IDV=6;IMF=1;DP=6;VDB=0.000411984;SGB=-0.616816;MQ0F=0;AC=2;AN=2;DP4=0,0,0,6;MQ=60;RB=X,1777211,1777488,CGC,GTG
3	76692819	NA	CT	C	116	MASKED;GTCTACCCCTGTTTCTGC	INDEL;IDV=6;IMF=1;DP=6;VDB=0.000411984;SGB=-0.616816;MQ0F=0;AC=2;AN=2;DP4=0,0,6,0;MQ=60;RB=3,76692756,76693026,ATA,TTC
5	45943358	NA	CA	C	67	PASS;AATATCTTCAGATAAAAA	INDEL;IDV=4;IMF=1;DP=4;VDB=0.0058656;SGB=-0.556411;MQ0F=0;AC=2;AN=2;DP4=0,0,4,0;MQ=60;RB=5,45943240,45943509,AAC,GAT
5	45943429	NA	CTCT	C	154	NEI_IND[90/666];GAGTTCAACTCTTCTTTT	INDEL;IDV=4;IMF=1;DP=4;VDB=0.0058656;SGB=-0.556411;MQ0F=0;AC=2;AN=2;DP4=0,0,0,4;MQ=60;RB=5,45943240,45943509,AAC,GAT
8	102670856	NA	T	TC	106	PASS;CGAGGTGTTCCCTTTCAT	INDEL;IDV=7;IMF=1;DP=7;VDB=6.71664e-05;SGB=-0.636426;MQ0F=0;AC=2;AN=2;DP4=0,0,7,0;MQ=60;RB=8,102670723,102671126,CTA,AGC
9	74977983	NA	T	TGAAAAC	154	PASS;TGAAAGCATAGTCAAAGC	INDEL;IDV=4;IMF=1;DP=4;VDB=0.0058656;SGB=-0.556411;MQ0F=0;AC=2;AN=2;DP4=0,0,4,0;MQ=60;RB=9,74977884,74978109,GTC,ATA
8	21694042	NA	G	GA	102	PASS;TGGTACCAGAATGTGCAC	INDEL;IDV=5;IMF=1;DP=5;VDB=0.00187095;SGB=-0.590765;MQ0F=0;AC=2;AN=2;DP4=0,0,0,5;MQ=60;RB=8,21693678,21694079,CTG,ACG
13	58307407	NA	AAAAAT	A	98	NEI_IND[10/252];CAAAAAAAAAAAATAAAA	INDEL;IDV=4;IMF=1;DP=4;VDB=0.0058656;SGB=-0.556411;MQ0F=0;AC=2;AN=2;DP4=0,0,4,0;MQ=60;RB=13,58307365,58307561,AGA,CCC
17	63728722	NA	T	TAGTGTA	225	PASS;CTGTCATTTAGTGTAGTC	INDEL;IDV=8;IMF=1;DP=8;VDB=0.461975;SGB=-0.651104;MQSB=0.992367;MQ0F=0;AC=2;AN=2;DP4=0,0,4,4;MQ=60;RB=17,63728600,63728800,CTG,TCC
7	16132754	NA	CATCT	C	224	PASS;TAGTTGACCATCTATTTT	INDEL;IDV=7;IMF=1;DP=7;VDB=6.71664e-05;SGB=-0.636426;MQ0F=0;AC=2;AN=2;DP4=0,0,0,7;MQ=60;RB=7,16132163,16132772,ACG,CCA
X	1777433	NA	G	GT	134	NEI_IND[37/444];CAGTTGTGGTATCCAAGC	INDEL;IDV=7;IMF=1;DP=7;VDB=6.71664e-05;SGB=-0.636426;MQ0F=0;AC=2;AN=2;DP4=0,0,0,7;MQ=60;RB=X,1777211,1777489,CCG,GCA
X	1777455	NA	TTTTG	T	97	NEI_IND[8/436];GCACACTTTTTTGTTTGT	INDEL;IDV=7;IMF=1;DP=7;VDB=0.000411984;SGB=-0.616816;MQ0F=0;AC=2;AN=2;DP4=0,0,0,6;MQ=60;RB=X,1777211,1777489,CCG,GCA
7	51085962	NA	GTGGTGA	G	182	NEI_IND[6/354];TGGTGGTGGTGGTGATGG	INDEL;IDV=5;IMF=1;DP=5;VDB=0.00187095;SGB=-0.590765;MQ0F=0;AC=2;AN=2;DP4=0,0,0,5;MQ=60;RB=7,51085499,51086014,CCT,GTT
15	101302587	NA	AG	A	89	MASKED;GAGACAAAAGGTTTGCAA	INDEL;IDV=5;IMF=1;DP=5;VDB=0.00187095;SGB=-0.590765;MQ0F=0;AC=2;AN=2;DP4=0,0,0,5;MQ=60;RB=15,101302155,101302678,CTT,CAA
5	110742223	NA	AT	A	16.5122	MASKED;CCTGGCCAATTTTTTTCT	INDEL;IDV=5;IMF=1;DP=5;VDB=0.00187095;SGB=-0.590765;MQ0F=0;AC=2;AN=2;DP4=0,0,0,5;MQ=60;RB=5,110742001,110742355,TAT,GTT
15	41765342	NA	G	GT	16.5122	PASS;TTTGTTTTGTTTTTTTGA	INDEL;IDV=5;IMF=1;DP=5;VDB=0.00187095;SGB=-0.590765;MQ0F=0;AC=2;AN=2;DP4=0,0,0,5;MQ=60;RB=15,41764980,41765383,GAT,TGT
8	21694042	NA	G	GA	120	PASS;TGGTACCAGAATGTGCAC	INDEL;IDV=6;IMF=1;DP=6;VDB=0.000411984;SGB=-0.616816;MQ0F=0;AC=2;AN=2;DP4=0,0,0,6;MQ=60;RB=8,21693677,21694104,CTA,CCG
4	190614771	NA	AGAC	A	154	NEI_IND[91/285];ACCAGATGAGACCTCCTT	INDEL;IDV=4;IMF=1;DP=4;VDB=0.0058656;SGB=-0.556411;MQ0F=0;AC=2;AN=2;DP4=0,0,0,4;MQ=60;RB=4,190614495,190614894,TAT,CTC
13	88669566	NA	CCTT	C	205	NEI_IND[3/189];GGGTGATTCCTTCTTTAT	INDEL;IDV=6;IMF=1;DP=6;VDB=0.000411984;SGB=-0.616816;MQ0F=0;AC=2;AN=2;DP4=0,0,0,6;MQ=60;RB=13,88669175,88669605,AGA,TTA
7	24212974	NA	GCAGA	G	182	MASKED;CTTGAACGGCAGACAGAC	INDEL;IDV=5;IMF=1;DP=5;VDB=0.00187095;SGB=-0.590765;MQ0F=0;AC=2;AN=2;DP4=0,0,5,0;MQ=60;RB=7,24212937,24213318,AAA,CTG
10	30340236	NA	C	CA	115	PASS;CACACACACAAGAGTTGA	INDEL;IDV=6;IMF=0.75;DP=6;VDB=0.000411984;SGB=-0.616816;MQ0F=0;AC=2;AN=2;DP4=0,0,0,6;MQ=60;RB=10,30339760,30340331,TTT,AAT
14	28209169	NA	GATGTTTGCACTCT	G	224	MASKED;ATAGACTAGATGTTTGCA	INDEL;IDV=7;IMF=1;DP=7;VDB=6.71664e-05;SGB=-0.636426;MQ0F=0;AC=2;AN=2;DP4=0,0,0,7;MQ=60;RB=14,28208790,28209208,CTA,GAT
14	44421741	NA	GGTCAT	G	182	PASS;GGGAGACAGGTCATGTCA	INDEL;IDV=5;IMF=1;DP=5;VDB=0.00187095;SGB=-0.590765;MQ0F=0;AC=2;AN=2;DP4=0,0,0,5;MQ=60;RB=14,44421539,44421861,CAT,CTA
20	8526796	NA	TAATA	T	41.4148	PASS;CCCGTCTCTAATAAAAAT	INDEL;IDV=5;IMF=1;DP=5;VDB=0.00187095;SGB=-0.590765;MQ0F=0;AC=2;AN=2;DP4=0,0,0,5;MQ=60;RB=20,8526641,8526897,GTT,TTC
4	152045099	NA	TTACTC	T	182	PASS;TTATTAATTTACTCTGCT	INDEL;IDV=5;IMF=1;DP=5;VDB=0.00187095;SGB=-0.590765;MQ0F=0;AC=2;AN=2;DP4=0,0,5,0;MQ=60;RB=4,152045083,152045310,CCT,CAT
4	155915422	NA	CTT	C	160	PASS;AGACTTCTCTTTAATATT	INDEL;IDV=5;IMF=1;DP=5;VDB=0.00187095;SGB=-0.590765;MQ0F=0;AC=2;AN=2;DP4=0,0,5,0;MQ=60;RB=4,155915327,155915605,CTT,GGT
10	9595298	NA	CATGAA	C	154	NEI_IND[5/319];TGACATGACATGAAATGA	INDEL;IDV=4;IMF=1;DP=4;VDB=0.0058656;SGB=-0.556411;MQ0F=0;AC=2;AN=2;DP4=0,0,4,0;MQ=60;RB=10,9595195,9595481,AAT,GGT
6	85367032	NA	AT	A	70	PASS;AGATGGTTATTTGCAAGC	INDEL;IDV=4;IMF=1;DP=4;VDB=0.0058656;SGB=-0.556411;MQ0F=0;AC=2;AN=2;DP4=0,0,0,4;MQ=60;RB=6,85366683,85367153,CTG,AAT
5	71040263	NA	AAC	A	203	MASKED;CTCCAGTAAACACACTGT	INDEL;IDV=9;IMF=1;DP=9;VDB=5.52906e-06;SGB=-0.662043;MQ0F=0;AC=2;AN=2;DP4=0,0,0,9;MQ=60;RB=5,71040048,71040355,GAT,GCA
13	89067532	NA	CT	C	104	MASKED;AAGATAACCTTCTTGCAG	INDEL;IDV=6;IMF=1;DP=6;VDB=0.000411984;SGB=-0.616816;MQ0F=0;AC=2;AN=2;DP4=0,0,0,6;MQ=60;RB=13,89067333,89067640,AAT,CCG
3	96991141	NA	CGTGTGTGTGTGTGT	C	182	MASKED;TTCCATTTCGTGTGTGTG	INDEL;IDV=5;IMF=1;DP=5;VDB=0.00187095;SGB=-0.590765;MQ0F=0;AC=2;AN=2;DP4=0,0,0,5;MQ=60;RB=3,96990703,96991206,TTG,GTT
3	155370947	NA	GAT	G	190	MASKED;TAGATATAGATATAGATA	INDEL;IDV=8;IMF=1;DP=8;VDB=1.33331e-05;SGB=-0.651104;MQ0F=0;AC=2;AN=2;DP4=0,0,0,8;MQ=60;RB=3,155370786,155371082,ATC,TTG
3	5014505	NA	AT	A	51	PASS;AAAAAAAAATGTAAAGCT	INDEL;IDV=4;IMF=1;DP=4;VDB=0.0058656;SGB=-0.556411;MQ0F=0;AC=2;AN=2;DP4=0,0,0,4;MQ=60;RB=3,5014341,5014588,TAA,AAA
10	59965047	NA	GAA	G	70	MASKED;TCAGATTAGAAAAAAATT	INDEL;IDV=5;IMF=1;DP=5;VDB=0.00187095;SGB=-0.590765;MQ0F=0;AC=2;AN=2;DP4=0,0,0,5;MQ=60;RB=10,59964794,59965156,ATA,CTC
10	92173945	NA	GT	G	84	MASKED;ATATAGTTGTTTGCATCA	INDEL;IDV=5;IMF=1;DP=5;VDB=0.00187095;SGB=-0.590765;MQ0F=0;AC=2;AN=2;DP4=0,0,0,5;MQ=60;RB=10,92173037,92173979,CCG,TTA
7	34606530	NA	CGTGTGAATAGTTACACG	C	182	MASKED;ATCACAGTCGTGTGAATA	INDEL;IDV=5;IMF=1;DP=5;VDB=0.00187095;SGB=-0.590765;MQ0F=0;AC=2;AN=2;DP4=0,0,5,0;MQ=60;RB=7,34606455,34606786,AAG,CCC
18	32341315	NA	C	CA	63	PASS;ATAAAAGGCAAAACATAC	INDEL;IDV=6;IMF=1;DP=6;VDB=0.000481013;SGB=-0.616816;MQ0F=0;AC=2;AN=2;DP4=0,0,0,6;MQ=60;RB=18,32340743,32341349,TAT,CTA
4	111495648	NA	TC	T	92	MASKED;CTTTTTTTTCTTCCTTTT	INDEL;IDV=6;IMF=0.75;DP=6;VDB=0.861911;SGB=-0.616816;MQSB=0.861511;MQ0F=0;AC=2;AN=2;DP4=0,0,3,3;MQ=60;RB=4,111495526,111495753,TGT,GTG
2	105682405	NA	AAAAGAAAAAG	A	182	NEI_IND[6/246];TGTAAAAGAAAAGAAAAA	INDEL;IDV=5;IMF=1;DP=5;VDB=0.00187095;SGB=-0.590765;MQ0F=0;AC=2;AN=2;DP4=0,0,0,5;MQ=60;RB=2,105682150,105682460,GTT,GTA
13	66788460	NA	GATATAT	G	196	MASKED;CACACAAAGATATATATA	INDEL;IDV=10;IMF=1;DP=10;VDB=8.49811e-07;SGB=-0.670168;MQ0F=0;AC=2;AN=2;DP4=0,0,0,10;MQ=60;RB=13,66788157,66788592,ATA,CGA
6	87639885	NA	GATATA	G	224	MASKED;TTTAAAACGATATAATAT	INDEL;IDV=7;IMF=1;DP=7;VDB=6.71664e-05;SGB=-0.636426;MQ0F=0;AC=2;AN=2;DP4=0,0,7,0;MQ=60;RB=6,87639784,87640034,AAA,GAT
1	194506088	NA	CTGTGTG	C	205	NEI_IND[18/320];TACTCAATCTGTGTGTGT	INDEL;IDV=6;IMF=1;DP=6;VDB=0.000411984;SGB=-0.616816;MQ0F=0;AC=2;AN=2;DP4=0,0,6,0;MQ=60;RB=1,194506036,194506395,GGA,CAC
8	107019617	NA	AATAATATAAAAATGC	A	225	MASKED;TGCTTGTAAATAATATAA	INDEL;IDV=9;IMF=1;DP=9;VDB=5.52906e-06;SGB=-0.662043;MQ0F=0;AC=2;AN=2;DP4=0,0,0,9;MQ=60;RB=8,107019291,107019717,CTC,TAC
15	65302040	NA	GA	G	88	MASKED;CCAGGCTGGAAGTGCAGT	INDEL;IDV=5;IMF=1;DP=5;VDB=0.00187095;SGB=-0.590765;MQ0F=0;AC=2;AN=2;DP4=0,0,0,5;MQ=60;RB=15,65301648,65302067,GGA,ATA
11	127411824	NA	GT	G	102	MASKED;ATTTATATGTCATACATA	INDEL;IDV=5;IMF=1;DP=5;VDB=0.00187095;SGB=-0.590765;MQ0F=0;AC=2;AN=2;DP4=0,0,0,5;MQ=60;RB=11,127411493,127411907,ATA,CCA
20	61024288	NA	CACCG	C	225	MASKED;CACAGAGCCACCGACCGG	INDEL;IDV=10;IMF=1;DP=10;VDB=6.99472e-07;SGB=-0.670168;MQ0F=0;AC=2;AN=2;DP4=0,0,0,10;MQ=60;RB=20,61023791,61024327,AGC,GGC
4	69339688	NA	CTAA	C	224	MASKED;AATTAACACTAATAATAT	INDEL;IDV=7;IMF=1;DP=7;VDB=6.71664e-05;SGB=-0.636426;MQ0F=0;AC=2;AN=2;DP4=0,0,0,7;MQ=60;RB=4,69339410,69339814,ATT,CTG
5	152231174	NA	GC	G	127	PASS;CCTCTTAAGCGGGACAAA	INDEL;IDV=8;IMF=1;DP=8;VDB=1.33331e-05;SGB=-0.651104;MQ0F=0;AC=2;AN=2;DP4=0,0,0,8;MQ=60;RB=5,152230844,152231294,ATG,GCT
15	87754293	NA	ATG	A	119	MASKED;ATATATATATGTATATAT	INDEL;IDV=4;IMF=0.8;DP=4;VDB=0.0058656;SGB=-0.556411;MQ0F=0;AC=2;AN=2;DP4=0,0,0,4;MQ=60;RB=15,87754102,87754368,TAT,ATA
16	62421007	NA	AG	A	27.4221	MASKED;TAGTAGAGAGGGGGGCTT	INDEL;IDV=5;IMF=1;DP=5;VDB=0.00187095;SGB=-0.590765;MQ0F=0;AC=2;AN=2;DP4=0,0,0,5;MQ=60;RB=16,62420662,62421118,AAA,GCA
8	4651756	NA	TGTCA	T	225	NEI_IND[4/368];ACACTTTTTGTCAGTAAT	INDEL;IDV=8;IMF=1;DP=8;VDB=1.33331e-05;SGB=-0.651104;MQ0F=0;AC=2;AN=2;DP4=0,0,0,8;MQ=60;RB=8,4651523,4651815,AGG,CTC
17	5314977	NA	AT	A	20.4535	MASKED;AATACTGAATTTTTTTAA	INDEL;IDV=7;IMF=1;DP=7;VDB=0.000411984;SGB=-0.616816;MQ0F=0;AC=2;AN=2;DP4=0,0,6,0;MQ=60;RB=17,5314867,5315324,TGA,GAG
11	105591658	NA	ACTTTAT	A	182	PASS;GCCCCCAGACTTTATCTA	INDEL;IDV=5;IMF=1;DP=5;VDB=0.00187095;SGB=-0.590765;MQ0F=0;AC=2;AN=2;DP4=0,0,5,0;MQ=60;RB=11,105591545,105591920,AAC,GAG
11	95660495	NA	CTATT	C	182	MASKED;TTTGCAAACTATTTATCT	INDEL;IDV=5;IMF=1;DP=5;VDB=0.00187095;SGB=-0.590765;MQ0F=0;AC=2;AN=2;DP4=0,0,5,0;MQ=60;RB=11,95660431,95660796,GTA,GAG
2	6217018	NA	AT	A	81	PASS;CATTTTTCATTTAAATAA	INDEL;IDV=6;IMF=1;DP=6;VDB=0.00187095;SGB=-0.590765;MQ0F=0;AC=2;AN=2;DP4=0,0,5,0;MQ=60;RB=2,6216949,6217348,AAT,ATA
2	178338310	NA	CATAT	C	180	PASS;ATAACATACATATAATTA	INDEL;IDV=6;IMF=1;DP=6;VDB=0.000411984;SGB=-0.616816;MQ0F=0;AC=2;AN=2;DP4=0,0,0,6;MQ=60;RB=2,178338098,178338423,GCT,TTG
1	32518614	NA	TGTG	T	167	MASKED;AAGCTAGATGTGGTGGTG	INDEL;IDV=5;IMF=1;DP=5;VDB=0.00187095;SGB=-0.590765;MQ0F=0;AC=2;AN=2;DP4=0,0,0,5;MQ=60;RB=1,32518383,32518691,GCT,AAT
6	67337060	NA	ACTAT	A	154	PASS;CTGGTTACACTATCTATT	INDEL;IDV=4;IMF=1;DP=4;VDB=0.0058656;SGB=-0.556411;MQ0F=0;AC=2;AN=2;DP4=0,0,0,4;MQ=60;RB=6,67336778,67337124,GCG,AAT
2	226233145	NA	AT	A	79	PASS;TTCTTCAAATGTTATGTT	INDEL;IDV=5;IMF=1;DP=5;VDB=0.0058656;SGB=-0.556411;MQ0F=0;AC=2;AN=2;DP4=0,0,0,4;MQ=60;RB=2,226232831,226233251,CGA,CCC
10	80960591	NA	ACATGTG	A	224	MASKED;CTCAGAGCACATGTGCAT	INDEL;IDV=7;IMF=1;DP=7;VDB=6.71664e-05;SGB=-0.636426;MQ0F=0;AC=2;AN=2;DP4=0,0,0,7;MQ=60;RB=10,80960325,80960644,TTG,GAT
6	22015788	NA	TTTG	T	182	MASKED;AAGTTTGTTTTGTTGTTG	INDEL;IDV=5;IMF=1;DP=5;VDB=0.00187095;SGB=-0.590765;MQ0F=0;AC=2;AN=2;DP4=0,0,0,5;MQ=60;RB=6,22015529,22015858,GGT,CTA
5	156634433	NA	CCAGG	C	127	NEI_IND[4/235];TCTGTCGCCCAGGCTGGA	INDEL;IDV=4;IMF=1;DP=4;VDB=0.00671048;SGB=-0.556411;MQ0F=0;AC=2;AN=2;DP4=0,0,0,4;MQ=60;RB=5,156634066,156634467,AGG,GTA
2	10259430	NA	AAAAT	A	223	MASKED;TGCACAAAAAAATAAATC	INDEL;IDV=8;IMF=1;DP=8;VDB=1.33331e-05;SGB=-0.651104;MQ0F=0;AC=2;AN=2;DP4=0,0,8,0;MQ=60;RB=2,10259405,10259823,CCT,ATC
5	165194962	NA	CATATAT	C	225	NEI_IND[15/408];TACACACACATATATATA	INDEL;IDV=8;IMF=1;DP=8;VDB=1.33331e-05;SGB=-0.651104;MQ0F=0;AC=2;AN=2;DP4=0,0,8,0;MQ=60;RB=5,165194834,165195198,ATT,GGA
6	69035011	NA	ACT	A	180	MASKED;TATATAAAACTCTGTAAA	INDEL;IDV=7;IMF=1;DP=7;VDB=6.71664e-05;SGB=-0.636426;MQ0F=0;AC=2;AN=2;DP4=0,0,7,0;MQ=60;RB=6,69035000,69035454,AGG,GAG
12	133768849	NA	AT	A	128	MASKED;GCGCCACCATGCCCGGCC	INDEL;IDV=7;IMF=1;DP=7;VDB=6.71664e-05;SGB=-0.636426;MQ0F=0;AC=2;AN=2;DP4=0,0,7,0;MQ=60;RB=12,133768775,133769071,TAC,AGG
2	1724490	NA	TCTCTCTCACACA	TCA,T	191	MASKED;TCTCTCTCTCTCTCTCAC	INDEL;IDV=7;IMF=1;DP=7;VDB=6.71664e-05;SGB=-0.636426;MQ0F=0;AC=1,1;AN=2;DP4=0,0,7,0;MQ=60;RB=2,1724416,1724709,CTA,GAG
20	60772154	NA	CA	C	32.4168	MASKED;AGCACACCCAAAAAAGCA	INDEL;IDV=6;IMF=1;DP=6;VDB=0.000411984;SGB=-0.616816;MQ0F=0;AC=2;AN=2;DP4=0,0,6,0;MQ=60;RB=20,60772054,60772389,CAA,CCC
3	129689202	NA	CA	C	9.88465	MASKED;TAAAAATACAAAAAAAAA	INDEL;IDV=6;IMF=1;DP=6;VDB=0.000411984;SGB=-0.616816;MQ0F=0;AC=2;AN=2;DP4=0,0,0,6;MQ=60;RB=3,129689036,129689304,TTG,TTT
2	183589684	NA	C	CT	6.51141	PASS;ATAATGCACTTTTTTTTC	INDEL;IDV=4;IMF=1;DP=4;VDB=0.0058656;SGB=-0.556411;MQ0F=0;AC=2;AN=2;DP4=0,0,4,0;MQ=60;RB=2,183589668,183590053,CCT,CTG
1	32518614	NA	TGTG	T	225	MASKED;AAGCTAGATGTGGTGGTG	INDEL;IDV=8;IMF=1;DP=8;VDB=1.33331e-05;SGB=-0.651104;MQ0F=0;AC=2;AN=2;DP4=0,0,0,8;MQ=60;RB=1,32518383,32518690,GTT,GTC
12	125515508	NA	GGT	G	170	MASKED;GTGTACATGGTGTGTGTG	INDEL;IDV=8;IMF=1;DP=8;VDB=1.33331e-05;SGB=-0.651104;MQ0F=0;AC=2;AN=2;DP4=0,0,0,8;MQ=60;RB=12,125515247,125515600,ATC,GCG
6	147705956	NA	CTT	C	131	PASS;ATTACATTCTTTAGGAAA	INDEL;IDV=4;IMF=1;DP=4;VDB=0.0058656;SGB=-0.556411;MQ0F=0;AC=2;AN=2;DP4=0,0,0,4;MQ=60;RB=6,147705755,147706018,TTG,CTG
1	16549245	NA	AAATT	A	224	NEI_IND[4/200];ATTAAATTAAATTAATTA	INDEL;IDV=7;IMF=1;DP=7;VDB=6.71664e-05;SGB=-0.636426;MQ0F=0;AC=2;AN=2;DP4=0,0,0,7;MQ=60;RB=1,16548939,16549291,CTC,TCT
2	155791980	NA	CAG	C	149	MASKED;GATCTGCACAGAGTGTGC	INDEL;IDV=5;IMF=1;DP=5;VDB=0.00187095;SGB=-0.590765;MQ0F=0;AC=2;AN=2;DP4=0,0,5,0;MQ=60;RB=2,155791936,155792322,GAC,AAC
1	80857686	NA	CTAAA	C	182	MASKED;AGTAATGACTAAATACGT	INDEL;IDV=5;IMF=1;DP=5;VDB=0.00187095;SGB=-0.590765;MQ0F=0;AC=2;AN=2;DP4=0,0,5,0;MQ=60;RB=1,80857588,80858046,GGA,GTC
7	97807688	NA	TC	T	123	PASS;GTGGTACTTCCTTGTGAA	INDEL;IDV=8;IMF=1;DP=8;VDB=1.33331e-05;SGB=-0.651104;MQ0F=0;AC=2;AN=2;DP4=0,0,8,0;MQ=60;RB=7,97807627,97807921,ACC,TTC
20	13065248	NA	TTAAGA	T	205	MASKED;GATGACAATTAAGATAAG	INDEL;IDV=6;IMF=1;DP=6;VDB=0.000411984;SGB=-0.616816;MQ0F=0;AC=2;AN=2;DP4=0,0,0,6;MQ=60;RB=20,13064928,13065306,TTG,CAC
17	79122602	NA	ACACT	A	225	MASKED;ATATGCACACACTCACGC	INDEL;IDV=10;IMF=1;DP=10;VDB=6.99472e-07;SGB=-0.670168;MQ0F=0;AC=2;AN=2;DP4=0,0,10,0;MQ=60;RB=17,79122545,79122907,AAT,GGC
6	136489749	NA	AG	A	53	PASS;AATGAAAAAGGATGGTAA	INDEL;IDV=8;IMF=1;DP=8;VDB=1.33331e-05;SGB=-0.651104;MQ0F=0;AC=2;AN=2;DP4=0,0,0,8;MQ=60;RB=6,136489603,136489846,CCT,GTT
10	114776837	NA	CTCTG	C	225	PASS;CCTTTCCACTCTGTCTCC	INDEL;IDV=9;IMF=1;DP=9;VDB=5.52906e-06;SGB=-0.662043;MQ0F=0;AC=2;AN=2;DP4=0,0,9,0;MQ=60;RB=10,114776759,114777070,ATT,AGC
2	109018046	NA	GAGAAAAGGCC	G	224	PASS;TGATAAAAGAGAAAAGGC	INDEL;IDV=7;IMF=1;DP=7;VDB=6.71664e-05;SGB=-0.636426;MQ0F=0;AC=2;AN=2;DP4=0,0,0,7;MQ=60;RB=2,109017693,109018174,CTT,CTC
20	53459431	NA	T	TGGA	225	PASS;AGTAGAAGTAGTAGAAGT	INDEL;IDV=10;IMF=0.909091;DP=11;VDB=6.99472e-07;SGB=-0.670168;MQ0F=0;AC=2;AN=2;DP4=0,0,10,0;MQ=60;RB=20,53459297,53459838,GTT,ATA
13	85551949	NA	GT	G	133	MASKED;CATCTAAAGTAAAAGATA	INDEL;IDV=8;IMF=1;DP=8;VDB=1.33331e-05;SGB=-0.651104;MQ0F=0;AC=2;AN=2;DP4=0,0,8,0;MQ=60;RB=13,85551892,85552166,CCA,AAA
13	74636645	NA	CAATT	C	225	MASKED;TAGTCAGACAATTAAAAT	INDEL;IDV=10;IMF=1;DP=10;VDB=6.99472e-07;SGB=-0.670168;MQ0F=0;AC=2;AN=2;DP4=0,0,0,10;MQ=60;RB=13,74636294,74636719,TGG,TAT
5	132814144	NA	AAAT	A	154	MASKED;GCGGGGATAAATAATGCA	INDEL;IDV=4;IMF=1;DP=4;VDB=0.0058656;SGB=-0.556411;MQ0F=0;AC=2;AN=2;DP4=0,0,0,4;MQ=60;RB=5,132813918,132814192,CCG,TGA
20	57545104	NA	ACAAT	A	179	MASKED;CAAAGGAAACAATCAACA	INDEL;IDV=5;IMF=1;DP=5;VDB=0.00187095;SGB=-0.590765;MQ0F=0;AC=2;AN=2;DP4=0,0,0,5;MQ=60;RB=20,57544867,57545149,ATA,GGG
2	229351564	NA	T	TTTA	180	PASS;ACTTCTTTTTTATTATTA	INDEL;IDV=7;IMF=1;DP=7;VDB=6.71664e-05;SGB=-0.636426;MQ0F=0;AC=2;AN=2;DP4=0,0,0,7;MQ=60;RB=2,229351327,229351601,TCC,AAG
11	55851379	NA	CAT	C	142	MASKED;CATGCACACATGTGAACA	INDEL;IDV=4;IMF=1;DP=4;VDB=0.0058656;SGB=-0.556411;MQ0F=0;AC=2;AN=2;DP4=0,0,4,0;MQ=60;RB=11,55851346,55851680,CTA,CGA
4	86357666	NA	TTC	T	110	MASKED;AGCTCTTTTTCTCTCTGT	INDEL;IDV=5;IMF=1;DP=5;VDB=0.00187095;SGB=-0.590765;MQ0F=0;AC=2;AN=2;DP4=0,0,0,5;MQ=60;RB=4,86357300,86357782,AGA,CGA
6	125832603	NA	CTTTCTCTTCTCCTCTCT	C	225	MASKED;CCCCTCTCCTTTCTCTTC	INDEL;IDV=9;IMF=1;DP=9;VDB=5.52906e-06;SGB=-0.662043;MQ0F=0;AC=2;AN=2;DP4=0,0,0,9;MQ=60;RB=6,125832206,125832734,GTG,AAC
1	163222460	NA	AG	A	132	MASKED;ATGCTATAAGAATGCACC	INDEL;IDV=8;IMF=1;DP=8;VDB=1.33331e-05;SGB=-0.651104;MQ0F=0;AC=2;AN=2;DP4=0,0,0,8;MQ=60;RB=1,163222024,163222481,ACT,GTT
7	104223109	NA	AT	A	71	PASS;GGTGTTGAATTTTGTCAA	INDEL;IDV=7;IMF=1;DP=7;VDB=6.71664e-05;SGB=-0.636426;MQ0F=0;AC=2;AN=2;DP4=0,0,0,7;MQ=60;RB=7,104222926,104223127,CAC,AGC
9	76468567	NA	GC	G	89	MASKED;CAGACTGTGCCAGATAAC	INDEL;IDV=6;IMF=1;DP=6;VDB=0.000411984;SGB=-0.616816;MQ0F=0;AC=2;AN=2;DP4=0,0,0,6;MQ=60;RB=9,76468385,76468617,TAT,CGG
8	93997448	NA	CTG	C	106	MASKED;GAGATTATCTGTGTGTGT	INDEL;IDV=4;IMF=1;DP=4;VDB=0.0058656;SGB=-0.556411;MQ0F=0;AC=2;AN=2;DP4=0,0,0,4;MQ=60;RB=8,93996859,93997486,ACA,ATT
17	75329700	NA	TTCTC	T	203	PASS;CTTTGTGGTTCTCTCTCT	INDEL;IDV=7;IMF=1;DP=7;VDB=6.71664e-05;SGB=-0.636426;MQ0F=0;AC=2;AN=2;DP4=0,0,0,7;MQ=60;RB=17,75329039,75329747,CCT,TTT
15	46518153	NA	ATCT	A	180	MASKED;TCAAGCAAATCTTCTTTG	INDEL;IDV=5;IMF=1;DP=5;VDB=0.00187095;SGB=-0.590765;MQ0F=0;AC=2;AN=2;DP4=0,0,0,5;MQ=60;RB=15,46517855,46518196,GTG,GTC
3	103752387	NA	CA	C	11.7169	PASS;GCTTTCTTCAAAAAAACC	INDEL;IDV=4;IMF=1;DP=4;VDB=0.0058656;SGB=-0.556411;MQ0F=0;AC=2;AN=2;DP4=0,0,0,4;MQ=60;RB=3,103751862,103752453,AGA,TTG
2	143009466	NA	AC	A	63	MASKED;CTAGAATAACCATTTTTT	INDEL;IDV=4;IMF=1;DP=4;VDB=0.0058656;SGB=-0.556411;MQ0F=0;AC=2;AN=2;DP4=0,0,0,4;MQ=60;RB=2,143009277,143009596,ATT,AAA
4	190104632	NA	AAC	A	154	MASKED;TCCTATGAAACAGTTTGC	INDEL;IDV=5;IMF=1;DP=5;VDB=0.00187095;SGB=-0.590765;MQ0F=0;AC=2;AN=2;DP4=0,0,0,5;MQ=60;RB=4,190104339,190104701,ATG,TCC
3	183335995	NA	ATGG	A	205	MASKED;ATATGGTGATGGTGGCAT	INDEL;IDV=6;IMF=1;DP=6;VDB=0.000411984;SGB=-0.616816;MQ0F=0;AC=2;AN=2;DP4=0,0,0,6;MQ=60;RB=3,183335709,183336071,ATC,GTT
5	58521496	NA	TTC	T	212	MASKED;TAAAATGTTTCTGCACAG	INDEL;IDV=8;IMF=1;DP=8;VDB=1.33331e-05;SGB=-0.651104;MQ0F=0;AC=2;AN=2;DP4=0,0,0,8;MQ=60;RB=5,58521042,58521556,CGT,TCA
6	96558696	NA	TA	T	82	MASKED;TGCCTATTTATTTATTTA	INDEL;IDV=4;IMF=1;DP=4;VDB=0.0058656;SGB=-0.556411;MQ0F=0;AC=2;AN=2;DP4=0,0,4,0;MQ=60;RB=6,96558594,96558880,TGA,CTC
2	222641305	NA	CAGGCTGG	C	225	MASKED;CTGTCACCCAGGCTGGAG	INDEL;IDV=10;IMF=1;DP=10;VDB=6.99472e-07;SGB=-0.670168;MQ0F=0;AC=2;AN=2;DP4=0,0,0,10;MQ=60;RB=2,222641032,222641338,GTC,ATA
X	84033227	NA	TA	T	15.5372	MASKED;TCAAAAAATAAAAAAAAG	INDEL;IDV=7;IMF=1;DP=7;VDB=6.71664e-05;SGB=-0.636426;MQ0F=0;AC=2;AN=2;DP4=0,0,7,0;MQ=60;RB=X,84033191,84033510,TGT,CCC
10	129885191	NA	TACAA	T	182	PASS;ATGTTTGTTACAAACATT	INDEL;IDV=5;IMF=1;DP=5;VDB=0.00187095;SGB=-0.590765;MQ0F=0;AC=2;AN=2;DP4=0,0,0,5;MQ=60;RB=10,129884942,129885305,ACT,TTG
12	120010289	NA	TAATA	T	224	NEI_IND[4/292];TGCATATATAATAAATAT	INDEL;IDV=7;IMF=1;DP=7;VDB=6.71664e-05;SGB=-0.636426;MQ0F=0;AC=2;AN=2;DP4=0,0,7,0;MQ=60;RB=12,120010264,120010668,GGG,CTA
12	16383063	NA	AG	A	112	PASS;GCAAGGAAAGAAAAAAGT	INDEL;IDV=6;IMF=1;DP=6;VDB=0.000411984;SGB=-0.616816;MQ0F=0;AC=2;AN=2;DP4=0,0,0,6;MQ=60;RB=12,16382840,16383175,AAG,GAT
22	39484568	NA	TAC	T	142	NEI_IND[44/520];ACTCGCACTACACACAAC	INDEL;IDV=5;IMF=1;DP=5;VDB=0.00187095;SGB=-0.590765;MQ0F=0;AC=2;AN=2;DP4=0,0,0,5;MQ=60;RB=22,39484373,39484673,TTA,GGA
22	39484638	NA	AAC	A	110	MASKED;CACACAAAAACACACATG	INDEL;IDV=5;IMF=1;DP=5;VDB=0.00187095;SGB=-0.590765;MQ0F=0;AC=2;AN=2;DP4=0,0,0,5;MQ=60;RB=22,39484373,39484673,TTA,GGA
8	57295218	NA	CATTT	C	182	PASS;ATTTCATTCATTTATTAC	INDEL;IDV=5;IMF=1;DP=5;VDB=0.00187095;SGB=-0.590765;MQ0F=0;AC=2;AN=2;DP4=0,0,5,0;MQ=60;RB=8,57295201,57295530,CTG,TGA
20	22356070	NA	GTGA	G	205	PASS;TAATTGTGGTGATGAATT	INDEL;IDV=6;IMF=1;DP=6;VDB=0.000411984;SGB=-0.616816;MQ0F=0;AC=2;AN=2;DP4=0,0,6,0;MQ=60;RB=20,22355960,22356430,GAT,TAT
9	133738587	NA	GAGTGGAATCATTCTCAT	G	182	PASS;CTTTGTAGGAGTGGAATC	INDEL;IDV=5;IMF=1;DP=5;VDB=0.00187095;SGB=-0.590765;MQ0F=0;AC=2;AN=2;DP4=0,0,5,0;MQ=60;RB=9,133738491,133738819,CCT,ACG
1	21155742	NA	G	GC	143	PASS;TGTCATCTGCCAATTCCA	INDEL;IDV=8;IMF=1;DP=8;VDB=1.33331e-05;SGB=-0.651104;MQ0F=0;AC=2;AN=2;DP4=0,0,0,8;MQ=60;RB=1,21155531,21155794,GGG,GTT
3	168411086	NA	GTTTCGTTTCAGTTGGGACA	G	225	MASKED;GAAATATTGTTTCGTTTC	INDEL;IDV=8;IMF=1;DP=8;VDB=1.33331e-05;SGB=-0.651104;MQ0F=0;AC=2;AN=2;DP4=0,0,0,8;MQ=60;RB=3,168410439,168411135,AGG,AGT
4	176572188	NA	G	GA	85	PASS;TTTAATATGAAAGGCAGT	INDEL;IDV=5;IMF=1;DP=5;VDB=0.00187095;SGB=-0.590765;MQ0F=0;AC=2;AN=2;DP4=0,0,5,0;MQ=60;RB=4,176572074,176572628,AAC,CTT
4	176572513	NA	GTTT	G	63	NEI_IND[165/495];TATTTAGCGTTTTTTTTT	INDEL;IDV=5;IMF=1;DP=5;VDB=0.00187095;SGB=-0.590765;MQ0F=0;AC=2;AN=2;DP4=0,0,0,5;MQ=60;RB=4,176572074,176572628,AAC,CTT
4	190614771	NA	AGAC	A	225	NEI_IND[91/285];ACCAGATGAGACCTCCTT	INDEL;IDV=9;IMF=1;DP=9;VDB=5.52906e-06;SGB=-0.662043;MQ0F=0;AC=2;AN=2;DP4=0,0,0,9;MQ=60;RB=4,190614495,190614895,GTT,TTA
14	21198347	NA	AAAAAAT	A	225	NEI_IND[32/408];TAAAAAATAAAAAATAAA	INDEL;IDV=9;IMF=1;DP=9;VDB=5.52906e-06;SGB=-0.662043;MQ0F=0;AC=2;AN=2;DP4=0,0,9,0;MQ=60;RB=14,21198291,21198612,TTG,TTA
9	118212667	NA	CTA	C	153	MASKED;TAATATTGCTATGTTAGA	INDEL;IDV=5;IMF=1;DP=5;VDB=0.00187095;SGB=-0.590765;MQ0F=0;AC=2;AN=2;DP4=0,0,5,0;MQ=60;RB=9,118212542,118212876,TGT,CAG
9	76468567	NA	GC	G	106	MASKED;CAGACTGTGCCAGATAAC	INDEL;IDV=6;IMF=1;DP=6;VDB=0.000411984;SGB=-0.616816;MQ0F=0;AC=2;AN=2;DP4=0,0,0,6;MQ=60;RB=9,76468276,76468618,AGT,TAT
6	6526705	NA	TG	T	101	PASS;ATCTGAACTGGATTTAAC	INDEL;IDV=6;IMF=1;DP=6;VDB=0.000411984;SGB=-0.616816;MQ0F=0;AC=2;AN=2;DP4=0,0,6,0;MQ=60;RB=6,6526658,6526942,CGT,GGT
7	89336389	NA	ATGG	A	205	PASS;TAATATAAATGGTATTCT	INDEL;IDV=6;IMF=1;DP=6;VDB=0.000411984;SGB=-0.616816;MQ0F=0;AC=2;AN=2;DP4=0,0,6,0;MQ=60;RB=7,89336349,89336799,AAT,GAC
2	196996976	NA	CT	C	71	MASKED;ATTTGAGTCTTTTAAGAC	INDEL;IDV=7;IMF=1;DP=7;VDB=6.71664e-05;SGB=-0.636426;MQ0F=0;AC=2;AN=2;DP4=0,0,7,0;MQ=60;RB=2,196996865,196997220,ACT,GTC
8	26435527	NA	CTCTCTCT	C	182	MASKED;CTCTCTCTCTCTCTCTTT	INDEL;IDV=5;IMF=1;DP=5;VDB=0.00187095;SGB=-0.590765;MQ0F=0;AC=2;AN=2;DP4=0,0,0,5;MQ=60;RB=8,26435341,26435593,GTA,GAT
18	13560602	NA	TTG	T	85	PASS;AGACAGATTTGTGTCTCC	INDEL;IDV=5;IMF=1;DP=5;VDB=0.00187095;SGB=-0.590765;MQ0F=0;AC=2;AN=2;DP4=0,0,0,5;MQ=60;RB=18,13560448,13560684,AAG,TCC
3	106769515	NA	AC	A	120	PASS;AAAAAAAAACATGCCTCT	INDEL;IDV=8;IMF=1;DP=8;VDB=6.71664e-05;SGB=-0.636426;MQ0F=0;AC=2;AN=2;DP4=0,0,7,0;MQ=60;RB=3,106769487,106770155,GTT,CTA
14	21674574	NA	G	GGCCA	205	PASS;AACTTATTGGCCAGCCAC	INDEL;IDV=6;IMF=1;DP=6;VDB=0.000411984;SGB=-0.616816;MQ0F=0;AC=2;AN=2;DP4=0,0,6,0;MQ=60;RB=14,21674532,21674819,CGA,ATT
8	105319948	NA	AC	A	111	MASKED;TGTGGCCGACCTTGCATC	INDEL;IDV=7;IMF=1;DP=7;VDB=6.71664e-05;SGB=-0.636426;MQ0F=0;AC=2;AN=2;DP4=0,0,0,7;MQ=60;RB=8,105319652,105319975,ATA,TCC
6	50769356	NA	TG	T	42.4147	MASKED;GCCCAGGCTGGGGTGCAA	INDEL;IDV=4;IMF=1;DP=4;VDB=0.0058656;SGB=-0.556411;MQ0F=0;AC=2;AN=2;DP4=0,0,0,4;MQ=60;RB=6,50769116,50769383,GCC,GGG
21	45394099	NA	TTATC	T	225	MASKED;CATATAAATTATCTATGT	INDEL;IDV=11;IMF=1;DP=11;VDB=2.26006e-08;SGB=-0.676189;MQ0F=0;AC=2;AN=2;DP4=0,0,11,0;MQ=60;RB=21,45394035,45394344,CCT,GGT
5	19498631	NA	A	AT	77	PASS;TTATCTACATATCAGCCA	INDEL;IDV=4;IMF=1;DP=4;VDB=0.00671048;SGB=-0.556411;MQ0F=0;AC=2;AN=2;DP4=0,0,4,0;MQ=60;RB=5,19498605,19499094,GAG,TCT
5	29944101	NA	TACACACACACACACAC	T	192	NEI_IND[8/436];TATTTATCTACACACACA	INDEL;IDV=8;IMF=1;DP=8;VDB=1.60207e-05;SGB=-0.651104;MQ0F=0;AC=2;AN=2;DP4=0,0,0,8;MQ=60;RB=5,29943876,29944181,ATT,GCT
14	107164499	NA	TG	T	117	MASKED;AGTTACAATGGGTAAAAT	INDEL;IDV=9;IMF=1;DP=9;VDB=5.52906e-06;SGB=-0.662043;MQ0F=0;AC=2;AN=2;DP4=0,0,9,0;MQ=60;RB=14,107164404,107164778,GCA,ATT
2	12907355	NA	CCTG	C	203	MASKED;ATAACAATCCTGCTAAGT	INDEL;IDV=6;IMF=1;DP=6;VDB=0.000411984;SGB=-0.616816;MQ0F=0;AC=2;AN=2;DP4=0,0,6,0;MQ=60;RB=2,12907322,12907774,TCC,TGC
16	82167258	NA	TTTTG	T	205	MASKED;AGGATGTTTTTTGTTTGT	INDEL;IDV=6;IMF=1;DP=6;VDB=0.000411984;SGB=-0.616816;MQ0F=0;AC=2;AN=2;DP4=0,0,0,6;MQ=60;RB=16,82166928,82167332,GAA,GGG
5	40069972	NA	GA	G	138	MASKED;GATGTCTTGACACTGATT	INDEL;IDV=9;IMF=1;DP=9;VDB=5.52906e-06;SGB=-0.662043;MQ0F=0;AC=2;AN=2;DP4=0,0,0,9;MQ=60;RB=5,40069671,40070009,ACT,CTA
6	29058987	NA	GA	G	110	PASS;CGGGACAGGAGAATCGCT	INDEL;IDV=7;IMF=1;DP=7;VDB=0.000411984;SGB=-0.616816;MQ0F=0;AC=2;AN=2;DP4=0,0,0,6;MQ=60;RB=6,29058759,29059083,GCG,AAT
18	31801196	NA	AACAT	A	224	PASS;TTCTTTAAAACATACATG	INDEL;IDV=7;IMF=1;DP=7;VDB=6.71664e-05;SGB=-0.636426;MQ0F=0;AC=2;AN=2;DP4=0,0,0,7;MQ=60;RB=18,31800906,31801286,ACA,TTA
4	173023731	NA	CCAGAGATGT	C	182	NEI_IND[6/198];ATTCAACACCAGAGATGT	INDEL;IDV=5;IMF=1;DP=5;VDB=0.00187095;SGB=-0.590765;MQ0F=0;AC=2;AN=2;DP4=0,0,0,5;MQ=60;RB=4,173023283,173023850,AGG,ACT
7	21117969	NA	AT	A	73	MASKED;CTGTTGGAATTGGATGTG	INDEL;IDV=4;IMF=1;DP=4;VDB=0.0058656;SGB=-0.556411;MQ0F=0;AC=2;AN=2;DP4=0,0,0,4;MQ=60;RB=7,21117629,21117987,CCT,CCA
11	95660495	NA	CTATT	C	224	MASKED;TTTGCAAACTATTTATCT	INDEL;IDV=7;IMF=0.875;DP=7;VDB=6.71664e-05;SGB=-0.636426;MQ0F=0;AC=2;AN=2;DP4=0,0,7,0;MQ=60;RB=11,95660432,95660797,TCG,TTT
1	211301934	NA	ACT	A	225	MASKED;CTGGCAAGACTCTATTTC	INDEL;IDV=16;IMF=1;DP=16;VDB=1;SGB=-0.689466;MQSB=1;MQ0F=0;AC=2;AN=2;DP4=0,0,8,8;MQ=60;RB=1,211301804,211302072,AAG,TTA
5	126597976	NA	TG	T	118	MASKED;TTATTTTTTGTGTATGAT	INDEL;IDV=7;IMF=1;DP=7;VDB=6.71664e-05;SGB=-0.636426;MQ0F=0;AC=2;AN=2;DP4=0,0,0,7;MQ=60;RB=5,126597728,126598012,ATA,TTC
19	2568584	NA	TAC	T	163	MASKED;TGCACAAATACACACATA	INDEL;IDV=6;IMF=1;DP=6;VDB=0.000411984;SGB=-0.616816;MQ0F=0;AC=2;AN=2;DP4=0,0,6,0;MQ=60;RB=19,2568528,2568838,GAT,CGT
19	2568727	NA	CACATAT	C	205	NEI_IND[126/565];CATACAGACACATATACA	INDEL;IDV=6;IMF=1;DP=6;VDB=0.000411984;SGB=-0.616816;MQ0F=0;AC=2;AN=2;DP4=0,0,0,6;MQ=60;RB=19,2568528,2568838,GAT,CGT
