CHROM	POS	ID	REF	ALT	QUAL	FILTER	INFO
13	103408183	NA	A	AT	95	PASS;GGTTAAAAATAAAAAAAT	INDEL;IDV=5;IMF=1;DP=5;VDB=0.00187095;SGB=-0.590765;MQ0F=0;AC=2;AN=2;DP4=0,0,5,0;MQ=60;RB=13,103408049,103408385,CCT,TTT
9	38442990	NA	CTCCT	C	182	NEI_IND[44/168];TGCATTCTCTCCTTCCTT	INDEL;IDV=5;IMF=1;DP=5;VDB=0.00187095;SGB=-0.590765;MQ0F=0;AC=2;AN=2;DP4=0,0,5,0;MQ=60;RB=9,38442952,38443410,TCC,TTA
2	225823999	NA	CA	C	38.415	NEI_IND[66/726];ACCTCAGGCAAAAACAGT	INDEL;IDV=5;IMF=1;DP=5;VDB=0.00187095;SGB=-0.590765;MQ0F=0;AC=2;AN=2;DP4=0,0,5,0;MQ=60;RB=2,225823920,225824246,TTT,AAT
2	225824199	NA	AT	A	28.4205	PASS;CAAGAAAAATGATTTTTC	INDEL;IDV=5;IMF=1;DP=5;VDB=0.0221621;SGB=-0.511536;MQ0F=0;AC=2;AN=2;DP4=0,0,0,3;MQ=60;RB=2,225823920,225824246,TTT,AAT
18	65613355	NA	TTTTAAC	T	225	PASS;AACACTCTTTTTAACTTT	INDEL;IDV=9;IMF=1;DP=9;VDB=5.52906e-06;SGB=-0.662043;MQ0F=0;AC=2;AN=2;DP4=0,0,0,9;MQ=60;RB=18,65612896,65613394,ATA,GAA
8	104360333	NA	TG	T	113	PASS;AGAGGGAATGGAACAATC	INDEL;IDV=7;IMF=1;DP=7;VDB=6.71664e-05;SGB=-0.636426;MQ0F=0;AC=2;AN=2;DP4=0,0,7,0;MQ=60;RB=8,104360276,104360892,AAA,TAT
X	75591681	NA	CACAA	C	225	PASS;ACAAAACACACAAACAAA	INDEL;IDV=8;IMF=1;DP=8;VDB=1.33331e-05;SGB=-0.651104;MQ0F=0;AC=2;AN=2;DP4=0,0,0,8;MQ=60;RB=X,75591264,75591715,AAC,ACT
1	165361070	NA	TCACCCAGA	T	225	NEI_IND[6/234];TCACTCTGTCACCCAGAA	INDEL;IDV=9;IMF=1;DP=9;VDB=5.52906e-06;SGB=-0.662043;MQ0F=0;AC=2;AN=2;DP4=0,0,0,9;MQ=60;RB=1,165360592,165361108,CAG,GCT
2	206820080	NA	GGTGCAGTGAGC	G	205	NEI_IND[6/150];GGGTTGAGGGTGCAGTGA	INDEL;IDV=6;IMF=1;DP=6;VDB=0.000481013;SGB=-0.616816;MQ0F=0;AC=2;AN=2;DP4=0,0,0,6;MQ=60;RB=2,206819662,206820215,TCA,AAT
4	17384025	NA	GTATC	G	225	MASKED;AACAGAGAGTATCTATGA	INDEL;IDV=8;IMF=1;DP=8;VDB=1.33331e-05;SGB=-0.651104;MQ0F=0;AC=2;AN=2;DP4=0,0,0,8;MQ=60;RB=4,17383666,17384104,AAA,GTT
6	29684408	NA	TTTAATTTTGC	T	225	MASKED;ACAATAATTTTAATTTTG	INDEL;IDV=8;IMF=1;DP=8;VDB=1.33331e-05;SGB=-0.651104;MQ0F=0;AC=2;AN=2;DP4=0,0,0,8;MQ=60;RB=6,29684227,29684466,CCT,CCA
5	129261584	NA	ATG	A	166	MASKED;GTGTATATATGTGTGTGT	INDEL;IDV=8;IMF=1;DP=8;VDB=1.60207e-05;SGB=-0.651104;MQ0F=0;AC=2;AN=2;DP4=0,0,0,8;MQ=60;RB=5,129261246,129261608,GGT,AAT
1	106115946	NA	TCATATTCTTTCAGA	T	182	PASS;GAAACGTGTCATATTCTT	INDEL;IDV=5;IMF=1;DP=5;VDB=0.00187095;SGB=-0.590765;MQ0F=0;AC=2;AN=2;DP4=0,0,0,5;MQ=60;RB=1,106115655,106116003,CGT,AAA
2	226538178	NA	TAA	T	52	MASKED;AATTTATTTAAAAAAAAA	INDEL;IDV=8;IMF=1;DP=8;VDB=0.000411984;SGB=-0.616816;MQ0F=0;AC=2;AN=2;DP4=0,0,0,6;MQ=60;RB=2,226537301,226538289,CGA,GCT
X	2330563	NA	T	TC	68	PASS;TTTTTTTTTAAGAGTTCC	INDEL;IDV=4;IMF=1;DP=4;VDB=0.0221621;SGB=-0.511536;MQ0F=0;AC=2;AN=2;DP4=0,0,0,3;MQ=60;RB=X,2330275,2330684,AAT,TCT
1	81999465	NA	GCTC	G	205	PASS;CATATCCAGCTCCCTCCT	INDEL;IDV=6;IMF=1;DP=6;VDB=0.000411984;SGB=-0.616816;MQ0F=0;AC=2;AN=2;DP4=0,0,6,0;MQ=60;RB=1,81999375,81999921,GAG,CCC
1	154130850	NA	CA	C	84	PASS;AAAGGACGCAAAAGTCAG	INDEL;IDV=10;IMF=1;DP=10;VDB=6.99472e-07;SGB=-0.670168;MQ0F=0;AC=2;AN=2;DP4=0,0,10,0;MQ=60;RB=1,154130785,154131119,ACT,CTG
X	120555489	NA	CTCTT	C	224	PASS;TCTCCAAACTCTTTATAG	INDEL;IDV=7;IMF=1;DP=7;VDB=6.71664e-05;SGB=-0.636426;MQ0F=0;AC=2;AN=2;DP4=0,0,0,7;MQ=60;RB=X,120554925,120555556,GTT,CTA
18	72022561	NA	AT	A	64	MASKED;ATCTTAATATTTTAATGC	INDEL;IDV=6;IMF=1;DP=6;VDB=0.000411984;SGB=-0.616816;MQ0F=0;AC=2;AN=2;DP4=0,0,0,6;MQ=60;RB=18,72022049,72022594,TTC,AGG
3	18309407	NA	CT	C	149	MASKED;AGGGGAATCTCCTGCAGG	INDEL;IDV=10;IMF=1;DP=10;VDB=6.99472e-07;SGB=-0.670168;MQ0F=0;AC=2;AN=2;DP4=0,0,0,10;MQ=60;RB=3,18308873,18309476,GGA,ACC
3	36181225	NA	CG	C	114	NEI_IND[29/416];ATGATATGCGTTTTTTTT	INDEL;IDV=6;IMF=1;DP=6;VDB=0.000411984;SGB=-0.616816;MQ0F=0;AC=2;AN=2;DP4=0,0,0,6;MQ=60;RB=3,36180638,36181281,CTG,GAC
6	85292204	NA	TGAGA	TGA,T	91	MASKED;TAAATCAGTGAGAGAGAG	INDEL;IDV=4;IMF=1;DP=4;VDB=0.00766117;SGB=-0.556411;MQ0F=0;AC=1,1;AN=2;DP4=0,0,0,4;MQ=60;RB=6,85291762,85292256,GAC,TTC
5	22596050	NA	TAAAA	T	193	MASKED;AAAATAAATAAAAAAAAT	INDEL;IDV=8;IMF=1;DP=8;VDB=1.33331e-05;SGB=-0.651104;MQ0F=0;AC=2;AN=2;DP4=0,0,0,8;MQ=60;RB=5,22595533,22596178,CGA,GTT
2	222641305	NA	CAGGCTGG	C	205	NEI_IND[6/336];CTGTCACCCAGGCTGGAG	INDEL;IDV=6;IMF=1;DP=6;VDB=0.000411984;SGB=-0.616816;MQ0F=0;AC=2;AN=2;DP4=0,0,0,6;MQ=60;RB=2,222641031,222641405,CCT,TCG
9	94180280	NA	GACA	G	182	MASKED;AATACGATGACAACATTG	INDEL;IDV=5;IMF=1;DP=5;VDB=0.00187095;SGB=-0.590765;MQ0F=0;AC=2;AN=2;DP4=0,0,0,5;MQ=60;RB=9,94179937,94180296,TTG,CCC
12	9936994	NA	TTGAACAAA	T	182	MASKED;CCTTTGGTTTGAACAAAT	INDEL;IDV=5;IMF=1;DP=5;VDB=0.00187095;SGB=-0.590765;MQ0F=0;AC=2;AN=2;DP4=0,0,0,5;MQ=60;RB=12,9936716,9937094,GGT,TGT
16	21041963	NA	C	CA	64	PASS;TAAGTAACCAAAACATAT	INDEL;IDV=6;IMF=1;DP=6;VDB=0.000411984;SGB=-0.616816;MQ0F=0;AC=2;AN=2;DP4=0,0,0,6;MQ=60;RB=16,21041554,21041987,CTG,CTT
20	6871536	NA	GTATTTATTTATT	GTATT,G	191	MASKED;TCTTTCTGGTATTTATTT	INDEL;IDV=9;IMF=1;DP=9;VDB=1.39445e-05;SGB=-0.662043;MQ0F=0;AC=1,1;AN=2;DP4=0,0,0,9;MQ=60;RB=20,6870824,6871636,CGA,CTA
10	97244993	NA	ATG	A	225	PASS;AGCATGGGATGTGTGACT	INDEL;IDV=13;IMF=1;DP=13;VDB=2.26006e-08;SGB=-0.683931;MQ0F=0;AC=2;AN=2;DP4=0,0,0,13;MQ=60;RB=10,97244698,97245074,TCC,GAT
7	104749236	NA	CATTTGGTA	C	225	PASS;ATAGTAGGCATTTGGTAA	INDEL;IDV=12;IMF=1;DP=12;VDB=2.26006e-08;SGB=-0.680642;MQ0F=0;AC=2;AN=2;DP4=0,0,0,12;MQ=60;RB=7,104748947,104749322,ATT,CTG
12	82608395	NA	AT	A	75	MASKED;ATATAGTTATTTGCAAAA	INDEL;IDV=5;IMF=1;DP=5;VDB=0.00187095;SGB=-0.590765;MQ0F=0;AC=2;AN=2;DP4=0,0,0,5;MQ=60;RB=12,82607627,82608428,ATA,TCT
7	27365189	NA	TTTTTCTTTTC	T	225	MASKED;GTTTTAGGTTTTTCTTTT	INDEL;IDV=10;IMF=1;DP=10;VDB=6.99472e-07;SGB=-0.670168;MQ0F=0;AC=2;AN=2;DP4=0,0,0,10;MQ=60;RB=7,27364955,27365255,CGT,CAG
4	102450730	NA	CTCACACCTGTA	C	225	PASS;CGCGGTGGCTCACACCTG	INDEL;IDV=13;IMF=1;DP=13;VDB=2.26006e-08;SGB=-0.683931;MQ0F=0;AC=2;AN=2;DP4=0,0,13,0;MQ=60;RB=4,102450617,102450934,GGG,CGT
7	134728559	NA	AT	A	90	MASKED;AATAGTAAATTTTATTGC	INDEL;IDV=13;IMF=1;DP=13;VDB=2.26006e-08;SGB=-0.683931;MQ0F=0;AC=2;AN=2;DP4=0,0,0,13;MQ=60;RB=7,134728117,134728683,AGT,CTC
16	15121475	NA	TGGAGTTGGGCCGCTCAGC	T	224	MASKED;ATTTCCCTTGGAGTTGGG	INDEL;IDV=7;IMF=1;DP=7;VDB=6.71664e-05;SGB=-0.636426;MQ0F=0;AC=2;AN=2;DP4=0,0,7,0;MQ=60;RB=16,15121412,15121717,CTG,TGA
4	141941590	NA	CTT	C	189	PASS;GAATCCAACTTAATCTCT	INDEL;IDV=6;IMF=1;DP=6;VDB=0.000411984;SGB=-0.616816;MQ0F=0;AC=2;AN=2;DP4=0,0,6,0;MQ=60;RB=4,141941548,141942011,GGT,GGG
2	226076878	NA	GAATAAT	G	154	MASKED;TGCCATGTGAATAATCAA	INDEL;IDV=4;IMF=1;DP=4;VDB=0.0058656;SGB=-0.556411;MQ0F=0;AC=2;AN=2;DP4=0,0,0,4;MQ=60;RB=2,226076633,226076929,ACG,ACG
6	82381203	NA	CATT	C	225	MASKED;TGCATTCACATTATGTCT	INDEL;IDV=9;IMF=1;DP=9;VDB=5.52906e-06;SGB=-0.662043;MQ0F=0;AC=2;AN=2;DP4=0,0,9,0;MQ=60;RB=6,82381111,82381687,AGT,CCT
6	154670517	NA	AT	A	90	PASS;TTTATTTTATTTTATTTA	INDEL;IDV=16;IMF=1;DP=16;VDB=1.29641e-11;SGB=-0.689466;MQ0F=0;AC=2;AN=2;DP4=0,0,16,0;MQ=60;RB=6,154670382,154670811,ATA,TTC
1	202856465	NA	GAA	G	154	MASKED;AACATTATGAAAAATTTT	INDEL;IDV=9;IMF=1;DP=9;VDB=5.52906e-06;SGB=-0.662043;MQ0F=0;AC=2;AN=2;DP4=0,0,0,9;MQ=60;RB=1,202855935,202856481,GGT,CTG
3	37481747	NA	GA	G	26.4242	PASS;TTTTAATAGAAAAAAACG	INDEL;IDV=8;IMF=1;DP=8;VDB=1.33331e-05;SGB=-0.651104;MQ0F=0;AC=2;AN=2;DP4=0,0,0,8;MQ=60;RB=3,37481055,37481863,CTG,GGG
6	96558696	NA	TA	T	132	MASKED;TGCCTATTTATTTATTTA	INDEL;IDV=8;IMF=1;DP=8;VDB=1.33331e-05;SGB=-0.651104;MQ0F=0;AC=2;AN=2;DP4=0,0,8,0;MQ=60;RB=6,96558594,96558880,TCT,GTC
15	26201992	NA	TCA	T	211	PASS;ATTCACTCTCATACCCAC	INDEL;IDV=7;IMF=1;DP=7;VDB=6.71664e-05;SGB=-0.636426;MQ0F=0;AC=2;AN=2;DP4=0,0,0,7;MQ=60;RB=15,26201730,26202073,ATT,GTA
12	58215905	NA	A	AG	151	PASS;AGGGAGGGAGGAGAGAAC	INDEL;IDV=9;IMF=0.9;DP=10;VDB=1.24888e-06;SGB=-0.670168;MQ0F=0;AC=2;AN=2;DP4=0,0,10,0;MQ=60;RB=12,58215808,58216106,TAT,CTG
10	97069774	NA	TA	T	116	PASS;GGGTTAAGTAAGTTATGG	INDEL;IDV=8;IMF=1;DP=8;VDB=1.33331e-05;SGB=-0.651104;MQ0F=0;AC=2;AN=2;DP4=0,0,8,0;MQ=60;RB=10,97069752,97070255,TGG,GCC
4	177417979	NA	CAT	C	142	MASKED;TGTAAAGACATATATGCA	INDEL;IDV=5;IMF=1;DP=5;VDB=0.00187095;SGB=-0.590765;MQ0F=0;AC=2;AN=2;DP4=0,0,0,5;MQ=60;RB=4,177417722,177418000,CTC,GAG
2	151097904	NA	CTAA	C	225	PASS;AACAATAACTAATAATAA	INDEL;IDV=9;IMF=1;DP=9;VDB=5.52906e-06;SGB=-0.662043;MQ0F=0;AC=2;AN=2;DP4=0,0,0,9;MQ=60;RB=2,151097526,151098011,ATA,CAC
19	10540021	NA	TTTCTC	T	223	PASS;CACCCTCTTTTCTCTTTT	INDEL;IDV=10;IMF=1;DP=10;VDB=0.00258065;SGB=-0.662043;MQ0F=0;AC=2;AN=2;DP4=0,0,0,9;MQ=60;RB=19,10539747,10540089,GTT,TCA
11	37297010	NA	GGC	G	182	MASKED;TGACTGATGGCCAGGGAC	INDEL;IDV=6;IMF=1;DP=6;VDB=0.000411984;SGB=-0.616816;MQ0F=0;AC=2;AN=2;DP4=0,0,0,6;MQ=60;RB=11,37296750,37297022,TCC,GTT
2	226076878	NA	GAATAAT	G	182	MASKED;TGCCATGTGAATAATCAA	INDEL;IDV=5;IMF=1;DP=5;VDB=0.00187095;SGB=-0.590765;MQ0F=0;AC=2;AN=2;DP4=0,0,0,5;MQ=60;RB=2,226076279,226076929,TTG,CAG
13	26623547	NA	T	TTTTTGGAGCCATCCCA	225	PASS;GTCCCGACTAATCCAAAG	INDEL;IDV=9;IMF=1;DP=9;VDB=5.52906e-06;SGB=-0.662043;MQ0F=0;AC=2;AN=2;DP4=0,0,9,0;MQ=60;RB=13,26623504,26624096,CAC,GGG
13	26624001	NA	A	AACACACACAC,AACACACACACAC	131	NEI_IND[34/643];AAATAAATAACACACACA	INDEL;IDV=3;IMF=0.75;DP=4;VDB=0.0149992;SGB=-0.556411;MQ0F=0;AC=1,1;AN=2;DP4=0,0,0,4;MQ=60;RB=13,26623504,26624096,CAC,GGG
2	226076878	NA	GAATAAT	G	224	MASKED;TGCCATGTGAATAATCAA	INDEL;IDV=7;IMF=1;DP=7;VDB=6.71664e-05;SGB=-0.636426;MQ0F=0;AC=2;AN=2;DP4=0,0,0,7;MQ=60;RB=2,226076632,226076930,TCT,TTT
X	114785759	NA	CTTTA	C	205	PASS;GTGCCCGGCTTTATTTAT	INDEL;IDV=6;IMF=1;DP=6;VDB=0.000411984;SGB=-0.616816;MQ0F=0;AC=2;AN=2;DP4=0,0,0,6;MQ=60;RB=X,114785567,114785822,TTG,GCT
1	151999539	NA	AT	A	103	MASKED;CTCTTGTTATTTATCTTA	INDEL;IDV=7;IMF=1;DP=7;VDB=6.71664e-05;SGB=-0.636426;MQ0F=0;AC=2;AN=2;DP4=0,0,7,0;MQ=60;RB=1,151999529,152000283,CAA,TTA
3	33798604	NA	TAC	T	163	MASKED;CACATATATACACACACA	INDEL;IDV=7;IMF=1;DP=7;VDB=6.71664e-05;SGB=-0.636426;MQ0F=0;AC=2;AN=2;DP4=0,0,0,7;MQ=60;RB=3,33797991,33798637,TTG,CTT
7	48181652	NA	CA	C	52	PASS;ATGGCTATCAAAAATTAT	INDEL;IDV=8;IMF=1;DP=8;VDB=1.33331e-05;SGB=-0.651104;MQ0F=0;AC=2;AN=2;DP4=0,0,0,8;MQ=60;RB=7,48181279,48181742,CCC,ACC
6	136533937	NA	CA	C	100	PASS;AATACATACATTCATGAA	INDEL;IDV=5;IMF=1;DP=5;VDB=0.00286036;SGB=-0.590765;MQ0F=0;AC=2;AN=2;DP4=0,0,5,0;MQ=60;RB=6,136533903,136534137,CTG,GGT
11	103537641	NA	AAGC	A	205	MASKED;TTGCAAACAAGCAGCAGC	INDEL;IDV=6;IMF=1;DP=6;VDB=0.000411984;SGB=-0.616816;MQ0F=0;AC=2;AN=2;DP4=0,0,6,0;MQ=60;RB=11,103537528,103538052,CTA,CAC
5	18523801	NA	TTTAG	T	205	MASKED;ATGTGCCATTTAGTTAAA	INDEL;IDV=6;IMF=1;DP=6;VDB=0.000411984;SGB=-0.616816;MQ0F=0;AC=2;AN=2;DP4=0,0,0,6;MQ=60;RB=5,18523470,18523859,GGT,CGA
7	134728559	NA	AT	A	81	MASKED;AATAGTAAATTTTATTGC	INDEL;IDV=9;IMF=1;DP=9;VDB=5.52906e-06;SGB=-0.662043;MQ0F=0;AC=2;AN=2;DP4=0,0,0,9;MQ=60;RB=7,134728117,134728684,GTT,GGA
X	50069788	NA	T	TA	82	PASS;TAGACACTTACTCTGATT	INDEL;IDV=4;IMF=1;DP=4;VDB=0.0058656;SGB=-0.556411;MQ0F=0;AC=2;AN=2;DP4=0,0,4,0;MQ=60;RB=X,50069776,50070523,ATA,TGA
17	12624849	NA	TAAGCC	T	225	MASKED;AAAGGAAATAAGCCAAGG	INDEL;IDV=8;IMF=1;DP=8;VDB=1.33331e-05;SGB=-0.651104;MQ0F=0;AC=2;AN=2;DP4=0,0,0,8;MQ=60;RB=17,12624562,12624870,TTA,GGT
9	1025184	NA	GGT	G	163	MASKED;GAGAGGAGGGTGTGTGTG	INDEL;IDV=8;IMF=1;DP=8;VDB=1.33331e-05;SGB=-0.651104;MQ0F=0;AC=2;AN=2;DP4=0,0,0,8;MQ=60;RB=9,1024879,1025213,ATT,ATT
20	59853937	NA	C	CGTAGGTGGCAAT	224	PASS;CTTCTCTTCATAGGTGGC	INDEL;IDV=7;IMF=1;DP=7;VDB=6.71664e-05;SGB=-0.636426;MQ0F=0;AC=2;AN=2;DP4=0,0,0,7;MQ=60;RB=20,59853773,59854033,AGG,TGG
9	85341677	NA	GT	G	13.6076	PASS;ATGGGAGTGTTTTTTTTG	INDEL;IDV=6;IMF=1;DP=6;VDB=0.000411984;SGB=-0.616816;MQ0F=0;AC=2;AN=2;DP4=0,0,0,6;MQ=60;RB=9,85341415,85341694,CCT,TTT
4	16761263	NA	T	TAAATA	225	PASS;CATTTTTATAAATAGAAA	INDEL;IDV=8;IMF=1;DP=8;VDB=1.33331e-05;SGB=-0.651104;MQ0F=0;AC=2;AN=2;DP4=0,0,8,0;MQ=60;RB=4,16761195,16761524,TTG,CCT
2	105064713	NA	T	TAA	154	PASS;TTCACAGATAGATAGCAT	INDEL;IDV=4;IMF=1;DP=4;VDB=0.0058656;SGB=-0.556411;MQ0F=0;AC=2;AN=2;DP4=0,0,4,0;MQ=60;RB=2,105064700,105065004,AGG,GAT
9	2305422	NA	ACTC	A	224	NEI_IND[3/253];CACGACTGACTCCTCCTG	INDEL;IDV=7;IMF=1;DP=7;VDB=6.71664e-05;SGB=-0.636426;MQ0F=0;AC=2;AN=2;DP4=0,0,0,7;MQ=60;RB=9,2305032,2305530,GAA,CCG
2	138513794	NA	AAAC	A	224	MASKED;CTTGCACTAAACAATTCA	INDEL;IDV=7;IMF=1;DP=7;VDB=6.71664e-05;SGB=-0.636426;MQ0F=0;AC=2;AN=2;DP4=0,0,7,0;MQ=60;RB=2,138513740,138514058,ACC,TAT
3	162596281	NA	GC	G	120	MASKED;ATGACTTTGCCCAATCCT	INDEL;IDV=9;IMF=1;DP=9;VDB=5.52906e-06;SGB=-0.662043;MQ0F=0;AC=2;AN=2;DP4=0,0,9,0;MQ=60;RB=3,162596185,162596722,GGA,GTG
12	120010289	NA	TAATA	T	205	NEI_IND[6/260];TGCATATATAATAAATAT	INDEL;IDV=6;IMF=1;DP=6;VDB=0.000411984;SGB=-0.616816;MQ0F=0;AC=2;AN=2;DP4=0,0,6,0;MQ=60;RB=12,120010264,120010668,GGC,ACT
8	2758692	NA	TTA	T	153	MASKED;TTTCCACTTTATGTTAAT	INDEL;IDV=5;IMF=1;DP=5;VDB=0.00187095;SGB=-0.590765;MQ0F=0;AC=2;AN=2;DP4=0,0,0,5;MQ=60;RB=8,2758340,2758708,ATG,GTA
3	62616784	NA	TAC	T	17.4922	NEI_IND[79/978];CTGTATAATACACACACA	INDEL;IDV=7;IMF=1;DP=7;VDB=0.0058656;SGB=-0.556411;MQ0F=0;AC=2;AN=2;DP4=0,0,4,0;MQ=60;RB=3,62616759,62617200,GGT,CTA
1	239812302	NA	AC	A	133	PASS;GTGTATATACAGTGTCAC	INDEL;IDV=8;IMF=1;DP=8;VDB=1.33331e-05;SGB=-0.651104;MQ0F=0;AC=2;AN=2;DP4=0,0,0,8;MQ=60;RB=1,239811800,239812388,ACA,GTA
8	21694042	NA	G	GA	112	PASS;TGGTACCAGAATGTGCAC	INDEL;IDV=6;IMF=1;DP=6;VDB=0.000481013;SGB=-0.616816;MQ0F=0;AC=2;AN=2;DP4=0,0,0,6;MQ=60;RB=8,21693677,21694080,ATA,CCT
4	94589524	NA	CT	C	14.5685	MASKED;GTTGTTCTCTTTTTTTTT	INDEL;IDV=11;IMF=1;DP=11;VDB=2.26006e-08;SGB=-0.676189;MQ0F=0;AC=2;AN=2;DP4=0,0,0,11;MQ=60;RB=4,94589245,94589619,AAG,CGA
2	53905277	NA	GGT	G	194	MASKED;ACCTTGCTGGTGTGTGTG	INDEL;IDV=14;IMF=1;DP=14;VDB=3.24265e-08;SGB=-0.686358;MQ0F=0;AC=2;AN=2;DP4=0,0,0,14;MQ=60;RB=2,53905090,53905400,CCA,CTG
12	26934303	NA	TA	T	96	MASKED;TATATGCATAAACTTGTA	INDEL;IDV=6;IMF=1;DP=6;VDB=0.000411984;SGB=-0.616816;MQ0F=0;AC=2;AN=2;DP4=0,0,6,0;MQ=60;RB=12,26934231,26934616,GGG,CCG
9	12544590	NA	TGCGC	T	175	MASKED;CTAATTTGTGCGCGCACA	INDEL;IDV=5;IMF=1;DP=5;VDB=0.00187095;SGB=-0.590765;MQ0F=0;AC=2;AN=2;DP4=0,0,5,0;MQ=60;RB=9,12544471,12544947,GGC,AGT
7	83737066	NA	ATT	A	193	PASS;TTAACTCTATTAAAATCT	INDEL;IDV=6;IMF=1;DP=6;VDB=0.000411984;SGB=-0.616816;MQ0F=0;AC=2;AN=2;DP4=0,0,0,6;MQ=60;RB=7,83736810,83737112,AGC,GAC
8	13475550	NA	GTT	G	64	MASKED;GCAGACTTGTTTTTTTTC	INDEL;IDV=6;IMF=1;DP=6;VDB=0.000411984;SGB=-0.616816;MQ0F=0;AC=2;AN=2;DP4=0,0,0,6;MQ=60;RB=8,13475215,13475573,GAT,CGA
1	14948865	NA	A	AAT	205	PASS;GTGAAATAAGGTATCTTT	INDEL;IDV=6;IMF=1;DP=6;VDB=0.000411984;SGB=-0.616816;MQ0F=0;AC=2;AN=2;DP4=0,0,6,0;MQ=60;RB=1,14948757,14949124,GGT,ACT
1	241473706	NA	TGTCTGTGTGTGTGAGA	T	182	MASKED;TGTTTGTGTGTCTGTGTG	INDEL;IDV=5;IMF=1;DP=5;VDB=0.00187095;SGB=-0.590765;MQ0F=0;AC=2;AN=2;DP4=0,0,0,5;MQ=60;RB=1,241473135,241473826,TCT,GCT
X	77716759	NA	TG	T	63	PASS;TAGCTTTTTGTAGTTATT	INDEL;IDV=4;IMF=1;DP=4;VDB=0.00671048;SGB=-0.556411;MQ0F=0;AC=2;AN=2;DP4=0,0,4,0;MQ=60;RB=X,77716673,77717540,TAG,AAT
18	73188105	NA	CA	C	56	PASS;GTTATAAACAAAAACAAA	INDEL;IDV=9;IMF=1;DP=9;VDB=5.52906e-06;SGB=-0.662043;MQ0F=0;AC=2;AN=2;DP4=0,0,0,9;MQ=60;RB=18,73187894,73188214,TCT,CTG
15	62004214	NA	GCA	G	154	NEI_IND[2/134];ATGCACGCGCACACACAC	INDEL;IDV=7;IMF=1;DP=7;VDB=6.71664e-05;SGB=-0.636426;MQ0F=0;AC=2;AN=2;DP4=0,0,7,0;MQ=60;RB=15,62004126,62004473,GAT,GAT
3	2329500	NA	GGAA	G	83	PASS;GAGGAAGAGGAAGAAGAA	INDEL;IDV=3;IMF=0.6;DP=3;VDB=0.154358;SGB=-0.511536;MQ0F=0;AC=2;AN=2;DP4=0,0,0,3;MQ=60;RB=3,2329253,2329571,GTA,GAT
2	14937788	NA	CT	C	93	MASKED;CCCGGCCTCTTTGCTCAC	INDEL;IDV=6;IMF=1;DP=6;VDB=0.000411984;SGB=-0.616816;MQ0F=0;AC=2;AN=2;DP4=0,0,6,0;MQ=60;RB=2,14937775,14938252,ATC,ACA
14	104316485	NA	AC	A	151	MASKED;TGAAACATACGTGGCAAA	INDEL;IDV=10;IMF=1;DP=10;VDB=6.99472e-07;SGB=-0.670168;MQ0F=0;AC=2;AN=2;DP4=0,0,10,0;MQ=60;RB=14,104316422,104316809,GCC,GTT
8	85216128	NA	C	CT	114	PASS;TTTTGACACTTTCTCTTT	INDEL;IDV=8;IMF=1;DP=8;VDB=1.33331e-05;SGB=-0.651104;MQ0F=0;AC=2;AN=2;DP4=0,0,8,0;MQ=60;RB=8,85216086,85216403,TAA,CCC
12	125515508	NA	GGT	G	145	MASKED;GTGTACATGGTGTGTGTG	INDEL;IDV=6;IMF=1;DP=6;VDB=0.000411984;SGB=-0.616816;MQ0F=0;AC=2;AN=2;DP4=0,0,0,6;MQ=60;RB=12,125515246,125515601,GTT,CCT
2	50406258	NA	CTTTAGAA	C	205	PASS;AAAAGTAGCTTTAGAAAT	INDEL;IDV=6;IMF=1;DP=6;VDB=0.000411984;SGB=-0.616816;MQ0F=0;AC=2;AN=2;DP4=0,0,0,6;MQ=60;RB=2,50405719,50406314,CTG,CTG
2	28387376	NA	TC	T	101	PASS;TTTTTTTTTCCTTCTTGG	INDEL;IDV=7;IMF=1;DP=7;VDB=0.000411984;SGB=-0.616816;MQ0F=0;AC=2;AN=2;DP4=0,0,0,6;MQ=60;RB=2,28387107,28387395,TTG,AAG
7	51085962	NA	GTGGTGA	G	224	MASKED;TGGTGGTGGTGGTGATGG	INDEL;IDV=7;IMF=1;DP=7;VDB=6.71664e-05;SGB=-0.636426;MQ0F=0;AC=2;AN=2;DP4=0,0,0,7;MQ=60;RB=7,51085500,51086014,CCC,GTT
10	11308125	NA	T	TA	225	PASS;GATTTTCTTATTTGCCCC	INDEL;IDV=18;IMF=1;DP=18;VDB=0.999993;SGB=-0.691153;MQSB=1;MQ0F=0;AC=2;AN=2;DP4=0,0,9,9;MQ=60;RB=10,11307993,11308246,CAT,GTA
2	52410157	NA	GCT	G	129	MASKED;TTCTGCAGGCTCTTTTTC	INDEL;IDV=4;IMF=1;DP=4;VDB=0.0058656;SGB=-0.556411;MQ0F=0;AC=2;AN=2;DP4=0,0,4,0;MQ=60;RB=2,52410122,52410390,GAT,CGT
2	52410343	NA	ACCATTTACTTAATT	A	154	NEI_IND[174/450];TAGCTGAAACCATTTACT	INDEL;IDV=4;IMF=1;DP=4;VDB=0.0058656;SGB=-0.556411;MQ0F=0;AC=2;AN=2;DP4=0,0,0,4;MQ=60;RB=2,52410122,52410390,GAT,CGT
21	16073646	NA	AT	A	32.4168	MASKED;TTTACATTATTTTTTGTG	INDEL;IDV=6;IMF=1;DP=6;VDB=0.000411984;SGB=-0.616816;MQ0F=0;AC=2;AN=2;DP4=0,0,0,6;MQ=60;RB=21,16073318,16073767,TAC,CAT
5	11990841	NA	AAAGTT	A	212	PASS;TTGAATGAAAAGTTAAGT	INDEL;IDV=7;IMF=1;DP=7;VDB=0.000133588;SGB=-0.636426;MQ0F=0;AC=2;AN=2;DP4=0,0,0,7;MQ=60;RB=5,11990180,11990883,TTG,AAT
7	124403497	NA	TTTTC	T	182	PASS;AAACACAATTTTCTTTCT	INDEL;IDV=5;IMF=1;DP=5;VDB=0.00187095;SGB=-0.590765;MQ0F=0;AC=2;AN=2;DP4=0,0,0,5;MQ=60;RB=7,124403140,124403555,TCA,CCT
21	16073646	NA	AT	A	27.4221	MASKED;TTTACATTATTTTTTGTG	INDEL;IDV=5;IMF=1;DP=5;VDB=0.00187095;SGB=-0.590765;MQ0F=0;AC=2;AN=2;DP4=0,0,0,5;MQ=60;RB=21,16073334,16073767,GCT,TAA
2	166303687	NA	CA	C	102	PASS;AATTTTCTCAAAGCTCAG	INDEL;IDV=7;IMF=1;DP=7;VDB=6.71664e-05;SGB=-0.636426;MQ0F=0;AC=2;AN=2;DP4=0,0,7,0;MQ=60;RB=2,166303564,166303869,CGT,CGT
4	144108118	NA	CTCT	C	223	PASS;GATGTGTCCTCTTCTTAT	INDEL;IDV=7;IMF=1;DP=7;VDB=6.71664e-05;SGB=-0.636426;MQ0F=0;AC=2;AN=2;DP4=0,0,0,7;MQ=60;RB=4,144107891,144108219,ATT,AAT
5	14715900	NA	TC	T	153	PASS;TGATTTAATCTAGAACAA	INDEL;IDV=12;IMF=1;DP=12;VDB=2.26006e-08;SGB=-0.680642;MQ0F=0;AC=2;AN=2;DP4=0,0,12,0;MQ=60;RB=5,14715881,14716164,CCT,GTA
11	21233363	NA	TTTTG	T	146	PASS;TCTATTTTTTTTGTTTGT	INDEL;IDV=5;IMF=1;DP=5;VDB=0.00187095;SGB=-0.590765;MQ0F=0;AC=2;AN=2;DP4=0,0,5,0;MQ=60;RB=11,21233342,21234149,GCA,AGT
5	84024175	NA	AGAAAATTTGCCT	A	30.4183	NEI_IND[6/250];TGAAAGAAAGAAAATTTG	INDEL;IDV=9;IMF=1;DP=9;SGB=-0.379885;MQ0F=0;AC=2;AN=2;DP4=0,0,0,1;MQ=60;RB=5,84023771,84024269,GGC,TTG
3	24788179	NA	AG	A	118	MASKED;ATATAATTAGGTTGCATT	INDEL;IDV=8;IMF=1;DP=8;VDB=1.92178e-05;SGB=-0.651104;MQ0F=0;AC=2;AN=2;DP4=0,0,0,8;MQ=60;RB=3,24787955,24788192,GTA,TTC
11	125450494	NA	TG	T	118	MASKED;TTACAGGATGGCATCCTT	INDEL;IDV=8;IMF=1;DP=8;VDB=1.33331e-05;SGB=-0.651104;MQ0F=0;AC=2;AN=2;DP4=0,0,0,8;MQ=60;RB=11,125450048,125450621,CCA,GAT
8	13815878	NA	AC	A	38.415	MASKED;ATAGGATGACCCCCATCC	INDEL;IDV=5;IMF=1;DP=5;VDB=0.00187095;SGB=-0.590765;MQ0F=0;AC=2;AN=2;DP4=0,0,5,0;MQ=60;RB=8,13815823,13816491,GTT,ATA
8	124752470	NA	CGT	C	145	MASKED;TGTGCACACGTGTGTGTG	INDEL;IDV=7;IMF=1;DP=7;VDB=0.000411984;SGB=-0.616816;MQ0F=0;AC=2;AN=2;DP4=0,0,6,0;MQ=60;RB=8,124752444,124752979,CTA,TAC
4	91871686	NA	CACAT	C	224	NEI_IND[6/368];CACACACACACATACACA	INDEL;IDV=7;IMF=0.875;DP=7;VDB=6.71664e-05;SGB=-0.636426;MQ0F=0;AC=2;AN=2;DP4=0,0,7,0;MQ=60;RB=4,91871673,91872142,GGG,GGG
17	12519383	NA	CT	C	20.4535	PASS;TTGCTTTCCTTTTTTTAT	INDEL;IDV=6;IMF=1;DP=6;VDB=0.000411984;SGB=-0.616816;MQ0F=0;AC=2;AN=2;DP4=0,0,6,0;MQ=60;RB=17,12519363,12520051,CAC,TCC
2	208469213	NA	ATCTT	A	224	MASKED;TTCTCCACATCTTTCTTA	INDEL;IDV=7;IMF=1;DP=7;VDB=6.71664e-05;SGB=-0.636426;MQ0F=0;AC=2;AN=2;DP4=0,0,0,7;MQ=60;RB=2,208469041,208469328,CTG,GGT
13	67400704	NA	T	TG	125	PASS;TGTGTCCTTGCCAGTACT	INDEL;IDV=6;IMF=1;DP=6;VDB=0.000411984;SGB=-0.616816;MQ0F=0;AC=2;AN=2;DP4=0,0,6,0;MQ=60;RB=13,67400603,67401285,CCG,TCA
20	8762273	NA	CATGGCTGAT	C	224	MASKED;CGTTTTCACATGGCTGAT	INDEL;IDV=7;IMF=1;DP=7;VDB=6.71664e-05;SGB=-0.636426;MQ0F=0;AC=2;AN=2;DP4=0,0,7,0;MQ=60;RB=20,8762212,8762435,CTC,TCG
6	21695822	NA	TC	T	115	MASKED;CACTGCACTCCAACCTGG	INDEL;IDV=8;IMF=1;DP=8;VDB=1.33331e-05;SGB=-0.651104;MQ0F=0;AC=2;AN=2;DP4=0,0,8,0;MQ=60;RB=6,21695798,21696087,CAC,ACC
3	113385592	NA	GTTGTTTT	G	224	MASKED;TTGTTGTTGTTGTTTTTT	INDEL;IDV=7;IMF=1;DP=7;VDB=6.71664e-05;SGB=-0.636426;MQ0F=0;AC=2;AN=2;DP4=0,0,7,0;MQ=60;RB=3,113385500,113385847,TCC,ACT
11	55691175	NA	TCACCCAA	T	225	PASS;GGCTTCTTTCACCCAACA	INDEL;IDV=10;IMF=1;DP=10;VDB=6.99472e-07;SGB=-0.670168;MQ0F=0;AC=2;AN=2;DP4=0,0,0,10;MQ=60;RB=11,55690890,55691225,ACA,ATC
X	123189513	NA	CATGGTGTTCAGT	C	182	MASKED;TTGCCTTACATGGTGTTC	INDEL;IDV=5;IMF=1;DP=5;VDB=0.00187095;SGB=-0.590765;MQ0F=0;AC=2;AN=2;DP4=0,0,5,0;MQ=60;RB=X,123189454,123189769,AAA,AAT
2	226076878	NA	GAATAAT	G	182	MASKED;TGCCATGTGAATAATCAA	INDEL;IDV=5;IMF=1;DP=5;VDB=0.00187095;SGB=-0.590765;MQ0F=0;AC=2;AN=2;DP4=0,0,0,5;MQ=60;RB=2,226076632,226076930,CCT,CAT
1	79782490	NA	TTCAA	T	225	NEI_IND[104/148];AATCCTTATTCAAACAAA	INDEL;IDV=9;IMF=0.9;DP=10;VDB=1.62053e-05;SGB=-0.662043;MQ0F=0;AC=2;AN=2;DP4=0,0,9,0;MQ=60;RB=1,79782396,79782650,AAT,GTC
12	14379706	NA	GTGTATA	G	182	NEI_IND[6/318];CTACTACCGTGTATATGT	INDEL;IDV=5;IMF=1;DP=5;VDB=0.00187095;SGB=-0.590765;MQ0F=0;AC=2;AN=2;DP4=0,0,0,5;MQ=60;RB=12,14379480,14379748,GTT,ACT
3	127376909	NA	CTTAT	C	225	PASS;CTTTCTTTCTTATTTATC	INDEL;IDV=8;IMF=1;DP=8;VDB=1.33331e-05;SGB=-0.651104;MQ0F=0;AC=2;AN=2;DP4=0,0,0,8;MQ=60;RB=3,127376642,127376943,AGG,GTT
8	136565890	NA	AG	A	135	PASS;ATAGCTGAAGAGTAAATT	INDEL;IDV=9;IMF=1;DP=9;VDB=5.52906e-06;SGB=-0.662043;MQ0F=0;AC=2;AN=2;DP4=0,0,9,0;MQ=60;RB=8,136565758,136566139,CAT,GGG
2	138513794	NA	AAAC	A	225	MASKED;CTTGCACTAAACAATTCA	INDEL;IDV=9;IMF=1;DP=9;VDB=5.52906e-06;SGB=-0.662043;MQ0F=0;AC=2;AN=2;DP4=0,0,9,0;MQ=60;RB=2,138513739,138514057,TTA,TCC
2	226076878	NA	GAATAAT	G	163	MASKED;TGCCATGTGAATAATCAA	INDEL;IDV=5;IMF=1;DP=5;VDB=0.00187095;SGB=-0.590765;MQ0F=0;AC=2;AN=2;DP4=0,0,0,5;MQ=60;RB=2,226076250,226076929,GTG,CTG
12	129725102	NA	GGTT	G	154	PASS;ATGAAGAAGGTTGTTAGG	INDEL;IDV=4;IMF=1;DP=4;VDB=0.0058656;SGB=-0.556411;MQ0F=0;AC=2;AN=2;DP4=0,0,0,4;MQ=60;RB=12,129724564,129725117,ATA,TCG
2	9558930	NA	C	CA	108	PASS;TTAAGAGACAGAGTCTTG	INDEL;IDV=7;IMF=1;DP=7;VDB=0.000411984;SGB=-0.616816;MQ0F=0;AC=2;AN=2;DP4=0,0,0,6;MQ=60;RB=2,9558607,9558957,GTT,GTT
2	134600300	NA	TC	T	125	PASS;CTGATAAGTCCTTTGTAT	INDEL;IDV=9;IMF=1;DP=9;VDB=5.52906e-06;SGB=-0.662043;MQ0F=0;AC=2;AN=2;DP4=0,0,9,0;MQ=60;RB=2,134600177,134600815,GCT,CGG
18	18671011	NA	A	AT	6.51141	NEI_IND[68/828];ATATGTGGATTTTTTTTT	INDEL;IDV=6;IMF=1;DP=6;VDB=0.000411984;SGB=-0.616816;MQ0F=0;AC=2;AN=2;DP4=0,0,6,0;MQ=60;RB=18,18670992,18671524,TGT,CCG
18	18671500	NA	GT	G	101	PASS;AGGCAGAGGTTGCAGTGA	INDEL;IDV=6;IMF=1;DP=6;VDB=0.000411984;SGB=-0.616816;MQ0F=0;AC=2;AN=2;DP4=0,0,0,6;MQ=60;RB=18,18670992,18671524,TGT,CCG
4	177417979	NA	CAT	C	164	MASKED;TGTAAAGACATATATGCA	INDEL;IDV=7;IMF=1;DP=7;VDB=6.71664e-05;SGB=-0.636426;MQ0F=0;AC=2;AN=2;DP4=0,0,0,7;MQ=60;RB=4,177417721,177418001,TGA,CCT
6	138001822	NA	G	GT	123	PASS;AAAATTTTGTAAGTTTGA	INDEL;IDV=6;IMF=1;DP=6;VDB=0.000411984;SGB=-0.616816;MQ0F=0;AC=2;AN=2;DP4=0,0,0,6;MQ=60;RB=6,138001524,138001837,TCC,CAA
15	94402467	NA	TTTA	T	224	MASKED;CATAGCCATTTATTATTA	INDEL;IDV=7;IMF=1;DP=7;VDB=6.71664e-05;SGB=-0.636426;MQ0F=0;AC=2;AN=2;DP4=0,0,0,7;MQ=60;RB=15,94401926,94402490,TGG,CTG
9	2305422	NA	ACTC	A	225	NEI_IND[3/253];CACGACTGACTCCTCCTG	INDEL;IDV=10;IMF=1;DP=10;VDB=6.99472e-07;SGB=-0.670168;MQ0F=0;AC=2;AN=2;DP4=0,0,0,10;MQ=60;RB=9,2305033,2305530,AGG,ACG
1	202856465	NA	GAA	G	154	MASKED;AACATTATGAAAAATTTT	INDEL;IDV=9;IMF=1;DP=9;VDB=5.52906e-06;SGB=-0.662043;MQ0F=0;AC=2;AN=2;DP4=0,0,0,9;MQ=60;RB=1,202855936,202856481,CTG,ATG
18	27960330	NA	CCTTCT	C	182	MASKED;AAATACGTCCTTCTCTTC	INDEL;IDV=5;IMF=1;DP=5;VDB=0.00187095;SGB=-0.590765;MQ0F=0;AC=2;AN=2;DP4=0,0,0,5;MQ=60;RB=18,27960140,27960359,CGT,ATG
5	97446036	NA	CT	C	88	MASKED;ATTCACATCTTTTGCAGA	INDEL;IDV=13;IMF=1;DP=13;VDB=2.26006e-08;SGB=-0.683931;MQ0F=0;AC=2;AN=2;DP4=0,0,0,13;MQ=60;RB=5,97445505,97446135,TAT,TAG
3	142520185	NA	ATGT	A	225	MASKED;CTCTAACAATGTTGCAAT	INDEL;IDV=10;IMF=1;DP=10;VDB=6.99472e-07;SGB=-0.670168;MQ0F=0;AC=2;AN=2;DP4=0,0,0,10;MQ=60;RB=3,142519869,142520213,GTT,CGA
5	7846228	NA	GTCAT	G	225	PASS;TAATTAAAGTCATTCATA	INDEL;IDV=11;IMF=1;DP=11;VDB=2.26006e-08;SGB=-0.676189;MQ0F=0;AC=2;AN=2;DP4=0,0,11,0;MQ=60;RB=5,7846215,7846911,GTA,GAT
15	90120478	NA	AGTACATTCTTGC	A	224	MASKED;ACTAAATGAGTACATTCT	INDEL;IDV=7;IMF=1;DP=7;VDB=6.71664e-05;SGB=-0.636426;MQ0F=0;AC=2;AN=2;DP4=0,0,0,7;MQ=60;RB=15,90120204,90120610,GTT,CCT
2	233703009	NA	TAC	T	208	PASS;TATATATATACACGCATA	INDEL;IDV=9;IMF=1;DP=9;VDB=5.52906e-06;SGB=-0.662043;MQ0F=0;AC=2;AN=2;DP4=0,0,9,0;MQ=60;RB=2,233702993,233703266,AAT,TAA
14	38062656	NA	CCT	C	203	PASS;TACAGTCCCCTGTTTGAA	INDEL;IDV=9;IMF=1;DP=9;VDB=5.52906e-06;SGB=-0.662043;MQ0F=0;AC=2;AN=2;DP4=0,0,9,0;MQ=60;RB=14,38062612,38062991,ACC,AAT
5	115973430	NA	ATAATAC	A	225	MASKED;TGAAAATAATAATACTAA	INDEL;IDV=9;IMF=1;DP=9;VDB=5.52906e-06;SGB=-0.662043;MQ0F=0;AC=2;AN=2;DP4=0,0,9,0;MQ=60;RB=5,115973400,115973717,TTA,ATT
3	193196623	NA	AATGTCCCTG	A	225	MASKED;CACAGACCAATGTCCCTG	INDEL;IDV=10;IMF=1;DP=10;VDB=6.99472e-07;SGB=-0.670168;MQ0F=0;AC=2;AN=2;DP4=0,0,0,10;MQ=60;RB=3,193196295,193196734,CTA,GCC
4	16896659	NA	CTTTGTGAT	C	225	PASS;GAAGAACTCTTTGTGATT	INDEL;IDV=9;IMF=1;DP=9;VDB=5.52906e-06;SGB=-0.662043;MQ0F=0;AC=2;AN=2;DP4=0,0,0,9;MQ=60;RB=4,16896371,16896709,TGA,TTG
14	62950696	NA	CTGTT	C	205	MASKED;TAGAGCTTCTGTTTGTTT	INDEL;IDV=6;IMF=1;DP=6;VDB=0.000411984;SGB=-0.616816;MQ0F=0;AC=2;AN=2;DP4=0,0,0,6;MQ=60;RB=14,62950006,62950720,GGT,TTC
3	33798604	NA	TAC	T	148	MASKED;CACATATATACACACACA	INDEL;IDV=6;IMF=1;DP=6;VDB=0.000411984;SGB=-0.616816;MQ0F=0;AC=2;AN=2;DP4=0,0,0,6;MQ=60;RB=3,33797990,33798636,CTA,GTG
4	77978574	NA	TAGTA	T	225	PASS;GTCATGTTTAGTAAGTGT	INDEL;IDV=8;IMF=1;DP=8;VDB=1.33331e-05;SGB=-0.651104;MQ0F=0;AC=2;AN=2;DP4=0,0,0,8;MQ=60;RB=4,77978259,77978698,GTT,GAG
1	205141086	NA	TATTG	T	225	MASKED;AGCAGGTTTATTGATTGA	INDEL;IDV=9;IMF=1;DP=9;VDB=5.52906e-06;SGB=-0.662043;MQ0F=0;AC=2;AN=2;DP4=0,0,0,9;MQ=60;RB=1,205140751,205141134,TGG,ATG
4	155455232	NA	TTTA	T	205	PASS;AATCAGTATTTATTATTT	INDEL;IDV=6;IMF=1;DP=6;VDB=0.000411984;SGB=-0.616816;MQ0F=0;AC=2;AN=2;DP4=0,0,0,6;MQ=60;RB=4,155454926,155455307,CGT,CGC
3	33798604	NA	TAC	T	197	MASKED;CACATATATACACACACA	INDEL;IDV=11;IMF=1;DP=11;VDB=2.26006e-08;SGB=-0.676189;MQ0F=0;AC=2;AN=2;DP4=0,0,0,11;MQ=60;RB=3,33797990,33798636,GGA,ATG
12	125515508	NA	GGT	G	108	MASKED;GTGTACATGGTGTGTGTG	INDEL;IDV=4;IMF=1;DP=4;VDB=0.0058656;SGB=-0.556411;MQ0F=0;AC=2;AN=2;DP4=0,0,0,4;MQ=60;RB=12,125515247,125515601,CCG,GCT
4	138719629	NA	CTGGA	C	182	NEI_IND[4/359];TACAATATCTGGATGGAT	INDEL;IDV=5;IMF=1;DP=5;VDB=0.00187095;SGB=-0.590765;MQ0F=0;AC=2;AN=2;DP4=0,0,0,5;MQ=60;RB=4,138719283,138719693,CGG,CCT
2	78128798	NA	CA	C	110	PASS;TACACCATCACTCTCCAT	INDEL;IDV=6;IMF=1;DP=6;VDB=0.000411984;SGB=-0.616816;MQ0F=0;AC=2;AN=2;DP4=0,0,0,6;MQ=60;RB=2,78128315,78128840,CTT,AAA
21	22731624	NA	CT	C	103	MASKED;AATTAGGCCTGTTAGAAA	INDEL;IDV=6;IMF=1;DP=6;VDB=0.000411984;SGB=-0.616816;MQ0F=0;AC=2;AN=2;DP4=0,0,6,0;MQ=60;RB=21,22731515,22731990,ACT,GTA
17	67652499	NA	AT	A	7.30725	MASKED;GGTAGATGATTTTTTTTT	INDEL;IDV=10;IMF=1;DP=10;VDB=0.00187095;SGB=-0.590765;MQ0F=0;AC=2;AN=2;DP4=0,0,5,0;MQ=60;RB=17,67652422,67652640,CAG,ATG
12	3402799	NA	CCAGGGCAGGG	C	182	PASS;AGAGCCGTCCAGGGCAGG	INDEL;IDV=5;IMF=1;DP=5;VDB=0.00187095;SGB=-0.590765;MQ0F=0;AC=2;AN=2;DP4=0,0,0,5;MQ=60;RB=12,3402403,3402923,TTG,TAT
12	56231008	NA	CTT	C	181	PASS;CCAGTAGACTTTGCCCTT	INDEL;IDV=6;IMF=1;DP=6;VDB=0.000411984;SGB=-0.616816;MQ0F=0;AC=2;AN=2;DP4=0,0,6,0;MQ=60;RB=12,56230939,56231235,ACT,CTG
5	73928568	NA	TG	T	123	PASS;CAGCTACTTGGAAGGCTG	INDEL;IDV=8;IMF=1;DP=8;VDB=1.33331e-05;SGB=-0.651104;MQ0F=0;AC=2;AN=2;DP4=0,0,0,8;MQ=60;RB=5,73928145,73928613,GGG,AGA
10	16650413	NA	GCTACCTA	G	225	MASKED;AATACCCAGCTACCTACT	INDEL;IDV=9;IMF=1;DP=9;VDB=5.52906e-06;SGB=-0.662043;MQ0F=0;AC=2;AN=2;DP4=0,0,0,9;MQ=60;RB=10,16650005,16650489,AAT,TGT
5	135983173	NA	TTTTG	T	210	MASKED;TGCTAGCTTTTTGTTTGT	INDEL;IDV=7;IMF=1;DP=7;VDB=6.71664e-05;SGB=-0.636426;MQ0F=0;AC=2;AN=2;DP4=0,0,0,7;MQ=60;RB=5,135982766,135983303,GGT,ACT
5	129261584	NA	ATG	A	132	MASKED;GTGTATATATGTGTGTGT	INDEL;IDV=5;IMF=1;DP=5;VDB=0.00187095;SGB=-0.590765;MQ0F=0;AC=2;AN=2;DP4=0,0,0,5;MQ=60;RB=5,129261247,129261608,CTC,ACA
4	11294487	NA	ATGGAGTCTTGCTC	A	205	NEI_IND[6/146];TCTATGTGATGGAGTCTT	INDEL;IDV=6;IMF=1;DP=6;VDB=0.000411984;SGB=-0.616816;MQ0F=0;AC=2;AN=2;DP4=0,0,0,6;MQ=60;RB=4,11293895,11294531,GGT,TAA
7	53199066	NA	AT	A	105	MASKED;TCCTGCTAATTAGGGTAT	INDEL;IDV=6;IMF=1;DP=6;VDB=0.000411984;SGB=-0.616816;MQ0F=0;AC=2;AN=2;DP4=0,0,0,6;MQ=60;RB=7,53198632,53199158,TGA,ATT
2	197051457	NA	TAGAG	T	225	PASS;AACACAAATAGAGAAATG	INDEL;IDV=12;IMF=1;DP=12;VDB=2.26006e-08;SGB=-0.680642;MQ0F=0;AC=2;AN=2;DP4=0,0,12,0;MQ=60;RB=2,197051446,197051796,GAT,TAT
7	147650505	NA	A	AT	93	NEI_IND[33/396];TAAGAAATACGATTCTCA	INDEL;IDV=9;IMF=1;DP=9;VDB=5.52906e-06;SGB=-0.662043;MQ0F=0;AC=2;AN=2;DP4=0,0,0,9;MQ=60;RB=7,147649904,147650585,AGT,GCC
7	147650539	NA	TA	T	49.4146	MASKED;TGGGTTGATAAGGTGCAG	INDEL;IDV=9;IMF=1;DP=9;VDB=1.33331e-05;SGB=-0.651104;MQ0F=0;AC=2;AN=2;DP4=0,0,0,8;MQ=60;RB=7,147649904,147650585,AGT,GCC
20	23819828	NA	GATGAACAT	G	225	MASKED;AATCTCCTGATGAACATC	INDEL;IDV=14;IMF=1;DP=14;VDB=2.26006e-08;SGB=-0.686358;MQ0F=0;AC=2;AN=2;DP4=0,0,0,14;MQ=60;RB=20,23819403,23819931,TTG,GTA
15	28047375	NA	AC	A	136	PASS;ACTTAGAAACAAAGTTGA	INDEL;IDV=9;IMF=1;DP=9;VDB=5.52906e-06;SGB=-0.662043;MQ0F=0;AC=2;AN=2;DP4=0,0,9,0;MQ=60;RB=15,28047256,28047617,CAT,TAT
12	14379706	NA	GTGTATA	G	225	NEI_IND[6/318];CTACTACCGTGTATATGT	INDEL;IDV=10;IMF=1;DP=10;VDB=6.99472e-07;SGB=-0.670168;MQ0F=0;AC=2;AN=2;DP4=0,0,0,10;MQ=60;RB=12,14379102,14379748,TTT,CGA
19	2526890	NA	CT	C	140	MASKED;CGCCCAGGCTGGAGTGCA	INDEL;IDV=9;IMF=1;DP=9;VDB=5.52906e-06;SGB=-0.662043;MQ0F=0;AC=2;AN=2;DP4=0,0,0,9;MQ=60;RB=19,2526647,2526918,AAA,CTG
8	118037551	NA	TA	T	102	MASKED;AGTTTTTTTAAATGCAAG	INDEL;IDV=7;IMF=1;DP=7;VDB=6.71664e-05;SGB=-0.636426;MQ0F=0;AC=2;AN=2;DP4=0,0,0,7;MQ=60;RB=8,118037084,118037576,GTA,TTC
5	110709125	NA	ATATATT	A	182	NEI_IND[6/222];AATGTAAAATATATTTAT	INDEL;IDV=5;IMF=1;DP=5;VDB=0.00187095;SGB=-0.590765;MQ0F=0;AC=2;AN=2;DP4=0,0,0,5;MQ=60;RB=5,110708906,110709205,TGG,CAA
8	134260359	NA	TATGA	T	190	PASS;CAACTTAGTATGAATTTC	INDEL;IDV=6;IMF=1;DP=6;VDB=0.000411984;SGB=-0.616816;MQ0F=0;AC=2;AN=2;DP4=0,0,6,0;MQ=60;RB=8,134260256,134260523,GGC,CGC
4	78249879	NA	TC	T	19.4636	PASS;CCTACACTTCCTGCTAGC	INDEL;IDV=4;IMF=1;DP=4;VDB=0.0221621;SGB=-0.511536;MQ0F=0;AC=2;AN=2;DP4=0,0,3,0;MQ=60;RB=4,78249764,78250478,ACC,TAT
3	164153120	NA	C	CT	27.4221	NEI_IND[17/456];ATGGGTTTCTTTTTTATT	INDEL;IDV=5;IMF=1;DP=5;VDB=0.00187095;SGB=-0.590765;MQ0F=0;AC=2;AN=2;DP4=0,0,5,0;MQ=60;RB=3,164153071,164153815,GTA,AGG
3	164153720	NA	TG	T	90	MASKED;TTGATGGTTGGCACATTG	INDEL;IDV=5;IMF=1;DP=5;VDB=0.00187095;SGB=-0.590765;MQ0F=0;AC=2;AN=2;DP4=0,0,0,5;MQ=60;RB=3,164153071,164153815,GTA,AGG
16	8578245	NA	TGC	T	199	MASKED;ACCCAAAATGCGCACACA	INDEL;IDV=8;IMF=1;DP=8;VDB=1.33331e-05;SGB=-0.651104;MQ0F=0;AC=2;AN=2;DP4=0,0,0,8;MQ=60;RB=16,8577990,8578351,TAT,TCC
9	2305422	NA	ACTC	A	224	NEI_IND[3/253];CACGACTGACTCCTCCTG	INDEL;IDV=7;IMF=1;DP=7;VDB=6.71664e-05;SGB=-0.636426;MQ0F=0;AC=2;AN=2;DP4=0,0,0,7;MQ=60;RB=9,2305130,2305531,TGC,GTA
13	39691435	NA	AT	A	64	MASKED;AATCTTGAATTTTAATTT	INDEL;IDV=6;IMF=1;DP=6;VDB=0.000411984;SGB=-0.616816;MQ0F=0;AC=2;AN=2;DP4=0,0,6,0;MQ=60;RB=13,39691375,39691786,TCT,GCT
6	113081555	NA	CT	C	144	MASKED;ACAAGTTGCTGATAATCT	INDEL;IDV=9;IMF=1;DP=9;VDB=5.52906e-06;SGB=-0.662043;MQ0F=0;AC=2;AN=2;DP4=0,0,0,9;MQ=60;RB=6,113081291,113081623,GAA,AGA
8	13475550	NA	GTT	G	91	MASKED;GCAGACTTGTTTTTTTTC	INDEL;IDV=14;IMF=1;DP=14;VDB=2.26006e-08;SGB=-0.686358;MQ0F=0;AC=2;AN=2;DP4=0,0,0,14;MQ=60;RB=8,13475216,13475572,TTG,CTG
1	151999539	NA	AT	A	93	MASKED;CTCTTGTTATTTATCTTA	INDEL;IDV=6;IMF=1;DP=6;VDB=0.000411984;SGB=-0.616816;MQ0F=0;AC=2;AN=2;DP4=0,0,6,0;MQ=60;RB=1,151999529,152000283,TAT,CCT
20	50508444	NA	CACACACCTAAGGT	C	225	MASKED;CTAAGTAACACACACCTA	INDEL;IDV=10;IMF=1;DP=10;VDB=6.99472e-07;SGB=-0.670168;MQ0F=0;AC=2;AN=2;DP4=0,0,10,0;MQ=60;RB=20,50508406,50508800,CCC,AGT
X	57371476	NA	TTTG	T	217	PASS;TCATGACTTTTGTTGTTG	INDEL;IDV=7;IMF=1;DP=7;VDB=6.71664e-05;SGB=-0.636426;MQ0F=0;AC=2;AN=2;DP4=0,0,7,0;MQ=60;RB=X,57371355,57371655,CTC,CTT
12	75147658	NA	AACTG	A	225	PASS;ATGATAATAACTGACTAT	INDEL;IDV=8;IMF=0.888889;DP=8;VDB=1.33331e-05;SGB=-0.651104;MQ0F=0;AC=2;AN=2;DP4=0,0,0,8;MQ=60;RB=12,75147111,75147792,AAT,GGG
5	115549999	NA	ACT	A	165	MASKED;CAGTATCCACTCTCATGA	INDEL;IDV=6;IMF=1;DP=6;VDB=0.000411984;SGB=-0.616816;MQ0F=0;AC=2;AN=2;DP4=0,0,0,6;MQ=60;RB=5,115549377,115550018,GAG,CTG
9	124264866	NA	CCT	C	148	MASKED;TTCTGGCCCCTCTCTCTC	INDEL;IDV=6;IMF=1;DP=6;VDB=0.000411984;SGB=-0.616816;MQ0F=0;AC=2;AN=2;DP4=0,0,0,6;MQ=60;RB=9,124264614,124264927,CCC,ACT
8	124752470	NA	CGT	C	155	MASKED;TGTGCACACGTGTGTGTG	INDEL;IDV=8;IMF=1;DP=8;VDB=6.71664e-05;SGB=-0.636426;MQ0F=0;AC=2;AN=2;DP4=0,0,7,0;MQ=60;RB=8,124752444,124752980,TTT,TCT
16	82410984	NA	CT	C	61	PASS;TTTGTGCCCTTTTTGATG	INDEL;IDV=12;IMF=1;DP=12;VDB=2.26006e-08;SGB=-0.680642;MQ0F=0;AC=2;AN=2;DP4=0,0,12,0;MQ=60;RB=16,82410887,82411187,AAA,GAA
20	2665956	NA	AG	A	145	MASKED;CAGGCTATAGTGCAGTGG	INDEL;IDV=10;IMF=1;DP=10;VDB=6.99472e-07;SGB=-0.670168;MQ0F=0;AC=2;AN=2;DP4=0,0,0,10;MQ=60;RB=20,2665556,2665981,GAC,TCT
17	13583534	NA	CACTT	C	15.5372	NEI_IND[4/320];AGGCTAAACACTTACACA	INDEL;IDV=8;IMF=1;DP=8;VDB=0.02;SGB=-0.453602;MQ0F=0;AC=2;AN=2;DP4=0,0,0,2;MQ=60;RB=17,13583237,13583617,ATT,CAA
6	8958670	NA	T	TA	110	PASS;TTGAGAAATACTTTCTAT	INDEL;IDV=5;IMF=1;DP=5;VDB=0.00187095;SGB=-0.590765;MQ0F=0;AC=2;AN=2;DP4=0,0,5,0;MQ=60;RB=6,8958548,8959142,CCG,AGC
12	125515508	NA	GGT	G	145	MASKED;GTGTACATGGTGTGTGTG	INDEL;IDV=6;IMF=1;DP=6;VDB=0.000411984;SGB=-0.616816;MQ0F=0;AC=2;AN=2;DP4=0,0,0,6;MQ=60;RB=12,125515247,125515601,GCC,GTA
2	138513794	NA	AAAC	A	205	MASKED;CTTGCACTAAACAATTCA	INDEL;IDV=6;IMF=1;DP=6;VDB=0.000411984;SGB=-0.616816;MQ0F=0;AC=2;AN=2;DP4=0,0,6,0;MQ=60;RB=2,138513739,138514058,TCT,ATA
8	132305760	NA	GAAAGTGAGGAAACAAAAGC	G	182	MASKED;ATCAAGAGGAAAGTGAGG	INDEL;IDV=5;IMF=1;DP=5;VDB=0.00187095;SGB=-0.590765;MQ0F=0;AC=2;AN=2;DP4=0,0,0,5;MQ=60;RB=8,132305393,132305855,CTT,AAC
12	79427016	NA	TC	T	105	PASS;AGTCTCCTTCCAACCAAG	INDEL;IDV=8;IMF=1;DP=8;VDB=6.71664e-05;SGB=-0.636426;MQ0F=0;AC=2;AN=2;DP4=0,0,0,7;MQ=60;RB=12,79426112,79427087,CAT,TAG
5	63525438	NA	ATG	A	185	PASS;TTTATTGTATGTTTGTCC	INDEL;IDV=7;IMF=0.7;DP=7;VDB=6.71664e-05;SGB=-0.636426;MQ0F=0;AC=2;AN=2;DP4=0,0,0,7;MQ=60;RB=5,63525046,63525552,TAC,ATA
6	154670517	NA	AT	A	58	PASS;TTTATTTTATTTTATTTA	INDEL;IDV=6;IMF=1;DP=6;VDB=0.000411984;SGB=-0.616816;MQ0F=0;AC=2;AN=2;DP4=0,0,6,0;MQ=60;RB=6,154670382,154670812,GCA,ATT
14	102393078	NA	TAGTG	T	182	PASS;TTCAAAGATAGTGAGAAG	INDEL;IDV=5;IMF=1;DP=5;VDB=0.00187095;SGB=-0.590765;MQ0F=0;AC=2;AN=2;DP4=0,0,0,5;MQ=60;RB=14,102392792,102393103,GTG,ATT
2	14937788	NA	CT	C	93	MASKED;CCCGGCCTCTTTGCTCAC	INDEL;IDV=8;IMF=1;DP=8;VDB=1.33331e-05;SGB=-0.651104;MQ0F=0;AC=2;AN=2;DP4=0,0,8,0;MQ=60;RB=2,14937696,14938251,TTA,GTG
4	177417979	NA	CAT	C	199	MASKED;TGTAAAGACATATATGCA	INDEL;IDV=9;IMF=1;DP=9;VDB=5.52906e-06;SGB=-0.662043;MQ0F=0;AC=2;AN=2;DP4=0,0,0,9;MQ=60;RB=4,177417721,177418000,TTA,TCG
8	134180777	NA	GCTTGTTCATTCCATTCCT	G	225	NEI_IND[6/594];ATTTCTTGGCTTGTTCAT	INDEL;IDV=9;IMF=1;DP=9;VDB=5.52906e-06;SGB=-0.662043;MQ0F=0;AC=2;AN=2;DP4=0,0,0,9;MQ=60;RB=8,134180578,134180854,CAG,CTG
11	17571787	NA	AT	A	56	PASS;ACTTCAAAATTTTGGCAG	INDEL;IDV=5;IMF=1;DP=5;VDB=0.00187095;SGB=-0.590765;MQ0F=0;AC=2;AN=2;DP4=0,0,5,0;MQ=60;RB=11,17571689,17572104,CTA,GCT
3	99890184	NA	G	GC	5.7555	PASS;GGATAGAAGCCCCCCCTC	INDEL;IDV=4;IMF=1;DP=4;VDB=0.0221621;SGB=-0.511536;MQ0F=0;AC=2;AN=2;DP4=0,0,0,3;MQ=60;RB=3,99889799,99890306,AGT,CCC
3	164153120	NA	C	CT	39.4149	NEI_IND[17/456];ATGGGTTTCTTTTTTATT	INDEL;IDV=8;IMF=1;DP=8;VDB=1.33331e-05;SGB=-0.651104;MQ0F=0;AC=2;AN=2;DP4=0,0,8,0;MQ=60;RB=3,164153071,164153816,ATT,TTA
3	164153720	NA	TG	T	119	MASKED;TTGATGGTTGGCACATTG	INDEL;IDV=8;IMF=1;DP=8;VDB=1.33331e-05;SGB=-0.651104;MQ0F=0;AC=2;AN=2;DP4=0,0,0,8;MQ=60;RB=3,164153071,164153816,ATT,TTA
2	150486754	NA	TTTTG	T	154	NEI_IND[8/472];TGTCAGTTTTTTGTATGT	INDEL;IDV=4;IMF=1;DP=4;VDB=0.0058656;SGB=-0.556411;MQ0F=0;AC=2;AN=2;DP4=0,0,0,4;MQ=60;RB=2,150486312,150486806,GAC,CAC
21	36714980	NA	TATGCAA	T	225	NEI_IND[6/344];TGAAGCGCTATGCAAATG	INDEL;IDV=10;IMF=1;DP=10;VDB=6.99472e-07;SGB=-0.670168;MQ0F=0;AC=2;AN=2;DP4=0,0,0,10;MQ=60;RB=21,36714595,36715057,CTT,TTA
11	110092735	NA	GTATAT	G	224	NEI_IND[5/352];ATGCAAATGTATATTATG	INDEL;IDV=7;IMF=1;DP=7;VDB=6.71664e-05;SGB=-0.636426;MQ0F=0;AC=2;AN=2;DP4=0,0,7,0;MQ=60;RB=11,110092642,110093219,CAG,TGA
8	139374521	NA	CATATCTTT	CT,C	92	NEI_IND[153/692];CCCACCCCCATATCTTTT	INDEL;IDV=7;IMF=1;DP=7;VDB=0.00766117;SGB=-0.556411;MQ0F=0;AC=1,1;AN=2;DP4=0,0,0,4;MQ=60;RB=8,139374299,139374616,TTG,ATA
7	82276201	NA	AAGG	A	225	NEI_IND[3/201];ACCTCCTCAAGGAGAACT	INDEL;IDV=8;IMF=1;DP=8;VDB=1.33331e-05;SGB=-0.651104;MQ0F=0;AC=2;AN=2;DP4=0,0,8,0;MQ=60;RB=7,82276068,82276672,TCC,TGT
5	76770514	NA	CACAA	C	225	MASKED;TTTTAGCTCACAAACAAA	INDEL;IDV=10;IMF=1;DP=10;VDB=5.52906e-06;SGB=-0.662043;MQ0F=0;AC=2;AN=2;DP4=0,0,0,9;MQ=60;RB=5,76769927,76770547,CCT,TAA
4	142670253	NA	GAAAC	G	225	MASKED;TCTGCACAGAAACAAACA	INDEL;IDV=11;IMF=1;DP=11;VDB=2.8314e-08;SGB=-0.676189;MQ0F=0;AC=2;AN=2;DP4=0,0,11,0;MQ=60;RB=4,142670197,142670811,TTT,AAT
9	12544590	NA	TGCGC	T	154	MASKED;CTAATTTGTGCGCGCACA	INDEL;IDV=4;IMF=1;DP=4;VDB=0.0058656;SGB=-0.556411;MQ0F=0;AC=2;AN=2;DP4=0,0,4,0;MQ=60;RB=9,12544471,12544946,TGG,CCG
11	90149908	NA	ATGTGGAAAAT	A	182	PASS;TGAGATTTATGTGGAAAA	INDEL;IDV=5;IMF=1;DP=5;VDB=0.00187095;SGB=-0.590765;MQ0F=0;AC=2;AN=2;DP4=0,0,0,5;MQ=60;RB=11,90149740,90149984,GCT,TTA
18	27960330	NA	CCTTCT	C	154	MASKED;AAATACGTCCTTCTCTTC	INDEL;IDV=4;IMF=1;DP=4;VDB=0.0058656;SGB=-0.556411;MQ0F=0;AC=2;AN=2;DP4=0,0,0,4;MQ=60;RB=18,27959799,27960359,CCC,GAC
5	106728352	NA	TG	T	38.415	PASS;ACAAAATTTGGGGGTAAT	INDEL;IDV=5;IMF=1;DP=5;VDB=0.00187095;SGB=-0.590765;MQ0F=0;AC=2;AN=2;DP4=0,0,5,0;MQ=60;RB=5,106728220,106728496,CCG,CCC
13	19902450	NA	ATTGT	A	225	MASKED;AAACTGTCATTGTTTGTT	INDEL;IDV=10;IMF=1;DP=10;VDB=6.99472e-07;SGB=-0.670168;MQ0F=0;AC=2;AN=2;DP4=0,0,0,10;MQ=60;RB=13,19902165,19902578,ATA,TTA
12	127447715	NA	TACAAGTAATAA	T	154	MASKED;AAAACTGTTACAAGTAAT	INDEL;IDV=4;IMF=1;DP=4;VDB=0.0058656;SGB=-0.556411;MQ0F=0;AC=2;AN=2;DP4=0,0,0,4;MQ=60;RB=12,127446700,127447773,GAC,TCC
3	24453058	NA	AAAT	A	225	PASS;AATATTATAAATAATAAT	INDEL;IDV=8;IMF=1;DP=8;VDB=1.33331e-05;SGB=-0.651104;MQ0F=0;AC=2;AN=2;DP4=0,0,8,0;MQ=60;RB=3,24453010,24453370,TTT,GTA
5	26933520	NA	A	AT	164	PASS;GAGAGATCATAAAAGGAA	INDEL;IDV=11;IMF=1;DP=11;VDB=2.26006e-08;SGB=-0.676189;MQ0F=0;AC=2;AN=2;DP4=0,0,0,11;MQ=60;RB=5,26933298,26933608,GTT,CTG
8	20226056	NA	CG	C	90	MASKED;CCAGGCTCCGGTGTGCAT	INDEL;IDV=6;IMF=1;DP=6;VDB=0.000560625;SGB=-0.616816;MQ0F=0;AC=2;AN=2;DP4=0,0,0,6;MQ=60;RB=8,20225593,20226151,AAA,TTG
7	55600906	NA	C	CT	137	PASS;TCAGTCAGCTGCCTCCAG	INDEL;IDV=7;IMF=1;DP=7;VDB=6.71664e-05;SGB=-0.636426;MQ0F=0;AC=2;AN=2;DP4=0,0,0,7;MQ=60;RB=7,55600541,55600966,GAA,CGA
14	63163481	NA	AG	A	64	PASS;TAGTTCAAAGGTCATTAA	INDEL;IDV=6;IMF=1;DP=6;VDB=0.000411984;SGB=-0.616816;MQ0F=0;AC=2;AN=2;DP4=0,0,0,6;MQ=60;RB=14,63163318,63163572,ATT,AGA
10	86895230	NA	TATA	T	225	NEI_IND[60/360];CATATACATATAATCATA	INDEL;IDV=11;IMF=1;DP=11;VDB=2.26006e-08;SGB=-0.676189;MQ0F=0;AC=2;AN=2;DP4=0,0,11,0;MQ=60;RB=10,86895119,86895521,CAT,TTG
10	86895480	NA	CTCCTGTCGTT	C	225	PASS;TGTCAAAGCTCCTGTCGT	INDEL;IDV=11;IMF=1;DP=11;VDB=2.26006e-08;SGB=-0.676189;MQ0F=0;AC=2;AN=2;DP4=0,0,0,11;MQ=60;RB=10,86895119,86895521,CAT,TTG
11	11043286	NA	ATG	A	128	MASKED;GTTTATGTATGTGTGTGT	INDEL;IDV=5;IMF=1;DP=5;VDB=0.00187095;SGB=-0.590765;MQ0F=0;AC=2;AN=2;DP4=0,0,0,5;MQ=60;RB=11,11042927,11043321,CCT,TAG
8	18224932	NA	G	GA	26.4242	PASS;AAAATAAAGAAAAAAAGG	INDEL;IDV=8;IMF=1;DP=8;VDB=1.33331e-05;SGB=-0.651104;MQ0F=0;AC=2;AN=2;DP4=0,0,8,0;MQ=60;RB=8,18224847,18225130,GAC,ATG
1	106944779	NA	CTA	C	157	MASKED;TAAAATACCTATATATAT	INDEL;IDV=7;IMF=1;DP=7;VDB=6.71664e-05;SGB=-0.636426;MQ0F=0;AC=2;AN=2;DP4=0,0,7,0;MQ=60;RB=1,106944666,106944927,GTA,GTT
1	106944823	NA	T	TTATA	218	NEI_IND[32/384];TGATGGAATTATATATAT	INDEL;IDV=7;IMF=1;DP=7;VDB=0.000186402;SGB=-0.636426;MQ0F=0;AC=2;AN=2;DP4=0,0,0,7;MQ=60;RB=1,106944666,106944927,GTA,GTT
5	115549999	NA	ACT	A	212	MASKED;CAGTATCCACTCTCATGA	INDEL;IDV=10;IMF=1;DP=10;VDB=6.99472e-07;SGB=-0.670168;MQ0F=0;AC=2;AN=2;DP4=0,0,0,10;MQ=60;RB=5,115549376,115550018,AAT,TCG
9	1025184	NA	GGT	G	157	MASKED;GAGAGGAGGGTGTGTGTG	INDEL;IDV=8;IMF=1;DP=8;VDB=6.71664e-05;SGB=-0.636426;MQ0F=0;AC=2;AN=2;DP4=0,0,0,7;MQ=60;RB=9,1024504,1025212,ATA,CTG
4	64847336	NA	AGTTTT	A	182	NEI_IND[5/272];AGGGGAAAAGTTTTGTTT	INDEL;IDV=5;IMF=1;DP=5;VDB=0.00187095;SGB=-0.590765;MQ0F=0;AC=2;AN=2;DP4=0,0,0,5;MQ=60;RB=4,64846913,64847448,TAA,GTA
18	27960330	NA	CCTTCT	C	225	MASKED;AAATACGTCCTTCTCTTC	INDEL;IDV=8;IMF=1;DP=8;VDB=1.33331e-05;SGB=-0.651104;MQ0F=0;AC=2;AN=2;DP4=0,0,0,8;MQ=60;RB=18,27959799,27960359,TGG,CTC
5	81275886	NA	ATCTC	A	205	PASS;TTCTATACATCTCTCTGT	INDEL;IDV=6;IMF=1;DP=6;VDB=0.000411984;SGB=-0.616816;MQ0F=0;AC=2;AN=2;DP4=0,0,6,0;MQ=60;RB=5,81275789,81276158,GGG,GAG
3	193196623	NA	AATGTCCCTG	A	225	MASKED;CACAGACCAATGTCCCTG	INDEL;IDV=8;IMF=1;DP=8;VDB=1.33331e-05;SGB=-0.651104;MQ0F=0;AC=2;AN=2;DP4=0,0,0,8;MQ=60;RB=3,193196295,193196734,CCT,AAC
12	76674061	NA	TTATAAAACTA	T	225	MASKED;ATTGCATTTTATAAAACT	INDEL;IDV=10;IMF=1;DP=10;VDB=6.99472e-07;SGB=-0.670168;MQ0F=0;AC=2;AN=2;DP4=0,0,10,0;MQ=60;RB=12,76673989,76674345,CGC,CTC
4	29488661	NA	TG	T	140	PASS;GTGAGTTCTGGAAGATCT	INDEL;IDV=11;IMF=1;DP=11;VDB=2.26006e-08;SGB=-0.676189;MQ0F=0;AC=2;AN=2;DP4=0,0,0,11;MQ=60;RB=4,29488030,29488741,ACC,CCG
3	145573740	NA	TAAGA	T	225	PASS;TCCTACTCTAAGACTTTC	INDEL;IDV=8;IMF=1;DP=8;VDB=1.33331e-05;SGB=-0.651104;MQ0F=0;AC=2;AN=2;DP4=0,0,0,8;MQ=60;RB=3,145573314,145573855,TTA,GCG
5	89379251	NA	TA	T	51	PASS;AAAAAATTTAAAACCAAA	INDEL;IDV=6;IMF=1;DP=6;VDB=0.00328271;SGB=-0.590765;MQ0F=0;AC=2;AN=2;DP4=0,0,0,5;MQ=60;RB=5,89378668,89379312,TCT,AAT
1	69783172	NA	GC	G	145	PASS;TTCCAGAAGCTGCAAGTC	INDEL;IDV=10;IMF=1;DP=10;VDB=6.99472e-07;SGB=-0.670168;MQ0F=0;AC=2;AN=2;DP4=0,0,0,10;MQ=60;RB=1,69782624,69783208,AAC,CTC
8	20150039	NA	AG	A	81	PASS;AAAGGCAGAGGAACAGAC	INDEL;IDV=5;IMF=1;DP=5;VDB=0.00187095;SGB=-0.590765;MQ0F=0;AC=2;AN=2;DP4=0,0,5,0;MQ=60;RB=8,20149930,20150783,ACG,CTG
17	48065459	NA	CCTCT	C	224	PASS;CCTTCCTTCCTCTCTCTC	INDEL;IDV=7;IMF=1;DP=7;VDB=6.71664e-05;SGB=-0.636426;MQ0F=0;AC=2;AN=2;DP4=0,0,0,7;MQ=60;RB=17,48065010,48065520,AAC,CAT
3	22321137	NA	TATA	T	72	NEI_IND[4/249];TTTATATATATATATATG	INDEL;IDV=8;IMF=1;DP=8;VDB=1.33331e-05;SGB=-0.651104;MQ0F=0;AC=2;AN=2;DP4=0,0,0,8;MQ=60;RB=3,22320918,22321241,CTC,GGG
6	149707211	NA	ATACGTGTGTG	A	182	PASS;ACATACACATACGTGTGT	INDEL;IDV=5;IMF=1;DP=5;VDB=0.00187095;SGB=-0.590765;MQ0F=0;AC=2;AN=2;DP4=0,0,0,5;MQ=60;RB=6,149707032,149707302,GTT,CTG
14	28423911	NA	CA	C	111	PASS;GGAATCAACAATCAAACT	INDEL;IDV=7;IMF=1;DP=7;VDB=6.71664e-05;SGB=-0.636426;MQ0F=0;AC=2;AN=2;DP4=0,0,7,0;MQ=60;RB=14,28423846,28424583,TGT,TTT
10	32087167	NA	TTATA	T	224	PASS;GGAAACTTTTATATAGAG	INDEL;IDV=7;IMF=1;DP=7;VDB=6.71664e-05;SGB=-0.636426;MQ0F=0;AC=2;AN=2;DP4=0,0,0,7;MQ=60;RB=10,32086940,32087217,GAG,TAA
22	35229040	NA	GAC	G	225	NEI_IND[2/153];TGAGGAAAGACAGTGCAA	INDEL;IDV=12;IMF=1;DP=12;VDB=2.26006e-08;SGB=-0.680642;MQ0F=0;AC=2;AN=2;DP4=0,0,0,12;MQ=60;RB=22,35228615,35229100,CCG,GCT
1	40846508	NA	C	CCTA	225	PASS;CTGTGGTACCTTTTAAAA	INDEL;IDV=10;IMF=1;DP=10;VDB=6.99472e-07;SGB=-0.670168;MQ0F=0;AC=2;AN=2;DP4=0,0,0,10;MQ=60;RB=1,40846283,40846628,GGG,GGT
20	50508444	NA	CACACACCTAAGGT	C	154	MASKED;CTAAGTAACACACACCTA	INDEL;IDV=4;IMF=1;DP=4;VDB=0.0058656;SGB=-0.556411;MQ0F=0;AC=2;AN=2;DP4=0,0,4,0;MQ=60;RB=20,50508406,50508800,CAC,ACA
7	133487535	NA	GA	G	100	MASKED;GAGGCGGAGAGTTGCAGT	INDEL;IDV=5;IMF=1;DP=5;VDB=0.00187095;SGB=-0.590765;MQ0F=0;AC=2;AN=2;DP4=0,0,0,5;MQ=60;RB=7,133487097,133487562,ACA,GCT
15	94402467	NA	TTTA	T	224	MASKED;CATAGCCATTTATTATTA	INDEL;IDV=7;IMF=1;DP=7;VDB=6.71664e-05;SGB=-0.636426;MQ0F=0;AC=2;AN=2;DP4=0,0,0,7;MQ=60;RB=15,94401855,94402490,AAT,GGC
2	14937788	NA	CT	C	70	MASKED;CCCGGCCTCTTTGCTCAC	INDEL;IDV=5;IMF=1;DP=5;VDB=0.0058656;SGB=-0.556411;MQ0F=0;AC=2;AN=2;DP4=0,0,4,0;MQ=60;RB=2,14937697,14938252,AAG,TAT
22	36228984	NA	GAGATTTGA	G	154	PASS;TAGAAGGGGAGATTTGAA	INDEL;IDV=4;IMF=0.5;DP=8;VDB=0.0058656;SGB=-0.556411;MQ0F=0;AC=2;AN=2;DP4=0,0,0,4;MQ=60;RB=22,36228849,36229117,TGA,CGA
16	19158900	NA	AAACT	A	182	PASS;AAAATTTTAAACTAACTA	INDEL;IDV=5;IMF=0.833333;DP=5;VDB=0.00187095;SGB=-0.590765;MQ0F=0;AC=2;AN=2;DP4=0,0,5,0;MQ=60;RB=16,19158826,19159561,ATA,CTC
1	172944770	NA	CTTTTCTTTTTT	C	205	NEI_IND[6/204];CCAGTTTTCTTTTCTTTT	INDEL;IDV=6;IMF=1;DP=6;VDB=0.000411984;SGB=-0.616816;MQ0F=0;AC=2;AN=2;DP4=0,0,0,6;MQ=60;RB=1,172944562,172944820,GAT,GTA
2	175668304	NA	CTT	C	193	PASS;TTTTTGTTCTTTGAGACA	INDEL;IDV=7;IMF=1;DP=7;VDB=6.71664e-05;SGB=-0.636426;MQ0F=0;AC=2;AN=2;DP4=0,0,0,7;MQ=60;RB=2,175667886,175668333,GAC,TCC
X	106950230	NA	GA	G	74	MASKED;GAAGGAAGGAAAGGAAGG	INDEL;IDV=6;IMF=1;DP=6;VDB=0.00187095;SGB=-0.590765;MQ0F=0;AC=2;AN=2;DP4=0,0,5,0;MQ=60;RB=X,106950096,106950454,GGT,CGT
20	8452242	NA	TG	T	70	PASS;AAAAAACCTGGGAAGACT	INDEL;IDV=4;IMF=1;DP=4;VDB=0.0058656;SGB=-0.556411;MQ0F=0;AC=2;AN=2;DP4=0,0,0,4;MQ=60;RB=20,8451651,8452304,TCA,CCG
17	60166577	NA	TG	T	155	MASKED;TTCTAAAATGTTGCAAAC	INDEL;IDV=11;IMF=1;DP=11;VDB=2.26006e-08;SGB=-0.676189;MQ0F=0;AC=2;AN=2;DP4=0,0,0,11;MQ=60;RB=17,60166331,60166626,GTT,CTA
9	124264866	NA	CCT	C	174	MASKED;TTCTGGCCCCTCTCTCTC	INDEL;IDV=8;IMF=1;DP=8;VDB=1.33331e-05;SGB=-0.651104;MQ0F=0;AC=2;AN=2;DP4=0,0,0,8;MQ=60;RB=9,124264450,124264927,GAT,TCT
6	85292204	NA	TGA	T	168	MASKED;TAAATCAGTGAGAGAGAG	INDEL;IDV=8;IMF=1;DP=8;VDB=1.33331e-05;SGB=-0.651104;MQ0F=0;AC=2;AN=2;DP4=0,0,0,8;MQ=60;RB=6,85291762,85292256,TCG,GAG
5	115549999	NA	ACT	A	159	MASKED;CAGTATCCACTCTCATGA	INDEL;IDV=6;IMF=1;DP=6;VDB=0.000411984;SGB=-0.616816;MQ0F=0;AC=2;AN=2;DP4=0,0,0,6;MQ=60;RB=5,115549377,115550019,CAC,TTT
14	89990823	NA	T	TACATATAAAACAA	224	PASS;AATGGAAATAAATATAAA	INDEL;IDV=7;IMF=1;DP=7;VDB=6.71664e-05;SGB=-0.636426;MQ0F=0;AC=2;AN=2;DP4=0,0,7,0;MQ=60;RB=14,89990777,89991503,CCA,CCT
7	48597303	NA	ATTTG	A	219	MASKED;GGTGTTCTATTTGTTTGG	INDEL;IDV=7;IMF=1;DP=7;VDB=6.71664e-05;SGB=-0.636426;MQ0F=0;AC=2;AN=2;DP4=0,0,0,7;MQ=60;RB=7,48596645,48597386,CAT,CCG
7	54460393	NA	TAAAC	T	154	PASS;GAGAGAAATAAACAAAAC	INDEL;IDV=4;IMF=1;DP=4;VDB=0.0058656;SGB=-0.556411;MQ0F=0;AC=2;AN=2;DP4=0,0,0,4;MQ=60;RB=7,54459925,54460438,TCA,GAT
5	85543964	NA	TG	T	121	PASS;AGGGTACATGTGCACATT	INDEL;IDV=8;IMF=1;DP=8;VDB=1.33331e-05;SGB=-0.651104;MQ0F=0;AC=2;AN=2;DP4=0,0,0,8;MQ=60;RB=5,85543203,85543974,TTT,TAT
1	151999539	NA	AT	A	84	MASKED;CTCTTGTTATTTATCTTA	INDEL;IDV=6;IMF=1;DP=6;VDB=0.000411984;SGB=-0.616816;MQ0F=0;AC=2;AN=2;DP4=0,0,6,0;MQ=60;RB=1,151999529,152000283,TTT,TTT
6	125832603	NA	CTTTCTCTTCTCCTCTCT	C	225	MASKED;CCCCTCTCCTTTCTCTTC	INDEL;IDV=8;IMF=1;DP=8;VDB=1.33331e-05;SGB=-0.651104;MQ0F=0;AC=2;AN=2;DP4=0,0,0,8;MQ=60;RB=6,125832206,125832734,ACC,GGC
21	16073646	NA	AT	A	27.4221	MASKED;TTTACATTATTTTTTGTG	INDEL;IDV=6;IMF=1;DP=6;VDB=0.00187095;SGB=-0.590765;MQ0F=0;AC=2;AN=2;DP4=0,0,0,5;MQ=60;RB=21,16073116,16073766,CTT,CTC
2	226076878	NA	GAATAAT	G	224	MASKED;TGCCATGTGAATAATCAA	INDEL;IDV=7;IMF=1;DP=7;VDB=6.71664e-05;SGB=-0.636426;MQ0F=0;AC=2;AN=2;DP4=0,0,0,7;MQ=60;RB=2,226076633,226076930,GTC,TTT
7	29378952	NA	TCTC	T	225	MASKED;CACCCAGATCTCCTCTGC	INDEL;IDV=8;IMF=1;DP=8;VDB=1.33331e-05;SGB=-0.651104;MQ0F=0;AC=2;AN=2;DP4=0,0,0,8;MQ=60;RB=7,29378527,29379009,TGC,CGT
5	156563492	NA	T	TA	159	PASS;GGATAACTTACAGTCCCT	INDEL;IDV=10;IMF=1;DP=10;VDB=6.99472e-07;SGB=-0.670168;MQ0F=0;AC=2;AN=2;DP4=0,0,0,10;MQ=60;RB=5,156563188,156563520,TAG,AAG
13	39691435	NA	AT	A	56	MASKED;AATCTTGAATTTTAATTT	INDEL;IDV=5;IMF=1;DP=5;VDB=0.00187095;SGB=-0.590765;MQ0F=0;AC=2;AN=2;DP4=0,0,5,0;MQ=60;RB=13,39691376,39691786,ACC,CTA
8	482841	NA	GATCGTTCATTTACAAGTT	G	205	PASS;CCAGCCACGATCGTTCAT	INDEL;IDV=6;IMF=1;DP=6;VDB=0.000411984;SGB=-0.616816;MQ0F=0;AC=2;AN=2;DP4=0,0,0,6;MQ=60;RB=8,482597,482884,TGT,GTT
7	136070708	NA	TCAGGACTTACTTTA	T	205	MASKED;CAAAGATATCAGGACTTA	INDEL;IDV=6;IMF=1;DP=6;VDB=0.000411984;SGB=-0.616816;MQ0F=0;AC=2;AN=2;DP4=0,0,0,6;MQ=60;RB=7,136070251,136070827,GTT,TTA
2	29717766	NA	GTC	G	146	MASKED;TGCACATAGTCTCTTAGT	INDEL;IDV=5;IMF=1;DP=5;VDB=0.00187095;SGB=-0.590765;MQ0F=0;AC=2;AN=2;DP4=0,0,5,0;MQ=60;RB=2,29717749,29717979,GGA,ACG
10	86895230	NA	TATA	T	225	NEI_IND[60/360];CATATACATATAATCATA	INDEL;IDV=12;IMF=1;DP=12;VDB=2.26006e-08;SGB=-0.680642;MQ0F=0;AC=2;AN=2;DP4=0,0,12,0;MQ=60;RB=10,86895120,86895522,TTG,TGT
10	86895480	NA	CTCCTGTCGTT	C	225	PASS;TGTCAAAGCTCCTGTCGT	INDEL;IDV=12;IMF=1;DP=12;VDB=2.26006e-08;SGB=-0.680642;MQ0F=0;AC=2;AN=2;DP4=0,0,0,12;MQ=60;RB=10,86895120,86895522,TTG,TGT
13	112793199	NA	CAT	C	193	MASKED;TAAATGCACATAGAGTCC	INDEL;IDV=7;IMF=1;DP=7;VDB=6.71664e-05;SGB=-0.636426;MQ0F=0;AC=2;AN=2;DP4=0,0,7,0;MQ=60;RB=13,112793158,112793503,GGG,TAC
17	2417516	NA	TAC	T	146	MASKED;CATATATATACACACACA	INDEL;IDV=6;IMF=1;DP=6;VDB=0.000411984;SGB=-0.616816;MQ0F=0;AC=2;AN=2;DP4=0,0,0,6;MQ=60;RB=17,2417046,2417625,AAC,ACC
6	125832603	NA	CTTTCTCTTCTCCTCTCT	C	225	MASKED;CCCCTCTCCTTTCTCTTC	INDEL;IDV=9;IMF=1;DP=9;VDB=5.52906e-06;SGB=-0.662043;MQ0F=0;AC=2;AN=2;DP4=0,0,0,9;MQ=60;RB=6,125832205,125832735,CAT,TAA
3	171429738	NA	CAG	C	199	PASS;AAGGAAAACAGAGTGTTG	INDEL;IDV=8;IMF=1;DP=8;VDB=1.33331e-05;SGB=-0.651104;MQ0F=0;AC=2;AN=2;DP4=0,0,0,8;MQ=60;RB=3,171429279,171429842,AAT,GTT
8	140077157	NA	GC	G	80	PASS;TACTGATAGCAGTAATCT	INDEL;IDV=4;IMF=1;DP=4;VDB=0.0058656;SGB=-0.556411;MQ0F=0;AC=2;AN=2;DP4=0,0,4,0;MQ=60;RB=8,140077147,140077470,TCT,CAT
2	226076878	NA	GAATAAT	G	225	MASKED;TGCCATGTGAATAATCAA	INDEL;IDV=8;IMF=1;DP=8;VDB=1.33331e-05;SGB=-0.651104;MQ0F=0;AC=2;AN=2;DP4=0,0,0,8;MQ=60;RB=2,226076633,226076930,TGG,CCT
11	40402779	NA	GAAA	G	51	NEI_IND[23/226];TTTAAAATGAAAAAAAAA	INDEL;IDV=9;IMF=1;DP=9;VDB=6.61498e-06;SGB=-0.662043;MQ0F=0;AC=2;AN=2;DP4=0,0,0,9;MQ=60;RB=11,40402536,40402815,ACA,GAG
X	142713012	NA	AAAAG	A	224	PASS;AAAGCAACAAAAGAAAGA	INDEL;IDV=7;IMF=1;DP=7;VDB=6.71664e-05;SGB=-0.636426;MQ0F=0;AC=2;AN=2;DP4=0,0,7,0;MQ=60;RB=X,142712971,142713284,CAC,TTG
9	98726636	NA	CATT	C	182	NEI_IND[3/297];GCTCCCATCATTCTTTTT	INDEL;IDV=5;IMF=1;DP=5;VDB=0.00187095;SGB=-0.590765;MQ0F=0;AC=2;AN=2;DP4=0,0,0,5;MQ=60;RB=9,98726341,98726772,CTC,CTT
12	42073846	NA	CTT	C	137	NEI_IND[13/346];CTCTTTCTCTTTCTCTCT	INDEL;IDV=9;IMF=0.9;DP=10;VDB=8.49811e-07;SGB=-0.662043;MQ0F=0;ICB=1;HOB=0.5;AC=1;AN=2;DP4=0,1,0,9;MQ=60;RB=12,42073679,42073981,TTT,CAC
9	125305187	NA	GTGTT	G	224	PASS;TCAACAAAGTGTTTGAGA	INDEL;IDV=7;IMF=1;DP=7;VDB=6.71664e-05;SGB=-0.636426;MQ0F=0;AC=2;AN=2;DP4=0,0,7,0;MQ=60;RB=9,125305157,125305529,GGC,ACC
4	48658745	NA	C	CTA	28.4205	NEI_IND[41/504];ATGACTGACTATATATAT	INDEL;IDV=7;IMF=1;DP=7;VDB=0.000411984;SGB=-0.616816;MQ0F=0;AC=2;AN=2;DP4=0,0,6,0;MQ=60;RB=4,48658684,48659105,TCA,GGA
7	136070708	NA	TCAGGACTTACTTTA	T	205	MASKED;CAAAGATATCAGGACTTA	INDEL;IDV=6;IMF=1;DP=6;VDB=0.000411984;SGB=-0.616816;MQ0F=0;AC=2;AN=2;DP4=0,0,0,6;MQ=60;RB=7,136070251,136070827,CTT,ATA
1	171702510	NA	TG	T	27.4221	PASS;AGGCTACTTGGGGGGATT	INDEL;IDV=5;IMF=1;DP=5;VDB=0.00187095;SGB=-0.590765;MQ0F=0;AC=2;AN=2;DP4=0,0,0,5;MQ=60;RB=1,171702221,171702539,CAA,TGT
8	113143309	NA	CTA	C	193	MASKED;CTGCACACCTATCCAACT	INDEL;IDV=7;IMF=1;DP=7;VDB=6.71664e-05;SGB=-0.636426;MQ0F=0;AC=2;AN=2;DP4=0,0,7,0;MQ=60;RB=8,113143272,113143738,TGG,GTT
8	113143309	NA	CTA	C	209	MASKED;CTGCACACCTATCCAACT	INDEL;IDV=9;IMF=1;DP=9;VDB=5.52906e-06;SGB=-0.662043;MQ0F=0;AC=2;AN=2;DP4=0,0,9,0;MQ=60;RB=8,113143271,113143737,TCA,GTC
15	45507632	NA	CCGT	C	225	MASKED;TGCAGCCGCCGTCGCTGC	INDEL;IDV=9;IMF=1;DP=9;VDB=5.52906e-06;SGB=-0.662043;MQ0F=0;AC=2;AN=2;DP4=0,0,9,0;MQ=60;RB=15,45507511,45508010,TGT,CAT
22	46968513	NA	AATACAAAAAT	A	224	NEI_IND[6/342];TTATTAAAAATACAAAAA	INDEL;IDV=7;IMF=1;DP=7;VDB=6.71664e-05;SGB=-0.636426;MQ0F=0;AC=2;AN=2;DP4=0,0,0,7;MQ=60;RB=22,46968058,46968606,CAT,ACT
2	53905277	NA	GGT	G	141	MASKED;ACCTTGCTGGTGTGTGTG	INDEL;IDV=6;IMF=1;DP=6;VDB=0.000411984;SGB=-0.616816;MQ0F=0;AC=2;AN=2;DP4=0,0,0,6;MQ=60;RB=2,53905090,53905400,AAA,TCC
9	1025184	NA	GGT	G	177	MASKED;GAGAGGAGGGTGTGTGTG	INDEL;IDV=10;IMF=1;DP=10;VDB=6.99472e-07;SGB=-0.670168;MQ0F=0;AC=2;AN=2;DP4=0,0,0,10;MQ=60;RB=9,1024492,1025212,TAG,TGG
12	60162827	NA	GC	G	94	MASKED;TAGCAACTGCCAACCCTG	INDEL;IDV=6;IMF=1;DP=6;VDB=0.000411984;SGB=-0.616816;MQ0F=0;AC=2;AN=2;DP4=0,0,0,6;MQ=60;RB=12,60162508,60162953,CTG,GTT
10	14989209	NA	TCAAA	T	225	MASKED;ACTCTGTTTCAAACAAAC	INDEL;IDV=9;IMF=1;DP=9;VDB=5.52906e-06;SGB=-0.662043;MQ0F=0;AC=2;AN=2;DP4=0,0,9,0;MQ=60;RB=10,14989178,14989683,CAC,GTG
2	226076878	NA	GAATAAT	G	225	MASKED;TGCCATGTGAATAATCAA	INDEL;IDV=8;IMF=1;DP=8;VDB=1.33331e-05;SGB=-0.651104;MQ0F=0;AC=2;AN=2;DP4=0,0,0,8;MQ=60;RB=2,226076632,226076930,TGT,AAA
20	50508444	NA	CACACACCTAAGGT	C	224	MASKED;CTAAGTAACACACACCTA	INDEL;IDV=7;IMF=1;DP=7;VDB=6.71664e-05;SGB=-0.636426;MQ0F=0;AC=2;AN=2;DP4=0,0,7,0;MQ=60;RB=20,50508406,50508800,CTC,GGT
11	95660495	NA	CTATT	C	182	MASKED;TTTGCAAACTATTTATCT	INDEL;IDV=5;IMF=0.833333;DP=5;VDB=0.00187095;SGB=-0.590765;MQ0F=0;AC=2;AN=2;DP4=0,0,5,0;MQ=60;RB=11,95660432,95660816,GGG,TGG
12	74147411	NA	C	CTGTG	225	NEI_IND[56/675];TATATATACTATGTATAT	INDEL;IDV=8;IMF=1;DP=8;VDB=1.33331e-05;SGB=-0.651104;MQ0F=0;AC=2;AN=2;DP4=0,0,0,8;MQ=60;RB=12,74147033,74147531,TCG,TTA
4	39795602	NA	CTG	C	191	PASS;ATAAAACTCTGTATTTTC	INDEL;IDV=8;IMF=1;DP=8;VDB=0.000464403;SGB=-0.651104;MQ0F=0;AC=2;AN=2;DP4=0,0,0,8;MQ=60;RB=4,39795217,39795673,GCA,TGT
3	8277981	NA	AAATT	A	225	MASKED;AAATAAATAAATTAATTA	INDEL;IDV=9;IMF=1;DP=9;VDB=5.52906e-06;SGB=-0.662043;MQ0F=0;AC=2;AN=2;DP4=0,0,9,0;MQ=60;RB=3,8277934,8278414,GCA,AAG
12	76674061	NA	TTATAAAACTA	T	225	MASKED;ATTGCATTTTATAAAACT	INDEL;IDV=11;IMF=1;DP=11;VDB=2.26006e-08;SGB=-0.676189;MQ0F=0;AC=2;AN=2;DP4=0,0,11,0;MQ=60;RB=12,76673988,76674346,AAT,GGA
12	9936994	NA	TTGAACAAA	T	225	MASKED;CCTTTGGTTTGAACAAAT	INDEL;IDV=8;IMF=1;DP=8;VDB=1.60207e-05;SGB=-0.651104;MQ0F=0;AC=2;AN=2;DP4=0,0,0,8;MQ=60;RB=12,9936122,9937093,AGA,CAC
9	2305422	NA	ACTC	A	182	NEI_IND[3/253];CACGACTGACTCCTCCTG	INDEL;IDV=5;IMF=1;DP=5;VDB=0.00187095;SGB=-0.590765;MQ0F=0;AC=2;AN=2;DP4=0,0,0,5;MQ=60;RB=9,2305130,2305531,TCC,TCT
6	6650573	NA	G	GTT	20.4535	NEI_IND[28/384];AGATAATGGTTTTTTTTT	INDEL;IDV=6;IMF=1;DP=6;VDB=0.000411984;SGB=-0.616816;MQ0F=0;AC=2;AN=2;DP4=0,0,0,6;MQ=60;RB=6,6650337,6650619,CGA,AAT
1	178352298	NA	GA	G	104	PASS;CTTTATGAGAATTTACCA	INDEL;IDV=6;IMF=1;DP=6;VDB=0.000411984;SGB=-0.616816;MQ0F=0;AC=2;AN=2;DP4=0,0,0,6;MQ=60;RB=1,178352086,178352354,CGC,TAG
11	110092735	NA	GTATAT	G	182	NEI_IND[5/352];ATGCAAATGTATATTATG	INDEL;IDV=5;IMF=1;DP=5;VDB=0.00187095;SGB=-0.590765;MQ0F=0;AC=2;AN=2;DP4=0,0,5,0;MQ=60;RB=11,110092641,110093019,AAT,ACT
