CHROM	POS	ID	REF	ALT	QUAL	FILTER	INFO
X	139914453	NA	CT	C	13.6076	MASKED;TCAATAAGCTTTTTTTTT	INDEL;IDV=11;IMF=1;DP=11;VDB=6.99472e-07;SGB=-0.670168;MQ0F=0;AC=2;AN=2;DP4=0,0,0,10;MQ=60;RB=X,139914117,139914477,AGT,CTC
21	17522221	NA	CTTTTTTTTTTTTTTTT	C,CT	107	NEI_IND[17/202];AAATGCTTCTTTTTTTTT	INDEL;IDV=8;IMF=1;DP=8;VDB=9.50611e-05;SGB=-0.636426;MQ0F=0;AC=1,1;AN=2;DP4=0,0,0,7;MQ=60;RB=21,17521900,17522292,TCG,TTG
1	188371296	NA	CA	C	18.4763	MASKED;AACTTTACCAAAAAAAAT	INDEL;IDV=14;IMF=1;DP=14;VDB=2.26006e-08;SGB=-0.686358;MQ0F=0;AC=2;AN=2;DP4=0,0,14,0;MQ=60;RB=1,188371165,188371481,ACT,CGT
21	10841753	NA	ACAGACTCAAG	A	197	MASKED;GGAATGGAACAGACTCAA	INDEL;IDV=6;IMF=1;DP=6;VDB=0.000411984;SGB=-0.616816;MQ0F=0;AC=2;AN=2;DP4=0,0,6,0;MQ=60;RB=21,10841623,10841962,GGA,TTG
21	10841904	NA	AGGAAT	A	213	NEI_IND[232/606];GACTCGAAAGGAATGGAA	INDEL;IDV=7;IMF=1;DP=7;VDB=0.000764841;SGB=-0.636426;MQ0F=0;AC=2;AN=2;DP4=0,0,0,7;MQ=55;RB=21,10841623,10841962,GGA,TTG
12	16395303	NA	GACTTTTAACCCA	G	154	NEI_IND[34/330];GTATCAGGGACTTTTAAC	INDEL;IDV=4;IMF=1;DP=4;VDB=0.0058656;SGB=-0.556411;MQ0F=0;AC=2;AN=2;DP4=0,0,0,4;MQ=60;RB=12,16395060,16395338,CCT,AAG
1	35497718	NA	CTTTTTTTTTTTTTTT	C	30.4767	NEI_IND[4/183];ATAGCATTCTTTTTTTTT	INDEL;IDV=4;IMF=1;DP=4;VDB=0.00800342;SGB=-0.556411;MQ0F=0;AC=2;AN=2;DP4=0,0,0,4;MQ=60;RB=1,35497473,35497795,TGT,CAT
6	157900242	NA	TG	T	108	PASS;CCCAGTTATGGGAAATGG	INDEL;IDV=8;IMF=1;DP=8;VDB=1.33331e-05;SGB=-0.651104;MQ0F=0;AC=2;AN=2;DP4=0,0,0,8;MQ=60;RB=6,157899972,157900340,AAA,CCG
11	30315940	NA	AAAAGCTAT	A	224	NEI_IND[6/377];AAACAGTAAAAAGCTATA	INDEL;IDV=7;IMF=1;DP=7;VDB=6.71664e-05;SGB=-0.636426;MQ0F=0;AC=2;AN=2;DP4=0,0,7,0;MQ=60;RB=11,30315814,30316035,GGG,AAC
21	10841753	NA	ACAGACTCAAG	A	225	MASKED;GGAATGGAACAGACTCAA	INDEL;IDV=11;IMF=1;DP=11;VDB=2.26006e-08;SGB=-0.676189;MQ0F=0;AC=2;AN=2;DP4=0,0,11,0;MQ=60;RB=21,10841623,10841963,CAT,AAA
21	10841904	NA	AGGAAT	A	225	NEI_IND[232/606];GACTCGAAAGGAATGGAA	INDEL;IDV=12;IMF=0.923077;DP=13;VDB=9.10876e-08;SGB=-0.676189;MQ0F=0;AC=2;AN=2;DP4=0,0,0,11;MQ=58;RB=21,10841623,10841963,CAT,AAA
12	84794800	NA	AG	A	20.4535	NEI_IND[12/113];ATATATATAGTATATATA	INDEL;IDV=4;IMF=1;DP=4;VDB=0.0058656;SGB=-0.556411;MQ0F=0;AC=2;AN=2;DP4=0,0,4,0;MQ=60;RB=12,84794707,84795083,AAT,GGA
4	74023903	NA	AAGAGAG	A	225	NEI_IND[15/397];AAGAAAGAAAGAGAGAGA	INDEL;IDV=10;IMF=1;DP=10;VDB=6.99472e-07;SGB=-0.670168;MQ0F=0;AC=2;AN=2;DP4=0,0,10,0;MQ=60;RB=4,74023775,74024158,ACC,TCA
4	167072242	NA	AAGGCAAAGAAGATGC	A	182	NEI_IND[12/275];AGAAGAAGAAGGCAAAGA	INDEL;IDV=5;IMF=1;DP=5;VDB=0.00187095;SGB=-0.590765;MQ0F=0;AC=2;AN=2;DP4=0,0,0,5;MQ=60;RB=4,167071864,167072278,GGG,CCA
7	46804783	NA	GC	G	143	PASS;ACAAGAGAGCTAAATGTA	INDEL;IDV=10;IMF=1;DP=10;VDB=6.99472e-07;SGB=-0.670168;MQ0F=0;AC=2;AN=2;DP4=0,0,10,0;MQ=60;RB=7,46804654,46805126,GTT,ACT
11	98084830	NA	CT	C	132	NEI_IND[9/397];CTATCTATCTATCTATCT	INDEL;IDV=8;IMF=1;DP=8;VDB=1.33331e-05;SGB=-0.651104;MQ0F=0;AC=2;AN=2;DP4=0,0,0,8;MQ=60;RB=11,98084636,98084946,TCA,AGA
5	2522009	NA	TG	T	108	PASS;TTTCTCCATGTTGGTCAG	INDEL;IDV=8;IMF=1;DP=8;VDB=0.000411984;SGB=-0.616816;MQ0F=0;AC=2;AN=2;DP4=0,0,6,0;MQ=60;RB=5,2521875,2522337,CAC,TGG
12	78320281	NA	T	TAG	182	PASS;TAGATAGATATAGATATA	INDEL;IDV=5;IMF=1;DP=5;VDB=0.00187095;SGB=-0.590765;MQ0F=0;AC=2;AN=2;DP4=0,0,5,0;MQ=60;RB=12,78320155,78320531,CAA,AGT
2	238575383	NA	G	GTTCTTTCA	225	NEI_IND[15/396];GTTCTTTCGTTCTTTCAT	INDEL;IDV=8;IMF=0.8;DP=10;VDB=1.33331e-05;SGB=-0.651104;MQ0F=0;AC=2;AN=2;DP4=0,0,8,0;MQ=60;RB=2,238575310,238575701,GTT,AAC
2	238575438	NA	TTC	T	147	NEI_IND[14/336];CTTTCTCTTTCTCTTTCT	INDEL;IDV=9;IMF=1;DP=9;VDB=6.71664e-05;SGB=-0.636426;MQ0F=0;AC=2;AN=2;DP4=0,0,7,0;MQ=60;RB=2,238575310,238575701,GTT,AAC
9	6397603	NA	AG	A	110	PASS;AGAAAGAAAGAAAGAAAA	INDEL;IDV=6;IMF=1;DP=6;VDB=0.000411984;SGB=-0.616816;MQ0F=0;AC=2;AN=2;DP4=0,0,6,0;MQ=60;RB=9,6397468,6397995,TTG,ACT
9	6397603	NA	AG	A	116	PASS;AGAAAGAAAGAAAGAAAA	INDEL;IDV=6;IMF=1;DP=6;VDB=0.000411984;SGB=-0.616816;MQ0F=0;AC=2;AN=2;DP4=0,0,6,0;MQ=60;RB=9,6397468,6397995,GGC,ACT
5	88348167	NA	GTA	G	218	PASS;AAATGCCTGTATTTCTTA	INDEL;IDV=9;IMF=1;DP=9;VDB=5.52906e-06;SGB=-0.662043;MQ0F=0;AC=2;AN=2;DP4=0,0,0,9;MQ=60;RB=5,88347821,88348209,AGG,GTT
1	188371296	NA	CA	C	18.4763	MASKED;AACTTTACCAAAAAAAAT	INDEL;IDV=9;IMF=1;DP=9;VDB=5.52906e-06;SGB=-0.662043;MQ0F=0;AC=2;AN=2;DP4=0,0,9,0;MQ=60;RB=1,188371166,188371481,GGC,GCA
5	43255858	NA	AAG	A	38.415	NEI_IND[11/351];AAAAAAAAAAGAAAGAAA	INDEL;IDV=5;IMF=1;DP=5;VDB=0.00187095;SGB=-0.590765;MQ0F=0;AC=2;AN=2;DP4=0,0,5,0;MQ=60;RB=5,43255726,43256056,GGG,CCT
12	72919414	NA	TGAGAGAGAGA	T	154	NEI_IND[13/286];TGTGTGTGTGAGAGAGAG	INDEL;IDV=4;IMF=1;DP=4;VDB=0.0058656;SGB=-0.556411;MQ0F=0;AC=2;AN=2;DP4=0,0,0,4;MQ=60;RB=12,72919087,72919555,GTC,CCC
13	55217499	NA	CCTCT	C	225	NEI_IND[4/263];CCTCCCTCCCTCTCTCTC	INDEL;IDV=8;IMF=1;DP=8;VDB=1.33331e-05;SGB=-0.651104;MQ0F=0;AC=2;AN=2;DP4=0,0,0,8;MQ=60;RB=13,55217221,55217624,TTT,GCT
20	7356702	NA	CGT	C	189	MASKED;ATTAATATCGTTTTTTTA	INDEL;IDV=7;IMF=1;DP=7;VDB=6.71664e-05;SGB=-0.636426;MQ0F=0;AC=2;AN=2;DP4=0,0,7,0;MQ=60;RB=20,7356581,7356992,CAC,AAT
1	195191465	NA	CTACT	C	223	PASS;TGATTTATCTACTTACTT	INDEL;IDV=7;IMF=1;DP=7;VDB=6.71664e-05;SGB=-0.636426;MQ0F=0;AC=2;AN=2;DP4=0,0,7,0;MQ=60;RB=1,195191374,195191918,GGG,GTA
2	73410439	NA	AG	A	93	NEI_IND[6/439];AGGAAGGAAGGGAAAGAA	INDEL;IDV=7;IMF=1;DP=7;VDB=0.000411984;SGB=-0.616816;MQ0F=0;AC=2;AN=2;DP4=0,0,6,0;MQ=60;RB=2,73410316,73410633,GGG,CAG
20	13254724	NA	GTA	G	145	MASKED;GTGTGTGTGTATGTGTGC	INDEL;IDV=5;IMF=1;DP=5;VDB=0.00187095;SGB=-0.590765;MQ0F=0;AC=2;AN=2;DP4=0,0,0,5;MQ=60;RB=20,13254177,13254738,CAC,AAA
22	36565599	NA	TG	T	111	PASS;GTGTGCGGTGGCTCAAAC	INDEL;IDV=7;IMF=1;DP=7;VDB=6.71664e-05;SGB=-0.636426;MQ0F=0;AC=2;AN=2;DP4=0,0,0,7;MQ=60;RB=22,36565287,36565735,CCT,GCT
8	61372384	NA	CTTCCTTCT	C	224	NEI_IND[9/359];CTTCCTTCCTTCCTTCTT	INDEL;IDV=7;IMF=1;DP=7;VDB=6.71664e-05;SGB=-0.636426;MQ0F=0;AC=2;AN=2;DP4=0,0,7,0;MQ=60;RB=8,61372279,61372636,AAT,GAT
13	57252769	NA	CT	C	18.4763	PASS;CTTCCTTTCTTTTTTTTA	INDEL;IDV=13;IMF=1;DP=13;VDB=2.26006e-08;SGB=-0.683931;MQ0F=0;AC=2;AN=2;DP4=0,0,0,13;MQ=60;RB=13,57252465,57252832,CCG,TCC
21	10841753	NA	ACAGACTCAAG	A	225	MASKED;GGAATGGAACAGACTCAA	INDEL;IDV=9;IMF=1;DP=9;VDB=5.52906e-06;SGB=-0.662043;MQ0F=0;AC=2;AN=2;DP4=0,0,9,0;MQ=60;RB=21,10841623,10841963,AAA,TTT
21	10841904	NA	AGGAAT	A	225	NEI_IND[232/606];GACTCGAAAGGAATGGAA	INDEL;IDV=9;IMF=1;DP=9;VDB=1.33331e-05;SGB=-0.651104;MQ0F=0;AC=2;AN=2;DP4=0,0,0,8;MQ=60;RB=21,10841623,10841963,AAA,TTT
11	30315940	NA	AAAAGCTAT	A	182	NEI_IND[6/377];AAACAGTAAAAAGCTATA	INDEL;IDV=5;IMF=1;DP=5;VDB=0.00187095;SGB=-0.590765;MQ0F=0;AC=2;AN=2;DP4=0,0,5,0;MQ=60;RB=11,30315814,30316036,GGG,GTA
7	158661951	NA	GGGCCCGT	G	154	PASS;GACCCTCTGGGCCCGTGG	INDEL;IDV=4;IMF=1;DP=4;VDB=0.0058656;SGB=-0.556411;MQ0F=0;AC=2;AN=2;DP4=0,0,0,4;MQ=60;RB=7,158661608,158661970,CGA,AGA
2	81914068	NA	G	GA	27.4221	PASS;ACTGTGAAGAAAAAAATG	INDEL;IDV=9;IMF=1;DP=9;VDB=5.52906e-06;SGB=-0.662043;MQ0F=0;AC=2;AN=2;DP4=0,0,0,9;MQ=60;RB=2,81913732,81914143,GGA,TAG
1	188371296	NA	CA	C	15.5372	MASKED;AACTTTACCAAAAAAAAT	INDEL;IDV=7;IMF=1;DP=7;VDB=6.71664e-05;SGB=-0.636426;MQ0F=0;AC=2;AN=2;DP4=0,0,7,0;MQ=60;RB=1,188371166,188371481,CAC,AGA
1	188371296	NA	CA	C	18.4763	MASKED;AACTTTACCAAAAAAAAT	INDEL;IDV=9;IMF=1;DP=9;VDB=5.52906e-06;SGB=-0.662043;MQ0F=0;AC=2;AN=2;DP4=0,0,9,0;MQ=60;RB=1,188371165,188371481,GTA,ATA
2	75438784	NA	GAGAA	G	225	MASKED;GAGAGAGAGAGAAAGAGA	INDEL;IDV=9;IMF=0.9;DP=10;VDB=5.52906e-06;SGB=-0.662043;MQ0F=0;AC=2;AN=2;DP4=0,0,9,0;MQ=60;RB=2,75438651,75439012,GAT,CGT
1	188371296	NA	CA	C	13.6076	MASKED;AACTTTACCAAAAAAAAT	INDEL;IDV=6;IMF=1;DP=6;VDB=0.000411984;SGB=-0.616816;MQ0F=0;AC=2;AN=2;DP4=0,0,6,0;MQ=60;RB=1,188371166,188371481,GTG,CGA
7	117691033	NA	GATAACTTTTCTAAA	G	225	PASS;ATTGAATTGATAACTTTT	INDEL;IDV=7;IMF=1;DP=7;VDB=0.939413;SGB=-0.636426;MQSB=1.01283;MQ0F=0;AC=2;AN=2;DP4=0,0,4,3;MQ=60;RB=7,117690927,117691174,ATT,ACC
4	96760649	NA	CA	C	99	PASS;GACGCCATCAGGATAAAT	INDEL;IDV=5;IMF=1;DP=5;VDB=0.00187095;SGB=-0.590765;MQ0F=0;AC=2;AN=2;DP4=0,0,5,0;MQ=60;RB=4,96760514,96761156,GGG,TAT
21	33360995	NA	TTC	T	142	MASKED;TCTTTCTTTTCTTTTTCT	INDEL;IDV=6;IMF=1;DP=6;VDB=0.000411984;SGB=-0.616816;MQ0F=0;AC=2;AN=2;DP4=0,0,6,0;MQ=60;RB=21,33360862,33361194,GTC,AAG
1	188371296	NA	CA	C	13.6076	MASKED;AACTTTACCAAAAAAAAT	INDEL;IDV=6;IMF=1;DP=6;VDB=0.000411984;SGB=-0.616816;MQ0F=0;AC=2;AN=2;DP4=0,0,6,0;MQ=60;RB=1,188371165,188371481,CGT,ATT
2	102146906	NA	TAC	T	119	NEI_IND[40/215];TATACCCATACATATATA	INDEL;IDV=4;IMF=1;DP=4;VDB=0.0058656;SGB=-0.556411;MQ0F=0;AC=2;AN=2;DP4=0,0,4,0;MQ=60;RB=2,102146780,102147427,GGT,ACG
12	62457664	NA	CATGCAT	C	154	MASKED;CACACACACATGCATACA	INDEL;IDV=4;IMF=1;DP=4;VDB=0.0058656;SGB=-0.556411;MQ0F=0;AC=2;AN=2;DP4=0,0,0,4;MQ=60;RB=12,62457415,62457679,TTA,AAA
2	73410439	NA	AG	A	62	NEI_IND[6/439];AGGAAGGAAGGGAAAGAA	INDEL;IDV=5;IMF=1;DP=5;VDB=0.0058656;SGB=-0.556411;MQ0F=0;AC=2;AN=2;DP4=0,0,4,0;MQ=60;RB=2,73410316,73410634,TGG,AGA
22	28002563	NA	GGA	G	169	PASS;CTGAGGCAGGAGAATGGT	INDEL;IDV=6;IMF=1;DP=6;VDB=0.000411984;SGB=-0.616816;MQ0F=0;AC=2;AN=2;DP4=0,0,0,6;MQ=54;RB=22,28002228,28002593,GGT,CAA
18	19061400	NA	ATGTGTGTGTGTGTG	A	225	NEI_IND[20/228];ATATATGTATGTGTGTGT	INDEL;IDV=8;IMF=1;DP=8;VDB=1.33331e-05;SGB=-0.651104;MQ0F=0;AC=2;AN=2;DP4=0,0,8,0;MQ=60;RB=18,19061298,19061753,TAC,TTG
2	165480118	NA	CCTCTCT	C	157	NEI_IND[14/330];CCTCACCTCCTCTCTCTC	INDEL;IDV=5;IMF=1;DP=5;VDB=0.00187095;SGB=-0.590765;MQ0F=0;AC=2;AN=2;DP4=0,0,5,0;MQ=53;RB=2,165480010,165480294,AAC,ATT
2	165480175	NA	C	CAGAG	141	NEI_IND[10/282];GGGTGGGACAGAGAGAGA	INDEL;IDV=5;IMF=1;DP=5;VDB=0.00215942;SGB=-0.590765;MQ0F=0;AC=2;AN=2;DP4=0,0,0,5;MQ=60;RB=2,165480010,165480294,AAC,ATT
3	99387981	NA	ATATATATATAGAGG	A	205	NEI_IND[6/223];ATATATATATATATATAT	INDEL;IDV=6;IMF=1;DP=6;VDB=0.000411984;SGB=-0.616816;MQ0F=0;AC=2;AN=2;DP4=0,0,6,0;MQ=60;RB=3,99387866,99388254,CAA,GTT
3	65305255	NA	AG	A	42.4147	MASKED;AAAAAAAAAGGAATACTA	INDEL;IDV=4;IMF=1;DP=4;VDB=0.00701511;SGB=-0.556411;MQ0F=0;AC=2;AN=2;DP4=0,0,4,0;MQ=60;RB=3,65305123,65305460,AGT,CAA
4	167072242	NA	AAGGCAAAGAAGATGC	A	205	NEI_IND[12/275];AGAAGAAGAAGGCAAAGA	INDEL;IDV=6;IMF=1;DP=6;VDB=0.000411984;SGB=-0.616816;MQ0F=0;AC=2;AN=2;DP4=0,0,0,6;MQ=60;RB=4,167071863,167072277,TGT,TAG
20	7356702	NA	CGT	C	225	MASKED;ATTAATATCGTTTTTTTA	INDEL;IDV=11;IMF=1;DP=11;VDB=2.26006e-08;SGB=-0.676189;MQ0F=0;AC=2;AN=2;DP4=0,0,11,0;MQ=60;RB=20,7356580,7356992,GCT,CTT
X	108286086	NA	CA	C	12.6563	MASKED;TTCAGGCTCAAAAAAAAA	INDEL;IDV=8;IMF=1;DP=8;VDB=1.33331e-05;SGB=-0.651104;MQ0F=0;AC=2;AN=2;DP4=0,0,8,0;MQ=60;RB=X,108286005,108286446,CTG,GAC
X	108286125	NA	A	AT	52	NEI_IND[26/342];TCATTTTTATAATTTCTA	INDEL;IDV=8;IMF=1;DP=8;VDB=1.33331e-05;SGB=-0.651104;MQ0F=0;AC=2;AN=2;DP4=0,0,8,0;MQ=60;RB=X,108286005,108286446,CTG,GAC
2	172854040	NA	T	TA	144	PASS;TCTCTAGATATGTCCTGT	INDEL;IDV=8;IMF=1;DP=8;VDB=1.33331e-05;SGB=-0.651104;MQ0F=0;AC=2;AN=2;DP4=0,0,0,8;MQ=60;RB=2,172853850,172854164,TTG,AAC
1	170902680	NA	AAAG	A	145	NEI_IND[4/391];AAGAAAGAAAAGAGAAAG	INDEL;IDV=5;IMF=1;DP=5;VDB=0.0058656;SGB=-0.556411;MQ0F=0;AC=2;AN=2;DP4=0,0,4,0;MQ=58;RB=1,170902546,170902997,CTT,GGG
13	31949870	NA	G	GTA	148	NEI_IND[22/317];GTGTGCGTGTATATATAT	INDEL;IDV=6;IMF=0.75;DP=8;VDB=1.82474e-05;SGB=-0.616816;MQ0F=0;ICB=1;HOB=0.5;AC=1;AN=2;DP4=0,2,0,6;MQ=60;RB=13,31949663,31949960,TAG,AAC
13	31949946	NA	TA	T	76	MASKED;AATTTAAATAAAATTTTT	INDEL;IDV=8;IMF=1;DP=8;VDB=1.33331e-05;SGB=-0.651104;MQ0F=0;AC=2;AN=2;DP4=0,0,0,8;MQ=60;RB=13,31949663,31949960,TAG,AAC
1	188371296	NA	CA	C	9.88465	MASKED;AACTTTACCAAAAAAAAT	INDEL;IDV=5;IMF=1;DP=5;VDB=0.00187095;SGB=-0.590765;MQ0F=0;AC=2;AN=2;DP4=0,0,5,0;MQ=60;RB=1,188371166,188371480,GTC,CCG
22	32527179	NA	AAAC	A	44.4146	NEI_IND[7/281];AAAAAAAAAAACAAAAAA	INDEL;IDV=4;IMF=0.571429;DP=7;VDB=0.00187095;SGB=-0.590765;MQ0F=0;AC=2;AN=2;DP4=0,0,5,0;MQ=59;RB=22,32527138,32527454,CCG,ATT
4	132978116	NA	TCTG	T	225	NEI_IND[3/290];GTATTTTATCTGTTTTTT	INDEL;IDV=8;IMF=1;DP=8;VDB=1.33331e-05;SGB=-0.651104;MQ0F=0;AC=2;AN=2;DP4=0,0,8,0;MQ=60;RB=4,132977984,132978351,CTT,GCC
2	73410439	NA	AG	A	122	NEI_IND[6/439];AGGAAGGAAGGGAAAGAA	INDEL;IDV=11;IMF=1;DP=11;VDB=3.54163e-08;SGB=-0.676189;MQ0F=0;AC=2;AN=2;DP4=0,0,11,0;MQ=60;RB=2,73410316,73410634,CTG,AGT
1	188371296	NA	CA	C	9.88465	MASKED;AACTTTACCAAAAAAAAT	INDEL;IDV=5;IMF=1;DP=5;VDB=0.00187095;SGB=-0.590765;MQ0F=0;AC=2;AN=2;DP4=0,0,5,0;MQ=60;RB=1,188371165,188371480,GGT,TTG
1	188371296	NA	CA	C	17.4922	MASKED;AACTTTACCAAAAAAAAT	INDEL;IDV=8;IMF=1;DP=8;VDB=1.33331e-05;SGB=-0.651104;MQ0F=0;AC=2;AN=2;DP4=0,0,8,0;MQ=60;RB=1,188371165,188371480,GCT,CCC
3	99387981	NA	ATATATATATAGAGG	A	205	NEI_IND[6/223];ATATATATATATATATAT	INDEL;IDV=6;IMF=1;DP=6;VDB=0.000411984;SGB=-0.616816;MQ0F=0;AC=2;AN=2;DP4=0,0,6,0;MQ=60;RB=3,99387867,99388254,CCC,TTA
2	84122322	NA	TA	T	45.4146	PASS;CTAAAGAGTAAAAGTTTA	INDEL;IDV=4;IMF=1;DP=4;VDB=0.0058656;SGB=-0.556411;MQ0F=0;AC=2;AN=2;DP4=0,0,4,0;MQ=60;RB=2,84122269,84122921,AGG,AGA
4	74023903	NA	AAGAGAG	A	205	NEI_IND[15/397];AAGAAAGAAAGAGAGAGA	INDEL;IDV=6;IMF=1;DP=6;VDB=0.000411984;SGB=-0.616816;MQ0F=0;AC=2;AN=2;DP4=0,0,6,0;MQ=60;RB=4,74023774,74024158,ACT,GTA
2	165480118	NA	CCTCTCT	C	164	NEI_IND[14/330];CCTCACCTCCTCTCTCTC	INDEL;IDV=5;IMF=1;DP=5;VDB=0.00187095;SGB=-0.590765;MQ0F=0;AC=2;AN=2;DP4=0,0,5,0;MQ=54;RB=2,165480010,165480293,TTG,CTC
20	7356702	NA	CGT	C	223	MASKED;ATTAATATCGTTTTTTTA	INDEL;IDV=9;IMF=1;DP=9;VDB=5.52906e-06;SGB=-0.662043;MQ0F=0;AC=2;AN=2;DP4=0,0,9,0;MQ=60;RB=20,7356581,7356991,CCC,CCC
4	36128040	NA	AG	A	143	PASS;GGCCATATAGAAAATACA	INDEL;IDV=9;IMF=1;DP=9;VDB=5.52906e-06;SGB=-0.662043;MQ0F=0;AC=2;AN=2;DP4=0,0,9,0;MQ=60;RB=4,36127951,36128340,AAC,GTT
11	98084830	NA	CT	C	99	NEI_IND[9/397];CTATCTATCTATCTATCT	INDEL;IDV=5;IMF=1;DP=5;VDB=0.00187095;SGB=-0.590765;MQ0F=0;AC=2;AN=2;DP4=0,0,0,5;MQ=60;RB=11,98084636,98084945,TAT,GTG
1	83489799	NA	CAGA	C	200	PASS;TTCTCTATCAGAAGTTCA	INDEL;IDV=6;IMF=1;DP=6;VDB=0.000411984;SGB=-0.616816;MQ0F=0;AC=2;AN=2;DP4=0,0,0,6;MQ=60;RB=1,83489619,83489903,AGA,TGC
12	72919414	NA	TGAGAGAGAGA	T	154	NEI_IND[13/286];TGTGTGTGTGAGAGAGAG	INDEL;IDV=4;IMF=1;DP=4;VDB=0.0058656;SGB=-0.556411;MQ0F=0;AC=2;AN=2;DP4=0,0,0,4;MQ=60;RB=12,72919087,72919556,ACC,GTA
1	188371296	NA	CA	C	17.4922	MASKED;AACTTTACCAAAAAAAAT	INDEL;IDV=9;IMF=0.9;DP=10;VDB=1.33331e-05;SGB=-0.651104;MQ0F=0;AC=2;AN=2;DP4=0,0,8,0;MQ=60;RB=1,188371165,188371480,AAA,GTC
6	152137660	NA	AAT	A	180	PASS;CGGAAGGGAATTGAGTAC	INDEL;IDV=6;IMF=1;DP=6;VDB=0.000652271;SGB=-0.616816;MQ0F=0;AC=2;AN=2;DP4=0,0,0,6;MQ=60;RB=6,152137345,152137788,GGC,GGT
8	90149865	NA	AG	A	98	PASS;ACAGACAGAGTAGATAGA	INDEL;IDV=5;IMF=1;DP=5;VDB=0.00187095;SGB=-0.590765;MQ0F=0;AC=2;AN=2;DP4=0,0,5,0;MQ=60;RB=8,90149730,90150015,CCA,CAA
7	144625308	NA	CAAAAA	C	17.6113	NEI_IND[26/233];CTCTGTCTCAAAAAAAAA	INDEL;IDV=4;IMF=1;DP=4;VDB=0.0058656;SGB=-0.556411;MQ0F=0;AC=2;AN=2;DP4=0,0,4,0;MQ=60;RB=7,144625275,144625488,TTT,TAG
1	170902680	NA	AAAG	A	224	NEI_IND[4/391];AAGAAAGAAAAGAGAAAG	INDEL;IDV=7;IMF=1;DP=7;VDB=6.71664e-05;SGB=-0.636426;MQ0F=0;AC=2;AN=2;DP4=0,0,7,0;MQ=60;RB=1,170902546,170902998,GTT,GAT
20	13254724	NA	GTA	G	129	MASKED;GTGTGTGTGTATGTGTGC	INDEL;IDV=4;IMF=1;DP=4;VDB=0.0058656;SGB=-0.556411;MQ0F=0;AC=2;AN=2;DP4=0,0,0,4;MQ=60;RB=20,13254176,13254738,TGA,GTA
4	167072242	NA	AAGGCAAAGAAGATGC	A	224	NEI_IND[12/275];AGAAGAAGAAGGCAAAGA	INDEL;IDV=7;IMF=1;DP=7;VDB=6.71664e-05;SGB=-0.636426;MQ0F=0;AC=2;AN=2;DP4=0,0,0,7;MQ=60;RB=4,167071863,167072277,GAA,GCG
8	22837269	NA	TTTGGGACAGAGTGAGACTC	T	121	NEI_IND[11/153];TTTTTTTTTTTGGGACAG	INDEL;IDV=3;IMF=0.75;DP=3;VDB=0.0221621;SGB=-0.511536;MQ0F=0;AC=2;AN=2;DP4=0,0,0,3;MQ=60;RB=8,22837002,22837321,TAT,TCG
13	31949946	NA	TA	T	53	MASKED;AATTTAAATAAAATTTTT	INDEL;IDV=5;IMF=1;DP=5;VDB=0.00187095;SGB=-0.590765;MQ0F=0;AC=2;AN=2;DP4=0,0,0,5;MQ=60;RB=13,31949662,31949960,CAT,GAC
19	39564791	NA	GGA	G	205	MASKED;GAGAGAGAGGAAGGAAGG	INDEL;IDV=10;IMF=0.909091;DP=11;VDB=6.99472e-07;SGB=-0.670168;MQ0F=0;AC=2;AN=2;DP4=0,0,10,0;MQ=60;RB=19,39564659,39565006,CCA,TTG
2	58629254	NA	TTC	T	12.6563	NEI_IND[9/357];TTTTTTTTTTCTTTTTTT	INDEL;IDV=3;IMF=0.75;DP=3;VDB=0.0221621;SGB=-0.511536;MQ0F=0;AC=2;AN=2;DP4=0,0,0,3;MQ=60;RB=2,58628960,58629317,TAA,GAT
3	85608848	NA	ATC	A	189	MASKED;ATATATATATCACTTTTT	INDEL;IDV=6;IMF=1;DP=6;VDB=0.000411984;SGB=-0.616816;MQ0F=0;AC=2;AN=2;DP4=0,0,0,6;MQ=60;RB=3,85608520,85608968,GGA,GGT
8	78185925	NA	AATT	A	143	PASS;ATTTCAACAATTATTTAA	INDEL;IDV=4;IMF=1;DP=4;VDB=0.0058656;SGB=-0.556411;MQ0F=0;AC=2;AN=2;DP4=0,0,4,0;MQ=60;RB=8,78185874,78186417,TTG,ATA
20	13254724	NA	GTA	G	153	MASKED;GTGTGTGTGTATGTGTGC	INDEL;IDV=5;IMF=1;DP=5;VDB=0.00187095;SGB=-0.590765;MQ0F=0;AC=2;AN=2;DP4=0,0,0,5;MQ=60;RB=20,13254176,13254737,GGT,ATG
12	72919414	NA	TGAGAGAGAGA	T	205	NEI_IND[13/286];TGTGTGTGTGAGAGAGAG	INDEL;IDV=6;IMF=1;DP=6;VDB=0.000411984;SGB=-0.616816;MQ0F=0;AC=2;AN=2;DP4=0,0,0,6;MQ=60;RB=12,72919086,72919555,TGA,TAG
8	87261191	NA	TAG	T	211	MASKED;AGATTTAGTAGAGATTTA	INDEL;IDV=10;IMF=1;DP=10;VDB=6.99472e-07;SGB=-0.670168;MQ0F=0;AC=2;AN=2;DP4=0,0,10,0;MQ=60;RB=8,87261068,87261447,ACT,TAG
17	573425	NA	CTGAACTGGGCACTGG	C	221	NEI_IND[6/225];TGGAGTTTCTGAACTGGG	INDEL;IDV=7;IMF=1;DP=7;VDB=6.71664e-05;SGB=-0.636426;MQ0F=0;AC=2;AN=2;DP4=0,0,7,0;MQ=60;RB=17,573372,573635,GCT,CCT
4	167072242	NA	AAGGCAAAGAAGATGC	A	225	NEI_IND[12/275];AGAAGAAGAAGGCAAAGA	INDEL;IDV=8;IMF=1;DP=8;VDB=1.33331e-05;SGB=-0.651104;MQ0F=0;AC=2;AN=2;DP4=0,0,0,8;MQ=60;RB=4,167071864,167072277,GGG,AGG
5	1930317	NA	T	TTG	150	NEI_IND[18/426];TGTATGTGTTGTGTGTGT	INDEL;IDV=4;IMF=0.571429;DP=7;VDB=0.000672184;SGB=-0.616816;MQ0F=0;AC=2;AN=2;DP4=0,0,0,6;MQ=60;RB=5,1930082,1930433,AAC,TGA
13	31949870	NA	G	GTA	87	NEI_IND[22/317];GTGTGCGTGTATATATAT	INDEL;IDV=5;IMF=0.833333;DP=6;VDB=0.0044139;SGB=-0.590765;MQ0F=0;ICB=1;HOB=0.5;AC=1;AN=2;DP4=0,1,0,5;MQ=60;RB=13,31949662,31949960,AAA,GTG
13	31949946	NA	TA	T	64	MASKED;AATTTAAATAAAATTTTT	INDEL;IDV=6;IMF=1;DP=6;VDB=0.000652271;SGB=-0.616816;MQ0F=0;AC=2;AN=2;DP4=0,0,0,6;MQ=60;RB=13,31949662,31949960,AAA,GTG
12	84794800	NA	AG	A	54	NEI_IND[12/113];ATATATATAGTATATATA	INDEL;IDV=13;IMF=1;DP=13;VDB=2.26006e-08;SGB=-0.676189;MQ0F=0;AC=2;AN=2;DP4=0,0,11,0;MQ=60;RB=12,84794707,84795083,GTA,AAA
21	10841753	NA	ACAGACTCAAG	A	225	MASKED;GGAATGGAACAGACTCAA	INDEL;IDV=8;IMF=1;DP=8;VDB=1.33331e-05;SGB=-0.651104;MQ0F=0;AC=2;AN=2;DP4=0,0,8,0;MQ=60;RB=21,10841623,10841963,CCT,CGA
21	10841904	NA	AGGAAT	A	225	NEI_IND[232/606];GACTCGAAAGGAATGGAA	INDEL;IDV=8;IMF=1;DP=8;VDB=1.33331e-05;SGB=-0.651104;MQ0F=0;AC=2;AN=2;DP4=0,0,0,8;MQ=60;RB=21,10841623,10841963,CCT,CGA
12	132558464	NA	GTTTTT	G	9.89796	NEI_IND[5/295];TTTTTGGGGTTTTTTTTT	INDEL;IDV=6;IMF=1;DP=6;VDB=0.00257647;SGB=-0.590765;MQ0F=0;AC=2;AN=2;DP4=0,0,0,5;MQ=60;RB=12,132558240,132558520,TAT,TCG
21	10841753	NA	ACAGACTCAAG	A	225	MASKED;GGAATGGAACAGACTCAA	INDEL;IDV=11;IMF=1;DP=11;VDB=2.26006e-08;SGB=-0.676189;MQ0F=0;AC=2;AN=2;DP4=0,0,11,0;MQ=60;RB=21,10841624,10841963,ATG,CCT
21	10841904	NA	AGGAAT	A	225	NEI_IND[232/606];GACTCGAAAGGAATGGAA	INDEL;IDV=12;IMF=1;DP=12;VDB=5.40323e-07;SGB=-0.680642;MQ0F=0;AC=2;AN=2;DP4=0,0,0,12;MQ=55;RB=21,10841624,10841963,ATG,CCT
20	7356702	NA	CGT	C	212	MASKED;ATTAATATCGTTTTTTTA	INDEL;IDV=8;IMF=1;DP=8;VDB=1.33331e-05;SGB=-0.651104;MQ0F=0;AC=2;AN=2;DP4=0,0,8,0;MQ=60;RB=20,7356580,7356991,CAT,CAG
12	84794800	NA	AG	A	35.4156	NEI_IND[12/113];ATATATATAGTATATATA	INDEL;IDV=8;IMF=1;DP=8;VDB=0.000411984;SGB=-0.616816;MQ0F=0;AC=2;AN=2;DP4=0,0,6,0;MQ=60;RB=12,84794707,84795083,TCT,TAT
9	6397603	NA	AG	A	88	PASS;AGAAAGAAAGAAAGAAAA	INDEL;IDV=5;IMF=1;DP=5;VDB=0.00187095;SGB=-0.590765;MQ0F=0;AC=2;AN=2;DP4=0,0,5,0;MQ=60;RB=9,6397468,6397994,GAC,GTC
X	145557712	NA	CGT	C	160	MASKED;TGTGTGTGCGTGTGTGTG	INDEL;IDV=7;IMF=1;DP=7;VDB=6.71664e-05;SGB=-0.636426;MQ0F=0;AC=2;AN=2;DP4=0,0,0,7;MQ=60;RB=X,145557296,145557733,CTG,TAT
12	84794800	NA	AG	A	49.4146	NEI_IND[12/113];ATATATATAGTATATATA	INDEL;IDV=15;IMF=1;DP=15;VDB=2.26006e-08;SGB=-0.686358;MQ0F=0;AC=2;AN=2;DP4=0,0,14,0;MQ=60;RB=12,84794707,84795082,GAT,ACG
22	16857938	NA	GCAATC	G	154	NEI_IND[15/477];CTTCGAATGCAATCGAAT	INDEL;IDV=4;IMF=1;DP=4;VDB=0.0058656;SGB=-0.556411;MQ0F=0;AC=2;AN=2;DP4=0,0,4,0;MQ=60;RB=22,16857932,16858281,CCG,GTT
13	31949870	NA	G	GTA	152	NEI_IND[22/317];GTGTGCGTGTATATATAT	INDEL;IDV=6;IMF=1;DP=6;VDB=0.00223206;SGB=-0.616816;MQ0F=0;AC=2;AN=2;DP4=0,0,0,6;MQ=60;RB=13,31949663,31949960,CTC,TCC
13	31949946	NA	TA	T	64	MASKED;AATTTAAATAAAATTTTT	INDEL;IDV=6;IMF=1;DP=6;VDB=0.000560625;SGB=-0.616816;MQ0F=0;AC=2;AN=2;DP4=0,0,0,6;MQ=60;RB=13,31949663,31949960,CTC,TCC
1	188371296	NA	CA	C	13.6076	MASKED;AACTTTACCAAAAAAAAT	INDEL;IDV=6;IMF=1;DP=6;VDB=0.000411984;SGB=-0.616816;MQ0F=0;AC=2;AN=2;DP4=0,0,6,0;MQ=60;RB=1,188371165,188371481,AGA,ATA
6	4478295	NA	TA	T	124	MASKED;GGGGGAAGTAGAAAACAG	INDEL;IDV=7;IMF=1;DP=7;VDB=6.71664e-05;SGB=-0.636426;MQ0F=0;AC=2;AN=2;DP4=0,0,7,0;MQ=60;RB=6,4478262,4478587,GGC,TTT
7	158661951	NA	GGGCCCGT	G	205	PASS;GACCCTCTGGGCCCGTGG	INDEL;IDV=6;IMF=1;DP=6;VDB=0.000411984;SGB=-0.616816;MQ0F=0;AC=2;AN=2;DP4=0,0,0,6;MQ=60;RB=7,158661608,158661970,GGT,AGA
X	145557712	NA	CGT	C	141	MASKED;TGTGTGTGCGTGTGTGTG	INDEL;IDV=6;IMF=1;DP=6;VDB=0.000411984;SGB=-0.616816;MQ0F=0;AC=2;AN=2;DP4=0,0,0,6;MQ=60;RB=X,145557295,145557732,CGA,GGC
1	188371296	NA	CA	C	18.4763	MASKED;AACTTTACCAAAAAAAAT	INDEL;IDV=9;IMF=0.9;DP=10;VDB=8.4981e-07;SGB=-0.670168;MQ0F=0;AC=2;AN=2;DP4=0,0,10,0;MQ=60;RB=1,188371166,188371481,GTG,TGA
X	17145126	NA	TTC	T	185	PASS;TCATTTTATTCTGTTTCC	INDEL;IDV=7;IMF=1;DP=7;VDB=6.71664e-05;SGB=-0.636426;MQ0F=0;AC=2;AN=2;DP4=0,0,0,7;MQ=60;RB=X,17144931,17145238,ATG,GGG
1	188371296	NA	CA	C	13.6076	MASKED;AACTTTACCAAAAAAAAT	INDEL;IDV=8;IMF=1;DP=8;VDB=0.000411984;SGB=-0.616816;MQ0F=0;AC=2;AN=2;DP4=0,0,6,0;MQ=60;RB=1,188371165,188371480,TAT,GTG
11	30315940	NA	AAAAGCTAT	A	154	NEI_IND[6/377];AAACAGTAAAAAGCTATA	INDEL;IDV=4;IMF=1;DP=4;VDB=0.0058656;SGB=-0.556411;MQ0F=0;AC=2;AN=2;DP4=0,0,4,0;MQ=60;RB=11,30315813,30316036,CCT,TGA
16	34487128	NA	CTTTATA	C	154	NEI_IND[33/387];CATATCATCTTTATATTT	INDEL;IDV=5;IMF=0.833333;DP=5;VDB=0.0058656;SGB=-0.556411;MQ0F=0;AC=2;AN=2;DP4=0,0,4,0;MQ=60;RB=16,34486998,34487647,ACT,TCT
5	43255858	NA	AAG	A	49.4146	NEI_IND[11/351];AAAAAAAAAAGAAAGAAA	INDEL;IDV=7;IMF=1;DP=7;VDB=6.71664e-05;SGB=-0.636426;MQ0F=0;AC=2;AN=2;DP4=0,0,7,0;MQ=60;RB=5,43255725,43256056,CTT,ATA
14	95964459	NA	ATT	A	53	MASKED;TATTAACAATTTTTTTTA	INDEL;IDV=6;IMF=1;DP=6;VDB=0.00187095;SGB=-0.590765;MQ0F=0;AC=2;AN=2;DP4=0,0,5,0;MQ=60;RB=14,95964326,95964701,AGA,ACT
20	7356702	NA	CGT	C	173	MASKED;ATTAATATCGTTTTTTTA	INDEL;IDV=6;IMF=1;DP=6;VDB=0.000411984;SGB=-0.616816;MQ0F=0;AC=2;AN=2;DP4=0,0,6,0;MQ=60;RB=20,7356580,7356991,CAT,AGC
19	9625403	NA	TC	T	92	MASKED;TTGGGGGCTCCTTGCTTC	INDEL;IDV=5;IMF=1;DP=5;VDB=0.00187095;SGB=-0.590765;MQ0F=0;AC=2;AN=2;DP4=0,0,0,5;MQ=60;RB=19,9625104,9625509,GTG,CGA
4	8044026	NA	A	AT	110	PASS;CTAGAAACATGAGTCTAA	INDEL;IDV=5;IMF=1;DP=5;VDB=0.00187095;SGB=-0.590765;MQ0F=0;AC=2;AN=2;DP4=0,0,0,5;MQ=60;RB=4,8043781,8044051,GAT,GTT
4	168150236	NA	GT	G	114	PASS;TTACCACAGTTACAAATG	INDEL;IDV=8;IMF=1;DP=8;VDB=1.33331e-05;SGB=-0.651104;MQ0F=0;AC=2;AN=2;DP4=0,0,8,0;MQ=60;RB=4,168150160,168150732,CGA,GTT
1	188371296	NA	CA	C	15.5372	MASKED;AACTTTACCAAAAAAAAT	INDEL;IDV=7;IMF=1;DP=7;VDB=6.71664e-05;SGB=-0.636426;MQ0F=0;AC=2;AN=2;DP4=0,0,7,0;MQ=60;RB=1,188371166,188371481,CGG,TGA
12	72919414	NA	TGAGAGAGAGA	T	205	NEI_IND[13/286];TGTGTGTGTGAGAGAGAG	INDEL;IDV=6;IMF=1;DP=6;VDB=0.000411984;SGB=-0.616816;MQ0F=0;AC=2;AN=2;DP4=0,0,0,6;MQ=60;RB=12,72919087,72919556,TAG,CGT
2	52561604	NA	TA	T	45.4146	PASS;AAGCCAGCTAAAACTCAT	INDEL;IDV=4;IMF=1;DP=4;VDB=0.0058656;SGB=-0.556411;MQ0F=0;AC=2;AN=2;DP4=0,0,0,4;MQ=60;RB=2,52561327,52561678,CAA,CGG
