CHROM	POS	ID	REF	ALT	QUAL	FILTER	INFO
17	5675515	NA	AG	A	115	MASKED;ATAAAAGCAGGCTGCCCA	INDEL;IDV=7;IMF=1;DP=7;VDB=6.71664e-05;SGB=-0.636426;MQ0F=0;AC=2;AN=2;DP4=0,0,7,0;MQ=60;RB=17,5675475,5675845,ATG,TTT
3	22321137	NA	TATA	T	66	NEI_IND[8/173];TTTATATATATATATATG	INDEL;IDV=8;IMF=1;DP=8;VDB=6.71664e-05;SGB=-0.636426;MQ0F=0;AC=2;AN=2;DP4=0,0,0,7;MQ=60;RB=3,22320917,22321241,ATA,CCG
7	31465806	NA	CCCA	C	217	MASKED;CTCTGTCACCCAGGCTGG	INDEL;IDV=7;IMF=1;DP=7;VDB=6.71664e-05;SGB=-0.636426;MQ0F=0;AC=2;AN=2;DP4=0,0,0,7;MQ=60;RB=7,31465510,31465841,GTG,TAA
4	174303932	NA	GTTGAT	G	205	PASS;AAATTTAGGTTGATTTGA	INDEL;IDV=6;IMF=1;DP=6;VDB=0.000411984;SGB=-0.616816;MQ0F=0;AC=2;AN=2;DP4=0,0,0,6;MQ=60;RB=4,174303295,174303956,ATT,AGG
13	76976080	NA	AT	A	56	PASS;TATATAAGATTTTAAATA	INDEL;IDV=5;IMF=1;DP=5;VDB=0.00187095;SGB=-0.590765;MQ0F=0;AC=2;AN=2;DP4=0,0,5,0;MQ=60;RB=13,76975977,76976495,AAG,TGC
2	193246111	NA	T	TC	110	PASS;GCCAAGCATCGCACTGAG	INDEL;IDV=5;IMF=1;DP=5;VDB=0.00187095;SGB=-0.590765;MQ0F=0;AC=2;AN=2;DP4=0,0,5,0;MQ=60;RB=2,193246097,193246392,CTT,TTA
11	14667088	NA	AG	A	92	PASS;AAATCGAGAGGAAAAATC	INDEL;IDV=5;IMF=1;DP=5;VDB=0.00187095;SGB=-0.590765;MQ0F=0;AC=2;AN=2;DP4=0,0,0,5;MQ=60;RB=11,14666878,14667127,TTG,CTT
13	56291466	NA	AT	A	28.4205	MASKED;TCTAGGTTATTTTTTTAT	INDEL;IDV=10;IMF=1;DP=10;VDB=6.99472e-07;SGB=-0.670168;MQ0F=0;AC=2;AN=2;DP4=0,0,0,10;MQ=60;RB=13,56291002,56291527,TAT,TAT
14	54131625	NA	TAAAC	T	132	NEI_IND[4/329];TCTGCACTTAAACTAATG	INDEL;IDV=4;IMF=1;DP=4;VDB=0.0058656;SGB=-0.556411;MQ0F=0;AC=2;AN=2;DP4=0,0,4,0;MQ=60;RB=14,54131548,54132578,TTT,TCA
5	175125782	NA	GGGTT	G	224	PASS;TGTAAAAGGGGTTAAGGC	INDEL;IDV=7;IMF=1;DP=7;VDB=6.71664e-05;SGB=-0.636426;MQ0F=0;AC=2;AN=2;DP4=0,0,0,7;MQ=60;RB=5,175125518,175125850,CCA,CTG
14	45640894	NA	TTGTGTGTG	TTGTGTG,T	139	MASKED;AGTCCATGTTGTGTGTGT	INDEL;IDV=7;IMF=1;DP=7;VDB=0.000133588;SGB=-0.636426;MQ0F=0;AC=1,1;AN=2;DP4=0,0,0,7;MQ=60;RB=14,45640468,45640991,ATA,AAA
18	66912826	NA	GC	G	112	MASKED;TTGGATCAGCATTTTGCA	INDEL;IDV=6;IMF=1;DP=6;VDB=0.000411984;SGB=-0.616816;MQ0F=0;AC=2;AN=2;DP4=0,0,0,6;MQ=60;RB=18,66912398,66912840,CTG,AAA
10	1552258	NA	CTCTT	C	118	MASKED;CTCTCTCACTCTTTCTTT	INDEL;IDV=4;IMF=1;DP=4;VDB=0.0058656;SGB=-0.556411;MQ0F=0;AC=2;AN=2;DP4=0,0,4,0;MQ=60;RB=10,1552137,1552427,CCT,GCA
10	1552305	NA	C	CTCTT	80	NEI_IND[56/756];TTCTTTCTCTCTTTCTTT	INDEL;IDV=2;IMF=0.5;DP=4;VDB=0.02;SGB=-0.453602;MQ0F=0;AC=2;AN=2;DP4=0,0,0,2;MQ=60;RB=10,1552137,1552427,CCT,GCA
14	86380811	NA	TTC	T	193	NEI_IND[41/478];TTCTTTCTTTCTCTCTCT	INDEL;IDV=10;IMF=1;DP=10;VDB=6.99472e-07;SGB=-0.670168;MQ0F=0;AC=2;AN=2;DP4=0,0,0,10;MQ=60;RB=14,86380440,86380939,AAA,GTA
4	155197505	NA	TAG	T	180	PASS;TACAAAAATAGAGTTAAA	INDEL;IDV=7;IMF=1;DP=7;VDB=6.71664e-05;SGB=-0.636426;MQ0F=0;AC=2;AN=2;DP4=0,0,0,7;MQ=60;RB=4,155197052,155197638,GTA,GTT
4	31065114	NA	AATT	A	225	NEI_IND[3/261];ATAATGGTAATTATTATT	INDEL;IDV=8;IMF=1;DP=8;VDB=1.33331e-05;SGB=-0.651104;MQ0F=0;AC=2;AN=2;DP4=0,0,8,0;MQ=60;RB=4,31065039,31065311,ATA,AAC
5	1354022	NA	GCTGGA	G	225	NEI_IND[5/398];TCACCCAGGCTGGACTGG	INDEL;IDV=9;IMF=1;DP=9;VDB=5.52906e-06;SGB=-0.662043;MQ0F=0;AC=2;AN=2;DP4=0,0,0,9;MQ=60;RB=5,1353749,1354056,CGT,GTC
12	110792061	NA	GTC	G	203	PASS;GAAGCCAGGTCTCTCTGT	INDEL;IDV=10;IMF=1;DP=10;VDB=6.99472e-07;SGB=-0.670168;MQ0F=0;AC=2;AN=2;DP4=0,0,10,0;MQ=60;RB=12,110792036,110792458,CAG,TAT
6	125382998	NA	CTTTA	C	182	PASS;TTTTCTTTCTTTATTTGA	INDEL;IDV=5;IMF=1;DP=5;VDB=0.00187095;SGB=-0.590765;MQ0F=0;AC=2;AN=2;DP4=0,0,0,5;MQ=60;RB=6,125382803,125383060,TGG,GCC
5	166685203	NA	C	CAT	18.4763	NEI_IND[20/564];TGTGTTGCCATATATATA	INDEL;IDV=3;IMF=0.6;DP=5;VDB=0.0221621;SGB=-0.511536;MQ0F=0;AC=2;AN=2;DP4=0,0,0,3;MQ=60;RB=5,166684679,166685297,TAC,ACT
5	166685244	NA	ATATG	A	67	MASKED;ATATATATATATGTATAT	INDEL;IDV=5;IMF=1;DP=5;VDB=0.0058656;SGB=-0.556411;MQ0F=0;AC=2;AN=2;DP4=0,0,0,4;MQ=60;RB=5,166684679,166685297,TAC,ACT
12	119360500	NA	AC	A	103	MASKED;GACCTGAGACCTGCAATA	INDEL;IDV=7;IMF=1;DP=7;VDB=6.71664e-05;SGB=-0.636426;MQ0F=0;AC=2;AN=2;DP4=0,0,0,7;MQ=60;RB=12,119360240,119360632,GCC,TAG
1	42313863	NA	TATG	T	199	NEI_IND[3/213];CCTCCAGGTATGATGATG	INDEL;IDV=6;IMF=1;DP=6;VDB=0.000411984;SGB=-0.616816;MQ0F=0;AC=2;AN=2;DP4=0,0,0,6;MQ=60;RB=1,42313610,42313914,GTG,GGG
5	30708408	NA	CA	C	124	MASKED;GATTCAAGCAGGGTGCAG	INDEL;IDV=7;IMF=1;DP=7;VDB=6.71664e-05;SGB=-0.636426;MQ0F=0;AC=2;AN=2;DP4=0,0,0,7;MQ=60;RB=5,30707770,30708440,AAC,GGT
5	151433537	NA	TTTAAC	T	182	NEI_IND[5/239];GTCCCAAATTTAACTTGG	INDEL;IDV=5;IMF=1;DP=5;VDB=0.00187095;SGB=-0.590765;MQ0F=0;AC=2;AN=2;DP4=0,0,0,5;MQ=60;RB=5,151433364,151433591,ATT,TAA
10	27893420	NA	CT	C	101	MASKED;AACAAGTGCTAATGTTAT	INDEL;IDV=5;IMF=1;DP=5;VDB=0.00187095;SGB=-0.590765;MQ0F=0;AC=2;AN=2;DP4=0,0,0,5;MQ=60;RB=10,27892694,27893503,CTA,TTA
4	125179934	NA	CAT	C	203	PASS;AAGGCCTTCATATTGGTT	INDEL;IDV=8;IMF=1;DP=8;VDB=1.33331e-05;SGB=-0.651104;MQ0F=0;AC=2;AN=2;DP4=0,0,8,0;MQ=60;RB=4,125179888,125180271,CCC,TAG
2	70550918	NA	CAG	C	154	MASKED;CTTGCATACAGAGTTTTT	INDEL;IDV=5;IMF=1;DP=5;VDB=0.00187095;SGB=-0.590765;MQ0F=0;AC=2;AN=2;DP4=0,0,5,0;MQ=60;RB=2,70550828,70551196,ACC,CCC
6	34546247	NA	AAAAAG	A	58	PASS;AAAAAAAAAAAAAGAAAA	INDEL;IDV=4;IMF=0.8;DP=5;VDB=0.0058656;SGB=-0.556411;MQ0F=0;AC=2;AN=2;DP4=0,0,4,0;MQ=60;RB=6,34546177,34546813,GCT,GGC
6	34546776	NA	CCTT	C	181	NEI_IND[84/252];AAACATCACCTTCTCAGT	INDEL;IDV=5;IMF=1;DP=5;VDB=0.00187095;SGB=-0.590765;MQ0F=0;AC=2;AN=2;DP4=0,0,0,5;MQ=60;RB=6,34546177,34546813,GCT,GGC
5	30708408	NA	CA	C	123	MASKED;GATTCAAGCAGGGTGCAG	INDEL;IDV=7;IMF=1;DP=7;VDB=7.99768e-05;SGB=-0.636426;MQ0F=0;AC=2;AN=2;DP4=0,0,0,7;MQ=60;RB=5,30707770,30708439,CGC,TCG
18	35997808	NA	AT	A	53	MASKED;AATTCCCTATTTTTAAAA	INDEL;IDV=8;IMF=1;DP=8;VDB=1.33331e-05;SGB=-0.651104;MQ0F=0;AC=2;AN=2;DP4=0,0,0,8;MQ=60;RB=18,35997463,35997866,AAT,GCA
3	52520148	NA	C	CT	107	PASS;TTTTGAGACTGAGTCTCG	INDEL;IDV=5;IMF=1;DP=5;VDB=0.00187095;SGB=-0.590765;MQ0F=0;AC=2;AN=2;DP4=0,0,0,5;MQ=60;RB=3,52519895,52520177,TTA,CCT
16	3812909	NA	GGGAC	G	182	PASS;GAGTCGCTGGGACTACAG	INDEL;IDV=5;IMF=1;DP=5;VDB=0.00187095;SGB=-0.590765;MQ0F=0;AC=2;AN=2;DP4=0,0,5,0;MQ=60;RB=16,3812856,3813204,TCA,CTA
X	150634764	NA	AT	A	18.4763	MASKED;CTTATGTAATTTTTTTTG	INDEL;IDV=13;IMF=1;DP=13;VDB=2.26006e-08;SGB=-0.683931;MQ0F=0;AC=2;AN=2;DP4=0,0,13,0;MQ=60;RB=X,150634737,150635049,GGA,AAA
12	88611768	NA	CACTTCT	C	225	MASKED;GGAACTCACACTTCTACC	INDEL;IDV=10;IMF=1;DP=10;VDB=6.99472e-07;SGB=-0.670168;MQ0F=0;AC=2;AN=2;DP4=0,0,0,10;MQ=60;RB=12,88611411,88611888,GTT,AAT
1	207254047	NA	GT	G	9.88465	NEI_IND[37/887];GTTGTCAGGTTTTTTTTT	INDEL;IDV=6;IMF=1;DP=6;VDB=0.000411984;SGB=-0.616816;MQ0F=0;AC=2;AN=2;DP4=0,0,6,0;MQ=60;RB=1,207253915,207254372,GGG,CTA
5	170093633	NA	A	AT	15.5372	PASS;GCGTTAACATTTTGGGGT	INDEL;IDV=4;IMF=1;DP=4;VDB=0.02;SGB=-0.453602;MQ0F=0;AC=2;AN=2;DP4=0,0,2,0;MQ=60;RB=5,170093551,170094602,CAC,GCA
15	66866624	NA	TACACACAC	TAC,T	160	NEI_IND[2/190];CGCATGTGTACACACACA	INDEL;IDV=5;IMF=1;DP=5;VDB=0.00215942;SGB=-0.590765;MQ0F=0;AC=1,1;AN=2;DP4=0,0,0,5;MQ=60;RB=15,66866479,66866755,TAA,TTT
5	37053927	NA	CG	C	132	PASS;AAGTTTAACGAGCATAAA	INDEL;IDV=8;IMF=1;DP=8;VDB=1.33331e-05;SGB=-0.651104;MQ0F=0;AC=2;AN=2;DP4=0,0,8,0;MQ=60;RB=5,37053892,37054235,AAG,GGA
3	154689136	NA	GGTAAATTAGGCCCTTTA	G	154	PASS;TCCGGGGAGGTAAATTAG	INDEL;IDV=4;IMF=1;DP=4;VDB=0.0058656;SGB=-0.556411;MQ0F=0;AC=2;AN=2;DP4=0,0,4,0;MQ=60;RB=3,154689094,154689399,CCG,ACC
12	10817791	NA	TA	T	100	PASS;ACACGCTGTAAATGAGGT	INDEL;IDV=7;IMF=1;DP=7;VDB=6.71664e-05;SGB=-0.636426;MQ0F=0;AC=2;AN=2;DP4=0,0,0,7;MQ=60;RB=12,10817571,10817918,AAA,ATA
4	64072769	NA	CAT	C	225	PASS;AAGCAAGACATAAACTAT	INDEL;IDV=12;IMF=1;DP=12;VDB=2.26006e-08;SGB=-0.680642;MQ0F=0;AC=2;AN=2;DP4=0,0,0,12;MQ=60;RB=4,64072370,64072815,ATG,GGG
5	106279863	NA	TAATA	T	143	MASKED;TTCAAAATTAATAAATAA	INDEL;IDV=5;IMF=1;DP=5;VDB=0.0058656;SGB=-0.556411;MQ0F=0;AC=2;AN=2;DP4=0,0,0,4;MQ=60;RB=5,106279019,106279910,ATT,TGG
4	113036493	NA	TTTTC	T	179	PASS;TATTTTCTTTTTCTTTCT	INDEL;IDV=5;IMF=1;DP=5;VDB=0.00215942;SGB=-0.590765;MQ0F=0;AC=2;AN=2;DP4=0,0,0,5;MQ=60;RB=4,113036214,113036554,AAC,GTA
3	95318060	NA	AAAGG	A	225	NEI_IND[4/392];GGAAAAAGAAAGGAAGGA	INDEL;IDV=8;IMF=1;DP=8;VDB=1.33331e-05;SGB=-0.651104;MQ0F=0;AC=2;AN=2;DP4=0,0,0,8;MQ=60;RB=3,95317444,95318127,TTA,CTG
10	115836282	NA	AG	A	92	MASKED;TCAGAAATAGAGCCATTT	INDEL;IDV=5;IMF=1;DP=5;VDB=0.00187095;SGB=-0.590765;MQ0F=0;AC=2;AN=2;DP4=0,0,0,5;MQ=60;RB=10,115835954,115836415,AGT,ACC
5	122647371	NA	T	TC	154	PASS;TGTCTTCTTCTTTTTTTT	INDEL;IDV=9;IMF=1;DP=9;VDB=5.52906e-06;SGB=-0.662043;MQ0F=0;AC=2;AN=2;DP4=0,0,0,9;MQ=60;RB=5,122647168,122647417,GTT,AAA
5	164935009	NA	AG	A	145	PASS;AGTAATACAGAGATATAA	INDEL;IDV=10;IMF=1;DP=10;VDB=6.99472e-07;SGB=-0.670168;MQ0F=0;AC=2;AN=2;DP4=0,0,0,10;MQ=60;RB=5,164934397,164935039,TAT,ATT
3	77638372	NA	AAC	A	108	MASKED;TAAACTCAAACACACACA	INDEL;IDV=9;IMF=1;DP=9;VDB=5.52906e-06;SGB=-0.662043;MQ0F=0;AC=2;AN=2;DP4=0,0,0,9;MQ=60;RB=3,77638214,77638447,CCG,CGA
2	236384830	NA	AATGACAC	A	225	NEI_IND[6/274];TCTACCAGAATGACACAT	INDEL;IDV=10;IMF=1;DP=10;VDB=6.99472e-07;SGB=-0.670168;MQ0F=0;AC=2;AN=2;DP4=0,0,0,10;MQ=60;RB=2,236384579,236384957,GTC,TTA
3	88562298	NA	C	CA	133	PASS;TGATCCCGCAATCCCATT	INDEL;IDV=8;IMF=1;DP=8;VDB=6.71664e-05;SGB=-0.636426;MQ0F=0;AC=2;AN=2;DP4=0,0,0,7;MQ=60;RB=3,88561843,88562362,TTA,TCT
18	28847314	NA	A	AAAT	193	PASS;GTCTCAAAAAATAATAAT	INDEL;IDV=8;IMF=1;DP=8;VDB=1.33331e-05;SGB=-0.651104;MQ0F=0;AC=2;AN=2;DP4=0,0,8,0;MQ=60;RB=18,28847279,28847871,TGG,ATG
11	59999442	NA	TTAAAGA	T	225	MASKED;ATGAAAAGTTAAAGATAA	INDEL;IDV=10;IMF=1;DP=10;VDB=6.99472e-07;SGB=-0.670168;MQ0F=0;AC=2;AN=2;DP4=0,0,0,10;MQ=60;RB=11,59999167,59999476,GAG,CAT
8	105044842	NA	CTT	C	177	PASS;CAGTACTACTTTTAATTA	INDEL;IDV=7;IMF=1;DP=7;VDB=6.71664e-05;SGB=-0.636426;MQ0F=0;AC=2;AN=2;DP4=0,0,7,0;MQ=60;RB=8,105044810,105045723,AGT,GAT
6	143186090	NA	A	AT	165	PASS;CTATGTCTATATCTGTGT	INDEL;IDV=11;IMF=1;DP=11;VDB=2.26006e-08;SGB=-0.676189;MQ0F=0;AC=2;AN=2;DP4=0,0,11,0;MQ=60;RB=6,143186021,143186438,ACC,TTT
20	13046354	NA	TCTC	T	205	MASKED;TAAATACTTCTCCTTTTA	INDEL;IDV=6;IMF=1;DP=6;VDB=0.000411984;SGB=-0.616816;MQ0F=0;AC=2;AN=2;DP4=0,0,6,0;MQ=60;RB=20,13046319,13046679,CAG,ATT
5	106279863	NA	TAATA	T	224	MASKED;TTCAAAATTAATAAATAA	INDEL;IDV=7;IMF=1;DP=7;VDB=6.71664e-05;SGB=-0.636426;MQ0F=0;AC=2;AN=2;DP4=0,0,0,7;MQ=60;RB=5,106279499,106279910,CCG,TTC
3	121759291	NA	CAT	C	171	MASKED;AATGCAAACATGTTTGGA	INDEL;IDV=5;IMF=1;DP=5;VDB=0.00187095;SGB=-0.590765;MQ0F=0;AC=2;AN=2;DP4=0,0,5,0;MQ=60;RB=3,121759223,121759567,TAA,TTA
X	153142322	NA	TG	T	128	PASS;CTTGGTGGTGGGCGCCTG	INDEL;IDV=11;IMF=1;DP=11;VDB=2.26006e-08;SGB=-0.676189;MQ0F=0;AC=2;AN=2;DP4=0,0,0,11;MQ=60;RB=X,153142003,153142390,TGA,GAC
19	38099547	NA	AG	A	86	MASKED;AGGCCTTTAGGAGTGCAG	INDEL;IDV=5;IMF=1;DP=5;VDB=0.00187095;SGB=-0.590765;MQ0F=0;AC=2;AN=2;DP4=0,0,0,5;MQ=60;RB=19,38099191,38099600,CAC,CGT
5	114285718	NA	CTG	C	202	MASKED;TCTAAACACTGTAACATT	INDEL;IDV=8;IMF=1;DP=8;VDB=1.33331e-05;SGB=-0.651104;MQ0F=0;AC=2;AN=2;DP4=0,0,0,8;MQ=60;RB=5,114285192,114285730,AAT,CCC
12	41861298	NA	AAGG	A	182	PASS;AAACACGAAAGGAGGTTT	INDEL;IDV=5;IMF=1;DP=5;VDB=0.00187095;SGB=-0.590765;MQ0F=0;AC=2;AN=2;DP4=0,0,0,5;MQ=60;RB=12,41860896,41861427,TGG,GAT
5	97445775	NA	A	AAAAG	48.4459	NEI_IND[22/304];AAAAAAAAAAAAGAAAGA	INDEL;IDV=6;IMF=0.75;DP=8;VDB=6.71664e-05;SGB=-0.636426;MQ0F=0;AC=2;AN=2;DP4=0,0,7,0;MQ=60;RB=5,97445670,97446136,CTT,CGT
5	97446036	NA	CT	C	77	MASKED;ATTCACATCTTTTGCAGA	INDEL;IDV=8;IMF=1;DP=8;VDB=1.33331e-05;SGB=-0.651104;MQ0F=0;AC=2;AN=2;DP4=0,0,0,8;MQ=60;RB=5,97445670,97446136,CTT,CGT
16	63561092	NA	AAGAT	A	224	PASS;ATAGATAGAAGATAGATA	INDEL;IDV=7;IMF=1;DP=7;VDB=6.71664e-05;SGB=-0.636426;MQ0F=0;AC=2;AN=2;DP4=0,0,7,0;MQ=60;RB=16,63561010,63561540,TTT,ATA
3	121759291	NA	CAT	C	225	MASKED;AATGCAAACATGTTTGGA	INDEL;IDV=9;IMF=1;DP=9;VDB=5.52906e-06;SGB=-0.662043;MQ0F=0;AC=2;AN=2;DP4=0,0,9,0;MQ=60;RB=3,121759224,121759567,ACG,TCA
17	5675515	NA	AG	A	130	MASKED;ATAAAAGCAGGCTGCCCA	INDEL;IDV=9;IMF=1;DP=9;VDB=5.52906e-06;SGB=-0.662043;MQ0F=0;AC=2;AN=2;DP4=0,0,9,0;MQ=60;RB=17,5675474,5675765,CCA,CTT
7	61911784	NA	CA	C	16.5122	MASKED;AGGTTGCACAAAAAAACC	INDEL;IDV=5;IMF=1;DP=5;VDB=0.00187095;SGB=-0.590765;MQ0F=0;AC=2;AN=2;DP4=0,0,5,0;MQ=60;RB=7,61911697,61912024,AAA,GCG
12	15271992	NA	ACT	A	129	NEI_IND[2/171];TTGCACACACTCATATAG	INDEL;IDV=4;IMF=1;DP=4;VDB=0.0058656;SGB=-0.556411;MQ0F=0;AC=2;AN=2;DP4=0,0,4,0;MQ=60;RB=12,15271858,15272199,ACT,TTA
19	22672709	NA	CA	C	19.4636	MASKED;TTAATAGGCAAAAAAAAT	INDEL;IDV=11;IMF=1;DP=11;VDB=2.26006e-08;SGB=-0.676189;MQ0F=0;AC=2;AN=2;DP4=0,0,0,11;MQ=60;RB=19,22672416,22672778,TCT,CTT
6	29351485	NA	CTG	C	201	MASKED;TTGTGAAACTGTGCTGCA	INDEL;IDV=8;IMF=1;DP=8;VDB=1.33331e-05;SGB=-0.651104;MQ0F=0;AC=2;AN=2;DP4=0,0,0,8;MQ=60;RB=6,29351036,29351560,ACG,CTA
5	73832746	NA	TAAA	T	224	PASS;GCTAATCCTAAAAATAAG	INDEL;IDV=7;IMF=1;DP=7;VDB=6.71664e-05;SGB=-0.636426;MQ0F=0;AC=2;AN=2;DP4=0,0,7,0;MQ=60;RB=5,73832726,73833282,AAT,CCT
4	128568176	NA	A	AG	166	PASS;TATGTGCCACTCCTTCTA	INDEL;IDV=11;IMF=1;DP=11;VDB=2.26006e-08;SGB=-0.676189;MQ0F=0;AC=2;AN=2;DP4=0,0,0,11;MQ=60;RB=4,128568017,128568298,GTT,CCC
14	20775167	NA	GGGA	G	200	NEI_IND[3/189];GTAAAATAGGGAGGGATG	INDEL;IDV=6;IMF=1;DP=6;VDB=0.000411984;SGB=-0.616816;MQ0F=0;AC=2;AN=2;DP4=0,0,0,6;MQ=60;RB=14,20774641,20775228,ACG,GGT
13	53484136	NA	GAGA	G	164	PASS;GAGAAGAGGAGAAGGAGA	INDEL;IDV=5;IMF=1;DP=5;VDB=0.00187095;SGB=-0.590765;MQ0F=0;AC=2;AN=2;DP4=0,0,0,5;MQ=60;RB=13,53483272,53484146,CCG,ACG
11	5794153	NA	ATGTATG	A	224	NEI_IND[70/527];ATGTATGTATGTATGTGT	INDEL;IDV=7;IMF=1;DP=7;VDB=6.71664e-05;SGB=-0.636426;MQ0F=0;AC=2;AN=2;DP4=0,0,7,0;MQ=60;RB=11,5794104,5794534,CTT,TAG
4	24562052	NA	TGGGCAG	T	135	NEI_IND[6/354];ACCAACACTGGGCAGGGT	INDEL;IDV=9;IMF=1;DP=9;VDB=5.52906e-06;SGB=-0.662043;MQ0F=0;AC=2;AN=2;DP4=0,0,0,9;MQ=60;RB=4,24561816,24562179,ATA,TTA
6	118590246	NA	GA	G	104	PASS;TAAGCCTAGAATGTTAAG	INDEL;IDV=6;IMF=1;DP=6;VDB=0.000411984;SGB=-0.616816;MQ0F=0;AC=2;AN=2;DP4=0,0,6,0;MQ=60;RB=6,118590209,118590826,ACA,TTA
14	35633186	NA	C	CTA	189	PASS;TCATTTTGCTACATATAA	INDEL;IDV=6;IMF=1;DP=6;VDB=0.000411984;SGB=-0.616816;MQ0F=0;AC=2;AN=2;DP4=0,0,0,6;MQ=60;RB=14,35633016,35633289,GAG,GAG
3	50135699	NA	ATTTTTATT	A	182	NEI_IND[6/186];GAGTCCTTATTTTTATTT	INDEL;IDV=5;IMF=1;DP=5;VDB=0.00187095;SGB=-0.590765;MQ0F=0;AC=2;AN=2;DP4=0,0,0,5;MQ=60;RB=3,50135473,50135762,AAC,CCC
2	128022246	NA	TC	T	103	PASS;TTTTTGCGTCTGTGTTCA	INDEL;IDV=5;IMF=1;DP=5;VDB=0.00187095;SGB=-0.590765;MQ0F=0;AC=2;AN=2;DP4=0,0,5,0;MQ=60;RB=2,128022154,128022474,GAT,GAC
1	198419669	NA	TACA	T	225	PASS;GAGAGAAATACAACAACA	INDEL;IDV=9;IMF=1;DP=9;VDB=5.52906e-06;SGB=-0.662043;MQ0F=0;AC=2;AN=2;DP4=0,0,0,9;MQ=60;RB=1,198419387,198419793,TCC,GCC
20	57863304	NA	CCTT	C	225	MASKED;GAAGACCTCCTTCTTTGC	INDEL;IDV=9;IMF=1;DP=9;VDB=5.52906e-06;SGB=-0.662043;MQ0F=0;AC=2;AN=2;DP4=0,0,0,9;MQ=60;RB=20,57862839,57863428,AGA,TTG
1	108538977	NA	TGTATTTA	T	205	MASKED;CATGAGATTGTATTTAGT	INDEL;IDV=6;IMF=1;DP=6;VDB=0.000411984;SGB=-0.616816;MQ0F=0;AC=2;AN=2;DP4=0,0,0,6;MQ=60;RB=1,108538643,108539068,GTA,CTG
11	16488784	NA	CAAATA	C	223	PASS;CGATTCCTCAAATACCTA	INDEL;IDV=7;IMF=1;DP=7;VDB=6.71664e-05;SGB=-0.636426;MQ0F=0;AC=2;AN=2;DP4=0,0,0,7;MQ=60;RB=11,16488444,16488808,AAA,GGT
12	55511761	NA	TAAAGAGAAAAATGAGGGAA	T	225	MASKED;ACACTAAATAAAGAGAAA	INDEL;IDV=12;IMF=1;DP=12;VDB=2.26006e-08;SGB=-0.680642;MQ0F=0;AC=2;AN=2;DP4=0,0,0,12;MQ=60;RB=12,55511448,55511888,CGG,CTA
12	95795335	NA	CCTT	C	225	MASKED;TATGCACTCCTTATTAAC	INDEL;IDV=8;IMF=1;DP=8;VDB=1.33331e-05;SGB=-0.651104;MQ0F=0;AC=2;AN=2;DP4=0,0,8,0;MQ=60;RB=12,95795319,95796075,TCT,ATG
1	180879355	NA	GCTGGCGACAGCA	G	225	MASKED;AGGCAGATGCTGGCGACA	INDEL;IDV=9;IMF=1;DP=9;VDB=5.52906e-06;SGB=-0.662043;MQ0F=0;AC=2;AN=2;DP4=0,0,0,9;MQ=60;RB=1,180879077,180879413,GCC,GTT
11	80612043	NA	CCTACATACAGGCT	C	154	MASKED;TCTTTTCACCTACATACA	INDEL;IDV=4;IMF=1;DP=4;VDB=0.0058656;SGB=-0.556411;MQ0F=0;AC=2;AN=2;DP4=0,0,0,4;MQ=60;RB=11,80611860,80612133,AAC,ATG
14	101279281	NA	CTGCAGAATCCACTCCAAGA	C	225	PASS;CTTGGCACCTGCAGAATC	INDEL;IDV=8;IMF=1;DP=8;VDB=1.33331e-05;SGB=-0.651104;MQ0F=0;AC=2;AN=2;DP4=0,0,8,0;MQ=60;RB=14,101279168,101279748,GTG,GTT
1	187702859	NA	AGAGT	A	205	PASS;AGTGAGAGAGAGTGTGTG	INDEL;IDV=6;IMF=1;DP=6;VDB=0.000411984;SGB=-0.616816;MQ0F=0;AC=2;AN=2;DP4=0,0,0,6;MQ=60;RB=1,187702509,187702887,CCA,TGA
3	95318060	NA	AAAGG	A	145	NEI_IND[4/392];GGAAAAAGAAAGGAAGGA	INDEL;IDV=6;IMF=1;DP=6;VDB=0.0058656;SGB=-0.556411;MQ0F=0;AC=2;AN=2;DP4=0,0,0,4;MQ=60;RB=3,95317065,95318128,TTG,ACT
11	28379301	NA	CT	C	110	PASS;GTAAGTGGCTTTGATTTT	INDEL;IDV=8;IMF=1;DP=8;VDB=1.33331e-05;SGB=-0.651104;MQ0F=0;AC=2;AN=2;DP4=0,0,0,8;MQ=60;RB=11,28378539,28379318,GAC,CGG
18	35997808	NA	AT	A	44.4146	MASKED;AATTCCCTATTTTTAAAA	INDEL;IDV=6;IMF=1;DP=6;VDB=0.000411984;SGB=-0.616816;MQ0F=0;AC=2;AN=2;DP4=0,0,0,6;MQ=60;RB=18,35997463,35997866,AGT,GAT
6	5853397	NA	GGAT	G	225	PASS;GCACAAAAGGATGACCAT	INDEL;IDV=8;IMF=1;DP=8;VDB=1.33331e-05;SGB=-0.651104;MQ0F=0;AC=2;AN=2;DP4=0,0,8,0;MQ=60;RB=6,5853387,5853647,CTC,ATA
6	5853542	NA	AAC	A	100	MASKED;AAGCCACCAACAGTCTGT	INDEL;IDV=8;IMF=1;DP=8;VDB=1.33331e-05;SGB=-0.651104;MQ0F=0;AC=2;AN=2;DP4=0,0,0,8;MQ=60;RB=6,5853387,5853647,CTC,ATA
16	4748875	NA	C	CG	97	PASS;GGCATCCCCGGGTGGGCG	INDEL;IDV=6;IMF=1;DP=6;VDB=0.000411984;SGB=-0.616816;MQ0F=0;AC=2;AN=2;DP4=0,0,6,0;MQ=60;RB=16,4748830,4749130,TCT,CCT
10	124923362	NA	TTTAC	T	182	PASS;AGATTTCATTTACTTAAG	INDEL;IDV=5;IMF=1;DP=5;VDB=0.00187095;SGB=-0.590765;MQ0F=0;AC=2;AN=2;DP4=0,0,5,0;MQ=60;RB=10,124923256,124923688,GGC,TAT
18	66912826	NA	GC	G	119	MASKED;TTGGATCAGCATTTTGCA	INDEL;IDV=7;IMF=1;DP=7;VDB=6.71664e-05;SGB=-0.636426;MQ0F=0;AC=2;AN=2;DP4=0,0,0,7;MQ=60;RB=18,66912397,66912839,TGA,GAC
2	1696510	NA	AAC	A	150	MASKED;GGTGCAGGAACACACAGA	INDEL;IDV=7;IMF=1;DP=7;VDB=6.71664e-05;SGB=-0.636426;MQ0F=0;AC=2;AN=2;DP4=0,0,7,0;MQ=60;RB=2,1696380,1696996,CAA,CGG
5	52416160	NA	TCACACCCA	T	205	MASKED;CTGCATTCTCACACCCAC	INDEL;IDV=6;IMF=1;DP=6;VDB=0.000411984;SGB=-0.616816;MQ0F=0;AC=2;AN=2;DP4=0,0,6,0;MQ=60;RB=5,52416076,52416969,TGG,GGG
18	66978525	NA	AAAG	A	25.4267	NEI_IND[12/207];GAAAAAAAAAAGAAAAAA	INDEL;IDV=3;IMF=0.75;DP=3;VDB=0.02;SGB=-0.453602;MQ0F=0;AC=2;AN=2;DP4=0,0,2,0;MQ=60;RB=18,66978481,66979047,TTT,AAC
8	143789531	NA	TTCTA	T	225	MASKED;TAGAAGTGTTCTATCTAA	INDEL;IDV=9;IMF=1;DP=9;VDB=9.6361e-06;SGB=-0.662043;MQ0F=0;AC=2;AN=2;DP4=0,0,0,9;MQ=60;RB=8,143788795,143789576,CGT,CGT
6	15688575	NA	TTCTTTC	T	225	NEI_IND[6/294];ATTCTAACTTCTTTCTCT	INDEL;IDV=9;IMF=1;DP=9;VDB=5.52906e-06;SGB=-0.662043;MQ0F=0;AC=2;AN=2;DP4=0,0,0,9;MQ=60;RB=6,15688340,15688683,CCG,TGT
11	65275027	NA	TAGTC	T	182	PASS;TTGAATCCTAGTCAGTCA	INDEL;IDV=5;IMF=1;DP=5;VDB=0.00187095;SGB=-0.590765;MQ0F=0;AC=2;AN=2;DP4=0,0,5,0;MQ=60;RB=11,65274964,65275604,TAA,TGA
2	1696510	NA	AAC	A	197	MASKED;GGTGCAGGAACACACAGA	INDEL;IDV=10;IMF=1;DP=10;VDB=6.99472e-07;SGB=-0.670168;MQ0F=0;AC=2;AN=2;DP4=0,0,10,0;MQ=60;RB=2,1696380,1696997,CTT,CCT
2	202881887	NA	TAAA	T	113	MASKED;CATGCAGATAAAAAAAAC	INDEL;IDV=6;IMF=1;DP=6;VDB=0.000411984;SGB=-0.616816;MQ0F=0;AC=2;AN=2;DP4=0,0,6,0;MQ=60;RB=2,202881873,202882326,TGG,CCC
6	40389814	NA	T	TA	18.4763	PASS;CTGAGGGGTAAAAAAAAT	INDEL;IDV=9;IMF=1;DP=9;VDB=5.52906e-06;SGB=-0.662043;MQ0F=0;AC=2;AN=2;DP4=0,0,0,9;MQ=60;RB=6,40389317,40389841,AAG,TAA
8	13475550	NA	GTT	G	56	MASKED;GCAGACTTGTTTTTTTTC	INDEL;IDV=5;IMF=1;DP=5;VDB=0.00187095;SGB=-0.590765;MQ0F=0;AC=2;AN=2;DP4=0,0,0,5;MQ=60;RB=8,13475215,13475572,TGT,TCC
16	56980362	NA	AAAAT	A	224	PASS;TGTCTCAAAAAATAAATA	INDEL;IDV=7;IMF=1;DP=7;VDB=6.71664e-05;SGB=-0.636426;MQ0F=0;AC=2;AN=2;DP4=0,0,7,0;MQ=60;RB=16,56980327,56980654,CTC,ATA
14	20775167	NA	GGGA	G	225	NEI_IND[3/189];GTAAAATAGGGAGGGATG	INDEL;IDV=10;IMF=1;DP=10;VDB=6.99472e-07;SGB=-0.670168;MQ0F=0;AC=2;AN=2;DP4=0,0,0,10;MQ=60;RB=14,20774640,20775227,ATA,TTG
11	90241091	NA	C	CA	97	PASS;ATCAAATACAAAGATGGC	INDEL;IDV=6;IMF=1;DP=6;VDB=0.000411984;SGB=-0.616816;MQ0F=0;AC=2;AN=2;DP4=0,0,0,6;MQ=60;RB=11,90240612,90241153,TGT,TCT
6	106756404	NA	GTTA	G	205	PASS;ATTTACTAGTTATTATTT	INDEL;IDV=6;IMF=1;DP=6;VDB=0.000411984;SGB=-0.616816;MQ0F=0;AC=2;AN=2;DP4=0,0,0,6;MQ=60;RB=6,106756055,106756465,TTG,CAC
8	143789531	NA	TTCTA	T	221	MASKED;TAGAAGTGTTCTATCTAA	INDEL;IDV=7;IMF=1;DP=7;VDB=6.71664e-05;SGB=-0.636426;MQ0F=0;AC=2;AN=2;DP4=0,0,0,7;MQ=60;RB=8,143788795,143789575,CAT,GTC
4	24562052	NA	TGGGCAG	T	85	NEI_IND[6/354];ACCAACACTGGGCAGGGT	INDEL;IDV=7;IMF=0.875;DP=7;VDB=0.000411984;SGB=-0.616816;MQ0F=0;AC=2;AN=2;DP4=0,0,0,6;MQ=60;RB=4,24561816,24562179,GTT,AAA
3	36181225	NA	CG	C	98	MASKED;ATGATATGCGTTTTTTTT	INDEL;IDV=5;IMF=1;DP=5;VDB=0.00187095;SGB=-0.590765;MQ0F=0;AC=2;AN=2;DP4=0,0,0,5;MQ=60;RB=3,36180637,36181281,GTA,TCC
7	138040565	NA	ATG	A	163	PASS;GCCCATCTATGTGTGTGT	INDEL;IDV=7;IMF=1;DP=7;VDB=6.71664e-05;SGB=-0.636426;MQ0F=0;AC=2;AN=2;DP4=0,0,7,0;MQ=60;RB=7,138040531,138040775,CCG,AGA
6	91731427	NA	GTTTA	G	225	PASS;TGTGGGTAGTTTATTTGA	INDEL;IDV=8;IMF=1;DP=8;VDB=1.33331e-05;SGB=-0.651104;MQ0F=0;AC=2;AN=2;DP4=0,0,8,0;MQ=60;RB=6,91731413,91731780,TTT,CAC
12	55511761	NA	TAAAGAGAAAAATGAGGGAA	T	225	MASKED;ACACTAAATAAAGAGAAA	INDEL;IDV=9;IMF=1;DP=9;VDB=5.52906e-06;SGB=-0.662043;MQ0F=0;AC=2;AN=2;DP4=0,0,0,9;MQ=60;RB=12,55511447,55511888,AGT,AGA
6	77287315	NA	TA	T	64	PASS;AATAGATATAAAACAAAC	INDEL;IDV=6;IMF=1;DP=6;VDB=0.000411984;SGB=-0.616816;MQ0F=0;AC=2;AN=2;DP4=0,0,0,6;MQ=60;RB=6,77286908,77287422,GGG,TTC
18	43525185	NA	ACT	A	173	PASS;TTTCAGAAACTCTACTTA	INDEL;IDV=6;IMF=1;DP=6;VDB=0.000411984;SGB=-0.616816;MQ0F=0;AC=2;AN=2;DP4=0,0,0,6;MQ=60;RB=18,43524807,43525297,GTT,ATA
1	107480509	NA	AC	A	130	MASKED;TGAAAACAACCTTTGCAC	INDEL;IDV=10;IMF=1;DP=10;VDB=6.99472e-07;SGB=-0.670168;MQ0F=0;AC=2;AN=2;DP4=0,0,0,10;MQ=60;RB=1,107480065,107480607,TCA,TGC
6	62565395	NA	GTA	G	150	MASKED;GTGTATATGTATATATAT	INDEL;IDV=6;IMF=1;DP=6;VDB=0.000411984;SGB=-0.616816;MQ0F=0;AC=2;AN=2;DP4=0,0,0,6;MQ=60;RB=6,62564841,62565495,TCT,CCG
14	20775167	NA	GGGA	G	182	NEI_IND[3/189];GTAAAATAGGGAGGGATG	INDEL;IDV=5;IMF=1;DP=5;VDB=0.00187095;SGB=-0.590765;MQ0F=0;AC=2;AN=2;DP4=0,0,0,5;MQ=60;RB=14,20774641,20775228,CCC,CAT
16	32830199	NA	CT	C	83	PASS;CCATTTTTCTGCTTCAGC	INDEL;IDV=4;IMF=1;DP=4;VDB=0.0058656;SGB=-0.556411;MQ0F=0;AC=2;AN=2;DP4=0,0,4,0;MQ=60;RB=16,32830169,32830435,CCT,CCT
20	25278464	NA	A	AGTGGG	225	NEI_IND[23/276];TTTTATTGAGTGGGGCAA	INDEL;IDV=15;IMF=1;DP=15;VDB=4.49525e-10;SGB=-0.688148;MQ0F=0;AC=2;AN=2;DP4=0,0,15,0;MQ=60;RB=20,25278433,25278748,AAT,GTT
20	25278665	NA	CACTA	C	225	NEI_IND[4/272];CTGTGTTTCACTAACTAA	INDEL;IDV=15;IMF=1;DP=15;VDB=4.49525e-10;SGB=-0.688148;MQ0F=0;AC=2;AN=2;DP4=0,0,0,15;MQ=60;RB=20,25278433,25278748,AAT,GTT
14	23233663	NA	GC	G	113	PASS;CTCCACACGCAGTCACCT	INDEL;IDV=6;IMF=1;DP=6;VDB=0.000411984;SGB=-0.616816;MQ0F=0;AC=2;AN=2;DP4=0,0,6,0;MQ=60;RB=14,23233630,23233877,TAC,AAT
11	80612043	NA	CCTACATACAGGCT	C	205	MASKED;TCTTTTCACCTACATACA	INDEL;IDV=6;IMF=1;DP=6;VDB=0.000411984;SGB=-0.616816;MQ0F=0;AC=2;AN=2;DP4=0,0,0,6;MQ=60;RB=11,80611859,80612134,CCT,CGT
10	9595298	NA	CATGAA	C	205	MASKED;TGACATGACATGAAATGA	INDEL;IDV=6;IMF=1;DP=6;VDB=0.000411984;SGB=-0.616816;MQ0F=0;AC=2;AN=2;DP4=0,0,6,0;MQ=60;RB=10,9595195,9595481,GAT,CCA
2	180231097	NA	G	GC	161	PASS;CACATTGGGCACTGGAGG	INDEL;IDV=10;IMF=1;DP=10;VDB=6.99472e-07;SGB=-0.670168;MQ0F=0;AC=2;AN=2;DP4=0,0,10,0;MQ=60;RB=2,180231019,180231349,TTT,TTG
5	102275026	NA	C	CT	114	PASS;TCAAAACTCTTTCTTCTC	INDEL;IDV=8;IMF=1;DP=8;VDB=1.33331e-05;SGB=-0.651104;MQ0F=0;AC=2;AN=2;DP4=0,0,0,8;MQ=60;RB=5,102274695,102275080,ATT,CGA
7	42043694	NA	TAGG	T	224	PASS;AGAAAATTTAGGAGGAGA	INDEL;IDV=7;IMF=1;DP=7;VDB=6.71664e-05;SGB=-0.636426;MQ0F=0;AC=2;AN=2;DP4=0,0,7,0;MQ=60;RB=7,42043588,42043871,CAT,AGT
8	52509504	NA	AT	A	105	PASS;TTCTTTGCATTTGCTTTT	INDEL;IDV=8;IMF=1;DP=8;VDB=1.33331e-05;SGB=-0.651104;MQ0F=0;AC=2;AN=2;DP4=0,0,8,0;MQ=60;RB=8,52509453,52510265,ATT,TAC
7	97367948	NA	TTATTG	T	205	NEI_IND[5/170];TATGCAGCTTATTGTTAA	INDEL;IDV=6;IMF=1;DP=6;VDB=0.000411984;SGB=-0.616816;MQ0F=0;AC=2;AN=2;DP4=0,0,6,0;MQ=60;RB=7,97367923,97368662,CCG,TAT
3	121759291	NA	CAT	C	225	MASKED;AATGCAAACATGTTTGGA	INDEL;IDV=8;IMF=1;DP=8;VDB=1.33331e-05;SGB=-0.651104;MQ0F=0;AC=2;AN=2;DP4=0,0,8,0;MQ=60;RB=3,121759224,121759567,ATG,GGT
4	148276187	NA	ATTCCTTTG	A	205	NEI_IND[6/186];ATATGTTCATTCCTTTGT	INDEL;IDV=6;IMF=1;DP=6;VDB=0.000411984;SGB=-0.616816;MQ0F=0;AC=2;AN=2;DP4=0,0,0,6;MQ=60;RB=4,148275615,148276232,TAG,GTT
8	33516833	NA	C	CCCATTCTGATCCA	224	PASS;TGCACTCCCCCATTCTGA	INDEL;IDV=7;IMF=1;DP=7;VDB=6.71664e-05;SGB=-0.636426;MQ0F=0;AC=2;AN=2;DP4=0,0,7,0;MQ=60;RB=8,33516806,33517555,GTC,TAC
1	164659714	NA	AAGAATAC	A	205	PASS;TATTTAAAAAGAATACAT	INDEL;IDV=6;IMF=1;DP=6;VDB=0.000411984;SGB=-0.616816;MQ0F=0;AC=2;AN=2;DP4=0,0,6,0;MQ=60;RB=1,164659675,164659913,AAG,ACT
7	27484272	NA	TCTTTA	T	225	MASKED;CAAGTTTTTCTTTACTTG	INDEL;IDV=14;IMF=0.933333;DP=15;VDB=4.49525e-10;SGB=-0.688148;MQ0F=0;AC=2;AN=2;DP4=0,0,0,15;MQ=60;RB=7,27484038,27484360,TGA,GCC
18	26389688	NA	TTG	T	219	PASS;AGTTGTATTTGGGTACTA	INDEL;IDV=8;IMF=1;DP=8;VDB=1.33331e-05;SGB=-0.651104;MQ0F=0;AC=2;AN=2;DP4=0,0,8,0;MQ=60;RB=18,26389569,26390067,TCC,GAG
12	120010289	NA	TAATA	T	225	NEI_IND[12/333];TGCATATATAATAAATAT	INDEL;IDV=11;IMF=1;DP=11;VDB=6.99472e-07;SGB=-0.670168;MQ0F=0;AC=2;AN=2;DP4=0,0,10,0;MQ=60;RB=12,120010264,120010668,GGC,ATT
5	111951902	NA	GCCCACTCAGAGAGGTCTAT	G	205	NEI_IND[6/454];GTTTTTTTGCCCACTCAG	INDEL;IDV=6;IMF=1;DP=6;VDB=0.000411984;SGB=-0.616816;MQ0F=0;AC=2;AN=2;DP4=0,0,0,6;MQ=60;RB=5,111951395,111952026,TCA,ACT
2	63482190	NA	GAGA	G	182	MASKED;AGGCACAGGAGAAGTATT	INDEL;IDV=5;IMF=1;DP=5;VDB=0.00187095;SGB=-0.590765;MQ0F=0;AC=2;AN=2;DP4=0,0,5,0;MQ=60;RB=2,63482135,63482410,TGC,GGT
5	53393126	NA	ACAGAGTGAGACTCCATCT	A	205	NEI_IND[6/198];GCCTGGTGACAGAGTGAG	INDEL;IDV=6;IMF=1;DP=6;VDB=0.000411984;SGB=-0.616816;MQ0F=0;AC=2;AN=2;DP4=0,0,6,0;MQ=60;RB=5,53393089,53393681,AAA,ACA
20	13046354	NA	TCTC	T	225	MASKED;TAAATACTTCTCCTTTTA	INDEL;IDV=8;IMF=1;DP=8;VDB=1.33331e-05;SGB=-0.651104;MQ0F=0;AC=2;AN=2;DP4=0,0,8,0;MQ=60;RB=20,13046319,13046678,CAG,GGG
1	55531447	NA	GC	G	93	PASS;TTATCTCTGCCCGTTGGA	INDEL;IDV=6;IMF=1;DP=6;VDB=0.000411984;SGB=-0.616816;MQ0F=0;AC=2;AN=2;DP4=0,0,0,6;MQ=60;RB=1,55531226,55531469,ACG,TCG
5	128581384	NA	G	GT	100	PASS;ATGCTGTTGTAAGAGGAA	INDEL;IDV=5;IMF=1;DP=5;VDB=0.00187095;SGB=-0.590765;MQ0F=0;AC=2;AN=2;DP4=0,0,5,0;MQ=60;RB=5,128581284,128582269,TCA,ATG
4	59621438	NA	GATA	G	225	NEI_IND[3/237];TATTAATTGATAATAATA	INDEL;IDV=8;IMF=1;DP=8;VDB=1.33331e-05;SGB=-0.651104;MQ0F=0;AC=2;AN=2;DP4=0,0,0,8;MQ=60;RB=4,59621154,59621481,TTG,AAC
7	83627951	NA	TTACAA	T	224	NEI_IND[5/373];CAAGTACTTTACAATATA	INDEL;IDV=7;IMF=1;DP=7;VDB=6.71664e-05;SGB=-0.636426;MQ0F=0;AC=2;AN=2;DP4=0,0,7,0;MQ=60;RB=7,83627855,83628718,ATT,TCG
12	130832314	NA	TG	T	73	MASKED;TCATCTCTTGGCAGCTCT	INDEL;IDV=5;IMF=1;DP=5;VDB=0.0058656;SGB=-0.556411;MQ0F=0;AC=2;AN=2;DP4=0,0,4,0;MQ=60;RB=12,130832266,130833382,GTT,GGT
3	82199588	NA	TTTC	T	205	PASS;TAAATTGGTTTCTTCTTC	INDEL;IDV=6;IMF=1;DP=6;VDB=0.000411984;SGB=-0.616816;MQ0F=0;AC=2;AN=2;DP4=0,0,0,6;MQ=60;RB=3,82199089,82199659,GAT,GGT
15	81609614	NA	TC	T	98	MASKED;TTGTGCATTCCACCAAAA	INDEL;IDV=6;IMF=1;DP=6;VDB=0.000527421;SGB=-0.616816;MQ0F=0;AC=2;AN=2;DP4=0,0,6,0;MQ=60;RB=15,81609504,81609814,AAT,TGT
6	34236140	NA	CA	C	39.4149	PASS;TCAAAAAACAAAAAACAA	INDEL;IDV=8;IMF=1;DP=8;VDB=1.33331e-05;SGB=-0.651104;MQ0F=0;AC=2;AN=2;DP4=0,0,8,0;MQ=60;RB=6,34236008,34236597,CTC,CCG
6	34236529	NA	CTCTT	C	225	NEI_IND[40/164];TCGTCTCTCTCTTTTTTA	INDEL;IDV=8;IMF=1;DP=8;VDB=1.33331e-05;SGB=-0.651104;MQ0F=0;AC=2;AN=2;DP4=0,0,0,8;MQ=60;RB=6,34236008,34236597,CTC,CCG
3	7387170	NA	C	CA	146	PASS;GGTTTCATCACGTTGGCC	INDEL;IDV=8;IMF=1;DP=8;VDB=1.33331e-05;SGB=-0.651104;MQ0F=0;AC=2;AN=2;DP4=0,0,8,0;MQ=60;RB=3,7387043,7387315,TCC,AAT
6	153080281	NA	CA	C	20.4535	PASS;CTTTCTAACAAAAAAATA	INDEL;IDV=6;IMF=1;DP=6;VDB=0.000411984;SGB=-0.616816;MQ0F=0;AC=2;AN=2;DP4=0,0,6,0;MQ=60;RB=6,153080255,153080891,GGC,AAT
10	20613892	NA	TA	T	8.99861	MASKED;AAAGGGTTTAAAAAAAAA	INDEL;IDV=8;IMF=1;DP=8;VDB=1.33331e-05;SGB=-0.651104;MQ0F=0;AC=2;AN=2;DP4=0,0,0,8;MQ=60;RB=10,20613409,20614001,TTA,ATG
4	28421398	NA	CTTATT	C	224	PASS;GTGACTGTCTTATTTTAA	INDEL;IDV=8;IMF=1;DP=8;VDB=6.71664e-05;SGB=-0.636426;MQ0F=0;AC=2;AN=2;DP4=0,0,7,0;MQ=60;RB=4,28421323,28421841,GTT,GGA
7	147650505	NA	A	AT	95	NEI_IND[17/420];TAAGAAATACGATTCTCA	INDEL;IDV=10;IMF=1;DP=10;VDB=6.99472e-07;SGB=-0.670168;MQ0F=0;AC=2;AN=2;DP4=0,0,0,10;MQ=60;RB=7,147649904,147650585,GTT,TTG
7	147650539	NA	TA	T	48.4146	MASKED;TGGGTTGATAAGGTGCAG	INDEL;IDV=10;IMF=1;DP=10;VDB=1.33331e-05;SGB=-0.651104;MQ0F=0;AC=2;AN=2;DP4=0,0,0,8;MQ=60;RB=7,147649904,147650585,GTT,TTG
12	120176704	NA	AAAAG	A	45.4146	PASS;AAAAAAAAAAAAGATCTA	INDEL;IDV=4;IMF=0.666667;DP=4;VDB=0.0058656;SGB=-0.556411;MQ0F=0;AC=2;AN=2;DP4=0,0,4,0;MQ=60;RB=12,120176654,120176964,AAT,CTG
3	130201209	NA	CATTAT	C	182	NEI_IND[5/210];ATGCATGGCATTATTTCT	INDEL;IDV=5;IMF=1;DP=5;VDB=0.00215942;SGB=-0.590765;MQ0F=0;AC=2;AN=2;DP4=0,0,5,0;MQ=60;RB=3,130201105,130201872,GTT,CTG
7	34565575	NA	A	AG	138	PASS;TTCTTCATAGGTCCACTG	INDEL;IDV=8;IMF=1;DP=8;VDB=1.33331e-05;SGB=-0.651104;MQ0F=0;AC=2;AN=2;DP4=0,0,8,0;MQ=60;RB=7,34565542,34565852,CCC,GGA
12	119360500	NA	AC	A	107	MASKED;GACCTGAGACCTGCAATA	INDEL;IDV=7;IMF=1;DP=7;VDB=6.71664e-05;SGB=-0.636426;MQ0F=0;AC=2;AN=2;DP4=0,0,0,7;MQ=60;RB=12,119360239,119360633,GTT,TAT
5	68595873	NA	TCAC	T	182	PASS;CACTTTTATCACAGCACA	INDEL;IDV=5;IMF=1;DP=5;VDB=0.00187095;SGB=-0.590765;MQ0F=0;AC=2;AN=2;DP4=0,0,5,0;MQ=60;RB=5,68595862,68596180,TCC,TGC
13	19897008	NA	AAG	A	81	NEI_IND[20/220];TACAAAAAAAGGAAGTTT	INDEL;IDV=6;IMF=1;DP=6;VDB=0.000411984;SGB=-0.616816;MQ0F=0;AC=2;AN=2;DP4=0,0,0,6;MQ=60;RB=13,19896787,19897032,CCG,AAG
18	31181080	NA	AG	A	124	PASS;AGGCAACGAGGGATGAGA	INDEL;IDV=10;IMF=1;DP=10;VDB=6.99472e-07;SGB=-0.670168;MQ0F=0;AC=2;AN=2;DP4=0,0,10,0;MQ=60;RB=18,31181029,31181813,GTT,CCG
1	13909013	NA	GTTACCTGGGAGATC	G	182	MASKED;GACAAGACGTTACCTGGG	INDEL;IDV=5;IMF=1;DP=5;VDB=0.00187095;SGB=-0.590765;MQ0F=0;AC=2;AN=2;DP4=0,0,0,5;MQ=60;RB=1,13908861,13909072,TCA,CGT
2	142102392	NA	TA	T	108	PASS;TATTTTTCTAATTGGGAG	INDEL;IDV=7;IMF=1;DP=7;VDB=6.71664e-05;SGB=-0.636426;MQ0F=0;AC=2;AN=2;DP4=0,0,0,7;MQ=60;RB=2,142101685,142102413,CTT,ATT
5	165512670	NA	TAGAAGAATCTAACTAGAG	T	225	NEI_IND[6/282];GAGGGGCCTAGAAGAATC	INDEL;IDV=8;IMF=1;DP=8;VDB=1.33331e-05;SGB=-0.651104;MQ0F=0;AC=2;AN=2;DP4=0,0,8,0;MQ=60;RB=5,165512590,165513102,TAA,AGA
9	32612588	NA	TA	T	12.6563	PASS;AAAAAATATAAAAAAGTC	INDEL;IDV=5;IMF=1;DP=5;VDB=0.0221621;SGB=-0.511536;MQ0F=0;AC=2;AN=2;DP4=0,0,0,3;MQ=60;RB=9,32612292,32612671,ATA,ACT
12	120010289	NA	TAATA	T	225	NEI_IND[12/333];TGCATATATAATAAATAT	INDEL;IDV=14;IMF=1;DP=14;VDB=2.26006e-08;SGB=-0.686358;MQ0F=0;AC=2;AN=2;DP4=0,0,14,0;MQ=60;RB=12,120010263,120010667,TAT,TAC
4	153013650	NA	TTTAAG	T	225	MASKED;TTTTTTTCTTTAAGTTAA	INDEL;IDV=10;IMF=1;DP=10;VDB=5.52906e-06;SGB=-0.662043;MQ0F=0;AC=2;AN=2;DP4=0,0,0,9;MQ=60;RB=4,153013361,153013716,TTT,ATA
14	44462265	NA	TGTG	T	129	NEI_IND[3/230];AAATCTTCTGTGTACAGG	INDEL;IDV=5;IMF=1;DP=5;VDB=0.0058656;SGB=-0.556411;MQ0F=0;AC=2;AN=2;DP4=0,0,4,0;MQ=60;RB=14,44462133,44462697,AGA,GGC
2	78809285	NA	CCTTAA	C	154	PASS;AATTCCAACCTTAACTTG	INDEL;IDV=4;IMF=1;DP=4;VDB=0.0127498;SGB=-0.556411;MQ0F=0;AC=2;AN=2;DP4=0,0,4,0;MQ=60;RB=2,78809184,78810266,GTA,CTG
6	34997499	NA	GTATATATACATTATA	G	225	PASS;TATTATTTGTATATATAC	INDEL;IDV=9;IMF=1;DP=9;VDB=5.52906e-06;SGB=-0.662043;MQ0F=0;AC=2;AN=2;DP4=0,0,9,0;MQ=60;RB=6,34997437,34997984,ATA,GGT
4	178104640	NA	TA	T	26.4242	MASKED;TAGATGAATAAAAAAATG	INDEL;IDV=8;IMF=1;DP=8;VDB=1.33331e-05;SGB=-0.651104;MQ0F=0;AC=2;AN=2;DP4=0,0,0,8;MQ=60;RB=4,178104389,178104700,TGA,CAG
11	59999442	NA	TTAAAGA	T	224	MASKED;ATGAAAAGTTAAAGATAA	INDEL;IDV=7;IMF=1;DP=7;VDB=6.71664e-05;SGB=-0.636426;MQ0F=0;AC=2;AN=2;DP4=0,0,0,7;MQ=60;RB=11,59999166,59999476,GGA,GTT
6	162511606	NA	TTTTC	T	205	PASS;TCTAGTGATTTTCTTTCT	INDEL;IDV=6;IMF=1;DP=6;VDB=0.000411984;SGB=-0.616816;MQ0F=0;AC=2;AN=2;DP4=0,0,0,6;MQ=60;RB=6,162510708,162511681,TAC,TTA
8	13475550	NA	GT	G	17.4922	MASKED;GCAGACTTGTTTTTTTTC	INDEL;IDV=8;IMF=1;DP=8;VDB=1.33331e-05;SGB=-0.651104;MQ0F=0;AC=2;AN=2;DP4=0,0,0,8;MQ=60;RB=8,13475216,13475573,CGC,CGA
X	51101089	NA	TATA	T	223	MASKED;ACTTAAAGTATAATAATA	INDEL;IDV=8;IMF=1;DP=8;VDB=2.30147e-05;SGB=-0.651104;MQ0F=0;AC=2;AN=2;DP4=0,0,8,0;MQ=60;RB=X,51101069,51102127,CGC,TGA
2	225316003	NA	ATGTG	ATG,A	192	MASKED;TGAGGAATATGTGTGTGT	INDEL;IDV=9;IMF=1;DP=9;VDB=7.55993e-06;SGB=-0.662043;MQ0F=0;AC=1,1;AN=2;DP4=0,0,0,9;MQ=60;RB=2,225315466,225316073,TCT,ATA
5	26871993	NA	CATTG	C	225	MASKED;TTTTTGGACATTGATTTT	INDEL;IDV=9;IMF=1;DP=9;VDB=5.52906e-06;SGB=-0.662043;MQ0F=0;AC=2;AN=2;DP4=0,0,9,0;MQ=60;RB=5,26871962,26872228,GTT,GTT
3	62317879	NA	TC	T	118	PASS;GGAGTTACTCCAGCTGTG	INDEL;IDV=8;IMF=1;DP=8;VDB=1.33331e-05;SGB=-0.651104;MQ0F=0;AC=2;AN=2;DP4=0,0,0,8;MQ=60;RB=3,62317483,62317998,CTG,TTT
10	126266230	NA	CAT	C	139	MASKED;ATCCTACACATGTGTGCA	INDEL;IDV=4;IMF=1;DP=4;VDB=0.0058656;SGB=-0.556411;MQ0F=0;AC=2;AN=2;DP4=0,0,0,4;MQ=60;RB=10,126266013,126266246,ATT,GTC
12	130832314	NA	TG	T	91	MASKED;TCATCTCTTGGCAGCTCT	INDEL;IDV=5;IMF=1;DP=5;VDB=0.00187095;SGB=-0.590765;MQ0F=0;AC=2;AN=2;DP4=0,0,5,0;MQ=60;RB=12,130832266,130833120,CAA,CAC
15	33683726	NA	CT	C	113	PASS;TCAGGAGGCTGAGGCAGG	INDEL;IDV=6;IMF=1;DP=6;VDB=0.000411984;SGB=-0.616816;MQ0F=0;AC=2;AN=2;DP4=0,0,0,6;MQ=60;RB=15,33683503,33683764,GAT,TCT
17	31329444	NA	A	AG	88	PASS;AGGGTTAAAGTTCAAGTT	INDEL;IDV=4;IMF=1;DP=4;VDB=0.0058656;SGB=-0.556411;MQ0F=0;AC=2;AN=2;DP4=0,0,4,0;MQ=60;RB=17,31329406,31329649,GGT,GGT
5	146776792	NA	G	GAAAC	224	NEI_IND[15/432];AAATCAGAGAAATAAAGT	INDEL;IDV=7;IMF=1;DP=7;VDB=6.71664e-05;SGB=-0.636426;MQ0F=0;AC=2;AN=2;DP4=0,0,7,0;MQ=60;RB=5,146776702,146777309,TGA,ACG
16	63036307	NA	GGAAAGC	G	182	PASS;CTTACATGGGAAAGCTGC	INDEL;IDV=5;IMF=1;DP=5;VDB=0.00187095;SGB=-0.590765;MQ0F=0;AC=2;AN=2;DP4=0,0,0,5;MQ=60;RB=16,63036051,63036328,AAT,AGT
12	95795335	NA	CCTT	C	225	MASKED;TATGCACTCCTTATTAAC	INDEL;IDV=9;IMF=1;DP=9;VDB=5.52906e-06;SGB=-0.662043;MQ0F=0;AC=2;AN=2;DP4=0,0,9,0;MQ=60;RB=12,95795319,95795914,GAA,GTG
8	111775194	NA	GATAAA	G	179	MASKED;TAAAATAAGATAAAATAA	INDEL;IDV=5;IMF=1;DP=5;VDB=0.00187095;SGB=-0.590765;MQ0F=0;AC=2;AN=2;DP4=0,0,5,0;MQ=60;RB=8,111775107,111775539,TCC,ACA
20	13046354	NA	TCTC	T	225	MASKED;TAAATACTTCTCCTTTTA	INDEL;IDV=10;IMF=1;DP=10;VDB=6.99472e-07;SGB=-0.670168;MQ0F=0;AC=2;AN=2;DP4=0,0,10,0;MQ=60;RB=20,13046319,13046678,ACC,CCG
2	100216085	NA	AAT	A	146	PASS;AGGATGAAAATAAGCCTG	INDEL;IDV=5;IMF=1;DP=5;VDB=0.00187095;SGB=-0.590765;MQ0F=0;AC=2;AN=2;DP4=0,0,0,5;MQ=60;RB=2,100215801,100216113,ACT,TCA
19	22672709	NA	CA	C	13.6076	MASKED;TTAATAGGCAAAAAAAAT	INDEL;IDV=6;IMF=1;DP=6;VDB=0.000411984;SGB=-0.616816;MQ0F=0;AC=2;AN=2;DP4=0,0,0,6;MQ=60;RB=19,22672416,22672778,TAT,ATA
16	63036307	NA	GGAAAGC	G	224	PASS;CTTACATGGGAAAGCTGC	INDEL;IDV=7;IMF=1;DP=7;VDB=6.71664e-05;SGB=-0.636426;MQ0F=0;AC=2;AN=2;DP4=0,0,0,7;MQ=60;RB=16,63036051,63036328,GGT,TTT
9	12510485	NA	TG	T	67	MASKED;AAGAAGACTGGGTGCAAT	INDEL;IDV=4;IMF=1;DP=4;VDB=0.0058656;SGB=-0.556411;MQ0F=0;AC=2;AN=2;DP4=0,0,0,4;MQ=60;RB=9,12509641,12510496,TGT,CTG
11	30279515	NA	AGTACTATGAAAG	A	224	NEI_IND[6/270];CCTGCAATAGTACTATGA	INDEL;IDV=7;IMF=1;DP=7;VDB=6.71664e-05;SGB=-0.636426;MQ0F=0;AC=2;AN=2;DP4=0,0,7,0;MQ=60;RB=11,30279455,30279877,TTG,GAT
8	106794491	NA	AACTGGATGATG	A	154	PASS;ATGCTCACAACTGGATGA	INDEL;IDV=4;IMF=1;DP=4;VDB=0.0058656;SGB=-0.556411;MQ0F=0;AC=2;AN=2;DP4=0,0,4,0;MQ=60;RB=8,106794404,106794642,AAT,CCT
11	73164730	NA	TATTAA	T	225	PASS;AAGGAACTTATTAAAGTT	INDEL;IDV=9;IMF=1;DP=9;VDB=5.52906e-06;SGB=-0.662043;MQ0F=0;AC=2;AN=2;DP4=0,0,0,9;MQ=60;RB=11,73164155,73164837,GTG,TCC
12	64459814	NA	GT	G	108	MASKED;CCACAAATGTTTCTTGCA	INDEL;IDV=8;IMF=1;DP=8;VDB=1.33331e-05;SGB=-0.651104;MQ0F=0;AC=2;AN=2;DP4=0,0,0,8;MQ=60;RB=12,64459163,64459889,GTA,GGA
4	131134864	NA	ACT	A	170	MASKED;AGAGTGAAACTCTGTCTC	INDEL;IDV=6;IMF=1;DP=6;VDB=0.000411984;SGB=-0.616816;MQ0F=0;AC=2;AN=2;DP4=0,0,6,0;MQ=60;RB=4,131134842,131135107,CTG,ACC
11	65992380	NA	TC	T	56	PASS;CTTTTTGTTCCCCACATT	INDEL;IDV=5;IMF=1;DP=5;VDB=0.00187095;SGB=-0.590765;MQ0F=0;AC=2;AN=2;DP4=0,0,5,0;MQ=60;RB=11,65992299,65992550,TCA,GAA
1	106115946	NA	TCATATTCTTTCAGA	T	205	PASS;GAAACGTGTCATATTCTT	INDEL;IDV=6;IMF=1;DP=6;VDB=0.000411984;SGB=-0.616816;MQ0F=0;AC=2;AN=2;DP4=0,0,0,6;MQ=60;RB=1,106115656,106116002,CTC,TGG
7	128878865	NA	CAG	C	151	NEI_IND[2/173];TGTGCAATCAGGGATCAT	INDEL;IDV=5;IMF=1;DP=5;VDB=0.00187095;SGB=-0.590765;MQ0F=0;AC=2;AN=2;DP4=0,0,5,0;MQ=60;RB=7,128878759,128879322,AAA,AGC
7	16592030	NA	AGT	A	145	MASKED;GGAAATGAAGTGTGTGCA	INDEL;IDV=5;IMF=1;DP=5;VDB=0.00187095;SGB=-0.590765;MQ0F=0;AC=2;AN=2;DP4=0,0,0,5;MQ=60;RB=7,16591682,16592132,CTG,CAT
5	38043770	NA	GA	G	64	PASS;TATATAGTGAAAAGATTC	INDEL;IDV=6;IMF=1;DP=6;VDB=0.000411984;SGB=-0.616816;MQ0F=0;AC=2;AN=2;DP4=0,0,6,0;MQ=60;RB=5,38043721,38044140,CCT,TAT
14	67516184	NA	A	AT	75	PASS;AAGACAGTAAGAGGTGCT	INDEL;IDV=6;IMF=1;DP=6;VDB=0.00215942;SGB=-0.590765;MQ0F=0;AC=2;AN=2;DP4=0,0,0,5;MQ=60;RB=14,67516026,67516280,GAG,CCG
18	66912826	NA	GC	G	153	MASKED;TTGGATCAGCATTTTGCA	INDEL;IDV=14;IMF=1;DP=14;VDB=2.26006e-08;SGB=-0.686358;MQ0F=0;AC=2;AN=2;DP4=0,0,0,14;MQ=60;RB=18,66912397,66912839,GAT,CCG
7	135494251	NA	TG	T	134	MASKED;ACCCAGGCTGGAGTGCAG	INDEL;IDV=11;IMF=1;DP=11;VDB=2.26006e-08;SGB=-0.676189;MQ0F=0;AC=2;AN=2;DP4=0,0,0,11;MQ=60;RB=7,135493838,135494278,ATA,CTC
13	66960352	NA	ATTT	A	182	MASKED;TCACTATTATTTTATGAT	INDEL;IDV=5;IMF=1;DP=5;VDB=0.00187095;SGB=-0.590765;MQ0F=0;AC=2;AN=2;DP4=0,0,5,0;MQ=60;RB=13,66960322,66960530,TGT,GAA
6	130491143	NA	CTT	C	225	MASKED;AAAAGTAACTTATGCATA	INDEL;IDV=9;IMF=1;DP=9;VDB=5.52906e-06;SGB=-0.662043;MQ0F=0;AC=2;AN=2;DP4=0,0,0,9;MQ=60;RB=6,130490570,130491225,CTG,AGT
5	19658240	NA	ATTGC	A	225	MASKED;TCTTTATTATTGCTTTAT	INDEL;IDV=9;IMF=1;DP=9;VDB=5.52906e-06;SGB=-0.662043;MQ0F=0;AC=2;AN=2;DP4=0,0,0,9;MQ=60;RB=5,19657947,19658287,CCC,TCT
12	130832314	NA	TG	T	122	MASKED;TCATCTCTTGGCAGCTCT	INDEL;IDV=8;IMF=1;DP=8;VDB=1.33331e-05;SGB=-0.651104;MQ0F=0;AC=2;AN=2;DP4=0,0,8,0;MQ=60;RB=12,130832267,130832667,GAG,AAA
21	16107856	NA	TG	T	126	PASS;GAAGGATTTGGAGAAGGA	INDEL;IDV=9;IMF=1;DP=9;VDB=5.52906e-06;SGB=-0.662043;MQ0F=0;AC=2;AN=2;DP4=0,0,0,9;MQ=60;RB=21,16107227,16107922,CGA,CGG
11	107935608	NA	CCCT	C	205	PASS;GAAGTATTCCCTCCTCCT	INDEL;IDV=6;IMF=1;DP=6;VDB=0.000411984;SGB=-0.616816;MQ0F=0;AC=2;AN=2;DP4=0,0,6,0;MQ=60;RB=11,107935500,107935804,TGA,CGT
11	113066584	NA	T	TATCTC	205	PASS;GCCCCTGTTATCTCATTC	INDEL;IDV=6;IMF=1;DP=6;VDB=0.000411984;SGB=-0.616816;MQ0F=0;AC=2;AN=2;DP4=0,0,0,6;MQ=60;RB=11,113066305,113066626,CCT,AGA
12	90717067	NA	C	CA	146	PASS;ACTGAGTACATATCAAAT	INDEL;IDV=8;IMF=1;DP=8;VDB=1.33331e-05;SGB=-0.651104;MQ0F=0;AC=2;AN=2;DP4=0,0,0,8;MQ=60;RB=12,90716809,90717117,TTG,ACC
13	71239640	NA	AATAG	A	225	PASS;AATGGATAAATAGATAGG	INDEL;IDV=12;IMF=1;DP=12;VDB=2.26006e-08;SGB=-0.680642;MQ0F=0;AC=2;AN=2;DP4=0,0,0,12;MQ=60;RB=13,71239412,71239703,CTG,GTA
8	121138027	NA	TTG	T	193	PASS;TATTTATCTTGTGTTTGG	INDEL;IDV=8;IMF=1;DP=8;VDB=1.33331e-05;SGB=-0.651104;MQ0F=0;AC=2;AN=2;DP4=0,0,8,0;MQ=60;RB=8,121138001,121138634,CCA,CAC
3	130201209	NA	CATTAT	C	225	NEI_IND[5/210];ATGCATGGCATTATTTCT	INDEL;IDV=9;IMF=1;DP=9;VDB=5.52906e-06;SGB=-0.662043;MQ0F=0;AC=2;AN=2;DP4=0,0,9,0;MQ=60;RB=3,130201105,130201724,AAT,CTG
5	122232874	NA	A	AT	92	NEI_IND[33/744];TCATCAGTATGCCAGTAG	INDEL;IDV=4;IMF=1;DP=4;VDB=0.0058656;SGB=-0.556411;MQ0F=0;AC=2;AN=2;DP4=0,0,4,0;MQ=60;RB=5,122232838,122233129,TGA,TGT
5	122232948	NA	A	AT	6.51141	PASS;TTATGGCAATTTTTTTTA	INDEL;IDV=4;IMF=1;DP=4;VDB=0.0058656;SGB=-0.556411;MQ0F=0;AC=2;AN=2;DP4=0,0,4,0;MQ=60;RB=5,122232838,122233129,TGA,TGT
6	77600532	NA	TTTTA	T	225	NEI_IND[4/376];TTTGCATATTTTATTTGT	INDEL;IDV=8;IMF=1;DP=8;VDB=1.33331e-05;SGB=-0.651104;MQ0F=0;AC=2;AN=2;DP4=0,0,8,0;MQ=60;RB=6,77600516,77600943,CAG,GTG
6	15863640	NA	TATA	T	154	PASS;CCATTGATTATAATAAGG	INDEL;IDV=4;IMF=1;DP=4;VDB=0.0058656;SGB=-0.556411;MQ0F=0;AC=2;AN=2;DP4=0,0,4,0;MQ=60;RB=6,15863570,15863805,CTT,CTG
1	41777701	NA	C	CAT	179	PASS;GACCTGAGCATATACACA	INDEL;IDV=5;IMF=1;DP=5;VDB=0.00187095;SGB=-0.590765;MQ0F=0;AC=2;AN=2;DP4=0,0,5,0;MQ=60;RB=1,41777684,41777932,GCA,CCC
19	16632690	NA	A	AG	64	PASS;ACAGTCACAGGGTTCTCT	INDEL;IDV=6;IMF=1;DP=6;VDB=0.000411984;SGB=-0.616816;MQ0F=0;AC=2;AN=2;DP4=0,0,0,6;MQ=60;RB=19,16632534,16632772,CCT,GCC
2	116551413	NA	AC	A	166	PASS;TGTGACTTACAAAATCCA	INDEL;IDV=14;IMF=1;DP=14;VDB=2.26006e-08;SGB=-0.686358;MQ0F=0;AC=2;AN=2;DP4=0,0,0,14;MQ=60;RB=2,116551083,116551479,AAC,CCG
2	96850533	NA	CAGAA	C	182	PASS;TTTGTGATCAGAAAGAAA	INDEL;IDV=5;IMF=1;DP=5;VDB=0.00187095;SGB=-0.590765;MQ0F=0;AC=2;AN=2;DP4=0,0,0,5;MQ=60;RB=2,96850107,96850555,GAC,CTC
3	121759291	NA	CAT	C	222	MASKED;AATGCAAACATGTTTGGA	INDEL;IDV=8;IMF=1;DP=8;VDB=1.33331e-05;SGB=-0.651104;MQ0F=0;AC=2;AN=2;DP4=0,0,8,0;MQ=60;RB=3,121759223,121759566,ATA,GAC
6	85168223	NA	CT	C	91	MASKED;CAGTGTTGCTTATTGAAT	INDEL;IDV=5;IMF=1;DP=5;VDB=0.00187095;SGB=-0.590765;MQ0F=0;AC=2;AN=2;DP4=0,0,5,0;MQ=60;RB=6,85168182,85168573,TTC,GCT
3	141150953	NA	TCA	T	217	MASKED;CAGCCAGCTCACTGAAGC	INDEL;IDV=9;IMF=1;DP=9;VDB=5.52906e-06;SGB=-0.662043;MQ0F=0;AC=2;AN=2;DP4=0,0,0,9;MQ=60;RB=3,141150709,141151057,TCC,ATA
5	30708408	NA	CA	C	112	MASKED;GATTCAAGCAGGGTGCAG	INDEL;IDV=6;IMF=1;DP=6;VDB=0.000411984;SGB=-0.616816;MQ0F=0;AC=2;AN=2;DP4=0,0,0,6;MQ=60;RB=5,30708108,30708439,AAT,GCC
10	126266230	NA	CAT	C	185	MASKED;ATCCTACACATGTGTGCA	INDEL;IDV=6;IMF=1;DP=6;VDB=0.000411984;SGB=-0.616816;MQ0F=0;AC=2;AN=2;DP4=0,0,0,6;MQ=60;RB=10,126265507,126266246,GTA,TTG
8	110986873	NA	TAA	T	225	PASS;GGTCGCGCTAAGAGAGAG	INDEL;IDV=12;IMF=1;DP=12;VDB=2.26006e-08;SGB=-0.680642;MQ0F=0;AC=2;AN=2;DP4=0,0,0,12;MQ=60;RB=8,110986540,110986915,TTT,AAG
17	21786872	NA	TTA	T	186	PASS;TTTGTAGATTATACAAAA	INDEL;IDV=7;IMF=1;DP=7;VDB=6.71664e-05;SGB=-0.636426;MQ0F=0;AC=2;AN=2;DP4=0,0,7,0;MQ=60;RB=17,21786781,21787154,CTG,ATT
4	146049429	NA	TTCAG	T	225	PASS;GTTCTGTATTCAGTCATT	INDEL;IDV=8;IMF=1;DP=8;VDB=1.33331e-05;SGB=-0.651104;MQ0F=0;AC=2;AN=2;DP4=0,0,8,0;MQ=60;RB=4,146049412,146049652,CTT,AGG
4	17880177	NA	C	CAT	200	PASS;GAAGTAGCCATTTTATAA	INDEL;IDV=6;IMF=1;DP=6;VDB=0.000411984;SGB=-0.616816;MQ0F=0;AC=2;AN=2;DP4=0,0,6,0;MQ=60;RB=4,17880063,17880801,CTT,GCG
6	5853542	NA	AAC	A	154	MASKED;AAGCCACCAACAGTCTGT	INDEL;IDV=7;IMF=1;DP=7;VDB=6.71664e-05;SGB=-0.636426;MQ0F=0;AC=2;AN=2;DP4=0,0,0,7;MQ=60;RB=6,5853395,5853673,TCT,GGT
16	63036307	NA	GGAAAGC	G	224	PASS;CTTACATGGGAAAGCTGC	INDEL;IDV=7;IMF=1;DP=7;VDB=6.71664e-05;SGB=-0.636426;MQ0F=0;AC=2;AN=2;DP4=0,0,0,7;MQ=60;RB=16,63035936,63036327,ATG,TTC
18	587976	NA	GAT	G	193	PASS;TCACTTAAGATAATGACC	INDEL;IDV=7;IMF=1;DP=7;VDB=6.71664e-05;SGB=-0.636426;MQ0F=0;AC=2;AN=2;DP4=0,0,0,7;MQ=60;RB=18,587622,588005,TAC,GTT
17	76037415	NA	T	TA	170	PASS;CAGAGACTTACCCATGGC	INDEL;IDV=12;IMF=1;DP=12;VDB=2.26006e-08;SGB=-0.680642;MQ0F=0;AC=2;AN=2;DP4=0,0,12,0;MQ=60;RB=17,76037345,76037758,GAC,CTC
20	51727272	NA	TTAAAA	T	225	MASKED;AGATAACATTAAAATAAA	INDEL;IDV=10;IMF=1;DP=10;VDB=5.52906e-06;SGB=-0.662043;MQ0F=0;AC=2;AN=2;DP4=0,0,0,9;MQ=60;RB=20,51727039,51727404,TCT,GCC
15	95310102	NA	TAAAAATA	T	182	MASKED;TAAAAATATAAAAATAAA	INDEL;IDV=5;IMF=1;DP=5;VDB=0.00187095;SGB=-0.590765;MQ0F=0;AC=2;AN=2;DP4=0,0,0,5;MQ=60;RB=15,95309796,95310198,GTA,GAT
6	130491143	NA	CTT	C	160	MASKED;AAAAGTAACTTATGCATA	INDEL;IDV=5;IMF=1;DP=5;VDB=0.00187095;SGB=-0.590765;MQ0F=0;AC=2;AN=2;DP4=0,0,0,5;MQ=60;RB=6,130490570,130491215,CCG,ATC
12	105254338	NA	GA	G	103	PASS;TTTAAAGGGATCAGCTGA	INDEL;IDV=6;IMF=1;DP=6;VDB=0.000411984;SGB=-0.616816;MQ0F=0;AC=2;AN=2;DP4=0,0,0,6;MQ=60;RB=12,105254152,105254414,CGC,ATT
9	94377220	NA	ACCAT	A	225	PASS;GGGCTTTCACCATGTTGG	INDEL;IDV=10;IMF=1;DP=10;VDB=6.99472e-07;SGB=-0.670168;MQ0F=0;AC=2;AN=2;DP4=0,0,10,0;MQ=60;RB=9,94377104,94377596,TAG,CGA
12	118383903	NA	ATACT	A	202	PASS;TTATGGCAATACTTACAT	INDEL;IDV=6;IMF=1;DP=6;VDB=0.000411984;SGB=-0.616816;MQ0F=0;AC=2;AN=2;DP4=0,0,6,0;MQ=60;RB=12,118383788,118384262,GAT,CGG
16	63036307	NA	GGAAAGC	G	154	PASS;CTTACATGGGAAAGCTGC	INDEL;IDV=4;IMF=1;DP=4;VDB=0.0058656;SGB=-0.556411;MQ0F=0;AC=2;AN=2;DP4=0,0,0,4;MQ=60;RB=16,63036052,63036328,CCC,GTT
X	37883167	NA	AAAGT	A	205	NEI_IND[4/282];TTGGTGTAAAAGTAATTG	INDEL;IDV=6;IMF=1;DP=6;VDB=0.000411984;SGB=-0.616816;MQ0F=0;AC=2;AN=2;DP4=0,0,0,6;MQ=60;RB=X,37882821,37883207,CCT,CCC
8	143789531	NA	TTCTA	T	205	MASKED;TAGAAGTGTTCTATCTAA	INDEL;IDV=6;IMF=1;DP=6;VDB=0.000411984;SGB=-0.616816;MQ0F=0;AC=2;AN=2;DP4=0,0,0,6;MQ=60;RB=8,143788795,143789575,CGT,TCC
7	16592030	NA	AGT	A	142	MASKED;GGAAATGAAGTGTGTGCA	INDEL;IDV=5;IMF=1;DP=5;VDB=0.00187095;SGB=-0.590765;MQ0F=0;AC=2;AN=2;DP4=0,0,0,5;MQ=60;RB=7,16591681,16592132,TCA,CCT
4	48160929	NA	T	TTCCCTTCTTTGGGA	154	PASS;AAAGGATGTTCCCTTCTT	INDEL;IDV=4;IMF=1;DP=4;VDB=0.0058656;SGB=-0.556411;MQ0F=0;AC=2;AN=2;DP4=0,0,4,0;MQ=60;RB=4,48160839,48161258,TTT,GAA
13	76228624	NA	AG	A	73	MASKED;GAGCCTCTAGGTTGCAGC	INDEL;IDV=4;IMF=1;DP=4;VDB=0.0058656;SGB=-0.556411;MQ0F=0;AC=2;AN=2;DP4=0,0,0,4;MQ=60;RB=13,76228097,76228755,TCC,TTG
19	23974588	NA	CTG	C	197	NEI_IND[2/118];CTCTGAGACTGGAGTGCA	INDEL;IDV=7;IMF=1;DP=7;VDB=7.99768e-05;SGB=-0.636426;MQ0F=0;AC=2;AN=2;DP4=0,0,0,7;MQ=60;RB=19,23973788,23974617,CTC,TCA
15	83637080	NA	TC	T	45.4146	PASS;CTCATTCCTCCCCTAGCC	INDEL;IDV=4;IMF=1;DP=4;VDB=0.0058656;SGB=-0.556411;MQ0F=0;AC=2;AN=2;DP4=0,0,4,0;MQ=60;RB=15,83636997,83637231,CGA,TAA
5	28056819	NA	CT	C	38.415	PASS;AGACTTGCCTTTTTGATC	INDEL;IDV=5;IMF=1;DP=5;VDB=0.00187095;SGB=-0.590765;MQ0F=0;AC=2;AN=2;DP4=0,0,5,0;MQ=60;RB=5,28056686,28057012,TTA,CCA
8	69540325	NA	CTTA	C	205	PASS;TACTTACTCTTATGTTAT	INDEL;IDV=6;IMF=1;DP=6;VDB=0.000411984;SGB=-0.616816;MQ0F=0;AC=2;AN=2;DP4=0,0,0,6;MQ=60;RB=8,69540030,69540390,TGG,GCA
20	9842307	NA	AT	A	102	PASS;TAAAAAAAATAAAAATAA	INDEL;IDV=6;IMF=1;DP=6;VDB=0.000411984;SGB=-0.616816;MQ0F=0;AC=2;AN=2;DP4=0,0,6,0;MQ=60;RB=20,9842273,9842720,GAC,CCA
2	236384830	NA	AATGACAC	A	224	NEI_IND[6/274];TCTACCAGAATGACACAT	INDEL;IDV=7;IMF=1;DP=7;VDB=6.71664e-05;SGB=-0.636426;MQ0F=0;AC=2;AN=2;DP4=0,0,0,7;MQ=60;RB=2,236384579,236384957,ATC,GGT
5	169520697	NA	TTAAGA	T	224	MASKED;CCGCAGACTTAAGATAAG	INDEL;IDV=7;IMF=1;DP=7;VDB=6.71664e-05;SGB=-0.636426;MQ0F=0;AC=2;AN=2;DP4=0,0,7,0;MQ=60;RB=5,169520577,169520936,ATT,CGG
14	85624055	NA	ATTAC	A	225	PASS;CAATGAAAATTACTTATA	INDEL;IDV=10;IMF=1;DP=10;VDB=6.99472e-07;SGB=-0.670168;MQ0F=0;AC=2;AN=2;DP4=0,0,10,0;MQ=60;RB=14,85624043,85624589,TCT,GAG
X	50334669	NA	TTTTC	T	209	PASS;TGGAACTGTTTTCTTTCT	INDEL;IDV=7;IMF=1;DP=7;VDB=6.71664e-05;SGB=-0.636426;MQ0F=0;AC=2;AN=2;DP4=0,0,0,7;MQ=60;RB=X,50334310,50334769,ACG,AAT
15	46518153	NA	ATCT	A	205	MASKED;TCAAGCAAATCTTCTTTG	INDEL;IDV=6;IMF=1;DP=6;VDB=0.000481013;SGB=-0.616816;MQ0F=0;AC=2;AN=2;DP4=0,0,0,6;MQ=60;RB=15,46517854,46518197,TAT,TCT
10	120129380	NA	CAAATTGGAT	C	140	PASS;GGCACGCTCAAATTGGAT	INDEL;IDV=4;IMF=0.8;DP=4;VDB=0.0058656;SGB=-0.556411;MQ0F=0;AC=2;AN=2;DP4=0,0,0,4;MQ=60;RB=10,120128449,120129447,CTG,CTG
10	7610739	NA	C	CT	114	PASS;GCTAATCTCTTTCACCCA	INDEL;IDV=8;IMF=1;DP=8;VDB=1.33331e-05;SGB=-0.651104;MQ0F=0;AC=2;AN=2;DP4=0,0,8,0;MQ=60;RB=10,7610707,7611030,AAA,GGC
13	101853158	NA	TAAAC	T	224	PASS;TGCTGAAATAAACAGGCT	INDEL;IDV=7;IMF=1;DP=7;VDB=6.71664e-05;SGB=-0.636426;MQ0F=0;AC=2;AN=2;DP4=0,0,0,7;MQ=60;RB=13,101852742,101853175,TTT,AGG
19	31534169	NA	C	CT	146	PASS;AAGGAAAACAACAAATGT	INDEL;IDV=8;IMF=1;DP=8;VDB=1.33331e-05;SGB=-0.651104;MQ0F=0;AC=2;AN=2;DP4=0,0,8,0;MQ=60;RB=19,31534130,31534391,CCC,TGA
