CHROM	POS	ID	REF	ALT	QUAL	FILTER	INFO
2	222641305	NA	CAGGCTGG	C	205	MASKED;CTGTCACCCAGGCTGGAG	INDEL;IDV=6;IMF=1;DP=6;VDB=0.000411984;SGB=-0.616816;MQ0F=0;AC=2;AN=2;DP4=0,0,0,6;MQ=60;RB=2,222641031,222641338,AGT,GCT
5	100764154	NA	GTAATAATAA	G	192	NEI_IND[114/147];GCAAAATAGTAATAATAA	INDEL;IDV=8;IMF=0.888889;DP=9;VDB=1.33331e-05;SGB=-0.651104;MQ0F=0;AC=2;AN=2;DP4=0,0,8,0;MQ=60;RB=5,100764052,100764304,AGT,ATT
18	69120526	NA	AT	A	149	PASS;GTTGCCAAATGATATATG	INDEL;IDV=10;IMF=1;DP=10;VDB=6.99472e-07;SGB=-0.670168;MQ0F=0;AC=2;AN=2;DP4=0,0,0,10;MQ=60;RB=18,69120076,69120622,CAG,GCT
18	74347153	NA	CT	C	99	MASKED;CTTACCCCCTGGATGGTA	INDEL;IDV=5;IMF=1;DP=5;VDB=0.00187095;SGB=-0.590765;MQ0F=0;AC=2;AN=2;DP4=0,0,5,0;MQ=60;RB=18,74347031,74348120,GCA,ACC
7	66414643	NA	GTTACT	G	224	PASS;ATTAAACAGTTACTTTAA	INDEL;IDV=7;IMF=0.875;DP=7;VDB=6.71664e-05;SGB=-0.636426;MQ0F=0;AC=2;AN=2;DP4=0,0,0,7;MQ=60;RB=7,66414421,66414779,ACT,TGA
9	122581140	NA	CAGACTGA	C	224	MASKED;TTTGGCCACAGACTGAAG	INDEL;IDV=7;IMF=1;DP=7;VDB=6.71664e-05;SGB=-0.636426;MQ0F=0;AC=2;AN=2;DP4=0,0,0,7;MQ=60;RB=9,122580570,122581226,GTG,CGT
2	70952945	NA	AC	A	139	MASKED;TTTTGCTAACCTGCAGAT	INDEL;IDV=12;IMF=0.923077;DP=13;VDB=2.7432e-08;SGB=-0.683931;MQ0F=0;AC=2;AN=2;DP4=0,0,0,13;MQ=60;RB=2,70952308,70952989,GAT,AGG
4	83114664	NA	AAC	A	70	MASKED;AAAGAAAAAACAAAAACA	INDEL;IDV=8;IMF=1;DP=8;VDB=0.0058656;SGB=-0.556411;MQ0F=0;AC=2;AN=2;DP4=0,0,4,0;MQ=60;RB=4,83114561,83114775,TAT,GTT
21	24325002	NA	ATGTG	A	225	MASKED;CTTAACCTATGTGTGTGT	INDEL;IDV=9;IMF=1;DP=9;VDB=5.52906e-06;SGB=-0.662043;MQ0F=0;AC=2;AN=2;DP4=0,0,0,9;MQ=60;RB=21,24324301,24325041,GAT,GTA
4	55651993	NA	GT	G	29.4193	MASKED;CCTCCACTGTTTTTTTCC	INDEL;IDV=11;IMF=1;DP=11;VDB=2.26006e-08;SGB=-0.676189;MQ0F=0;AC=2;AN=2;DP4=0,0,11,0;MQ=60;RB=4,55651912,55652275,TTG,GAT
10	14552205	NA	TA	T	113	MASKED;TTAGTTTATAATTTTTTT	INDEL;IDV=6;IMF=1;DP=6;VDB=0.000411984;SGB=-0.616816;MQ0F=0;AC=2;AN=2;DP4=0,0,0,6;MQ=60;RB=10,14551934,14552320,ATA,GAA
5	167184761	NA	G	GT	132	PASS;CATCTGGTGTTTCCTGAC	INDEL;IDV=12;IMF=1;DP=12;VDB=2.26006e-08;SGB=-0.680642;MQ0F=0;AC=2;AN=2;DP4=0,0,0,12;MQ=60;RB=5,167184566,167184826,AAA,GAC
4	18378132	NA	TTTTG	T	225	PASS;CTATGTTTTTTTGTTTGT	INDEL;IDV=12;IMF=1;DP=12;VDB=2.26006e-08;SGB=-0.680642;MQ0F=0;AC=2;AN=2;DP4=0,0,0,12;MQ=60;RB=4,18377834,18378181,CCT,TGG
20	61572338	NA	CGTT	C	225	MASKED;CAAATAATCGTTGTACAT	INDEL;IDV=8;IMF=1;DP=8;VDB=1.33331e-05;SGB=-0.651104;MQ0F=0;AC=2;AN=2;DP4=0,0,0,8;MQ=60;RB=20,61571782,61572394,TTT,AAT
18	10556807	NA	AGT	A	203	MASKED;GGTGCAAGAGTCTGTCTC	INDEL;IDV=9;IMF=1;DP=9;VDB=1.60207e-05;SGB=-0.651104;MQ0F=0;AC=2;AN=2;DP4=0,0,8,0;MQ=60;RB=18,10556759,10557705,TAT,TAT
11	106833944	NA	CAG	C	213	PASS;AAAAAAATCAGAGTCTAC	INDEL;IDV=9;IMF=1;DP=9;VDB=5.52906e-06;SGB=-0.662043;MQ0F=0;AC=2;AN=2;DP4=0,0,9,0;MQ=60;RB=11,106833905,106834258,GAA,GGT
16	73886864	NA	AAAAC	A	154	MASKED;CAACAAGTAAAACAAACA	INDEL;IDV=8;IMF=1;DP=8;VDB=0.0058656;SGB=-0.556411;MQ0F=0;AC=2;AN=2;DP4=0,0,4,0;MQ=60;RB=16,73886800,73887002,CCT,ACT
18	32926363	NA	ATTTG	A	225	PASS;CCCAGCTAATTTGTTTGT	INDEL;IDV=8;IMF=1;DP=8;VDB=1.33331e-05;SGB=-0.651104;MQ0F=0;AC=2;AN=2;DP4=0,0,0,8;MQ=60;RB=18,32926211,32926479,GAC,GTT
7	148832512	NA	GA	G	5.7555	NEI_IND[11/337];GAAAGAAAGAAAAAAAGA	INDEL;IDV=5;IMF=0.833333;DP=5;VDB=0.0221621;SGB=-0.511536;MQ0F=0;AC=2;AN=2;DP4=0,0,3,0;MQ=60;RB=7,148832449,148832768,CTG,GCT
7	148832750	NA	GAAT	G	205	MASKED;AACTATTAGAATAATAAT	INDEL;IDV=6;IMF=1;DP=6;VDB=0.000411984;SGB=-0.616816;MQ0F=0;AC=2;AN=2;DP4=0,0,0,6;MQ=60;RB=7,148832449,148832768,CTG,GCT
7	148832750	NA	GAAT	G	225	MASKED;AACTATTAGAATAATAAT	INDEL;IDV=10;IMF=1;DP=10;VDB=6.99472e-07;SGB=-0.670168;MQ0F=0;AC=2;AN=2;DP4=0,0,10,0;MQ=60;RB=7,148832678,148832985,CAT,GAT
18	1362353	NA	T	TA	93	PASS;TCATTGTTTAAAGAGCAC	INDEL;IDV=7;IMF=1;DP=7;VDB=0.000411984;SGB=-0.616816;MQ0F=0;AC=2;AN=2;DP4=0,0,0,6;MQ=60;RB=18,1362067,1362422,CGT,GTA
4	16518904	NA	GT	G	101	PASS;AGTCCCCTGTTTGTAATA	INDEL;IDV=7;IMF=1;DP=7;VDB=6.71664e-05;SGB=-0.636426;MQ0F=0;AC=2;AN=2;DP4=0,0,0,7;MQ=60;RB=4,16518661,16518992,CGT,TGT
4	16518973	NA	TA	T	15.5372	NEI_IND[62/682];CATACACATAAAAAAAAC	INDEL;IDV=7;IMF=1;DP=7;VDB=6.71664e-05;SGB=-0.636426;MQ0F=0;AC=2;AN=2;DP4=0,0,0,7;MQ=60;RB=4,16518661,16518992,CGT,TGT
8	121047564	NA	AAAAGAAAG	A	154	MASKED;CCAGAAAAAAAAGAAAGA	INDEL;IDV=4;IMF=1;DP=4;VDB=0.0058656;SGB=-0.556411;MQ0F=0;AC=2;AN=2;DP4=0,0,4,0;MQ=60;RB=8,121047501,121047822,CGT,AAT
17	60434100	NA	AC	A	120	MASKED;ATAATTTAACCCTACTTA	INDEL;IDV=9;IMF=1;DP=9;VDB=5.52906e-06;SGB=-0.662043;MQ0F=0;AC=2;AN=2;DP4=0,0,9,0;MQ=60;RB=17,60434032,60434347,AAT,AGG
6	15694774	NA	CAAAAAAAAAA	C	26.4438	NEI_IND[35/135];CTCTGTCTCAAAAAAAAA	INDEL;IDV=4;IMF=1;DP=4;VDB=0.0058656;SGB=-0.556411;MQ0F=0;AC=2;AN=2;DP4=0,0,4,0;MQ=60;RB=6,15694742,15694945,CCG,AAG
9	36005466	NA	TG	T	96	PASS;TAAAAGTTTGGAAGTAGA	INDEL;IDV=6;IMF=1;DP=6;VDB=0.000411984;SGB=-0.616816;MQ0F=0;AC=2;AN=2;DP4=0,0,0,6;MQ=60;RB=9,36004723,36005476,CAA,TCC
3	30061712	NA	GTCTT	G	225	MASKED;TTATAAGAGTCTTTCCAG	INDEL;IDV=16;IMF=1;DP=16;VDB=1.29641e-11;SGB=-0.689466;MQ0F=0;AC=2;AN=2;DP4=0,0,0,16;MQ=60;RB=3,30061360,30061844,CCG,TGC
2	54049009	NA	AGTTT	A	182	PASS;CCAGCCCTAGTTTGTTTG	INDEL;IDV=5;IMF=1;DP=5;VDB=0.00187095;SGB=-0.590765;MQ0F=0;AC=2;AN=2;DP4=0,0,0,5;MQ=60;RB=2,54048499,54049070,CGC,ACG
3	195242670	NA	TG	T	109	PASS;AGCTAAACTGTATTTCCC	INDEL;IDV=6;IMF=1;DP=6;VDB=0.000411984;SGB=-0.616816;MQ0F=0;AC=2;AN=2;DP4=0,0,6,0;MQ=60;RB=3,195242537,195243169,GAC,CCT
11	2373750	NA	CT	C	118	MASKED;ATTTCTCTCTTTCTTGCA	INDEL;IDV=9;IMF=1;DP=9;VDB=6.61498e-06;SGB=-0.662043;MQ0F=0;AC=2;AN=2;DP4=0,0,0,9;MQ=60;RB=11,2373394,2373787,GTC,TGA
20	24319335	NA	TG	T	134	MASKED;TTGCTAAGTGGCAGACTC	INDEL;IDV=10;IMF=0.909091;DP=10;VDB=6.99472e-07;SGB=-0.670168;MQ0F=0;AC=2;AN=2;DP4=0,0,10,0;MQ=60;RB=20,24319254,24319612,TTT,CCA
14	36660670	NA	CCTT	C	131	NEI_IND[3/288];TTCCCCCTCCTTCTGCAC	INDEL;IDV=10;IMF=1;DP=10;VDB=6.99472e-07;SGB=-0.670168;MQ0F=0;AC=2;AN=2;DP4=0,0,0,10;MQ=60;RB=14,36660381,36660801,GGT,GGC
14	36660718	NA	TG	T	71	NEI_IND[3/69];TGGCCTGGTGGGTAACCT	INDEL;IDV=10;IMF=1;DP=10;VDB=6.99472e-07;SGB=-0.670168;MQ0F=0;AC=2;AN=2;DP4=0,0,0,10;MQ=60;RB=14,36660381,36660801,GGT,GGC
11	123195113	NA	CTGAGTTAACGAGTGTCT	C	225	MASKED;GATGATTCCTGAGTTAAC	INDEL;IDV=9;IMF=1;DP=9;VDB=5.52906e-06;SGB=-0.662043;MQ0F=0;AC=2;AN=2;DP4=0,0,0,9;MQ=60;RB=11,123194816,123195159,AAC,CGA
4	11530516	NA	GT	G	13.6076	MASKED;ACTTGCAAGTTTTTTTTC	INDEL;IDV=6;IMF=1;DP=6;VDB=0.000411984;SGB=-0.616816;MQ0F=0;AC=2;AN=2;DP4=0,0,6,0;MQ=60;RB=4,11530393,11530872,ATG,TTA
3	86276692	NA	TTTAAG	T	225	MASKED;TCCATACTTTTAAGTTAT	INDEL;IDV=8;IMF=1;DP=8;VDB=1.33331e-05;SGB=-0.651104;MQ0F=0;AC=2;AN=2;DP4=0,0,0,8;MQ=60;RB=3,86275992,86276744,GGA,TAG
1	4920841	NA	ACTTTAAG	A	182	NEI_IND[6/424];ATTATTATACTTTAAGCT	INDEL;IDV=5;IMF=1;DP=5;VDB=0.00187095;SGB=-0.590765;MQ0F=0;AC=2;AN=2;DP4=0,0,0,5;MQ=60;RB=1,4920620,4920871,ATT,TAA
11	86809445	NA	TA	T	115	MASKED;GACTGCATTAATGTTGTA	INDEL;IDV=7;IMF=1;DP=7;VDB=6.71664e-05;SGB=-0.636426;MQ0F=0;AC=2;AN=2;DP4=0,0,7,0;MQ=60;RB=11,86809382,86809781,ACT,CTC
4	95765150	NA	AG	A	77	MASKED;TGGTCCCCAGGGGCTGGG	INDEL;IDV=8;IMF=1;DP=8;VDB=1.33331e-05;SGB=-0.651104;MQ0F=0;AC=2;AN=2;DP4=0,0,0,8;MQ=60;RB=4,95764959,95765272,AAC,ATG
8	53052699	NA	GGTGACATGGAATGTA	G	205	PASS;AAGGACAGGGTGACATGG	INDEL;IDV=6;IMF=1;DP=6;VDB=0.000411984;SGB=-0.616816;MQ0F=0;AC=2;AN=2;DP4=0,0,0,6;MQ=60;RB=8,53052330,53052753,TCT,GTA
22	42678823	NA	CGGCCTGT	C	224	PASS;TGCCTCGCCGGCCTGTCT	INDEL;IDV=7;IMF=1;DP=7;VDB=6.71664e-05;SGB=-0.636426;MQ0F=0;AC=2;AN=2;DP4=0,0,0,7;MQ=60;RB=22,42678554,42678858,AGT,CCG
4	14452011	NA	CA	C	69	MASKED;CAGCATGCCAATTTCTCC	INDEL;IDV=5;IMF=1;DP=5;VDB=0.0058656;SGB=-0.556411;MQ0F=0;AC=2;AN=2;DP4=0,0,4,0;MQ=60;RB=4,14451934,14453039,TTA,CCT
4	14452980	NA	ATTTTT	A	11.7662	NEI_IND[37/191];TTCACTCTATTTTTTTTT	INDEL;IDV=5;IMF=1;DP=5;VDB=0.00215942;SGB=-0.590765;MQ0F=0;AC=2;AN=2;DP4=0,0,0,5;MQ=60;RB=4,14451934,14453039,TTA,CCT
16	19952882	NA	TTGAC	T	182	PASS;CTTCATGTTTGACTGACA	INDEL;IDV=5;IMF=1;DP=5;VDB=0.00187095;SGB=-0.590765;MQ0F=0;AC=2;AN=2;DP4=0,0,5,0;MQ=60;RB=16,19952784,19953256,CAC,ACT
14	28209169	NA	GATGTTTGCACTCT	G	225	MASKED;ATAGACTAGATGTTTGCA	INDEL;IDV=12;IMF=1;DP=12;VDB=2.26006e-08;SGB=-0.680642;MQ0F=0;AC=2;AN=2;DP4=0,0,0,12;MQ=60;RB=14,28208791,28209208,TCG,GTT
19	39564791	NA	GGA	G	155	MASKED;GAGAGAGAGGAAGGAAGG	INDEL;IDV=5;IMF=1;DP=5;VDB=0.00187095;SGB=-0.590765;MQ0F=0;AC=2;AN=2;DP4=0,0,5,0;MQ=60;RB=19,39564660,39565007,AAC,GGA
9	139669197	NA	TC	T	110	MASKED;TCCTACCCTCAGGGCTGC	INDEL;IDV=8;IMF=1;DP=8;VDB=1.33331e-05;SGB=-0.651104;MQ0F=0;AC=2;AN=2;DP4=0,0,0,8;MQ=60;RB=9,139669043,139669322,GAG,CCT
22	39484568	NA	TAC	T	194	NEI_IND[94/746];ACTCGCACTACACACAAC	INDEL;IDV=9;IMF=1;DP=9;VDB=5.52906e-06;SGB=-0.662043;MQ0F=0;AC=2;AN=2;DP4=0,0,0,9;MQ=60;RB=22,39484374,39484673,GCC,ATT
22	39484638	NA	AAC	A	154	MASKED;CACACAAAAACACACATG	INDEL;IDV=9;IMF=1;DP=9;VDB=5.52906e-06;SGB=-0.662043;MQ0F=0;AC=2;AN=2;DP4=0,0,0,9;MQ=60;RB=22,39484374,39484673,GCC,ATT
18	75915985	NA	AT	A	105	PASS;TCCAGGTTATTGATAGCA	INDEL;IDV=6;IMF=1;DP=6;VDB=0.000411984;SGB=-0.616816;MQ0F=0;AC=2;AN=2;DP4=0,0,0,6;MQ=60;RB=18,75915452,75916063,GGC,CTC
14	58475189	NA	TTTTG	T	182	MASKED;TTTTGAAGTTTTGTTTGT	INDEL;IDV=5;IMF=1;DP=5;VDB=0.00187095;SGB=-0.590765;MQ0F=0;AC=2;AN=2;DP4=0,0,5,0;MQ=60;RB=14,58475068,58475343,GAT,TTT
8	20226006	NA	CTTT	C	5.96965	NEI_IND[36/168];TCTTTTTTCTTTTTTTTT	INDEL;IDV=6;IMF=0.857143;DP=6;VDB=0.00257647;SGB=-0.590765;MQ0F=0;AC=2;AN=2;DP4=0,0,0,5;MQ=60;RB=8,20225332,20226082,CCG,ATG
8	20226056	NA	CG	C	102	MASKED;CCAGGCTCCGGTGTGCAT	INDEL;IDV=7;IMF=1;DP=7;VDB=0.000119359;SGB=-0.636426;MQ0F=0;AC=2;AN=2;DP4=0,0,0,7;MQ=60;RB=8,20225332,20226082,CCG,ATG
5	24976403	NA	TA	T	11.7169	MASKED;TTGTGCAATAAAAAAATC	INDEL;IDV=4;IMF=1;DP=4;VDB=0.0058656;SGB=-0.556411;MQ0F=0;AC=2;AN=2;DP4=0,0,4,0;MQ=60;RB=5,24976338,24976806,TAT,CAG
3	86816297	NA	GGTGTGTGTGT	G	225	NEI_IND[53/703];CTCACAGTGGTGTGTGTG	INDEL;IDV=10;IMF=1;DP=10;VDB=2.20066e-06;SGB=-0.670168;MQ0F=0;AC=2;AN=2;DP4=0,0,0,10;MQ=60;RB=3,86816078,86816384,GGG,CGA
18	69120526	NA	AT	A	102	PASS;GTTGCCAAATGATATATG	INDEL;IDV=5;IMF=1;DP=5;VDB=0.00187095;SGB=-0.590765;MQ0F=0;AC=2;AN=2;DP4=0,0,0,5;MQ=60;RB=18,69120075,69120621,TAA,CAG
7	138258159	NA	AATT	A	225	MASKED;TCGATAATAATTATTAAG	INDEL;IDV=10;IMF=1;DP=10;VDB=6.99472e-07;SGB=-0.670168;MQ0F=0;AC=2;AN=2;DP4=0,0,0,10;MQ=60;RB=7,138257897,138258208,GCA,GGG
7	86252425	NA	AT	A	74	PASS;AGGCCAATATAACTAACA	INDEL;IDV=5;IMF=0.833333;DP=5;VDB=0.00187095;SGB=-0.590765;MQ0F=0;AC=2;AN=2;DP4=0,0,5,0;MQ=60;RB=7,86252298,86252873,GAC,TTA
8	1467479	NA	TA	T	7.30725	MASKED;GGAAATCTTAAAAAAAAA	INDEL;IDV=7;IMF=1;DP=7;VDB=6.71664e-05;SGB=-0.636426;MQ0F=0;AC=2;AN=2;DP4=0,0,0,7;MQ=60;RB=8,1467328,1467595,AAA,CGT
5	60823087	NA	AT	A	149	PASS;TTATTTTTATGTTTCTTT	INDEL;IDV=10;IMF=1;DP=10;VDB=6.99472e-07;SGB=-0.670168;MQ0F=0;AC=2;AN=2;DP4=0,0,10,0;MQ=60;RB=5,60822998,60823418,TGC,AAT
1	85832935	NA	A	AGTT	225	PASS;TGAGACACAGGGTCAAGT	INDEL;IDV=10;IMF=1;DP=10;VDB=6.99472e-07;SGB=-0.670168;MQ0F=0;AC=2;AN=2;DP4=0,0,10,0;MQ=60;RB=1,85832849,85833244,CAA,ATT
4	44310585	NA	TGTTA	T	224	MASKED;TATTTGTTTGTTATAGAT	INDEL;IDV=7;IMF=1;DP=7;VDB=6.71664e-05;SGB=-0.636426;MQ0F=0;AC=2;AN=2;DP4=0,0,7,0;MQ=60;RB=4,44310516,44311103,AGT,ATC
7	148832512	NA	GA	G	5.7555	NEI_IND[11/337];GAAAGAAAGAAAAAAAGA	INDEL;IDV=6;IMF=0.857143;DP=7;VDB=0.0221621;SGB=-0.511536;MQ0F=0;AC=2;AN=2;DP4=0,0,3,0;MQ=60;RB=7,148832449,148832770,TAC,CCT
7	148832750	NA	GAAT	G	224	MASKED;AACTATTAGAATAATAAT	INDEL;IDV=7;IMF=1;DP=7;VDB=6.71664e-05;SGB=-0.636426;MQ0F=0;AC=2;AN=2;DP4=0,0,0,7;MQ=60;RB=7,148832449,148832770,TAC,CCT
3	145130048	NA	AT	A	113	MASKED;AAAGACACATACACAAAC	INDEL;IDV=6;IMF=1;DP=6;VDB=0.000411984;SGB=-0.616816;MQ0F=0;AC=2;AN=2;DP4=0,0,0,6;MQ=60;RB=3,145129823,145130083,TAG,GTT
3	162716703	NA	CAT	C	225	MASKED;TACTCACACATGTTACCA	INDEL;IDV=10;IMF=1;DP=10;VDB=6.99472e-07;SGB=-0.670168;MQ0F=0;AC=2;AN=2;DP4=0,0,10,0;MQ=60;RB=3,162716646,162716944,TAA,CGT
3	1578415	NA	CAT	C	142	MASKED;TTGTAAAACATGTGTGTT	INDEL;IDV=4;IMF=1;DP=4;VDB=0.0058656;SGB=-0.556411;MQ0F=0;AC=2;AN=2;DP4=0,0,0,4;MQ=60;RB=3,1577799,1578442,AGC,CTA
2	166434934	NA	CTAATA	C	224	PASS;AAATCTCACTAATATAAT	INDEL;IDV=7;IMF=1;DP=7;VDB=6.71664e-05;SGB=-0.636426;MQ0F=0;AC=2;AN=2;DP4=0,0,7,0;MQ=60;RB=2,166434833,166435113,CCT,GTA
5	67421089	NA	GAGGCCTAC	G	225	MASKED;ACGATTGTGAGGCCTACC	INDEL;IDV=8;IMF=1;DP=8;VDB=1.33331e-05;SGB=-0.651104;MQ0F=0;AC=2;AN=2;DP4=0,0,8,0;MQ=60;RB=5,67421021,67421664,CCT,TCT
4	116509040	NA	AGGAAG	A	225	MASKED;TGGACACAAGGAAGGGAA	INDEL;IDV=8;IMF=1;DP=8;VDB=1.33331e-05;SGB=-0.651104;MQ0F=0;AC=2;AN=2;DP4=0,0,0,8;MQ=60;RB=4,116508770,116509123,ACC,TAA
5	54244830	NA	ATG	A	144	NEI_IND[37/344];ATCTAGGTATGTGTGTGT	INDEL;IDV=7;IMF=0.875;DP=7;VDB=6.71664e-05;SGB=-0.636426;MQ0F=0;AC=2;AN=2;DP4=0,0,7,0;MQ=60;RB=5,54244806,54245124,AAG,GTC
5	54245017	NA	CAT	C	221	MASKED;CACAGAATCATGTGTTGC	INDEL;IDV=8;IMF=1;DP=8;VDB=1.33331e-05;SGB=-0.651104;MQ0F=0;AC=2;AN=2;DP4=0,0,0,8;MQ=60;RB=5,54244806,54245124,AAG,GTC
19	49066480	NA	CG	C	105	MASKED;CCTCCTATCGGATCTTAA	INDEL;IDV=6;IMF=1;DP=6;VDB=0.000411984;SGB=-0.616816;MQ0F=0;AC=2;AN=2;DP4=0,0,0,6;MQ=60;RB=19,49066264,49066511,GTT,CAC
19	41989216	NA	AAATCG	A	182	MASKED;AAAACCAAAAATCGACCA	INDEL;IDV=5;IMF=1;DP=5;VDB=0.00187095;SGB=-0.590765;MQ0F=0;AC=2;AN=2;DP4=0,0,0,5;MQ=60;RB=19,41989031,41989294,CTA,GAC
12	86869701	NA	GTT	G	136	PASS;CTTTGTGTGTTTTTTATT	INDEL;IDV=14;IMF=1;DP=14;VDB=2.26006e-08;SGB=-0.686358;MQ0F=0;AC=2;AN=2;DP4=0,0,0,14;MQ=60;RB=12,86869194,86869745,GTT,ATG
2	171979551	NA	AAAAT	A	224	NEI_IND[4/272];TATATGAAAAAATAAATA	INDEL;IDV=7;IMF=1;DP=7;VDB=6.71664e-05;SGB=-0.636426;MQ0F=0;AC=2;AN=2;DP4=0,0,7,0;MQ=60;RB=2,171979492,171979758,GCG,GGT
17	57189056	NA	AG	A	85	PASS;AGGGAAATAGGGAAAGAA	INDEL;IDV=5;IMF=1;DP=5;VDB=0.00187095;SGB=-0.590765;MQ0F=0;AC=2;AN=2;DP4=0,0,0,5;MQ=60;RB=17,57188578,57189167,TTC,GTG
6	154689302	NA	GGGT	G	214	NEI_IND[3/106];CATGTCAGGGGTGCGCAA	INDEL;IDV=12;IMF=1;DP=12;VDB=2.26006e-08;SGB=-0.680642;MQ0F=0;AC=2;AN=2;DP4=0,0,12,0;MQ=60;RB=6,154689221,154689607,GAC,TAT
4	68259597	NA	AG	A	131	MASKED;CAGATTGAAGGGTTCACA	INDEL;IDV=12;IMF=1;DP=12;VDB=2.26006e-08;SGB=-0.680642;MQ0F=0;AC=2;AN=2;DP4=0,0,0,12;MQ=60;RB=4,68259330,68259636,GGG,TAC
16	61440675	NA	T	TA	154	PASS;ATTACAATTACAATTTAT	INDEL;IDV=9;IMF=1;DP=9;VDB=5.52906e-06;SGB=-0.662043;MQ0F=0;AC=2;AN=2;DP4=0,0,0,9;MQ=60;RB=16,61440429,61440766,GTT,GGG
1	14699694	NA	AATATATATATATAT	A	225	MASKED;AAAAACTGAATATATATA	INDEL;IDV=10;IMF=1;DP=10;VDB=6.99472e-07;SGB=-0.670168;MQ0F=0;AC=2;AN=2;DP4=0,0,0,10;MQ=60;RB=1,14699261,14699791,TTA,TCA
3	123375650	NA	AGAG	A	225	PASS;TGGATACAAGAGGAGAAG	INDEL;IDV=10;IMF=1;DP=10;VDB=6.99472e-07;SGB=-0.670168;MQ0F=0;AC=2;AN=2;DP4=0,0,10,0;MQ=60;RB=3,123375536,123376041,ATG,CAG
6	32508817	NA	AATGTC	A	225	MASKED;CCTGCACTAATGTCAATC	INDEL;IDV=10;IMF=1;DP=10;VDB=6.99472e-07;SGB=-0.670168;MQ0F=0;AC=2;AN=2;DP4=0,0,10,0;MQ=60;RB=6,32508738,32509140,AAA,CGT
1	248494030	NA	ATTTC	A	225	MASKED;ATTTTTGTATTTCTTATT	INDEL;IDV=10;IMF=1;DP=10;VDB=6.99472e-07;SGB=-0.670168;MQ0F=0;AC=2;AN=2;DP4=0,0,0,10;MQ=60;RB=1,248493648,248494062,CCC,CGA
2	233132664	NA	AT	A	49.4146	MASKED;ATTGATTGATTTTTAGGA	INDEL;IDV=8;IMF=1;DP=8;VDB=6.71664e-05;SGB=-0.636426;MQ0F=0;AC=2;AN=2;DP4=0,0,0,7;MQ=60;RB=2,233132130,233132786,GGG,CAC
3	73168129	NA	CAT	C	221	MASKED;TAGGAAGCCATGTATATG	INDEL;IDV=8;IMF=1;DP=8;VDB=1.33331e-05;SGB=-0.651104;MQ0F=0;AC=2;AN=2;DP4=0,0,0,8;MQ=60;RB=3,73167522,73168158,AAG,GAC
1	82674273	NA	TTCTC	T	224	NEI_IND[4/205];CAGTAGCTTTCTCTATTA	INDEL;IDV=7;IMF=1;DP=7;VDB=6.71664e-05;SGB=-0.636426;MQ0F=0;AC=2;AN=2;DP4=0,0,0,7;MQ=60;RB=1,82673657,82674365,ACA,TGT
2	200147056	NA	CTG	C	201	PASS;GTGTGTATCTGAGAGTAG	INDEL;IDV=7;IMF=1;DP=7;VDB=6.71664e-05;SGB=-0.636426;MQ0F=0;AC=2;AN=2;DP4=0,0,0,7;MQ=60;RB=2,200146686,200147193,GTC,GTT
10	114591958	NA	AT	A	88	MASKED;GGGGGTGTATTTTGATGT	INDEL;IDV=12;IMF=1;DP=12;VDB=2.26006e-08;SGB=-0.680642;MQ0F=0;AC=2;AN=2;DP4=0,0,0,12;MQ=60;RB=10,114591681,114591993,TAG,TCG
1	159494126	NA	AC	A	134	PASS;TGGGGAATACCTTTTTCC	INDEL;IDV=11;IMF=1;DP=11;VDB=2.26006e-08;SGB=-0.676189;MQ0F=0;AC=2;AN=2;DP4=0,0,0,11;MQ=60;RB=1,159493764,159494141,TCC,ACG
10	959126	NA	TG	T	138	PASS;ATCTGAATTGTTTAGGGG	INDEL;IDV=9;IMF=1;DP=9;VDB=5.52906e-06;SGB=-0.662043;MQ0F=0;AC=2;AN=2;DP4=0,0,0,9;MQ=60;RB=10,958903,959237,CTT,TTG
4	118298199	NA	AT	A	145	PASS;TTTCAGCCATTAGTAACC	INDEL;IDV=13;IMF=1;DP=13;VDB=2.26006e-08;SGB=-0.683931;MQ0F=0;AC=2;AN=2;DP4=0,0,13,0;MQ=60;RB=4,118298164,118298668,CAG,CCT
15	65224376	NA	GAT	G	225	MASKED;ATAGGCGGGATAGCCATT	INDEL;IDV=18;IMF=1;DP=18;VDB=1.29641e-11;SGB=-0.691153;MQ0F=0;AC=2;AN=2;DP4=0,0,0,18;MQ=60;RB=15,65224148,65224478,GGA,CCC
1	207226083	NA	TGA	T	146	MASKED;TTCAACGATGAGAGTGGT	INDEL;IDV=5;IMF=1;DP=5;VDB=0.00187095;SGB=-0.590765;MQ0F=0;AC=2;AN=2;DP4=0,0,5,0;MQ=60;RB=1,207225964,207226267,AGC,TCC
3	39842080	NA	TC	T	154	PASS;TTGCCAATTCAGACTTGA	INDEL;IDV=12;IMF=1;DP=12;VDB=2.26006e-08;SGB=-0.680642;MQ0F=0;AC=2;AN=2;DP4=0,0,0,12;MQ=60;RB=3,39841704,39842095,GCC,TAC
11	77029934	NA	TAA	T	32.4168	MASKED;TGTTGCTATAAAAAAAAA	INDEL;IDV=6;IMF=1;DP=6;VDB=0.000411984;SGB=-0.616816;MQ0F=0;AC=2;AN=2;DP4=0,0,0,6;MQ=60;RB=11,77029690,77030060,AGT,TCC
4	7321862	NA	TC	T	61	MASKED;ACTTTGTCTCTACAAAAA	INDEL;IDV=7;IMF=1;DP=7;VDB=6.71664e-05;SGB=-0.636426;MQ0F=0;AC=2;AN=2;DP4=0,0,0,7;MQ=60;RB=4,7321609,7321908,CCT,TTA
4	149754387	NA	GGTGTGT	G	154	MASKED;CTTTCAGGGGTGTGTGTG	INDEL;IDV=4;IMF=1;DP=4;VDB=0.0058656;SGB=-0.556411;MQ0F=0;AC=2;AN=2;DP4=0,0,0,4;MQ=60;RB=4,149754165,149754426,CCG,ACT
5	115973430	NA	ATAATAC	A	225	NEI_IND[6/308];TGAAAATAATAATACTAA	INDEL;IDV=8;IMF=1;DP=8;VDB=1.33331e-05;SGB=-0.651104;MQ0F=0;AC=2;AN=2;DP4=0,0,8,0;MQ=60;RB=5,115973400,115973717,GTA,TAA
5	113601021	NA	GGTGTGTGTGTGTGTGT	GGT,G	191	NEI_IND[6/246];CAAGAGGAGGTGTGTGTG	INDEL;IDV=7;IMF=1;DP=7;VDB=7.99767e-05;SGB=-0.636426;MQ0F=0;AC=1,1;AN=2;DP4=0,0,0,7;MQ=60;RB=5,113600362,113601126,GGG,TCA
7	148832750	NA	GAAT	G	225	MASKED;AACTATTAGAATAATAAT	INDEL;IDV=9;IMF=1;DP=9;VDB=5.52906e-06;SGB=-0.662043;MQ0F=0;AC=2;AN=2;DP4=0,0,9,0;MQ=60;RB=7,148832678,148832985,TAT,GTA
3	35838628	NA	AT	A	114	PASS;GCACTTAAATTTATCTTG	INDEL;IDV=8;IMF=1;DP=8;VDB=1.33331e-05;SGB=-0.651104;MQ0F=0;AC=2;AN=2;DP4=0,0,8,0;MQ=60;RB=3,35838560,35838867,ATA,AAA
2	77742215	NA	AT	A	123	PASS;AGTGAATGATTCAGTTCA	INDEL;IDV=8;IMF=1;DP=8;VDB=1.33331e-05;SGB=-0.651104;MQ0F=0;AC=2;AN=2;DP4=0,0,8,0;MQ=60;RB=2,77742108,77742399,TAG,ATA
3	138821147	NA	AC	A	115	PASS;TGGGTAGAACCTGCAAGC	INDEL;IDV=7;IMF=1;DP=7;VDB=6.71664e-05;SGB=-0.636426;MQ0F=0;AC=2;AN=2;DP4=0,0,0,7;MQ=60;RB=3,138820891,138821190,TCA,CCG
2	141149064	NA	GAAT	G	224	MASKED;ATCAAACGGAATAAGAGC	INDEL;IDV=7;IMF=1;DP=7;VDB=6.71664e-05;SGB=-0.636426;MQ0F=0;AC=2;AN=2;DP4=0,0,0,7;MQ=60;RB=2,141148836,141149119,TAA,GTA
5	106279863	NA	TAATA	T	205	MASKED;TTCAAAATTAATAAATAA	INDEL;IDV=7;IMF=1;DP=7;VDB=6.71664e-05;SGB=-0.636426;MQ0F=0;AC=2;AN=2;DP4=0,0,0,7;MQ=60;RB=5,106279019,106279911,GTT,TTT
9	15320805	NA	CT	C	152	MASKED;ATGTTGTACTGTGAAGAA	INDEL;IDV=11;IMF=1;DP=11;VDB=2.26006e-08;SGB=-0.676189;MQ0F=0;AC=2;AN=2;DP4=0,0,0,11;MQ=60;RB=9,15320457,15320890,TAG,TAT
21	27867871	NA	CA	C	120	MASKED;CAACTGCACAAAGACCTG	INDEL;IDV=9;IMF=1;DP=9;VDB=5.52906e-06;SGB=-0.662043;MQ0F=0;AC=2;AN=2;DP4=0,0,9,0;MQ=60;RB=21,27867820,27868287,CTC,GGC
7	65951337	NA	TAATTA	T	225	MASKED;CTCAAACTTAATTAAATA	INDEL;IDV=13;IMF=1;DP=13;VDB=2.26006e-08;SGB=-0.683931;MQ0F=0;AC=2;AN=2;DP4=0,0,13,0;MQ=60;RB=7,65951235,65951752,TCA,ACC
5	149136043	NA	AAAC	A	205	PASS;AAAAACCAAAACAACAAG	INDEL;IDV=6;IMF=1;DP=6;VDB=0.000411984;SGB=-0.616816;MQ0F=0;AC=2;AN=2;DP4=0,0,6,0;MQ=60;RB=5,149135982,149136255,TAC,AAG
10	4866327	NA	GTC	G	208	MASKED;TCTGTCTAGTCTCTGATT	INDEL;IDV=9;IMF=1;DP=9;VDB=5.52906e-06;SGB=-0.662043;MQ0F=0;AC=2;AN=2;DP4=0,0,0,9;MQ=60;RB=10,4866105,4866389,AAC,CTT
20	20583756	NA	CT	C	102	MASKED;CCCTGCCCCTACTTCAAT	INDEL;IDV=5;IMF=1;DP=5;VDB=0.00187095;SGB=-0.590765;MQ0F=0;AC=2;AN=2;DP4=0,0,0,5;MQ=60;RB=20,20583519,20583855,TTG,TTC
11	96265993	NA	AT	A	28.4205	PASS;TGGGAAACATTTTTTTGC	INDEL;IDV=11;IMF=1;DP=11;VDB=6.99472e-07;SGB=-0.670168;MQ0F=0;AC=2;AN=2;DP4=0,0,0,10;MQ=60;RB=11,96265711,96266008,TTG,CCT
16	6052023	NA	CGT	C	159	MASKED;TGGAGTGCCGTGGCATGA	INDEL;IDV=5;IMF=1;DP=5;VDB=0.00187095;SGB=-0.590765;MQ0F=0;AC=2;AN=2;DP4=0,0,0,5;MQ=60;RB=16,6051826,6052118,CGC,GAT
3	187069938	NA	AT	A	13.6076	PASS;TCAGAAACATTTTTTTTC	INDEL;IDV=6;IMF=1;DP=6;VDB=0.000411984;SGB=-0.616816;MQ0F=0;AC=2;AN=2;DP4=0,0,0,6;MQ=60;RB=3,187069686,187069971,ATT,GGA
X	14430016	NA	T	TA	209	PASS;AGCAAACTTCAAAGACAG	INDEL;IDV=14;IMF=1;DP=14;VDB=0.996044;SGB=-0.686358;MQSB=0.966012;MQ0F=0;AC=2;AN=2;DP4=0,0,7,7;MQ=60;RB=X,14429895,14430134,CCG,TAT
4	167111186	NA	CATATATATATATATGGTG	C	225	NEI_IND[6/534];TGCTATCACATATATATA	INDEL;IDV=8;IMF=1;DP=8;VDB=1.33331e-05;SGB=-0.651104;MQ0F=0;AC=2;AN=2;DP4=0,0,0,8;MQ=60;RB=4,167110961,167111293,TGT,CCG
15	26234281	NA	CA	C	36.4154	MASKED;AAAAAGCACAAAAAATGT	INDEL;IDV=7;IMF=1;DP=7;VDB=6.71664e-05;SGB=-0.636426;MQ0F=0;AC=2;AN=2;DP4=0,0,0,7;MQ=60;RB=15,26233925,26234313,GGG,TAT
22	29952016	NA	CAG	C	171	MASKED;AGGTCACACAGGGGGCTC	INDEL;IDV=5;IMF=1;DP=5;VDB=0.00187095;SGB=-0.590765;MQ0F=0;AC=2;AN=2;DP4=0,0,5,0;MQ=60;RB=22,29951932,29952474,TGA,CAT
13	51086585	NA	TCTC	T	225	MASKED;TCCAATTCTCTCCTCCTC	INDEL;IDV=10;IMF=1;DP=10;VDB=6.99472e-07;SGB=-0.670168;MQ0F=0;AC=2;AN=2;DP4=0,0,0,10;MQ=60;RB=13,51086204,51086626,CGC,CTG
4	72467385	NA	TA	T	99	MASKED;ATGGCTGTTAAATCTTTT	INDEL;IDV=7;IMF=1;DP=7;VDB=6.71664e-05;SGB=-0.636426;MQ0F=0;AC=2;AN=2;DP4=0,0,0,7;MQ=60;RB=4,72467106,72467410,CGT,GTG
1	163382906	NA	CA	C	82	NEI_IND[20/492];AAAACAAACAAACAAACA	INDEL;IDV=6;IMF=1;DP=6;VDB=0.000411984;SGB=-0.616816;MQ0F=0;AC=2;AN=2;DP4=0,0,6,0;MQ=60;RB=1,163382773,163383387,TAC,ATT
5	5137167	NA	AC	A	11.7169	MASKED;ACTGCCGAACCCCCCCTT	INDEL;IDV=8;IMF=1;DP=8;VDB=0.0058656;SGB=-0.556411;MQ0F=0;AC=2;AN=2;DP4=0,0,4,0;MQ=60;RB=5,5137108,5137298,GGG,TTG
13	80691845	NA	GGCCATAT	G	154	PASS;TAACATGTGGCCATATTT	INDEL;IDV=4;IMF=1;DP=4;VDB=0.0058656;SGB=-0.556411;MQ0F=0;AC=2;AN=2;DP4=0,0,0,4;MQ=60;RB=13,80691662,80691882,TAT,TGT
1	117939688	NA	AC	A	110	MASKED;CTCTTGGAACCCAGTTAA	INDEL;IDV=8;IMF=1;DP=8;VDB=1.33331e-05;SGB=-0.651104;MQ0F=0;AC=2;AN=2;DP4=0,0,8,0;MQ=60;RB=1,117939672,117940218,TCC,TTT
19	54993215	NA	TG	T	129	PASS;TGAGTAGCTGGGATTACA	INDEL;IDV=11;IMF=1;DP=11;VDB=2.26006e-08;SGB=-0.676189;MQ0F=0;AC=2;AN=2;DP4=0,0,11,0;MQ=60;RB=19,54993147,54993542,GTT,ATT
7	148832750	NA	GAAT	G	225	MASKED;AACTATTAGAATAATAAT	INDEL;IDV=9;IMF=1;DP=9;VDB=5.52906e-06;SGB=-0.662043;MQ0F=0;AC=2;AN=2;DP4=0,0,9,0;MQ=60;RB=7,148832678,148832985,TCT,TAT
3	40280407	NA	TA	T	140	PASS;TTTTTATTTATTATTATA	INDEL;IDV=9;IMF=1;DP=9;VDB=5.52906e-06;SGB=-0.662043;MQ0F=0;AC=2;AN=2;DP4=0,0,0,9;MQ=60;RB=3,40279938,40280437,TAT,TGA
X	14218827	NA	C	CT	13.6076	PASS;TTTTCTTTCTTTTTTTTA	INDEL;IDV=6;IMF=1;DP=6;VDB=0.000411984;SGB=-0.616816;MQ0F=0;AC=2;AN=2;DP4=0,0,0,6;MQ=60;RB=X,14218602,14218862,TAT,CCT
10	126266230	NA	CAT	C	139	MASKED;ATCCTACACATGTGTGCA	INDEL;IDV=4;IMF=1;DP=4;VDB=0.0058656;SGB=-0.556411;MQ0F=0;AC=2;AN=2;DP4=0,0,0,4;MQ=60;RB=10,126266013,126266246,GAT,TGC
10	2951688	NA	TAAG	T	225	MASKED;CTGAAATCTAAGAAGACG	INDEL;IDV=9;IMF=1;DP=9;VDB=5.52906e-06;SGB=-0.662043;MQ0F=0;AC=2;AN=2;DP4=0,0,0,9;MQ=60;RB=10,2951442,2951798,GGG,ATG
14	47985696	NA	ATATT	A	224	PASS;ACTTGAATATATTCTTGA	INDEL;IDV=7;IMF=1;DP=7;VDB=6.71664e-05;SGB=-0.636426;MQ0F=0;AC=2;AN=2;DP4=0,0,0,7;MQ=60;RB=14,47985365,47985776,CGG,CGG
11	60096240	NA	AAG	A	170	MASKED;GGTAGAAGAAGAGAGAGA	INDEL;IDV=8;IMF=1;DP=8;VDB=1.33331e-05;SGB=-0.651104;MQ0F=0;AC=2;AN=2;DP4=0,0,8,0;MQ=60;RB=11,60096141,60096514,CGG,TGC
21	24325002	NA	ATGTG	A	224	MASKED;CTTAACCTATGTGTGTGT	INDEL;IDV=7;IMF=1;DP=7;VDB=6.71664e-05;SGB=-0.636426;MQ0F=0;AC=2;AN=2;DP4=0,0,0,7;MQ=60;RB=21,24324583,24325041,TAT,GAA
6	92400491	NA	CTT	C	225	MASKED;TTTCTTGTCTTATCTCAG	INDEL;IDV=12;IMF=0.923077;DP=12;VDB=2.26006e-08;SGB=-0.680642;MQ0F=0;AC=2;AN=2;DP4=0,0,0,12;MQ=60;RB=6,92400077,92400599,ATA,GAC
8	20226056	NA	CG	C	73	MASKED;CCAGGCTCCGGTGTGCAT	INDEL;IDV=5;IMF=1;DP=5;VDB=0.00187095;SGB=-0.590765;MQ0F=0;AC=2;AN=2;DP4=0,0,0,5;MQ=60;RB=8,20225331,20226152,TGA,TGT
13	39937454	NA	ATTTTATCCTTGTCACTTC	A	205	MASKED;TCCTTTTGATTTTATCCT	INDEL;IDV=6;IMF=1;DP=6;VDB=0.000411984;SGB=-0.616816;MQ0F=0;AC=2;AN=2;DP4=0,0,6,0;MQ=60;RB=13,39937427,39937666,CAT,GAA
1	85987905	NA	ATTCT	A	225	MASKED;GTCTAGCGATTCTTTCTA	INDEL;IDV=13;IMF=1;DP=13;VDB=2.26006e-08;SGB=-0.683931;MQ0F=0;AC=2;AN=2;DP4=0,0,13,0;MQ=60;RB=1,85987796,85988227,CCG,TTG
5	56708709	NA	TC	T	147	MASKED;TTGTGCAATCAACATCAG	INDEL;IDV=11;IMF=1;DP=11;VDB=2.26006e-08;SGB=-0.676189;MQ0F=0;AC=2;AN=2;DP4=0,0,11,0;MQ=60;RB=5,56708672,56709262,GGT,GCT
1	220510364	NA	GT	G	124	MASKED;TGGGCCCGGTGGCTCACG	INDEL;IDV=7;IMF=1;DP=7;VDB=6.71664e-05;SGB=-0.636426;MQ0F=0;AC=2;AN=2;DP4=0,0,7,0;MQ=60;RB=1,220510246,220510569,TGG,TAC
11	28937907	NA	AC	A	136	MASKED;AAGCAAATACTTGCAACC	INDEL;IDV=8;IMF=1;DP=8;VDB=1.33331e-05;SGB=-0.651104;MQ0F=0;AC=2;AN=2;DP4=0,0,0,8;MQ=60;RB=11,28937397,28937999,CCC,TGA
11	31997333	NA	CT	C	85	MASKED;ATGCACCCCTAATAGCAA	INDEL;IDV=4;IMF=1;DP=4;VDB=0.0058656;SGB=-0.556411;MQ0F=0;AC=2;AN=2;DP4=0,0,4,0;MQ=60;RB=11,31997283,31997523,TAT,AAC
16	68910098	NA	CT	C	117	PASS;GTTTTGCTCTTGTTGCCC	INDEL;IDV=8;IMF=0.888889;DP=8;VDB=1.33331e-05;SGB=-0.651104;MQ0F=0;AC=2;AN=2;DP4=0,0,8,0;MQ=60;RB=16,68910022,68910391,CCC,GAT
3	73168129	NA	CAT	C	225	MASKED;TAGGAAGCCATGTATATG	INDEL;IDV=9;IMF=1;DP=9;VDB=5.52906e-06;SGB=-0.662043;MQ0F=0;AC=2;AN=2;DP4=0,0,0,9;MQ=60;RB=3,73167521,73168168,AAT,CCG
1	145432028	NA	TGAGTGACA	T	225	MASKED;CTCCAGCCTGAGTGACAG	INDEL;IDV=11;IMF=1;DP=11;VDB=2.26006e-08;SGB=-0.676189;MQ0F=0;AC=2;AN=2;DP4=0,0,11,0;MQ=60;RB=1,145431997,145432290,TCG,CTA
18	74347153	NA	CT	C	154	MASKED;CTTACCCCCTGGATGGTA	INDEL;IDV=12;IMF=1;DP=12;VDB=2.26006e-08;SGB=-0.680642;MQ0F=0;AC=2;AN=2;DP4=0,0,12,0;MQ=60;RB=18,74347031,74348121,ATA,ATT
4	95765150	NA	AG	A	90	MASKED;TGGTCCCCAGGGGCTGGG	INDEL;IDV=13;IMF=1;DP=13;VDB=2.26006e-08;SGB=-0.683931;MQ0F=0;AC=2;AN=2;DP4=0,0,0,13;MQ=60;RB=4,95764958,95765272,AAT,GAC
14	73380710	NA	TCCTTCAATCTGGAATAG	T	154	MASKED;CTTTTGTCTCCTTCAATC	INDEL;IDV=4;IMF=1;DP=4;VDB=0.0058656;SGB=-0.556411;MQ0F=0;AC=2;AN=2;DP4=0,0,4,0;MQ=60;RB=14,73380636,73380894,CTC,AAC
10	105742808	NA	GGT	G	225	MASKED;ATGTGAGGGGTGTGTGTA	INDEL;IDV=16;IMF=1;DP=16;VDB=1.29641e-11;SGB=-0.689466;MQ0F=0;AC=2;AN=2;DP4=0,0,0,16;MQ=60;RB=10,105742492,105742868,GGT,TGG
5	24976403	NA	TA	T	29.4193	MASKED;TTGTGCAATAAAAAAATC	INDEL;IDV=13;IMF=1;DP=13;VDB=2.26006e-08;SGB=-0.683931;MQ0F=0;AC=2;AN=2;DP4=0,0,13,0;MQ=60;RB=5,24976339,24976807,GCG,GCA
3	14307555	NA	TAAAAATA	T	205	MASKED;CTAAAAATTAAAAATAAA	INDEL;IDV=6;IMF=1;DP=6;VDB=0.000411984;SGB=-0.616816;MQ0F=0;AC=2;AN=2;DP4=0,0,0,6;MQ=60;RB=3,14307340,14307583,CGT,CCT
2	216228086	NA	TGTAA	T	225	PASS;ACAGTCGTTGTAAGTGTT	INDEL;IDV=9;IMF=1;DP=9;VDB=5.52906e-06;SGB=-0.662043;MQ0F=0;AC=2;AN=2;DP4=0,0,9,0;MQ=60;RB=2,216227971,216228327,TCC,CCC
13	19902450	NA	ATTGT	A	224	MASKED;AAACTGTCATTGTTTGTT	INDEL;IDV=7;IMF=1;DP=7;VDB=6.71664e-05;SGB=-0.636426;MQ0F=0;AC=2;AN=2;DP4=0,0,0,7;MQ=60;RB=13,19902165,19902578,CTT,ACA
12	110788800	NA	TTAGACTGTAAA	T	225	PASS;GTTTGACTTTAGACTGTA	INDEL;IDV=10;IMF=1;DP=10;VDB=6.99472e-07;SGB=-0.670168;MQ0F=0;AC=2;AN=2;DP4=0,0,10,0;MQ=60;RB=12,110788749,110789427,TCA,GCC
3	2532208	NA	CA	C	60	MASKED;AAGTTGTTCAAAAATGCA	INDEL;IDV=11;IMF=1;DP=11;VDB=2.26006e-08;SGB=-0.676189;MQ0F=0;AC=2;AN=2;DP4=0,0,0,11;MQ=60;RB=3,2531970,2532265,CCG,TCT
17	71791298	NA	AT	A	90	PASS;GGAGCCCAATTGATTAGA	INDEL;IDV=5;IMF=1;DP=5;VDB=0.00187095;SGB=-0.590765;MQ0F=0;AC=2;AN=2;DP4=0,0,5,0;MQ=60;RB=17,71791224,71791544,TGG,ATA
4	137967164	NA	GT	G	4.38292	MASKED;ATTTATTTGTTTTTTTTT	INDEL;IDV=4;IMF=1;DP=4;VDB=0.0058656;SGB=-0.556411;MQ0F=0;AC=2;AN=2;DP4=0,0,0,4;MQ=60;RB=4,137966923,137967293,AGA,GAT
3	63485581	NA	TCA	T	205	MASKED;AAAGATAATCACACACAC	INDEL;IDV=14;IMF=1;DP=14;VDB=2.26006e-08;SGB=-0.686358;MQ0F=0;AC=2;AN=2;DP4=0,0,0,14;MQ=60;RB=3,63485330,63485693,GGA,TTC
8	92430949	NA	TG	T	151	PASS;TCTGGCCATGTTGTACCA	INDEL;IDV=10;IMF=0.909091;DP=11;VDB=2.26006e-08;SGB=-0.676189;MQ0F=0;AC=2;AN=2;DP4=0,0,0,11;MQ=60;RB=8,92430751,92431048,CTT,GAT
5	87177286	NA	GAAAACTTCC	G	225	PASS;ATACTAGAGAAAACTTCC	INDEL;IDV=8;IMF=1;DP=8;VDB=1.33331e-05;SGB=-0.651104;MQ0F=0;AC=2;AN=2;DP4=0,0,0,8;MQ=60;RB=5,87176966,87177379,GTA,TAG
16	52463501	NA	CA	C	122	PASS;TAAATATTCAAAGGCACC	INDEL;IDV=10;IMF=1;DP=10;VDB=6.99472e-07;SGB=-0.670168;MQ0F=0;AC=2;AN=2;DP4=0,0,0,10;MQ=60;RB=16,52463060,52463573,TCA,TAG
4	149754387	NA	GGTGTGT	G	224	MASKED;CTTTCAGGGGTGTGTGTG	INDEL;IDV=7;IMF=1;DP=7;VDB=6.71664e-05;SGB=-0.636426;MQ0F=0;AC=2;AN=2;DP4=0,0,0,7;MQ=60;RB=4,149754164,149754425,ATA,CCG
14	36660670	NA	CCTT	C	130	NEI_IND[3/288];TTCCCCCTCCTTCTGCAC	INDEL;IDV=9;IMF=1;DP=9;VDB=5.52906e-06;SGB=-0.662043;MQ0F=0;AC=2;AN=2;DP4=0,0,0,9;MQ=60;RB=14,36660382,36660801,AAC,AAC
14	36660718	NA	TG	T	68	NEI_IND[3/69];TGGCCTGGTGGGTAACCT	INDEL;IDV=9;IMF=1;DP=9;VDB=5.52906e-06;SGB=-0.662043;MQ0F=0;AC=2;AN=2;DP4=0,0,0,9;MQ=60;RB=14,36660382,36660801,AAC,AAC
15	98558804	NA	CATT	C	225	MASKED;TGGGTAAACATTATTTTG	INDEL;IDV=14;IMF=1;DP=14;VDB=2.26006e-08;SGB=-0.686358;MQ0F=0;AC=2;AN=2;DP4=0,0,0,14;MQ=60;RB=15,98558472,98558874,GAT,CCT
2	141232529	NA	CAT	C	184	MASKED;GTGCATAACATATAATTT	INDEL;IDV=7;IMF=1;DP=7;VDB=6.71664e-05;SGB=-0.636426;MQ0F=0;AC=2;AN=2;DP4=0,0,7,0;MQ=60;RB=2,141232428,141233021,AGT,TGG
7	86228489	NA	C	CA	107	PASS;GCCACCCCCACCAGTGAT	INDEL;IDV=5;IMF=1;DP=5;VDB=0.00187095;SGB=-0.590765;MQ0F=0;AC=2;AN=2;DP4=0,0,0,5;MQ=60;RB=7,86228171,86228590,GTC,GCG
2	188947568	NA	TGATGAGGTAA	T	225	MASKED;CTGGGAAGTGATGAGGTA	INDEL;IDV=9;IMF=1;DP=9;VDB=5.52906e-06;SGB=-0.662043;MQ0F=0;AC=2;AN=2;DP4=0,0,9,0;MQ=60;RB=2,188947484,188947799,ATG,CGG
2	222641305	NA	CAGGCTGG	C	225	MASKED;CTGTCACCCAGGCTGGAG	INDEL;IDV=21;IMF=1;DP=21;VDB=1.30483e-15;SGB=-0.692352;MQ0F=0;AC=2;AN=2;DP4=0,0,0,21;MQ=60;RB=2,222641032,222641337,TAC,GCC
1	236722135	NA	T	TA	92	PASS;ATTCCCGTTAGAATTAAC	INDEL;IDV=6;IMF=1;DP=6;VDB=0.000411984;SGB=-0.616816;MQ0F=0;AC=2;AN=2;DP4=0,0,0,6;MQ=60;RB=1,236721972,236722236,CGT,ATT
15	60786613	NA	TAA	T	203	PASS;CCAATCCTTAAAAGACTA	INDEL;IDV=9;IMF=1;DP=9;VDB=5.52906e-06;SGB=-0.662043;MQ0F=0;AC=2;AN=2;DP4=0,0,0,9;MQ=60;RB=15,60786454,60786740,CCT,GAG
10	92173945	NA	GT	G	113	MASKED;ATATAGTTGTTTGCATCA	INDEL;IDV=8;IMF=1;DP=8;VDB=1.33331e-05;SGB=-0.651104;MQ0F=0;AC=2;AN=2;DP4=0,0,0,8;MQ=60;RB=10,92173036,92173979,GAT,GGA
5	101641833	NA	TAAAC	T	225	PASS;AATAAAATTAAACAATAA	INDEL;IDV=8;IMF=1;DP=8;VDB=1.33331e-05;SGB=-0.651104;MQ0F=0;AC=2;AN=2;DP4=0,0,8,0;MQ=60;RB=5,101641768,101642352,TTG,TGT
10	51001825	NA	C	CA	17.4922	PASS;CACCCCCCCAAAAAAAAG	INDEL;IDV=8;IMF=1;DP=8;VDB=1.33331e-05;SGB=-0.651104;MQ0F=0;AC=2;AN=2;DP4=0,0,8,0;MQ=60;RB=10,51001785,51002496,GTA,AAC
7	38478133	NA	C	CATG	63	MASKED;TGCAAGTTCTCCATAAAA	INDEL;IDV=6;IMF=1;DP=6;VDB=0.000411984;SGB=-0.616816;MQ0F=0;AC=2;AN=2;DP4=0,0,6,0;MQ=60;RB=7,38478107,38478505,TCA,ATT
13	21702601	NA	AAT	A	225	MASKED;CCATTAAGAATATGATGT	INDEL;IDV=11;IMF=1;DP=11;VDB=2.26006e-08;SGB=-0.676189;MQ0F=0;AC=2;AN=2;DP4=0,0,11,0;MQ=60;RB=13,21702501,21702813,AAC,CCT
13	21702682	NA	G	GCTT	150	MASKED;TGCTGACAGTTTTTTTTA	INDEL;IDV=10;IMF=0.909091;DP=11;VDB=3.54164e-08;SGB=-0.676189;MQ0F=0;AC=2;AN=2;DP4=0,0,0,11;MQ=60;RB=13,21702501,21702813,AAC,CCT
1	85987905	NA	ATTCT	A	225	MASKED;GTCTAGCGATTCTTTCTA	INDEL;IDV=8;IMF=1;DP=8;VDB=1.33331e-05;SGB=-0.651104;MQ0F=0;AC=2;AN=2;DP4=0,0,8,0;MQ=60;RB=1,85987796,85988228,GAC,GTT
16	6054995	NA	AAAAAC	A	225	MASKED;TGTTGCTAAAAAACAAAA	INDEL;IDV=14;IMF=1;DP=14;VDB=2.26006e-08;SGB=-0.686358;MQ0F=0;AC=2;AN=2;DP4=0,0,14,0;MQ=60;RB=16,6054935,6055231,GGG,TAG
12	38237860	NA	CT	C	11.7169	MASKED;ACCATAGGCTTTTTTTGC	INDEL;IDV=4;IMF=1;DP=4;VDB=0.0058656;SGB=-0.556411;MQ0F=0;AC=2;AN=2;DP4=0,0,0,4;MQ=60;RB=12,38237627,38237885,CAG,CAG
20	23944532	NA	AAAAAC	A	225	NEI_IND[38/767];GCAAGAAAAAAAACAAAT	INDEL;IDV=8;IMF=1;DP=8;VDB=1.33331e-05;SGB=-0.651104;MQ0F=0;AC=2;AN=2;DP4=0,0,8,0;MQ=60;RB=20,23944427,23944956,TCT,TTA
12	14379706	NA	GTGTATA	G	225	NEI_IND[6/306];CTACTACCGTGTATATGT	INDEL;IDV=9;IMF=1;DP=9;VDB=5.52906e-06;SGB=-0.662043;MQ0F=0;AC=2;AN=2;DP4=0,0,0,9;MQ=60;RB=12,14379481,14379748,CCC,TGA
14	73494315	NA	TAA	T	225	PASS;AAAAGTGATAAGAGGATA	INDEL;IDV=8;IMF=1;DP=8;VDB=1.33331e-05;SGB=-0.651104;MQ0F=0;AC=2;AN=2;DP4=0,0,8,0;MQ=60;RB=14,73494226,73494770,CCG,ACT
1	85987905	NA	ATTCT	A	225	MASKED;GTCTAGCGATTCTTTCTA	INDEL;IDV=15;IMF=1;DP=15;VDB=4.49525e-10;SGB=-0.688148;MQ0F=0;AC=2;AN=2;DP4=0,0,15,0;MQ=60;RB=1,85987796,85988228,GGG,GTT
11	7968713	NA	ATATC	A	225	MASKED;ATATAAATATATCTATCA	INDEL;IDV=8;IMF=1;DP=8;VDB=1.33331e-05;SGB=-0.651104;MQ0F=0;AC=2;AN=2;DP4=0,0,8,0;MQ=60;RB=11,7968701,7969344,TGG,GAG
1	18238675	NA	AT	A	18.4763	MASKED;TTGATGACATTTTTTTTA	INDEL;IDV=9;IMF=1;DP=9;VDB=5.52906e-06;SGB=-0.662043;MQ0F=0;AC=2;AN=2;DP4=0,0,0,9;MQ=60;RB=1,18238079,18238789,GCA,TAG
8	6295895	NA	TG	T	49.4146	MASKED;TTTTTTGTTGGGGGTGAG	INDEL;IDV=7;IMF=1;DP=7;VDB=6.71664e-05;SGB=-0.636426;MQ0F=0;AC=2;AN=2;DP4=0,0,0,7;MQ=60;RB=8,6295625,6295935,GTT,ATT
4	149372353	NA	TAAA	T	205	MASKED;GCATATCTTAAAGAAGAA	INDEL;IDV=6;IMF=1;DP=6;VDB=0.000411984;SGB=-0.616816;MQ0F=0;AC=2;AN=2;DP4=0,0,6,0;MQ=60;RB=4,149372292,149372574,ATT,ACA
2	128871783	NA	CT	C	109	PASS;TCCGCCTCCTGAGTTCAA	INDEL;IDV=6;IMF=1;DP=6;VDB=0.000411984;SGB=-0.616816;MQ0F=0;AC=2;AN=2;DP4=0,0,6,0;MQ=60;RB=2,128871772,128872612,TCT,AAG
12	89970775	NA	CTTCT	C	225	PASS;CACTCTCACTTCTTTCTT	INDEL;IDV=11;IMF=1;DP=11;VDB=2.26006e-08;SGB=-0.676189;MQ0F=0;AC=2;AN=2;DP4=0,0,0,11;MQ=60;RB=12,89970567,89970881,TTA,AAC
16	73053226	NA	CGTGT	C	78	MASKED;AGCGTGTGCGTGTGTGTG	INDEL;IDV=10;IMF=1;DP=10;VDB=0.02;SGB=-0.453602;MQ0F=0;AC=2;AN=2;DP4=0,0,0,2;MQ=60;RB=16,73052924,73053284,GCA,CTC
14	29859119	NA	CAG	C	112	PASS;TTGTTAAACAGGGGGAAA	INDEL;IDV=5;IMF=1;DP=5;VDB=0.00187095;SGB=-0.590765;MQ0F=0;AC=2;AN=2;DP4=0,0,0,5;MQ=60;RB=14,29858955,29859197,CTA,AGT
10	66504686	NA	TTA	T	225	MASKED;CAGCTGCATTATGTTAAT	INDEL;IDV=13;IMF=1;DP=13;VDB=2.26006e-08;SGB=-0.683931;MQ0F=0;AC=2;AN=2;DP4=0,0,13,0;MQ=60;RB=10,66504638,66505143,GGA,TAA
9	84719314	NA	TG	T	118	PASS;AAATAAGATGGTTAGGAA	INDEL;IDV=8;IMF=1;DP=8;VDB=1.33331e-05;SGB=-0.651104;MQ0F=0;AC=2;AN=2;DP4=0,0,8,0;MQ=60;RB=9,84719287,84719716,CTT,ATG
2	146399951	NA	AT	A	19.4636	MASKED;CAGATATAATTTTTTTTA	INDEL;IDV=11;IMF=1;DP=11;VDB=2.26006e-08;SGB=-0.676189;MQ0F=0;AC=2;AN=2;DP4=0,0,0,11;MQ=60;RB=2,146399621,146400036,GGC,TTG
10	49593996	NA	ACTAC	A	205	PASS;TTCTAAAAACTACCTAGC	INDEL;IDV=6;IMF=1;DP=6;VDB=0.000411984;SGB=-0.616816;MQ0F=0;AC=2;AN=2;DP4=0,0,0,6;MQ=60;RB=10,49593798,49594102,TTA,CTT
11	103537641	NA	AAGC	A	225	MASKED;TTGCAAACAAGCAGCAGC	INDEL;IDV=8;IMF=1;DP=8;VDB=1.33331e-05;SGB=-0.651104;MQ0F=0;AC=2;AN=2;DP4=0,0,8,0;MQ=60;RB=11,103537528,103538053,GCA,GCT
2	81016237	NA	C	CA	125	PASS;TGTTATAACATTTGTTTT	INDEL;IDV=6;IMF=1;DP=6;VDB=0.000411984;SGB=-0.616816;MQ0F=0;AC=2;AN=2;DP4=0,0,0,6;MQ=60;RB=2,81015984,81016290,GGG,CTA
12	70264702	NA	AT	A	13.6076	PASS;CAAGCCATATTTTTTTTA	INDEL;IDV=6;IMF=1;DP=6;VDB=0.000411984;SGB=-0.616816;MQ0F=0;AC=2;AN=2;DP4=0,0,6,0;MQ=60;RB=12,70264676,70265064,CGA,CTA
10	105742808	NA	GGT	G	148	MASKED;ATGTGAGGGGTGTGTGTA	INDEL;IDV=6;IMF=1;DP=6;VDB=0.000411984;SGB=-0.616816;MQ0F=0;AC=2;AN=2;DP4=0,0,0,6;MQ=60;RB=10,105742621,105742869,GTA,TAA
3	2612742	NA	CT	C	7.30725	MASKED;TGTATTTGCTTTTTTTTT	INDEL;IDV=5;IMF=1;DP=5;VDB=0.00187095;SGB=-0.590765;MQ0F=0;AC=2;AN=2;DP4=0,0,0,5;MQ=60;RB=3,2612571,2612799,TCG,GTT
10	20604070	NA	GAGA	G	224	MASKED;AGGTATGGGAGAAGGAGT	INDEL;IDV=7;IMF=1;DP=7;VDB=6.71664e-05;SGB=-0.636426;MQ0F=0;AC=2;AN=2;DP4=0,0,0,7;MQ=60;RB=10,20603634,20604190,CCA,AGT
10	26139278	NA	AG	A	45.4146	PASS;CAGCCATCAGGAGCTCTT	INDEL;IDV=5;IMF=1;DP=5;VDB=0.00187095;SGB=-0.590765;MQ0F=0;AC=2;AN=2;DP4=0,0,0,5;MQ=60;RB=10,26139124,26139331,ATG,TCT
5	135983173	NA	TTTTG	T	225	MASKED;TGCTAGCTTTTTGTTTGT	INDEL;IDV=10;IMF=1;DP=10;VDB=6.99472e-07;SGB=-0.670168;MQ0F=0;AC=2;AN=2;DP4=0,0,0,10;MQ=60;RB=5,135982892,135983303,CCC,TCA
18	55535854	NA	CTTCA	C	205	MASKED;TGGGTGCCCTTCAAGGTA	INDEL;IDV=6;IMF=1;DP=6;VDB=0.000411984;SGB=-0.616816;MQ0F=0;AC=2;AN=2;DP4=0,0,6,0;MQ=60;RB=18,55535731,55536351,TTG,GTT
16	15590317	NA	TCAC	T	154	PASS;TACATAACTCACTTACCA	INDEL;IDV=8;IMF=1;DP=8;VDB=0.0058656;SGB=-0.556411;MQ0F=0;AC=2;AN=2;DP4=0,0,4,0;MQ=60;RB=16,15590245,15590446,GTT,TGG
11	88414272	NA	CTT	C	139	MASKED;TCAGAACTCTTGTCAGTA	INDEL;IDV=4;IMF=1;DP=4;VDB=0.0058656;SGB=-0.556411;MQ0F=0;AC=2;AN=2;DP4=0,0,4,0;MQ=60;RB=11,88414148,88414548,TAT,CCG
9	14693298	NA	GCGCCACCTC	G	225	MASKED;CTCCTGCCGCGCCACCTC	INDEL;IDV=16;IMF=1;DP=16;VDB=1.29641e-11;SGB=-0.689466;MQ0F=0;AC=2;AN=2;DP4=0,0,16,0;MQ=60;RB=9,14693221,14693495,GCG,TTT
1	69956283	NA	GTGA	G	224	MASKED;TAGGTATGGTGATGATAT	INDEL;IDV=7;IMF=1;DP=7;VDB=6.71664e-05;SGB=-0.636426;MQ0F=0;AC=2;AN=2;DP4=0,0,7,0;MQ=60;RB=1,69956256,69956576,CCC,AAT
6	121161619	NA	G	GC	166	NEI_IND[60/720];GTGTTCAAGCATTCTCCT	INDEL;IDV=11;IMF=1;DP=11;VDB=2.26006e-08;SGB=-0.676189;MQ0F=0;AC=2;AN=2;DP4=0,0,11,0;MQ=40;RB=6,121161598,121162148,TAA,ATT
6	121162023	NA	TTTTG	T	225	MASKED;GGAATCTGTTTTGTTTGT	INDEL;IDV=11;IMF=1;DP=11;VDB=2.26006e-08;SGB=-0.676189;MQ0F=0;AC=2;AN=2;DP4=0,0,0,11;MQ=60;RB=6,121161598,121162148,TAA,ATT
10	2951688	NA	TAAG	T	225	MASKED;CTGAAATCTAAGAAGACG	INDEL;IDV=9;IMF=1;DP=9;VDB=5.52906e-06;SGB=-0.662043;MQ0F=0;AC=2;AN=2;DP4=0,0,0,9;MQ=60;RB=10,2951442,2951798,TAC,AAC
X	96505154	NA	CCTTTGTACTA	C	225	PASS;TATAGGATCCTTTGTACT	INDEL;IDV=11;IMF=1;DP=11;VDB=2.26006e-08;SGB=-0.676189;MQ0F=0;AC=2;AN=2;DP4=0,0,11,0;MQ=60;RB=X,96505062,96505418,TAT,TTT
10	86910918	NA	ATACAT	A	182	NEI_IND[5/427];ACAAAGAAATACATTACA	INDEL;IDV=5;IMF=1;DP=5;VDB=0.00187095;SGB=-0.590765;MQ0F=0;AC=2;AN=2;DP4=0,0,0,5;MQ=60;RB=10,86910059,86910963,ACT,ACC
22	17703297	NA	A	ACC	106	NEI_IND[14/264];ATTCTCTGACCCAGAGTT	INDEL;IDV=5;IMF=1;DP=5;VDB=0.00223758;SGB=-0.590765;MQ0F=0;AC=2;AN=2;DP4=0,0,5,0;MQ=39;RB=22,17703262,17703629,ATG,TTG
22	17703504	NA	TC	T	88	MASKED;TCATTTAATCCTTGCAGC	INDEL;IDV=5;IMF=1;DP=5;VDB=0.00187095;SGB=-0.590765;MQ0F=0;AC=2;AN=2;DP4=0,0,0,5;MQ=60;RB=22,17703262,17703629,ATG,TTG
11	106245394	NA	TGAGA	T	224	PASS;TCTGAGGCTGAGAGACTC	INDEL;IDV=7;IMF=1;DP=7;VDB=6.71664e-05;SGB=-0.636426;MQ0F=0;AC=2;AN=2;DP4=0,0,0,7;MQ=60;RB=11,106245189,106245498,AAT,ATG
1	247339397	NA	GTATATA	G	182	NEI_IND[54/774];GTGTATGTGTATATATAT	INDEL;IDV=5;IMF=1;DP=5;VDB=0.00187095;SGB=-0.590765;MQ0F=0;AC=2;AN=2;DP4=0,0,0,5;MQ=60;RB=1,247339241,247339469,GGC,CCG
8	93961627	NA	TTAAA	T	225	PASS;TGGTTAAATTAAATAGTT	INDEL;IDV=8;IMF=1;DP=8;VDB=1.33331e-05;SGB=-0.651104;MQ0F=0;AC=2;AN=2;DP4=0,0,0,8;MQ=60;RB=8,93961172,93961732,TCC,GTA
3	174013365	NA	CAG	C	110	PASS;TATTTTAACAGAAACTAT	INDEL;IDV=5;IMF=1;DP=5;VDB=0.00187095;SGB=-0.590765;MQ0F=0;AC=2;AN=2;DP4=0,0,0,5;MQ=60;RB=3,174013200,174013435,ATG,AGA
1	71386557	NA	TTTGTATGTTG	T	225	MASKED;TGACAATTTTTGTATGTT	INDEL;IDV=9;IMF=1;DP=9;VDB=5.52906e-06;SGB=-0.662043;MQ0F=0;AC=2;AN=2;DP4=0,0,0,9;MQ=60;RB=1,71386248,71386675,TCT,TTT
4	149754387	NA	GGTGTGT	G	224	MASKED;CTTTCAGGGGTGTGTGTG	INDEL;IDV=7;IMF=1;DP=7;VDB=6.71664e-05;SGB=-0.636426;MQ0F=0;AC=2;AN=2;DP4=0,0,0,7;MQ=60;RB=4,149754165,149754425,TCC,CAC
3	64887619	NA	TCATTC	T	179	PASS;TCTTTTTCTCATTCCTTC	INDEL;IDV=6;IMF=1;DP=6;VDB=0.00187095;SGB=-0.590765;MQ0F=0;AC=2;AN=2;DP4=0,0,5,0;MQ=60;RB=3,64887547,64887850,TCA,TAT
8	65305934	NA	T	TC	78	NEI_IND[13/174];TTTTTTTTTCACTGTCTA	INDEL;IDV=5;IMF=0.714286;DP=7;VDB=0.00766117;SGB=-0.556411;MQ0F=0;AC=2;AN=2;DP4=0,0,4,0;MQ=60;RB=8,65305896,65306156,TGG,AGT
8	65306122	NA	CT	C	115	MASKED;ATTGTAAGCTTGTGTACT	INDEL;IDV=7;IMF=1;DP=7;VDB=6.71664e-05;SGB=-0.636426;MQ0F=0;AC=2;AN=2;DP4=0,0,0,7;MQ=60;RB=8,65305896,65306156,TGG,AGT
6	32630559	NA	GC	G	60	MASKED;TAATGTGTGCTTTCTTTA	INDEL;IDV=5;IMF=1;DP=5;VDB=0.00187095;SGB=-0.590765;MQ0F=0;AC=2;AN=2;DP4=0,0,5,0;MQ=60;RB=6,32630513,32630741,GAC,TTG
9	107505079	NA	AAAAC	A	109	PASS;TAAAAAAAAAAACGAGCC	INDEL;IDV=6;IMF=1;DP=6;VDB=0.000411984;SGB=-0.616816;MQ0F=0;AC=2;AN=2;DP4=0,0,0,6;MQ=60;RB=9,107504786,107505201,TGA,CAC
8	90803849	NA	CAT	C	221	MASKED;ACTAAACACATGAGTTAT	INDEL;IDV=8;IMF=1;DP=8;VDB=1.33331e-05;SGB=-0.651104;MQ0F=0;AC=2;AN=2;DP4=0,0,0,8;MQ=60;RB=8,90803405,90803883,TGA,TTG
18	27960330	NA	CCTTCT	C	225	MASKED;AAATACGTCCTTCTCTTC	INDEL;IDV=9;IMF=1;DP=9;VDB=5.52906e-06;SGB=-0.662043;MQ0F=0;AC=2;AN=2;DP4=0,0,0,9;MQ=60;RB=18,27959798,27960360,TCT,CCA
18	6727736	NA	ATT	A	53	MASKED;CAATATTCATTTTTTTTT	INDEL;IDV=8;IMF=1;DP=8;VDB=1.33331e-05;SGB=-0.651104;MQ0F=0;AC=2;AN=2;DP4=0,0,0,8;MQ=60;RB=18,6727513,6727819,CTT,TTC
4	128658488	NA	TCATTGAGATATTGA	T	182	MASKED;GTAAATTTTCATTGAGAT	INDEL;IDV=5;IMF=1;DP=5;VDB=0.00187095;SGB=-0.590765;MQ0F=0;AC=2;AN=2;DP4=0,0,0,5;MQ=60;RB=4,128658167,128658531,CGA,GTG
17	48599911	NA	AGGGCGTGGT	A	225	PASS;AAAATAGCAGGGCGTGGT	INDEL;IDV=14;IMF=1;DP=14;VDB=2.26006e-08;SGB=-0.686358;MQ0F=0;AC=2;AN=2;DP4=0,0,0,14;MQ=60;RB=17,48599563,48599992,TAC,TCA
2	202881887	NA	TAAA	T	154	MASKED;CATGCAGATAAAAAAAAC	INDEL;IDV=12;IMF=1;DP=12;VDB=2.26006e-08;SGB=-0.680642;MQ0F=0;AC=2;AN=2;DP4=0,0,12,0;MQ=60;RB=2,202881872,202882327,CTT,TTT
11	93037253	NA	TCTC	T	225	NEI_IND[3/273];GGGCAGGATCTCCTACCT	INDEL;IDV=12;IMF=1;DP=12;VDB=0.762846;SGB=-0.680642;MQSB=0.982603;MQ0F=0;AC=2;AN=2;DP4=0,0,6,6;MQ=60;RB=11,93037126,93037346,GAT,CCT
10	8660603	NA	AGATCTTTTCACATCTCTTTG	A	224	MASKED;GCACATACAGATCTTTTC	INDEL;IDV=7;IMF=1;DP=7;VDB=6.71664e-05;SGB=-0.636426;MQ0F=0;AC=2;AN=2;DP4=0,0,0,7;MQ=60;RB=10,8660223,8660665,AAT,ATC
6	50769356	NA	TG	T	62	MASKED;GCCCAGGCTGGGGTGCAA	INDEL;IDV=6;IMF=1;DP=6;VDB=0.000411984;SGB=-0.616816;MQ0F=0;AC=2;AN=2;DP4=0,0,0,6;MQ=60;RB=6,50768967,50769384,TGT,TCT
15	60392172	NA	AAAC	A	97	PASS;TCAAAAAAAAACAAACAA	INDEL;IDV=7;IMF=0.777778;DP=7;VDB=0.000411984;SGB=-0.616816;MQ0F=0;AC=2;AN=2;DP4=0,0,6,0;MQ=60;RB=15,60392133,60392825,TCG,TTG
11	55851379	NA	CAT	C	225	MASKED;CATGCACACATGTGAACA	INDEL;IDV=11;IMF=1;DP=11;VDB=2.26006e-08;SGB=-0.676189;MQ0F=0;AC=2;AN=2;DP4=0,0,11,0;MQ=60;RB=11,55851346,55851679,TTA,ATG
X	130155845	NA	GT	G	12.6563	PASS;TTGTTTAGGTTTTTTTTT	INDEL;IDV=9;IMF=1;DP=9;VDB=1.33331e-05;SGB=-0.651104;MQ0F=0;AC=2;AN=2;DP4=0,0,8,0;MQ=60;RB=X,130155761,130156474,TCT,CTG
5	34889435	NA	GT	G	144	MASKED;AAATAAGTGTGACTCTAA	INDEL;IDV=9;IMF=1;DP=9;VDB=5.52906e-06;SGB=-0.662043;MQ0F=0;AC=2;AN=2;DP4=0,0,0,9;MQ=60;RB=5,34888860,34889482,TTT,GTT
10	66492924	NA	TC	T	112	NEI_IND[2/34];TATCATGTTCATCCTCTG	INDEL;IDV=6;IMF=1;DP=6;VDB=0.000411984;SGB=-0.616816;MQ0F=0;AC=2;AN=2;DP4=0,0,6,0;MQ=60;RB=10,66492907,66493283,TTG,CCC
10	66493253	NA	TATC	T	205	MASKED;ATAAATAATATCATCCTT	INDEL;IDV=6;IMF=1;DP=6;VDB=0.000411984;SGB=-0.616816;MQ0F=0;AC=2;AN=2;DP4=0,0,0,6;MQ=60;RB=10,66492907,66493283,TTG,CCC
10	128583442	NA	CTCAT	C	225	NEI_IND[4/224];CTTCTTTGCTCATTCATT	INDEL;IDV=17;IMF=1;DP=17;VDB=1.29641e-11;SGB=-0.690438;MQ0F=0;AC=2;AN=2;DP4=0,0,0,17;MQ=60;RB=10,128583037,128583489,GTT,TAT
7	80213752	NA	CTTATA	C	225	PASS;GTTTGGGACTTATATTAT	INDEL;IDV=14;IMF=1;DP=14;VDB=2.26006e-08;SGB=-0.686358;MQ0F=0;AC=2;AN=2;DP4=0,0,0,14;MQ=60;RB=7,80213416,80213861,CCG,ACT
5	24018253	NA	CAAAAAAAAAAA	CA,C	97	NEI_IND[64/251];CTCCGTCTCAAAAAAAAA	INDEL;IDV=8;IMF=0.888889;DP=9;VDB=4.65567e-05;SGB=-0.651104;MQ0F=0;AC=1,1;AN=2;DP4=0,0,8,0;MQ=57;RB=5,24018221,24018541,ACC,AAG
5	24018406	NA	CTACA	C	225	MASKED;TCCCTGAGCTACATACAA	INDEL;IDV=9;IMF=1;DP=9;VDB=5.52906e-06;SGB=-0.662043;MQ0F=0;AC=2;AN=2;DP4=0,0,0,9;MQ=60;RB=5,24018221,24018541,ACC,AAG
8	20226006	NA	CTTT	C	19.7052	NEI_IND[36/168];TCTTTTTTCTTTTTTTTT	INDEL;IDV=8;IMF=1;DP=8;VDB=0.00317773;SGB=-0.636426;MQ0F=0;AC=2;AN=2;DP4=0,0,0,7;MQ=60;RB=8,20225331,20226083,TGA,CCT
8	20226056	NA	CG	C	71	MASKED;CCAGGCTCCGGTGTGCAT	INDEL;IDV=8;IMF=1;DP=8;VDB=7.76057e-05;SGB=-0.651104;MQ0F=0;AC=2;AN=2;DP4=0,0,0,8;MQ=60;RB=8,20225331,20226083,TGA,CCT
17	19529611	NA	AGAG	A	225	MASKED;ATTGCAAAAGAGAAGAAG	INDEL;IDV=9;IMF=1;DP=9;VDB=5.52906e-06;SGB=-0.662043;MQ0F=0;AC=2;AN=2;DP4=0,0,9,0;MQ=60;RB=17,19529513,19530000,TCT,CGT
8	95822434	NA	TGCACTCCA	T	121	NEI_IND[6/168];TGCGGCATTGCACTCCAG	INDEL;IDV=4;IMF=1;DP=4;VDB=0.0249187;SGB=-0.511536;MQ0F=0;AC=2;AN=2;DP4=0,0,0,3;MQ=60;RB=8,95821855,95822552,CTT,CTG
3	179697033	NA	AT	A	81	MASKED;AAATTCAAATTTTAAAAA	INDEL;IDV=9;IMF=1;DP=9;VDB=5.52906e-06;SGB=-0.662043;MQ0F=0;AC=2;AN=2;DP4=0,0,0,9;MQ=60;RB=3,179696831,179697160,TGT,GAC
8	65306122	NA	CT	C	127	MASKED;ATTGTAAGCTTGTGTACT	INDEL;IDV=10;IMF=1;DP=10;VDB=6.99472e-07;SGB=-0.670168;MQ0F=0;AC=2;AN=2;DP4=0,0,10,0;MQ=60;RB=8,65306097,65306522,TGA,AAT
5	5002825	NA	GAAATAAACTT	G	225	PASS;AAGACTTGGAAATAAACT	INDEL;IDV=9;IMF=1;DP=9;VDB=5.52906e-06;SGB=-0.662043;MQ0F=0;AC=2;AN=2;DP4=0,0,9,0;MQ=60;RB=5,5002799,5003230,TAC,CTA
12	41361512	NA	CAGATAATCAG	C	224	PASS;GAGCAATACAGATAATCA	INDEL;IDV=7;IMF=1;DP=7;VDB=6.71664e-05;SGB=-0.636426;MQ0F=0;AC=2;AN=2;DP4=0,0,7,0;MQ=60;RB=12,41361405,41361955,ACA,AAA
6	42757775	NA	GAA	G	137	MASKED;ATCTGTGAGAAAAAGAAT	INDEL;IDV=7;IMF=1;DP=7;VDB=6.71664e-05;SGB=-0.636426;MQ0F=0;AC=2;AN=2;DP4=0,0,0,7;MQ=60;RB=6,42757534,42757833,TGA,TTA
X	133124063	NA	CT	C	39.4149	MASKED;AATGAGGCCTTTTTTGGT	INDEL;IDV=8;IMF=1;DP=8;VDB=1.33331e-05;SGB=-0.651104;MQ0F=0;AC=2;AN=2;DP4=0,0,0,8;MQ=60;RB=X,133123738,133124195,ATT,AGA
11	33517857	NA	T	TA	161	PASS;ACAACCCTTAGAGTCACA	INDEL;IDV=10;IMF=1;DP=10;VDB=6.99472e-07;SGB=-0.670168;MQ0F=0;AC=2;AN=2;DP4=0,0,0,10;MQ=60;RB=11,33517589,33517980,TCT,CCT
13	65695003	NA	ATCTTT	A	224	PASS;TTTTAAAAATCTTTTCTA	INDEL;IDV=7;IMF=1;DP=7;VDB=6.71664e-05;SGB=-0.636426;MQ0F=0;AC=2;AN=2;DP4=0,0,7,0;MQ=60;RB=13,65694880,65695162,GAG,GGG
14	42484981	NA	TA	T	128	PASS;CAAAACACTATAGCTCCA	INDEL;IDV=7;IMF=1;DP=7;VDB=6.71664e-05;SGB=-0.636426;MQ0F=0;AC=2;AN=2;DP4=0,0,0,7;MQ=60;RB=14,42484720,42485043,TCC,GAG
3	5378674	NA	CCATT	C	182	NEI_IND[4/164];GTTGCTCTCCATTCAGGG	INDEL;IDV=5;IMF=1;DP=5;VDB=0.00187095;SGB=-0.590765;MQ0F=0;AC=2;AN=2;DP4=0,0,0,5;MQ=60;RB=3,5378515,5378767,AGG,GAC
X	127679134	NA	TC	T	113	MASKED;TATTGCATTCCCTTTGGT	INDEL;IDV=8;IMF=1;DP=8;VDB=1.33331e-05;SGB=-0.651104;MQ0F=0;AC=2;AN=2;DP4=0,0,8,0;MQ=60;RB=X,127679099,127679837,CTG,AAG
11	80664299	NA	GA	G	43.4147	MASKED;GTTCCTTTGAAAAAATGC	INDEL;IDV=10;IMF=1;DP=10;VDB=6.99472e-07;SGB=-0.670168;MQ0F=0;AC=2;AN=2;DP4=0,0,0,10;MQ=60;RB=11,80663793,80664354,CGG,CGA
17	46117108	NA	G	GT	29.4193	PASS;GTTTGTTTGTTTTTTTGT	INDEL;IDV=11;IMF=1;DP=11;VDB=2.26006e-08;SGB=-0.676189;MQ0F=0;AC=2;AN=2;DP4=0,0,11,0;MQ=60;RB=17,46117078,46117420,TCG,ACC
5	29470080	NA	AT	A	42.4147	PASS;ATTAGACTATTTTTTATA	INDEL;IDV=9;IMF=1;DP=9;VDB=5.52906e-06;SGB=-0.662043;MQ0F=0;AC=2;AN=2;DP4=0,0,0,9;MQ=60;RB=5,29469908,29470162,TAG,CCG
2	236384830	NA	AATGACAC	A	224	MASKED;TCTACCAGAATGACACAT	INDEL;IDV=7;IMF=1;DP=7;VDB=6.71664e-05;SGB=-0.636426;MQ0F=0;AC=2;AN=2;DP4=0,0,0,7;MQ=60;RB=2,236384579,236384957,ATG,CGT
6	93872485	NA	AT	A	116	PASS;AAAAAAAAATCTCCTCCC	INDEL;IDV=6;IMF=1;DP=6;VDB=0.000411984;SGB=-0.616816;MQ0F=0;AC=2;AN=2;DP4=0,0,6,0;MQ=60;RB=6,93872432,93872915,GGG,CAT
15	65302040	NA	GA	G	101	MASKED;CCAGGCTGGAAGTGCAGT	INDEL;IDV=6;IMF=1;DP=6;VDB=0.000411984;SGB=-0.616816;MQ0F=0;AC=2;AN=2;DP4=0,0,0,6;MQ=60;RB=15,65301649,65302067,TTC,TTT
17	52467831	NA	AT	A	19.4636	MASKED;ACTTATTCATTTTTTTTA	INDEL;IDV=12;IMF=1;DP=12;VDB=2.26006e-08;SGB=-0.680642;MQ0F=0;AC=2;AN=2;DP4=0,0,12,0;MQ=60;RB=17,52467729,52468217,ATA,GGG
5	29782780	NA	AAAATG	A	225	MASKED;AATAAAATAAAATGTTCT	INDEL;IDV=12;IMF=1;DP=12;VDB=2.26006e-08;SGB=-0.680642;MQ0F=0;AC=2;AN=2;DP4=0,0,0,12;MQ=60;RB=5,29782334,29782904,GTT,TCT
X	146014097	NA	TTA	T	178	MASKED;ATTTTGTATTATATATAT	INDEL;IDV=9;IMF=1;DP=9;VDB=5.52906e-06;SGB=-0.662043;MQ0F=0;AC=2;AN=2;DP4=0,0,0,9;MQ=60;RB=X,146013939,146014230,TAG,ATT
3	61242771	NA	TTTG	T	225	MASKED;ATTAATAATTTGTTGTTT	INDEL;IDV=9;IMF=1;DP=9;VDB=5.52906e-06;SGB=-0.662043;MQ0F=0;AC=2;AN=2;DP4=0,0,0,9;MQ=60;RB=3,61242426,61242870,GGT,CAG
2	46900165	NA	CAGCTAATGCAT	C	225	MASKED;TTATTCCCCAGCTAATGC	INDEL;IDV=13;IMF=1;DP=13;VDB=2.26006e-08;SGB=-0.683931;MQ0F=0;AC=2;AN=2;DP4=0,0,0,13;MQ=60;RB=2,46899874,46900256,CGG,GTT
2	191767802	NA	AG	A	139	PASS;TGTTGCCCAGGTTAGTTT	INDEL;IDV=11;IMF=1;DP=11;VDB=2.26006e-08;SGB=-0.676189;MQ0F=0;AC=2;AN=2;DP4=0,0,11,0;MQ=60;RB=2,191767753,191768259,ATA,AAA
X	47260703	NA	CCA	C	169	PASS;GGCTTTTGCCACAATCTC	INDEL;IDV=6;IMF=1;DP=6;VDB=0.000411984;SGB=-0.616816;MQ0F=0;AC=2;AN=2;DP4=0,0,0,6;MQ=60;RB=X,47260507,47260731,GTG,GCC
10	105742808	NA	GGT	G	160	MASKED;ATGTGAGGGGTGTGTGTA	INDEL;IDV=7;IMF=1;DP=7;VDB=6.71664e-05;SGB=-0.636426;MQ0F=0;AC=2;AN=2;DP4=0,0,0,7;MQ=60;RB=10,105742622,105742868,TCC,AAG
1	71386557	NA	TTTGTATGTTG	T	225	MASKED;TGACAATTTTTGTATGTT	INDEL;IDV=13;IMF=1;DP=13;VDB=2.26006e-08;SGB=-0.683931;MQ0F=0;AC=2;AN=2;DP4=0,0,0,13;MQ=60;RB=1,71386249,71386675,TAC,GTA
17	2757508	NA	CTCCTCTCCAGGTACCG	C	154	PASS;AAAAAAGCCTCCTCTCCA	INDEL;IDV=4;IMF=1;DP=4;VDB=0.0058656;SGB=-0.556411;MQ0F=0;AC=2;AN=2;DP4=0,0,4,0;MQ=60;RB=17,2757444,2757673,CCG,ATG
13	95944203	NA	AAATAAT	A	225	NEI_IND[3/249];ATTTAAAGAAATAATAAT	INDEL;IDV=9;IMF=1;DP=9;VDB=5.52906e-06;SGB=-0.662043;MQ0F=0;AC=2;AN=2;DP4=0,0,9,0;MQ=60;RB=13,95944167,95944517,GGC,GAT
14	44387317	NA	ACTAAGAGGAAAG	A	225	PASS;AAAGCAGTACTAAGAGGA	INDEL;IDV=8;IMF=1;DP=8;VDB=1.33331e-05;SGB=-0.651104;MQ0F=0;AC=2;AN=2;DP4=0,0,0,8;MQ=60;RB=14,44387036,44387391,TGC,AAC
20	5982833	NA	CTT	C	158	MASKED;AATGCACTCTTTTGCTTA	INDEL;IDV=6;IMF=1;DP=6;VDB=0.000411984;SGB=-0.616816;MQ0F=0;AC=2;AN=2;DP4=0,0,6,0;MQ=60;RB=20,5982784,5983078,GCT,GAG
14	28209169	NA	GATGTTTGCACTCT	G	225	MASKED;ATAGACTAGATGTTTGCA	INDEL;IDV=11;IMF=1;DP=11;VDB=2.26006e-08;SGB=-0.676189;MQ0F=0;AC=2;AN=2;DP4=0,0,0,11;MQ=60;RB=14,28208866,28209208,GCT,CTT
6	121161619	NA	G	GC	178	NEI_IND[60/720];GTGTTCAAGCATTCTCCT	INDEL;IDV=16;IMF=1;DP=16;VDB=1.29641e-11;SGB=-0.689466;MQ0F=0;AC=2;AN=2;DP4=0,0,16,0;MQ=40;RB=6,121161599,121162148,CCC,AGT
6	121162023	NA	TTTTG	T	225	MASKED;GGAATCTGTTTTGTTTGT	INDEL;IDV=16;IMF=1;DP=16;VDB=1.29641e-11;SGB=-0.689466;MQ0F=0;AC=2;AN=2;DP4=0,0,0,16;MQ=60;RB=6,121161599,121162148,CCC,AGT
12	92852750	NA	CACAT	C	225	NEI_IND[4/281];CACACACACACATACATA	INDEL;IDV=11;IMF=1;DP=11;VDB=6.99472e-07;SGB=-0.670168;MQ0F=0;AC=2;AN=2;DP4=0,0,10,0;MQ=60;RB=12,92852642,92853054,CTC,TTC
9	99060158	NA	AATCT	A	225	PASS;TAATTATCAATCTATCTA	INDEL;IDV=8;IMF=1;DP=8;VDB=1.33331e-05;SGB=-0.651104;MQ0F=0;AC=2;AN=2;DP4=0,0,8,0;MQ=60;RB=9,99060139,99060593,CTG,ATG
5	96947198	NA	AT	A	19.4636	MASKED;TTTATCTTATTTTTTTTG	INDEL;IDV=11;IMF=1;DP=11;VDB=2.26006e-08;SGB=-0.676189;MQ0F=0;AC=2;AN=2;DP4=0,0,11,0;MQ=60;RB=5,96947125,96947536,CCT,TTT
11	21311944	NA	GATAAATAA	G	225	NEI_IND[80/160];AATAAATAGATAAATAAA	INDEL;IDV=9;IMF=0.9;DP=10;VDB=4.25854e-05;SGB=-0.670168;MQ0F=0;AC=2;AN=2;DP4=0,0,10,0;MQ=60;RB=11,21311857,21312216,TTT,GTT
13	76228624	NA	AG	A	106	MASKED;GAGCCTCTAGGTTGCAGC	INDEL;IDV=8;IMF=1;DP=8;VDB=1.33331e-05;SGB=-0.651104;MQ0F=0;AC=2;AN=2;DP4=0,0,0,8;MQ=60;RB=13,76227933,76228755,TTT,CTG
19	21016652	NA	CAGA	C	225	MASKED;GGCTGAAGCAGAAGAATT	INDEL;IDV=8;IMF=1;DP=8;VDB=1.33331e-05;SGB=-0.651104;MQ0F=0;AC=2;AN=2;DP4=0,0,0,8;MQ=60;RB=19,21016413,21016684,GTT,GTT
13	24442833	NA	TTAA	T	172	PASS;ACTGTAAGTTAATAAATG	INDEL;IDV=5;IMF=1;DP=5;VDB=0.00187095;SGB=-0.590765;MQ0F=0;AC=2;AN=2;DP4=0,0,5,0;MQ=60;RB=13,24442746,24443639,AAT,CGA
14	41256620	NA	TG	T	123	MASKED;TAAATGTGTGTTTTTTAT	INDEL;IDV=7;IMF=1;DP=7;VDB=6.71664e-05;SGB=-0.636426;MQ0F=0;AC=2;AN=2;DP4=0,0,0,7;MQ=60;RB=14,41256285,41256662,GTT,TAA
7	50708853	NA	ACTCTTGCTTG	A	225	NEI_IND[6/330];TCTTCCTCACTCTTGCTT	INDEL;IDV=9;IMF=1;DP=9;VDB=5.52906e-06;SGB=-0.662043;MQ0F=0;AC=2;AN=2;DP4=0,0,0,9;MQ=60;RB=7,50708161,50708929,ACG,TCC
19	31824515	NA	C	CA	13.2119	PASS;GCTTGCAACAAAAAAAAC	INDEL;IDV=9;IMF=0.9;DP=10;VDB=6.99472e-07;SGB=-0.662043;MQ0F=0;AC=2;AN=2;DP4=1,0,9,0;MQ=60;RB=19,31824442,31824814,TTT,TCT
2	206820080	NA	GGTGCAGTGAGC	G	182	NEI_IND[6/205];GGGTTGAGGGTGCAGTGA	INDEL;IDV=5;IMF=1;DP=5;VDB=0.00257647;SGB=-0.590765;MQ0F=0;AC=2;AN=2;DP4=0,0,0,5;MQ=60;RB=2,206819663,206820215,TCG,AAT
8	108554762	NA	AACTAG	A	225	MASKED;TGTGCCAAAACTAGACTA	INDEL;IDV=9;IMF=1;DP=9;VDB=5.52906e-06;SGB=-0.662043;MQ0F=0;AC=2;AN=2;DP4=0,0,9,0;MQ=60;RB=8,108554725,108555080,TAT,GCT
2	9463049	NA	CTTG	C	225	PASS;AGGAAATACTTGTTGAGT	INDEL;IDV=9;IMF=1;DP=9;VDB=5.52906e-06;SGB=-0.662043;MQ0F=0;AC=2;AN=2;DP4=0,0,9,0;MQ=60;RB=2,9462995,9463484,GCT,GCT
8	73168569	NA	AT	A	44.4146	PASS;CTCGGCTAATTTTTGTAA	INDEL;IDV=6;IMF=1;DP=6;VDB=0.000411984;SGB=-0.616816;MQ0F=0;AC=2;AN=2;DP4=0,0,6,0;MQ=60;RB=8,73168484,73168917,TGC,GTA
15	43210297	NA	GGGGTCTT	G	182	PASS;CAAGAGATGGGGTCTTGC	INDEL;IDV=5;IMF=1;DP=5;VDB=0.00187095;SGB=-0.590765;MQ0F=0;AC=2;AN=2;DP4=0,0,0,5;MQ=60;RB=15,43209965,43210325,CCC,TTA
15	83697862	NA	ATAGT	A	225	MASKED;TTTTGCATATAGTTATTG	INDEL;IDV=9;IMF=1;DP=9;VDB=5.52906e-06;SGB=-0.662043;MQ0F=0;AC=2;AN=2;DP4=0,0,9,0;MQ=60;RB=15,83697834,83698123,GAC,ACG
11	7968713	NA	ATATC	A	225	MASKED;ATATAAATATATCTATCA	INDEL;IDV=8;IMF=1;DP=8;VDB=1.33331e-05;SGB=-0.651104;MQ0F=0;AC=2;AN=2;DP4=0,0,8,0;MQ=60;RB=11,7968700,7969344,AAA,GCG
2	137721586	NA	GT	G	102	PASS;GTCCTCTAGTTTGCACCC	INDEL;IDV=7;IMF=1;DP=7;VDB=6.71664e-05;SGB=-0.636426;MQ0F=0;AC=2;AN=2;DP4=0,0,0,7;MQ=60;RB=2,137720765,137721596,ATA,TAA
10	14477490	NA	AAG	A	153	MASKED;GGTTAGGAAAGAGTTTTC	INDEL;IDV=5;IMF=1;DP=5;VDB=0.00187095;SGB=-0.590765;MQ0F=0;AC=2;AN=2;DP4=0,0,5,0;MQ=60;RB=10,14477388,14477722,GAT,CTA
3	25494155	NA	CG	C	17.4922	MASKED;TTAAAAAGCGGGGGGGGT	INDEL;IDV=8;IMF=1;DP=8;VDB=1.33331e-05;SGB=-0.651104;MQ0F=0;AC=2;AN=2;DP4=0,0,8,0;MQ=60;RB=3,25494057,25494323,AGG,CAT
9	97223089	NA	AAT	A	188	PASS;TAAAAGAAAATATATTTT	INDEL;IDV=8;IMF=1;DP=8;VDB=1.33331e-05;SGB=-0.651104;MQ0F=0;AC=2;AN=2;DP4=0,0,0,8;MQ=60;RB=9,97222865,97223172,GAA,ACT
4	189411010	NA	ATTTG	A	182	PASS;GTAGCTTTATTTGTTTGT	INDEL;IDV=5;IMF=1;DP=5;VDB=0.00187095;SGB=-0.590765;MQ0F=0;AC=2;AN=2;DP4=0,0,0,5;MQ=60;RB=4,189410727,189411031,TGG,TTT
4	183955220	NA	ATATTT	A	190	NEI_IND[195/565];ATATATATATATTTTTTT	INDEL;IDV=7;IMF=1;DP=7;VDB=6.71664e-05;SGB=-0.636426;MQ0F=0;AC=2;AN=2;DP4=0,0,0,7;MQ=60;RB=4,183954839,183955260,GCA,TCA
14	47879367	NA	ATAAGT	A	182	MASKED;ACATGCCTATAAGTTAAT	INDEL;IDV=5;IMF=1;DP=5;VDB=0.00187095;SGB=-0.590765;MQ0F=0;AC=2;AN=2;DP4=0,0,5,0;MQ=60;RB=14,47879339,47879817,AAT,CCT
11	38503944	NA	ATCACT	A	225	MASKED;AATTGATGATCACTTCAC	INDEL;IDV=9;IMF=1;DP=9;VDB=5.52906e-06;SGB=-0.662043;MQ0F=0;AC=2;AN=2;DP4=0,0,0,9;MQ=60;RB=11,38503310,38503971,AAT,CAG
5	24976403	NA	TA	T	27.4221	MASKED;TTGTGCAATAAAAAAATC	INDEL;IDV=9;IMF=1;DP=9;VDB=5.52906e-06;SGB=-0.662043;MQ0F=0;AC=2;AN=2;DP4=0,0,9,0;MQ=60;RB=5,24976339,24976864,CCG,GTT
10	50707969	NA	TA	T	55	MASKED;TTATTACATAAAGTTCAT	INDEL;IDV=4;IMF=1;DP=4;VDB=0.0058656;SGB=-0.556411;MQ0F=0;AC=2;AN=2;DP4=0,0,0,4;MQ=60;RB=10,50707324,50708066,GTT,TGT
18	3350865	NA	CCCGGAGAT	C	225	PASS;ACTTGAGCCCCGGAGATG	INDEL;IDV=14;IMF=1;DP=14;VDB=2.26006e-08;SGB=-0.686358;MQ0F=0;AC=2;AN=2;DP4=0,0,0,14;MQ=60;RB=18,3350691,3351000,CTA,TAG
11	27706633	NA	TG	T	134	PASS;CTTATTATTGGTCTATTC	INDEL;IDV=10;IMF=1;DP=10;VDB=6.99472e-07;SGB=-0.670168;MQ0F=0;AC=2;AN=2;DP4=0,0,0,10;MQ=60;RB=11,27706373,27706724,TCT,CTC
6	72457603	NA	TA	T	26.4242	MASKED;ACAATGCTTAAAAAAATG	INDEL;IDV=8;IMF=1;DP=8;VDB=1.33331e-05;SGB=-0.651104;MQ0F=0;AC=2;AN=2;DP4=0,0,0,8;MQ=60;RB=6,72457403,72457689,CAG,TTA
3	112194617	NA	AAT	A	131	PASS;CAAAATTTAATTTTATTA	INDEL;IDV=5;IMF=1;DP=5;VDB=0.00187095;SGB=-0.590765;MQ0F=0;AC=2;AN=2;DP4=0,0,0,5;MQ=60;RB=3,112194443,112194707,TAT,GAT
2	52410157	NA	GCT	G	173	MASKED;TTCTGCAGGCTCTTTTTC	INDEL;IDV=6;IMF=1;DP=6;VDB=0.000411984;SGB=-0.616816;MQ0F=0;AC=2;AN=2;DP4=0,0,6,0;MQ=60;RB=2,52410123,52410408,GGC,CCA
2	52410343	NA	ACCATTTACTTAATT	A	205	NEI_IND[126/342];TAGCTGAAACCATTTACT	INDEL;IDV=6;IMF=1;DP=6;VDB=0.000411984;SGB=-0.616816;MQ0F=0;AC=2;AN=2;DP4=0,0,0,6;MQ=60;RB=2,52410123,52410408,GGC,CCA
10	92173945	NA	GT	G	122	MASKED;ATATAGTTGTTTGCATCA	INDEL;IDV=10;IMF=1;DP=10;VDB=8.4981e-07;SGB=-0.670168;MQ0F=0;AC=2;AN=2;DP4=0,0,0,10;MQ=60;RB=10,92173037,92173979,ACG,TTT
3	58568198	NA	GT	G	121	MASKED;GGATGCAGGTTAACGCCC	INDEL;IDV=8;IMF=1;DP=8;VDB=1.33331e-05;SGB=-0.651104;MQ0F=0;AC=2;AN=2;DP4=0,0,8,0;MQ=60;RB=3,58568143,58568913,AGT,ATC
8	41271042	NA	TC	T	84	PASS;TTTATCATTCCTATTGTT	INDEL;IDV=5;IMF=1;DP=5;VDB=0.00187095;SGB=-0.590765;MQ0F=0;AC=2;AN=2;DP4=0,0,5,0;MQ=60;RB=8,41271021,41271472,GCA,TGA
21	35931920	NA	GTTT	G	225	MASKED;ATTTTCCAGTTTATTATG	INDEL;IDV=10;IMF=1;DP=10;VDB=6.99472e-07;SGB=-0.670168;MQ0F=0;AC=2;AN=2;DP4=0,0,0,10;MQ=60;RB=21,35931431,35931972,CCT,TAG
10	76104172	NA	CTCCAGTGGTTT	C	225	PASS;ACTGGTTTCTCCAGTGGT	INDEL;IDV=9;IMF=1;DP=9;VDB=5.52906e-06;SGB=-0.662043;MQ0F=0;AC=2;AN=2;DP4=0,0,0,9;MQ=60;RB=10,76103866,76104251,CGA,ACT
12	20828779	NA	TTCTA	T	205	PASS;TCTGTCTTTTCTATCTTT	INDEL;IDV=6;IMF=1;DP=6;VDB=0.000411984;SGB=-0.616816;MQ0F=0;AC=2;AN=2;DP4=0,0,6,0;MQ=60;RB=12,20828735,20829026,CCG,CCT
11	38503944	NA	ATCACT	A	205	MASKED;AATTGATGATCACTTCAC	INDEL;IDV=6;IMF=1;DP=6;VDB=0.000411984;SGB=-0.616816;MQ0F=0;AC=2;AN=2;DP4=0,0,0,6;MQ=60;RB=11,38503311,38503972,TAC,GCA
6	72936466	NA	CA	C	115	MASKED;GCCCATTTCAAAGCATGT	INDEL;IDV=9;IMF=1;DP=9;VDB=5.52906e-06;SGB=-0.662043;MQ0F=0;AC=2;AN=2;DP4=0,0,0,9;MQ=60;RB=6,72935839,72936477,TGT,CAT
21	36882532	NA	TC	T	186	PASS;AGCTTCACTCAGGCAAGG	INDEL;IDV=16;IMF=1;DP=16;VDB=0.983562;SGB=-0.686358;MQSB=1;MQ0F=0;AC=2;AN=2;DP4=0,0,8,6;MQ=60;RB=21,36882415,36882652,CCG,CTA
17	60434100	NA	AC	A	106	MASKED;ATAATTTAACCCTACTTA	INDEL;IDV=7;IMF=1;DP=7;VDB=6.71664e-05;SGB=-0.636426;MQ0F=0;AC=2;AN=2;DP4=0,0,7,0;MQ=60;RB=17,60434033,60434347,CCG,TCC
18	39435851	NA	AATT	A	154	MASKED;AGAAGGAGAATTATTAGT	INDEL;IDV=4;IMF=1;DP=4;VDB=0.0058656;SGB=-0.556411;MQ0F=0;AC=2;AN=2;DP4=0,0,0,4;MQ=60;RB=18,39435463,39435935,GTT,GAG
13	67679037	NA	TCA	T	225	MASKED;CCTTAATCTCACTTTTAA	INDEL;IDV=13;IMF=1;DP=13;VDB=2.26006e-08;SGB=-0.683931;MQ0F=0;AC=2;AN=2;DP4=0,0,0,13;MQ=60;RB=13,67678762,67679100,ACC,ACT
10	49785747	NA	GAATA	G	225	MASKED;TTCTCAGAGAATACATAC	INDEL;IDV=10;IMF=1;DP=10;VDB=6.99472e-07;SGB=-0.670168;MQ0F=0;AC=2;AN=2;DP4=0,0,10,0;MQ=60;RB=10,49785654,49785909,GTA,CAT
3	116942499	NA	AAG	A	106	PASS;AGAGAAAAAAGAGTTAAT	INDEL;IDV=7;IMF=1;DP=7;VDB=6.71664e-05;SGB=-0.636426;MQ0F=0;AC=2;AN=2;DP4=0,0,0,7;MQ=60;RB=3,116942246,116942544,TCC,TTG
3	73407239	NA	AGGCTTCATTACTG	A	224	MASKED;GATCAAGTAGGCTTCATT	INDEL;IDV=7;IMF=1;DP=7;VDB=6.71664e-05;SGB=-0.636426;MQ0F=0;AC=2;AN=2;DP4=0,0,0,7;MQ=60;RB=3,73407007,73407298,TTA,TAC
11	55851379	NA	CAT	C	221	MASKED;CATGCACACATGTGAACA	INDEL;IDV=8;IMF=1;DP=8;VDB=1.33331e-05;SGB=-0.651104;MQ0F=0;AC=2;AN=2;DP4=0,0,8,0;MQ=60;RB=11,55851346,55851679,TTT,GTG
13	39937454	NA	ATTTTATCCTTGTCACTTC	A	154	MASKED;TCCTTTTGATTTTATCCT	INDEL;IDV=4;IMF=1;DP=4;VDB=0.0058656;SGB=-0.556411;MQ0F=0;AC=2;AN=2;DP4=0,0,4,0;MQ=60;RB=13,39937427,39937666,CAA,GTA
1	28306565	NA	AGGTGCACTTGG	A	225	PASS;CTTGGCTTAGGTGCACTT	INDEL;IDV=13;IMF=1;DP=13;VDB=2.26006e-08;SGB=-0.683931;MQ0F=0;AC=2;AN=2;DP4=0,0,13,0;MQ=60;RB=1,28306452,28306841,GAA,TGA
10	94143192	NA	TA	T	112	NEI_IND[23/275];TATATATATATATTTTTT	INDEL;IDV=6;IMF=1;DP=6;VDB=0.000411984;SGB=-0.616816;MQ0F=0;AC=2;AN=2;DP4=0,0,0,6;MQ=60;RB=10,94142935,94143289,TCA,AAT
16	21193921	NA	CCA	C	193	PASS;CCCCCTACCCACGCCTCA	INDEL;IDV=7;IMF=1;DP=7;VDB=6.71664e-05;SGB=-0.636426;MQ0F=0;AC=2;AN=2;DP4=0,0,7,0;MQ=60;RB=16,21193892,21194382,GGA,TAG
11	32840277	NA	AG	A	130	MASKED;CCATAAAAAGGAGGGAGT	INDEL;IDV=10;IMF=1;DP=10;VDB=6.99472e-07;SGB=-0.670168;MQ0F=0;AC=2;AN=2;DP4=0,0,0,10;MQ=60;RB=11,32839991,32840303,TCA,ACA
1	45609294	NA	ACT	A	197	MASKED;TGATGTACACTCTCCCCA	INDEL;IDV=8;IMF=1;DP=8;VDB=1.33331e-05;SGB=-0.651104;MQ0F=0;AC=2;AN=2;DP4=0,0,0,8;MQ=60;RB=1,45609004,45609338,AAT,AGT
9	122581140	NA	CAGACTGA	C	205	MASKED;TTTGGCCACAGACTGAAG	INDEL;IDV=6;IMF=1;DP=6;VDB=0.000411984;SGB=-0.616816;MQ0F=0;AC=2;AN=2;DP4=0,0,0,6;MQ=60;RB=9,122580424,122581225,ACC,TTG
11	5769286	NA	TAAG	T	225	MASKED;TACATACATAAGATCAAG	INDEL;IDV=12;IMF=0.923077;DP=12;VDB=2.26006e-08;SGB=-0.680642;MQ0F=0;AC=2;AN=2;DP4=0,0,0,12;MQ=60;RB=11,5769050,5769408,GAA,GAC
7	35513061	NA	TG	T	94	MASKED;CCCAGCATTGGTGCAGTC	INDEL;IDV=6;IMF=1;DP=6;VDB=0.000411984;SGB=-0.616816;MQ0F=0;AC=2;AN=2;DP4=0,0,0,6;MQ=60;RB=7,35512684,35513182,TCC,GTC
7	10620848	NA	CAT	C	190	PASS;GCTGGAAACATAATTTTA	INDEL;IDV=7;IMF=1;DP=7;VDB=6.71664e-05;SGB=-0.636426;MQ0F=0;AC=2;AN=2;DP4=0,0,0,7;MQ=60;RB=7,10620626,10620905,TAT,GTT
6	62690937	NA	C	CA	56	PASS;TTTTCCCCCAAAACATGC	INDEL;IDV=5;IMF=1;DP=5;VDB=0.00187095;SGB=-0.590765;MQ0F=0;AC=2;AN=2;DP4=0,0,0,5;MQ=60;RB=6,62690736,62691053,TGA,GCT
11	123195113	NA	CTGAGTTAACGAGTGTCT	C	225	MASKED;GATGATTCCTGAGTTAAC	INDEL;IDV=8;IMF=1;DP=8;VDB=1.33331e-05;SGB=-0.651104;MQ0F=0;AC=2;AN=2;DP4=0,0,0,8;MQ=60;RB=11,123194815,123195159,TTT,CCT
6	32508817	NA	AATGTC	A	225	MASKED;CCTGCACTAATGTCAATC	INDEL;IDV=9;IMF=1;DP=9;VDB=5.52906e-06;SGB=-0.662043;MQ0F=0;AC=2;AN=2;DP4=0,0,9,0;MQ=60;RB=6,32508738,32509149,CTT,CCT
14	98572712	NA	G	GT	176	PASS;TATTTTATGTCAGAAGAT	INDEL;IDV=14;IMF=1;DP=14;VDB=2.26006e-08;SGB=-0.686358;MQ0F=0;AC=2;AN=2;DP4=0,0,0,14;MQ=60;RB=14,98572457,98572725,ATT,ATT
14	62770942	NA	AT	A	145	MASKED;GACATAAAATCTTGAGCC	INDEL;IDV=9;IMF=1;DP=9;VDB=5.52906e-06;SGB=-0.662043;MQ0F=0;AC=2;AN=2;DP4=0,0,0,9;MQ=60;RB=14,62770599,62771041,CCC,GGT
12	111626443	NA	C	CG	27.4221	PASS;CCAGAGAGCGGGGGGGAA	INDEL;IDV=9;IMF=1;DP=9;VDB=5.52906e-06;SGB=-0.662043;MQ0F=0;AC=2;AN=2;DP4=0,0,9,0;MQ=60;RB=12,111626382,111626661,CAA,CAA
5	97446036	NA	CT	C	88	MASKED;ATTCACATCTTTTGCAGA	INDEL;IDV=12;IMF=1;DP=12;VDB=2.26006e-08;SGB=-0.680642;MQ0F=0;AC=2;AN=2;DP4=0,0,0,12;MQ=60;RB=5,97445478,97446136,TTT,TAA
2	107677815	NA	GA	G	11.7169	MASKED;TATTGCAAGAAAAAAATC	INDEL;IDV=4;IMF=1;DP=4;VDB=0.0058656;SGB=-0.556411;MQ0F=0;AC=2;AN=2;DP4=0,0,4,0;MQ=60;RB=2,107677793,107678673,CTC,TTG
5	67280423	NA	TGGGGGTGA	T	182	MASKED;GAACAACATGGGGGTGAG	INDEL;IDV=5;IMF=1;DP=5;VDB=0.00187095;SGB=-0.590765;MQ0F=0;AC=2;AN=2;DP4=0,0,0,5;MQ=60;RB=5,67280156,67280448,ATA,ATG
