CHROM	POS	ID	REF	ALT	QUAL	FILTER	INFO
8	8669681	NA	CGTAA	C	224	NEI_IND[4/264];GAGAAGCCCGTAAGTGTA	INDEL;IDV=7;IMF=1;DP=7;VDB=6.71664e-05;SGB=-0.636426;MQ0F=0;AC=2;AN=2;DP4=0,0,0,7;MQ=60;RB=8,8669163,8669719,TTT,TGT
4	2229771	NA	TAA	T	132	NEI_IND[2/158];CAAAACGTTAAGTGCAAA	INDEL;IDV=4;IMF=1;DP=4;VDB=0.0058656;SGB=-0.556411;MQ0F=0;AC=2;AN=2;DP4=0,0,0,4;MQ=60;RB=4,2229133,2229850,CCC,CTA
2	100985913	NA	CA	C	140	PASS;AAAAGCACCATTCCTAAT	INDEL;IDV=10;IMF=1;DP=10;VDB=6.99472e-07;SGB=-0.670168;MQ0F=0;AC=2;AN=2;DP4=0,0,10,0;MQ=60;RB=2,100985778,100986278,ACG,ACC
5	113601021	NA	GGTGTGTGTGTGTGTGT	G	225	MASKED;CAAGAGGAGGTGTGTGTG	INDEL;IDV=10;IMF=1;DP=10;VDB=6.99472e-07;SGB=-0.670168;MQ0F=0;AC=2;AN=2;DP4=0,0,0,10;MQ=60;RB=5,113600740,113601126,TAG,GGT
3	170456494	NA	GTCC	G	23.434	NEI_IND[5/201];AGCATGGTGTCCAACCAT	INDEL;IDV=7;IMF=1;DP=7;VDB=6.71664e-05;SGB=-0.636426;MQ0F=0;AC=2;AN=2;DP4=0,0,7,0;MQ=60;RB=3,170456426,170456664,AGA,ACG
16	47694168	NA	TCTCATGTTGAC	T	182	PASS;AGAGTCCATCTCATGTTG	INDEL;IDV=5;IMF=1;DP=5;VDB=0.00187095;SGB=-0.590765;MQ0F=0;AC=2;AN=2;DP4=0,0,5,0;MQ=60;RB=16,47694148,47694739,CTC,ATC
3	108529641	NA	GT	G	30.4183	PASS;AATACCATGTTTTTAATG	INDEL;IDV=4;IMF=1;DP=4;VDB=0.0058656;SGB=-0.556411;MQ0F=0;AC=2;AN=2;DP4=0,0,4,0;MQ=60;RB=3,108529607,108529833,CCC,CCC
14	54029247	NA	G	GA	120	PASS;GAAAGAAAGAAAGAAAGA	INDEL;IDV=9;IMF=1;DP=9;VDB=5.52906e-06;SGB=-0.662043;MQ0F=0;AC=2;AN=2;DP4=0,0,9,0;MQ=60;RB=14,54029120,54029401,ATT,TAG
7	130729432	NA	TAGCC	T	225	NEI_IND[4/212];CACCGTGTTAGCCAAGAT	INDEL;IDV=9;IMF=1;DP=9;VDB=5.52906e-06;SGB=-0.662043;MQ0F=0;AC=2;AN=2;DP4=0,0,9,0;MQ=60;RB=7,130729314,130729598,GGT,GAC
20	34250925	NA	CCT	C	219	MASKED;ATGTATTCCCTGTTTCAT	INDEL;IDV=9;IMF=1;DP=9;VDB=5.52906e-06;SGB=-0.662043;MQ0F=0;AC=2;AN=2;DP4=0,0,9,0;MQ=60;RB=20,34250792,34251082,ACC,TTG
8	104919264	NA	G	GTTAT	182	PASS;TGTGTTAGGTAATAAAGC	INDEL;IDV=5;IMF=1;DP=5;VDB=0.00187095;SGB=-0.590765;MQ0F=0;AC=2;AN=2;DP4=0,0,5,0;MQ=60;RB=8,104919250,104919476,CAG,AGT
6	75957196	NA	C	CT	70	PASS;ATTCCATACTTTATCATA	INDEL;IDV=4;IMF=1;DP=4;VDB=0.0058656;SGB=-0.556411;MQ0F=0;AC=2;AN=2;DP4=0,0,0,4;MQ=60;RB=6,75956898,75957280,CAG,TCC
22	48267175	NA	CTTTAT	C	212	PASS;TTTTGTTTCTTTATTTTT	INDEL;IDV=7;IMF=0.875;DP=7;VDB=0.241547;SGB=-0.636426;MQSB=1.01283;MQ0F=0;AC=2;AN=2;DP4=0,0,3,4;MQ=60;RB=22,48267063,48267264,GCT,AAT
10	108995428	NA	GA	G	27.4221	MASKED;ACTGTTAGGAAAAAATGC	INDEL;IDV=5;IMF=1;DP=5;VDB=0.00187095;SGB=-0.590765;MQ0F=0;AC=2;AN=2;DP4=0,0,0,5;MQ=60;RB=10,108995196,108995484,TAC,GAT
1	102597173	NA	TCAAA	T	182	NEI_IND[4/236];ACTCCATCTCAAACAAAC	INDEL;IDV=5;IMF=1;DP=5;VDB=0.00187095;SGB=-0.590765;MQ0F=0;AC=2;AN=2;DP4=0,0,5,0;MQ=60;RB=1,102597141,102597505,ATT,CTT
3	184160876	NA	ATTAT	A	224	PASS;GAATAAATATTATTTTTT	INDEL;IDV=7;IMF=1;DP=7;VDB=6.71664e-05;SGB=-0.636426;MQ0F=0;AC=2;AN=2;DP4=0,0,0,7;MQ=60;RB=3,184160567,184160995,CTG,ACT
5	24638434	NA	AAGT	A	225	PASS;CTCAGAAAAAGTAGAGTT	INDEL;IDV=8;IMF=1;DP=8;VDB=1.33331e-05;SGB=-0.651104;MQ0F=0;AC=2;AN=2;DP4=0,0,0,8;MQ=60;RB=5,24637976,24638462,GTT,CAT
10	69673482	NA	TAAA	T	132	PASS;ACTTATGTTAAAAAAAAG	INDEL;IDV=8;IMF=1;DP=8;VDB=1.33331e-05;SGB=-0.651104;MQ0F=0;AC=2;AN=2;DP4=0,0,8,0;MQ=60;RB=10,69673375,69673879,CTC,GTC
5	80344099	NA	GTATTAT	G	154	MASKED;CATTTAAGGTATTATTAT	INDEL;IDV=4;IMF=1;DP=4;VDB=0.0058656;SGB=-0.556411;MQ0F=0;AC=2;AN=2;DP4=0,0,0,4;MQ=60;RB=5,80343885,80344202,TTC,TCG
1	36771936	NA	TGTCTTG	T	205	PASS;TACCCTACTGTCTTGCCT	INDEL;IDV=6;IMF=0.5;DP=12;VDB=0.000411984;SGB=-0.616816;MQ0F=0;AC=2;AN=2;DP4=0,0,0,6;MQ=60;RB=1,36771800,36772057,AGT,TCT
14	64991688	NA	AC	A	105	PASS;TGTGAATTACTTGCAATG	INDEL;IDV=6;IMF=1;DP=6;VDB=0.000411984;SGB=-0.616816;MQ0F=0;AC=2;AN=2;DP4=0,0,0,6;MQ=60;RB=14,64991453,64991811,CTG,CCG
4	164824388	NA	TTG	T	164	MASKED;TCCTTCCCTTGTGTGTGT	INDEL;IDV=8;IMF=1;DP=8;VDB=1.33331e-05;SGB=-0.651104;MQ0F=0;AC=2;AN=2;DP4=0,0,0,8;MQ=60;RB=4,164824136,164824457,TGT,GTT
6	58766798	NA	AT	A	77	MASKED;GAAACCCTATTTTGGTAG	INDEL;IDV=8;IMF=1;DP=8;VDB=1.33331e-05;SGB=-0.651104;MQ0F=0;AC=2;AN=2;DP4=0,0,0,8;MQ=60;RB=6,58766475,58766830,GCC,GAG
6	70455962	NA	GTCA	G	152	PASS;GGAAACCTGTCATCATTG	INDEL;IDV=4;IMF=1;DP=4;VDB=0.0058656;SGB=-0.556411;MQ0F=0;AC=2;AN=2;DP4=0,0,0,4;MQ=60;RB=6,70455232,70455994,TGG,CTG
9	6174805	NA	TAAG	T	182	PASS;ATCTTTACTAAGAAGACT	INDEL;IDV=6;IMF=1;DP=6;VDB=0.00187095;SGB=-0.590765;MQ0F=0;AC=2;AN=2;DP4=0,0,0,5;MQ=60;RB=9,6174592,6174884,ATT,ATA
5	83294647	NA	CT	C	99	PASS;GGCAAGACCTGGCACTGA	INDEL;IDV=5;IMF=1;DP=5;VDB=0.00187095;SGB=-0.590765;MQ0F=0;AC=2;AN=2;DP4=0,0,0,5;MQ=60;RB=5,83294407,83294715,TCC,GCT
5	76487060	NA	CAGTT	C	205	NEI_IND[4/207];CATATTGACAGTTAGGAC	INDEL;IDV=6;IMF=1;DP=6;VDB=0.000411984;SGB=-0.616816;MQ0F=0;AC=2;AN=2;DP4=0,0,6,0;MQ=60;RB=5,76486925,76487252,ATC,GCG
7	31268558	NA	GC	G	100	MASKED;AGGTAGGTGCCAGCTATG	INDEL;IDV=7;IMF=1;DP=7;VDB=6.71664e-05;SGB=-0.636426;MQ0F=0;AC=2;AN=2;DP4=0,0,7,0;MQ=60;RB=7,31268483,31268788,TAA,TTG
3	30802972	NA	GTTTA	G	205	MASKED;ATAGATATGTTTATTTTT	INDEL;IDV=6;IMF=1;DP=6;VDB=0.000411984;SGB=-0.616816;MQ0F=0;AC=2;AN=2;DP4=0,0,0,6;MQ=60;RB=3,30802514,30803024,GCC,GCT
18	69256189	NA	GC	G	92	MASKED;CTGTGACTGCCAATTGCC	INDEL;IDV=5;IMF=1;DP=5;VDB=0.00187095;SGB=-0.590765;MQ0F=0;AC=2;AN=2;DP4=0,0,0,5;MQ=60;RB=18,69255810,69256268,TTT,ATG
5	76487060	NA	CAGTT	C	225	NEI_IND[4/207];CATATTGACAGTTAGGAC	INDEL;IDV=10;IMF=1;DP=10;VDB=6.99472e-07;SGB=-0.670168;MQ0F=0;AC=2;AN=2;DP4=0,0,10,0;MQ=60;RB=5,76486925,76487253,TAC,CCT
2	150486754	NA	TTTTG	T	182	NEI_IND[6/472];TGTCAGTTTTTTGTATGT	INDEL;IDV=5;IMF=1;DP=5;VDB=0.00187095;SGB=-0.590765;MQ0F=0;AC=2;AN=2;DP4=0,0,0,5;MQ=60;RB=2,150486312,150486806,GAG,GCG
6	153862628	NA	TG	T	105	NEI_IND[6/194];GGGCATGGTGGTGGCACG	INDEL;IDV=7;IMF=1;DP=7;VDB=0.000411984;SGB=-0.616816;MQ0F=0;AC=2;AN=2;DP4=0,0,0,6;MQ=60;RB=6,153862297,153862701,CTG,TCT
4	181435903	NA	CCAGCTTGGCGAGTGTA	C	205	NEI_IND[6/255];GCCGCTGCCCAGCTTGGC	INDEL;IDV=6;IMF=1;DP=6;VDB=0.000411984;SGB=-0.616816;MQ0F=0;AC=2;AN=2;DP4=0,0,0,6;MQ=60;RB=4,181435727,181435998,TGG,GGA
2	155791980	NA	CAG	C	225	MASKED;GATCTGCACAGAGTGTGC	INDEL;IDV=11;IMF=1;DP=11;VDB=2.26006e-08;SGB=-0.676189;MQ0F=0;AC=2;AN=2;DP4=0,0,11,0;MQ=60;RB=2,155791936,155792322,ACG,GTC
2	80514454	NA	TTA	T	164	PASS;GTGATACCTTATGTTTTC	INDEL;IDV=6;IMF=1;DP=6;VDB=0.000411984;SGB=-0.616816;MQ0F=0;AC=2;AN=2;DP4=0,0,0,6;MQ=60;RB=2,80513776,80514550,CTT,CCG
20	15877219	NA	ATCTTT	A	122	PASS;CTTCTGTAATCTTTTCTC	INDEL;IDV=4;IMF=1;DP=4;VDB=0.00671048;SGB=-0.556411;MQ0F=0;AC=2;AN=2;DP4=0,0,4,0;MQ=60;RB=20,15877132,15877380,TAT,GAA
2	137303486	NA	CACCTGTGTATGTGTAT	C	205	MASKED;CTTGCACACACCTGTGTA	INDEL;IDV=6;IMF=1;DP=6;VDB=0.000411984;SGB=-0.616816;MQ0F=0;AC=2;AN=2;DP4=0,0,6,0;MQ=60;RB=2,137303466,137304096,TGT,TCT
8	20226056	NA	CG	C	52	MASKED;CCAGGCTCCGGTGTGCAT	INDEL;IDV=7;IMF=1;DP=7;VDB=0.000481013;SGB=-0.616816;MQ0F=0;AC=2;AN=2;DP4=0,0,0,6;MQ=60;RB=8,20225331,20226082,AAT,GTG
11	16279695	NA	CTT	C	156	NEI_IND[54/270];ACAGGACACTTTGGCAGT	INDEL;IDV=5;IMF=1;DP=5;VDB=0.00187095;SGB=-0.590765;MQ0F=0;AC=2;AN=2;DP4=0,0,5,0;MQ=60;RB=11,16279668,16279971,TCA,GGG
11	16279910	NA	CATT	C	182	MASKED;CAATGAAACATTATTCTG	INDEL;IDV=5;IMF=1;DP=5;VDB=0.00187095;SGB=-0.590765;MQ0F=0;AC=2;AN=2;DP4=0,0,0,5;MQ=60;RB=11,16279668,16279971,TCA,GGG
9	12544590	NA	TGCGC	T	205	NEI_IND[4/394];CTAATTTGTGCGCGCACA	INDEL;IDV=6;IMF=1;DP=6;VDB=0.000411984;SGB=-0.616816;MQ0F=0;AC=2;AN=2;DP4=0,0,6,0;MQ=60;RB=9,12544471,12544947,GGG,GTT
20	51727272	NA	TTAAAA	T	205	MASKED;AGATAACATTAAAATAAA	INDEL;IDV=7;IMF=1;DP=7;VDB=0.000411984;SGB=-0.616816;MQ0F=0;AC=2;AN=2;DP4=0,0,0,6;MQ=60;RB=20,51727039,51727404,CCA,ACG
17	72141567	NA	CAAAAAAAA	C	21.2736	NEI_IND[6/492];CCTGTCAGCAAAAAAAAA	INDEL;IDV=5;IMF=1;DP=5;VDB=0.0058656;SGB=-0.556411;MQ0F=0;AC=2;AN=2;DP4=0,0,4,0;MQ=60;RB=17,72141533,72141774,ACT,CAC
4	130925755	NA	CACCTCTACAAAAAAATAG	C	182	PASS;CAAAACCCCACCTCTACA	INDEL;IDV=5;IMF=1;DP=5;VDB=0.00187095;SGB=-0.590765;MQ0F=0;AC=2;AN=2;DP4=0,0,5,0;MQ=60;RB=4,130925664,130926267,GTT,GTG
7	96135291	NA	TTGTCAA	T	225	MASKED;ATTATGAGTTGTCAATGT	INDEL;IDV=9;IMF=1;DP=9;VDB=5.52906e-06;SGB=-0.662043;MQ0F=0;AC=2;AN=2;DP4=0,0,0,9;MQ=60;RB=7,96134865,96135356,GGT,TGG
5	99536873	NA	GTT	G	11.7169	NEI_IND[22/570];CAGCATCTGTTTTTTTTT	INDEL;IDV=4;IMF=1;DP=4;VDB=0.0058656;SGB=-0.556411;MQ0F=0;AC=2;AN=2;DP4=0,0,0,4;MQ=60;RB=5,99536684,99536948,TAG,ATA
5	76487060	NA	CAGTT	C	225	NEI_IND[4/207];CATATTGACAGTTAGGAC	INDEL;IDV=9;IMF=1;DP=9;VDB=5.52906e-06;SGB=-0.662043;MQ0F=0;AC=2;AN=2;DP4=0,0,9,0;MQ=60;RB=5,76486925,76487253,TAG,AAA
3	134299036	NA	CAAA	C	40.4148	NEI_IND[13/337];CTCCACCTCAAAAAAAAA	INDEL;IDV=6;IMF=1;DP=6;VDB=0.000411984;SGB=-0.616816;MQ0F=0;AC=2;AN=2;DP4=0,0,6,0;MQ=60;RB=3,134299004,134299483,GTC,AAT
7	109709052	NA	A	ATTTT	224	PASS;ATTTATTTATTACAAAAC	INDEL;IDV=6;IMF=0.857143;DP=7;VDB=0.00011279;SGB=-0.636426;MQ0F=0;AC=2;AN=2;DP4=0,0,7,0;MQ=60;RB=7,109709001,109709304,GGC,AGA
7	109709127	NA	CACAT	C	224	MASKED;CACACACACACATACACA	INDEL;IDV=7;IMF=1;DP=7;VDB=6.71664e-05;SGB=-0.636426;MQ0F=0;AC=2;AN=2;DP4=0,0,7,0;MQ=60;RB=7,109709001,109709304,GGC,AGA
4	115590537	NA	CATATATATATATAT	CAT,C	191	NEI_IND[6/534];TTCATATACATATATATA	INDEL;IDV=7;IMF=1;DP=7;VDB=7.99768e-05;SGB=-0.636426;MQ0F=0;AC=1,1;AN=2;DP4=0,0,0,7;MQ=60;RB=4,115590310,115590582,TAT,GGC
12	59550310	NA	TA	T	147	MASKED;ATGTATAATATTTTTTTT	INDEL;IDV=11;IMF=1;DP=11;VDB=2.26006e-08;SGB=-0.676189;MQ0F=0;AC=2;AN=2;DP4=0,0,0,11;MQ=60;RB=12,59550076,59550335,ATA,TGA
6	68835564	NA	CT	C	140	PASS;AAAGACTGCTATTTTCTG	INDEL;IDV=9;IMF=1;DP=9;VDB=5.52906e-06;SGB=-0.662043;MQ0F=0;AC=2;AN=2;DP4=0,0,9,0;MQ=60;RB=6,68835539,68836056,CCC,ACG
5	130282389	NA	AATAT	A	174	PASS;TAGCCAAAAATATATATA	INDEL;IDV=5;IMF=1;DP=5;VDB=0.00187095;SGB=-0.590765;MQ0F=0;AC=2;AN=2;DP4=0,0,5,0;MQ=60;RB=5,130282259,130282879,CGT,TCG
4	142670253	NA	GAAAC	G	225	NEI_IND[4/349];TCTGCACAGAAACAAACA	INDEL;IDV=10;IMF=1;DP=10;VDB=6.99472e-07;SGB=-0.670168;MQ0F=0;AC=2;AN=2;DP4=0,0,10,0;MQ=60;RB=4,142670197,142670529,GAT,CCC
4	142670403	NA	G	GA	6.97137	NEI_IND[28/724];GTTTATAAGAAAAAAAAA	INDEL;IDV=9;IMF=0.9;DP=10;VDB=8.49811e-07;SGB=-0.662043;MQ0F=0;AC=2;AN=2;DP4=0,1,0,9;MQ=60;RB=4,142670197,142670529,GAT,CCC
9	122581140	NA	CAGACTGA	C	205	MASKED;TTTGGCCACAGACTGAAG	INDEL;IDV=6;IMF=1;DP=6;VDB=0.000411984;SGB=-0.616816;MQ0F=0;AC=2;AN=2;DP4=0,0,0,6;MQ=60;RB=9,122580569,122581225,AGT,CTG
14	22162983	NA	AC	A	79	PASS;TAATGGAGACCAGGAAGA	INDEL;IDV=6;IMF=1;DP=6;VDB=0.00215942;SGB=-0.590765;MQ0F=0;AC=2;AN=2;DP4=0,0,5,0;MQ=60;RB=14,22162906,22163475,CTG,CCG
15	93102140	NA	GC	G	91	MASKED;ATGTTCTTGCCACAAAGA	INDEL;IDV=5;IMF=1;DP=5;VDB=0.00187095;SGB=-0.590765;MQ0F=0;AC=2;AN=2;DP4=0,0,5,0;MQ=60;RB=15,93102027,93102355,ACA,ATT
2	44618370	NA	TATG	T	205	PASS;GTCCACATTATGATAAGC	INDEL;IDV=6;IMF=1;DP=6;VDB=0.000411984;SGB=-0.616816;MQ0F=0;AC=2;AN=2;DP4=0,0,6,0;MQ=60;RB=2,44618318,44618979,ATT,AAT
2	231452775	NA	CT	C	71	PASS;ACAATATCCTTTTCAAAA	INDEL;IDV=7;IMF=1;DP=7;VDB=6.71664e-05;SGB=-0.636426;MQ0F=0;AC=2;AN=2;DP4=0,0,7,0;MQ=60;RB=2,231452711,231453037,CTG,AGC
20	22999896	NA	GCCAGGATGAGCC	G	182	MASKED;AGAGCTGAGCCAGGATGA	INDEL;IDV=5;IMF=1;DP=5;VDB=0.00187095;SGB=-0.590765;MQ0F=0;AC=2;AN=2;DP4=0,0,0,5;MQ=60;RB=20,22999264,22999997,CTC,TCC
8	136586905	NA	CACTA	C	200	PASS;TAAATATACACTAACTAA	INDEL;IDV=6;IMF=1;DP=6;VDB=0.000411984;SGB=-0.616816;MQ0F=0;AC=2;AN=2;DP4=0,0,0,6;MQ=60;RB=8,136586707,136586937,GAA,TTG
X	1777433	NA	G	GT	110	NEI_IND[55/660];CAGTTGTGGTATCCAAGC	INDEL;IDV=5;IMF=1;DP=5;VDB=0.00187095;SGB=-0.590765;MQ0F=0;AC=2;AN=2;DP4=0,0,0,5;MQ=60;RB=X,1777022,1777488,GGT,TGC
X	1777455	NA	TTTTG	T	81	MASKED;GCACACTTTTTTGTTTGT	INDEL;IDV=5;IMF=1;DP=5;VDB=0.00187095;SGB=-0.590765;MQ0F=0;AC=2;AN=2;DP4=0,0,0,5;MQ=60;RB=X,1777022,1777488,GGT,TGC
5	145492659	NA	CTCTTGTTGCCTA	C	205	PASS;GAGTTTCACTCTTGTTGC	INDEL;IDV=6;IMF=1;DP=6;VDB=0.000411984;SGB=-0.616816;MQ0F=0;AC=2;AN=2;DP4=0,0,0,6;MQ=60;RB=5,145492152,145492703,ATA,GAT
2	21051972	NA	TAAAAAAAAAAAAA	T	106	NEI_IND[88/204];ATCTCTACTAAAAAAAAA	INDEL;IDV=5;IMF=1;DP=5;VDB=0.00187095;SGB=-0.590765;MQ0F=0;AC=2;AN=2;DP4=0,0,0,5;MQ=60;RB=2,21051469,21052017,GGG,CTG
5	104767374	NA	AG	A	114	PASS;TAGCTGGAAGGGTTTTGA	INDEL;IDV=8;IMF=1;DP=8;VDB=1.33331e-05;SGB=-0.651104;MQ0F=0;AC=2;AN=2;DP4=0,0,0,8;MQ=60;RB=5,104767074,104767437,ACC,CCT
4	158783466	NA	G	GT	11.7169	PASS;TTTGTTTTGTTTTTTTCT	INDEL;IDV=4;IMF=1;DP=4;VDB=0.0058656;SGB=-0.556411;MQ0F=0;AC=2;AN=2;DP4=0,0,0,4;MQ=60;RB=4,158783255,158783513,TCG,GGG
19	40330577	NA	AGGCCAGGGT	A	205	PASS;GAACAGCAAGGCCAGGGT	INDEL;IDV=6;IMF=1;DP=6;VDB=0.000411984;SGB=-0.616816;MQ0F=0;AC=2;AN=2;DP4=0,0,0,6;MQ=60;RB=19,40330093,40330655,TTT,ACG
3	144969008	NA	CT	C	97	PASS;TGTCTGCACTTCATCCAA	INDEL;IDV=6;IMF=1;DP=6;VDB=0.000411984;SGB=-0.616816;MQ0F=0;AC=2;AN=2;DP4=0,0,6,0;MQ=60;RB=3,144968882,144969796,AGT,CTG
3	31433275	NA	TC	T	99	MASKED;TAATGCATTCTACAGCAC	INDEL;IDV=5;IMF=1;DP=5;VDB=0.00215942;SGB=-0.590765;MQ0F=0;AC=2;AN=2;DP4=0,0,5,0;MQ=60;RB=3,31433259,31433937,AAT,TTT
12	96268953	NA	TG	T	145	MASKED;CTGATTGATGGCATGAGA	INDEL;IDV=13;IMF=1;DP=13;VDB=2.26006e-08;SGB=-0.683931;MQ0F=0;AC=2;AN=2;DP4=0,0,0,13;MQ=60;RB=12,96268748,96269019,ATA,TAT
1	243709571	NA	C	CTTTA	154	PASS;CCCTTTTTCTTTATAAAT	INDEL;IDV=4;IMF=1;DP=4;VDB=0.0058656;SGB=-0.556411;MQ0F=0;AC=2;AN=2;DP4=0,0,4,0;MQ=60;RB=1,243709458,243709876,GTA,ACC
1	70585004	NA	T	TA	116	PASS;TCAGATATTAATTCAATT	INDEL;IDV=6;IMF=1;DP=6;VDB=0.000411984;SGB=-0.616816;MQ0F=0;AC=2;AN=2;DP4=0,0,0,6;MQ=60;RB=1,70584796,70585072,CAT,CCG
7	112707323	NA	ACAT	A	154	PASS;GGGCAGAAACATCATCAA	INDEL;IDV=4;IMF=1;DP=4;VDB=0.0058656;SGB=-0.556411;MQ0F=0;AC=2;AN=2;DP4=0,0,0,4;MQ=60;RB=7,112707076,112707423,TGC,CTG
3	138776334	NA	ATCTC	A	154	PASS;CTCTATTTATCTCTCTAT	INDEL;IDV=4;IMF=1;DP=4;VDB=0.0058656;SGB=-0.556411;MQ0F=0;AC=2;AN=2;DP4=0,0,0,4;MQ=60;RB=3,138775853,138776371,CAC,CTC
5	131032467	NA	TTC	T	179	PASS;AAATTAAATTCTCTCTGT	INDEL;IDV=8;IMF=1;DP=8;VDB=1.33331e-05;SGB=-0.651104;MQ0F=0;AC=2;AN=2;DP4=0,0,0,8;MQ=60;RB=5,131032100,131032570,GGG,GGC
17	5189163	NA	TATC	T	192	MASKED;GACGATCTTATCATATGC	INDEL;IDV=6;IMF=1;DP=6;VDB=0.000411984;SGB=-0.616816;MQ0F=0;AC=2;AN=2;DP4=0,0,0,6;MQ=60;RB=17,5188926,5189274,TTC,ACT
12	44993908	NA	CTAAT	C	91	NEI_IND[124/392];ACGCCCGGCTAATTTATT	INDEL;IDV=6;IMF=1;DP=6;VDB=0.000411984;SGB=-0.616816;MQ0F=0;AC=2;AN=2;DP4=0,0,6,0;MQ=60;RB=12,44993887,44994205,AAT,GTT
5	78774376	NA	AT	A	116	PASS;TAAATAAAATACTAAAGT	INDEL;IDV=6;IMF=1;DP=6;VDB=0.000411984;SGB=-0.616816;MQ0F=0;AC=2;AN=2;DP4=0,0,0,6;MQ=60;RB=5,78774107,78774424,TGG,ACC
4	82694028	NA	AAAAT	A	225	MASKED;GGTCATTTAAAATAAATA	INDEL;IDV=12;IMF=1;DP=12;VDB=2.26006e-08;SGB=-0.680642;MQ0F=0;AC=2;AN=2;DP4=0,0,0,12;MQ=60;RB=4,82693756,82694108,GGC,CCT
1	171019267	NA	CTTTAG	C	182	MASKED;TGCAGAAACTTTAGTTTA	INDEL;IDV=5;IMF=1;DP=5;VDB=0.00187095;SGB=-0.590765;MQ0F=0;AC=2;AN=2;DP4=0,0,5,0;MQ=60;RB=1,171019202,171019726,ACC,GAG
15	93102140	NA	GC	G	92	MASKED;ATGTTCTTGCCACAAAGA	INDEL;IDV=5;IMF=1;DP=5;VDB=0.00187095;SGB=-0.590765;MQ0F=0;AC=2;AN=2;DP4=0,0,5,0;MQ=60;RB=15,93102064,93102354,ATT,GGG
2	82841081	NA	CT	C	130	MASKED;CCTTTTTGCTACATAAAA	INDEL;IDV=8;IMF=1;DP=8;VDB=1.33331e-05;SGB=-0.651104;MQ0F=0;AC=2;AN=2;DP4=0,0,8,0;MQ=60;RB=2,82841053,82841629,GTA,TGC
2	82841163	NA	AT	A	120	NEI_IND[54/601];CCCAAGTCATTGTTACTG	INDEL;IDV=8;IMF=1;DP=8;VDB=1.33331e-05;SGB=-0.651104;MQ0F=0;AC=2;AN=2;DP4=0,0,8,0;MQ=60;RB=2,82841053,82841629,GTA,TGC
4	65031306	NA	TTTTCC	T	225	MASKED;TAGTGCAATTTTCCTTTC	INDEL;IDV=9;IMF=1;DP=9;VDB=5.52906e-06;SGB=-0.662043;MQ0F=0;AC=2;AN=2;DP4=0,0,9,0;MQ=60;RB=4,65031222,65031700,GAG,ACG
7	34111264	NA	CA	C	44.4146	MASKED;GAGAGTGGCAAAAATGCA	INDEL;IDV=6;IMF=1;DP=6;VDB=0.000411984;SGB=-0.616816;MQ0F=0;AC=2;AN=2;DP4=0,0,0,6;MQ=60;RB=7,34110936,34111287,TTG,ATA
18	71179632	NA	CCAACATCCATATTA	C	182	NEI_IND[6/222];TGTGTAAGCCAACATCCA	INDEL;IDV=5;IMF=1;DP=5;VDB=0.00187095;SGB=-0.590765;MQ0F=0;AC=2;AN=2;DP4=0,0,5,0;MQ=60;RB=18,71179543,71180035,TGA,ATA
2	57651940	NA	TTA	T	192	PASS;ATGTTTAGTTATCCATAA	INDEL;IDV=8;IMF=1;DP=8;VDB=0.804867;SGB=-0.651104;MQSB=0.992367;MQ0F=0;AC=2;AN=2;DP4=0,0,4,4;MQ=60;RB=2,57651813,57652035,GTT,CCC
1	12505603	NA	GAGAT	G	218	MASKED;TGGATTGAGAGATAGCAA	INDEL;IDV=7;IMF=1;DP=7;VDB=6.71664e-05;SGB=-0.636426;MQ0F=0;AC=2;AN=2;DP4=0,0,0,7;MQ=60;RB=1,12505013,12505719,AAC,AAT
6	79606063	NA	AAAC	A	31.4175	MASKED;AAAAAAAAAAACAACCTG	INDEL;IDV=5;IMF=0.555556;DP=9;VDB=0.00187095;SGB=-0.590765;MQ0F=0;AC=2;AN=2;DP4=0,0,0,5;MQ=60;RB=6,79605783,79606123,CAT,AGG
4	151934911	NA	GACTA	G	205	PASS;CTTCCAATGACTAACTAT	INDEL;IDV=6;IMF=1;DP=6;VDB=0.000411984;SGB=-0.616816;MQ0F=0;AC=2;AN=2;DP4=0,0,0,6;MQ=60;RB=4,151934751,151935024,TTG,AAC
13	56467193	NA	GA	G	16.5122	MASKED;AAGAAAAAGAAAAAAATG	INDEL;IDV=5;IMF=1;DP=5;VDB=0.00187095;SGB=-0.590765;MQ0F=0;AC=2;AN=2;DP4=0,0,0,5;MQ=60;RB=13,56466868,56467232,CAT,ATT
13	75870822	NA	CAG	C	139	PASS;AAGATGCACAGAGAGAGA	INDEL;IDV=5;IMF=1;DP=5;VDB=0.00187095;SGB=-0.590765;MQ0F=0;AC=2;AN=2;DP4=0,0,5,0;MQ=60;RB=13,75870789,75871109,TGG,TTG
5	173811756	NA	CGGTGTG	C	205	NEI_IND[6/251];TGCACACACGGTGTGTTA	INDEL;IDV=6;IMF=1;DP=6;VDB=0.000411984;SGB=-0.616816;MQ0F=0;AC=2;AN=2;DP4=0,0,6,0;MQ=60;RB=5,173811725,173811975,ATA,GTT
11	16279546	NA	TA	T	29.4193	NEI_IND[32/352];AAAGAATTTAAAAAAATG	INDEL;IDV=12;IMF=1;DP=12;VDB=2.26006e-08;SGB=-0.680642;MQ0F=0;AC=2;AN=2;DP4=0,0,12,0;MQ=60;RB=11,16279478,16279972,AAT,CAT
11	16279910	NA	CATT	C	225	MASKED;CAATGAAACATTATTCTG	INDEL;IDV=12;IMF=1;DP=12;VDB=2.26006e-08;SGB=-0.680642;MQ0F=0;AC=2;AN=2;DP4=0,0,0,12;MQ=60;RB=11,16279478,16279972,AAT,CAT
11	79987150	NA	TC	T	109	PASS;AATTATGATCAATGATGA	INDEL;IDV=6;IMF=1;DP=6;VDB=0.000411984;SGB=-0.616816;MQ0F=0;AC=2;AN=2;DP4=0,0,6,0;MQ=60;RB=11,79987028,79987408,GAG,ATA
11	5083250	NA	TACTC	T	72	MASKED;TCTATACTTACTCACCTG	INDEL;IDV=5;IMF=1;DP=5;VDB=0.00187095;SGB=-0.590765;MQ0F=0;AC=2;AN=2;DP4=0,0,0,5;MQ=60;RB=11,5083004,5083303,GAT,CAT
2	149007558	NA	TC	T	104	MASKED;ACTTTTTTTCCGCTACTT	INDEL;IDV=6;IMF=1;DP=6;VDB=0.000411984;SGB=-0.616816;MQ0F=0;AC=2;AN=2;DP4=0,0,6,0;MQ=60;RB=2,149007481,149007772,CCC,CTA
11	126751318	NA	CA	C	137	MASKED;GGTTTAATCAGTCAGCGT	INDEL;IDV=8;IMF=1;DP=8;VDB=1.33331e-05;SGB=-0.651104;MQ0F=0;AC=2;AN=2;DP4=0,0,8,0;MQ=60;RB=11,126751245,126751745,TTA,GGT
3	180996073	NA	ATG	A	109	MASKED;TTACACTGATGTGTGTGT	INDEL;IDV=4;IMF=1;DP=4;VDB=0.0058656;SGB=-0.556411;MQ0F=0;AC=2;AN=2;DP4=0,0,0,4;MQ=60;RB=3,180995719,180996110,CCG,TTA
14	29330913	NA	GT	G	11.7169	PASS;TAGCCATAGTTTTTTTGT	INDEL;IDV=4;IMF=1;DP=4;VDB=0.0058656;SGB=-0.556411;MQ0F=0;AC=2;AN=2;DP4=0,0,0,4;MQ=60;RB=14,29330564,29331031,GGT,ACC
12	43556633	NA	TA	T	39.4149	PASS;ACCCATCATAAAAAAGTT	INDEL;IDV=8;IMF=1;DP=8;VDB=1.33331e-05;SGB=-0.651104;MQ0F=0;AC=2;AN=2;DP4=0,0,8,0;MQ=60;RB=12,43556555,43556854,GTG,TTT
20	50508444	NA	CACACACCTAAGGT	C	224	NEI_IND[6/198];CTAAGTAACACACACCTA	INDEL;IDV=7;IMF=1;DP=7;VDB=6.71664e-05;SGB=-0.636426;MQ0F=0;AC=2;AN=2;DP4=0,0,7,0;MQ=60;RB=20,50508405,50508800,GTT,AGA
4	24743392	NA	GC	G	64	MASKED;AGATAGTGGCCCCAAAAT	INDEL;IDV=6;IMF=1;DP=6;VDB=0.000411984;SGB=-0.616816;MQ0F=0;AC=2;AN=2;DP4=0,0,0,6;MQ=60;RB=4,24743112,24743480,TTC,CAT
9	12544590	NA	TGCGC	T	182	NEI_IND[4/394];CTAATTTGTGCGCGCACA	INDEL;IDV=5;IMF=1;DP=5;VDB=0.00187095;SGB=-0.590765;MQ0F=0;AC=2;AN=2;DP4=0,0,5,0;MQ=60;RB=9,12544471,12544946,CAG,ACC
6	153567338	NA	ATAAT	A	182	MASKED;TAAACATTATAATTAATT	INDEL;IDV=5;IMF=1;DP=5;VDB=0.00187095;SGB=-0.590765;MQ0F=0;AC=2;AN=2;DP4=0,0,0,5;MQ=60;RB=6,153566494,153567399,TGA,GTG
2	138513794	NA	AAAC	A	225	MASKED;CTTGCACTAAACAATTCA	INDEL;IDV=10;IMF=1;DP=10;VDB=6.99472e-07;SGB=-0.670168;MQ0F=0;AC=2;AN=2;DP4=0,0,10,0;MQ=60;RB=2,138513739,138514058,TTT,CTT
6	12805825	NA	CTCTT	C	225	PASS;CTCTGTCTCTCTTTCTTT	INDEL;IDV=8;IMF=0.888889;DP=8;VDB=1.33331e-05;SGB=-0.651104;MQ0F=0;AC=2;AN=2;DP4=0,0,0,8;MQ=60;RB=6,12805273,12805884,TCT,TTA
5	173811756	NA	CGGTGTG	C	205	NEI_IND[6/251];TGCACACACGGTGTGTTA	INDEL;IDV=6;IMF=1;DP=6;VDB=0.000411984;SGB=-0.616816;MQ0F=0;AC=2;AN=2;DP4=0,0,6,0;MQ=60;RB=5,173811726,173811975,ACC,GAA
4	79848365	NA	C	CA	154	PASS;TGGGAAGACAGAGCTCTC	INDEL;IDV=9;IMF=1;DP=9;VDB=5.52906e-06;SGB=-0.662043;MQ0F=0;AC=2;AN=2;DP4=0,0,0,9;MQ=60;RB=4,79847985,79848393,TAA,GTT
9	9739313	NA	ATT	A	153	PASS;TGCTAGATATTTTTATAT	INDEL;IDV=9;IMF=1;DP=9;VDB=5.52906e-06;SGB=-0.662043;MQ0F=0;AC=2;AN=2;DP4=0,0,9,0;MQ=60;RB=9,9739187,9739597,TGA,GAG
4	113785067	NA	TGTGAACTAAAGAAG	T	225	PASS;GAAATGTTTGTGAACTAA	INDEL;IDV=9;IMF=1;DP=9;VDB=5.52906e-06;SGB=-0.662043;MQ0F=0;AC=2;AN=2;DP4=0,0,0,9;MQ=60;RB=4,113784879,113785185,GAC,GGA
7	96304455	NA	AG	A	118	MASKED;GAAAATATAGTTGCATTT	INDEL;IDV=8;IMF=1;DP=8;VDB=6.71664e-05;SGB=-0.636426;MQ0F=0;AC=2;AN=2;DP4=0,0,0,7;MQ=60;RB=7,96304229,96304531,GGT,ATA
3	111135886	NA	CTATT	C	154	MASKED;GCTCTAAACTATTTATTC	INDEL;IDV=4;IMF=1;DP=4;VDB=0.0058656;SGB=-0.556411;MQ0F=0;AC=2;AN=2;DP4=0,0,0,4;MQ=60;RB=3,111135141,111135908,ATA,AAC
2	137303486	NA	CACCTGTGTATGTGTAT	C	154	MASKED;CTTGCACACACCTGTGTA	INDEL;IDV=4;IMF=1;DP=4;VDB=0.0058656;SGB=-0.556411;MQ0F=0;AC=2;AN=2;DP4=0,0,4,0;MQ=60;RB=2,137303467,137304095,GTG,CTG
21	16398140	NA	CG	C	79	PASS;CATAATTACGGGCCGACA	INDEL;IDV=5;IMF=1;DP=5;VDB=0.00187095;SGB=-0.590765;MQ0F=0;AC=2;AN=2;DP4=0,0,0,5;MQ=60;RB=21,16397884,16398236,AAT,CGA
2	228770471	NA	TTTAG	T	205	MASKED;ATTATTTATTTAGTTAGT	INDEL;IDV=6;IMF=1;DP=6;VDB=0.000411984;SGB=-0.616816;MQ0F=0;AC=2;AN=2;DP4=0,0,0,6;MQ=60;RB=2,228770270,228770521,ACC,CAC
6	140555437	NA	AATT	A	205	MASKED;GGAAGTCAAATTATTATC	INDEL;IDV=6;IMF=1;DP=6;VDB=0.000411984;SGB=-0.616816;MQ0F=0;AC=2;AN=2;DP4=0,0,0,6;MQ=60;RB=6,140555084,140555554,CTC,GAA
14	35171259	NA	TCACAGCCAGAGCATGACA	T	205	PASS;ATTTTTTTTCACAGCCAG	INDEL;IDV=6;IMF=1;DP=6;VDB=0.000411984;SGB=-0.616816;MQ0F=0;AC=2;AN=2;DP4=0,0,6,0;MQ=60;RB=14,35171238,35171702,ACT,AAA
2	195712344	NA	CA	C	62	PASS;TCAAAAAGCATGTGCAAG	INDEL;IDV=3;IMF=0.75;DP=3;VDB=0.0221621;SGB=-0.511536;MQ0F=0;AC=2;AN=2;DP4=0,0,0,3;MQ=60;RB=2,195711576,195712371,GCT,ATA
5	168136939	NA	G	GT	161	PASS;TGTAAATTGGTTATAACC	INDEL;IDV=10;IMF=1;DP=10;VDB=6.99472e-07;SGB=-0.670168;MQ0F=0;AC=2;AN=2;DP4=0,0,10,0;MQ=60;RB=5,168136911,168137463,CCG,AAT
22	43510615	NA	A	ACATTTATTG	224	PASS;AAGAGATGACATTTATTG	INDEL;IDV=7;IMF=1;DP=7;VDB=6.71664e-05;SGB=-0.636426;MQ0F=0;AC=2;AN=2;DP4=0,0,0,7;MQ=60;RB=22,43510389,43510712,CTA,ATA
10	122511995	NA	GGGTAT	G	225	NEI_IND[280/392];ATTCCTTTGGGTATGGTA	INDEL;IDV=8;IMF=1;DP=8;VDB=1.33331e-05;SGB=-0.651104;MQ0F=0;AC=2;AN=2;DP4=0,0,8,0;MQ=60;RB=10,122511961,122512442,GTT,TGA
10	122512360	NA	CA	C	136	PASS;CTTCACACCATCAGCTAT	INDEL;IDV=8;IMF=1;DP=8;VDB=1.33331e-05;SGB=-0.651104;MQ0F=0;AC=2;AN=2;DP4=0,0,0,8;MQ=60;RB=10,122511961,122512442,GTT,TGA
9	92322250	NA	GT	G	23.434	PASS;TTGTTTTTGTTTTTTTAA	INDEL;IDV=7;IMF=1;DP=7;VDB=6.71664e-05;SGB=-0.636426;MQ0F=0;AC=2;AN=2;DP4=0,0,0,7;MQ=60;RB=9,92321803,92322290,ATA,GAG
19	23974588	NA	CTG	C	211	PASS;CTCTGAGACTGGAGTGCA	INDEL;IDV=8;IMF=1;DP=8;VDB=2.30147e-05;SGB=-0.651104;MQ0F=0;AC=2;AN=2;DP4=0,0,0,8;MQ=60;RB=19,23973787,23974617,CCT,GTT
5	24528172	NA	CAT	C	225	PASS;TTTAATAACATAATTTCT	INDEL;IDV=12;IMF=1;DP=12;VDB=1;SGB=-0.680642;MQSB=0.982603;MQ0F=0;AC=2;AN=2;DP4=0,0,6,6;MQ=60;RB=5,24528037,24528308,ATT,GAC
22	20938282	NA	GGAT	G	225	PASS;GCTTGTCTGGATAGAATG	INDEL;IDV=8;IMF=1;DP=8;VDB=1.33331e-05;SGB=-0.651104;MQ0F=0;AC=2;AN=2;DP4=0,0,8,0;MQ=60;RB=22,20938196,20938539,GGT,GCC
15	65302040	NA	GA	G	81	MASKED;CCAGGCTGGAAGTGCAGT	INDEL;IDV=5;IMF=1;DP=5;VDB=0.00187095;SGB=-0.590765;MQ0F=0;AC=2;AN=2;DP4=0,0,0,5;MQ=60;RB=15,65301371,65302066,ACC,CTC
11	2373750	NA	CT	C	118	MASKED;ATTTCTCTCTTTCTTGCA	INDEL;IDV=9;IMF=1;DP=9;VDB=5.52906e-06;SGB=-0.662043;MQ0F=0;AC=2;AN=2;DP4=0,0,0,9;MQ=60;RB=11,2373276,2373787,ATG,AAT
10	3672609	NA	CTT	C	216	PASS;TGCTATCTCTTCTCCTGT	INDEL;IDV=8;IMF=1;DP=8;VDB=1.33331e-05;SGB=-0.651104;MQ0F=0;AC=2;AN=2;DP4=0,0,8,0;MQ=60;RB=10,3672598,3672879,CGA,GGG
12	8636477	NA	GA	G	125	MASKED;TGTAGGTTGAGGGGGGGG	INDEL;IDV=9;IMF=1;DP=9;VDB=1.33331e-05;SGB=-0.651104;MQ0F=0;AC=2;AN=2;DP4=0,0,0,8;MQ=60;RB=12,8636235,8636601,GCA,TTT
2	100930377	NA	GTAATATTTTTA	G	205	PASS;ATGTCTCAGTAATATTTT	INDEL;IDV=6;IMF=1;DP=6;VDB=0.000411984;SGB=-0.616816;MQ0F=0;AC=2;AN=2;DP4=0,0,0,6;MQ=60;RB=2,100930194,100930518,TGA,CTA
9	12544590	NA	TGCGC	T	177	NEI_IND[4/394];CTAATTTGTGCGCGCACA	INDEL;IDV=5;IMF=1;DP=5;VDB=0.00187095;SGB=-0.590765;MQ0F=0;AC=2;AN=2;DP4=0,0,5,0;MQ=60;RB=9,12544470,12544947,GAT,TAT
5	10091010	NA	G	GT	92	PASS;TCACACAGGTAAAATCTC	INDEL;IDV=4;IMF=1;DP=4;VDB=0.0058656;SGB=-0.556411;MQ0F=0;AC=2;AN=2;DP4=0,0,4,0;MQ=60;RB=5,10090909,10091512,ATT,GTT
3	84631382	NA	TCAAA	T	225	PASS;TCCTCTCATCAAACAAGC	INDEL;IDV=8;IMF=1;DP=8;VDB=1.33331e-05;SGB=-0.651104;MQ0F=0;AC=2;AN=2;DP4=0,0,0,8;MQ=60;RB=3,84631177,84631425,TTG,TGT
12	14379706	NA	GTGTATA	G	182	MASKED;CTACTACCGTGTATATGT	INDEL;IDV=5;IMF=1;DP=5;VDB=0.00187095;SGB=-0.590765;MQ0F=0;AC=2;AN=2;DP4=0,0,0,5;MQ=60;RB=12,14379103,14379747,CCG,TCG
19	2568584	NA	TAC	T	143	MASKED;TGCACAAATACACACATA	INDEL;IDV=5;IMF=1;DP=5;VDB=0.00187095;SGB=-0.590765;MQ0F=0;AC=2;AN=2;DP4=0,0,5,0;MQ=60;RB=19,2568529,2568838,CAG,GGA
19	2568727	NA	CACATAT	C	182	NEI_IND[120/417];CATACAGACACATATACA	INDEL;IDV=5;IMF=1;DP=5;VDB=0.00187095;SGB=-0.590765;MQ0F=0;AC=2;AN=2;DP4=0,0,0,5;MQ=60;RB=19,2568529,2568838,CAG,GGA
19	2568775	NA	TACAC	T	63	NEI_IND[76/368];CACATAAATACACATACA	INDEL;IDV=5;IMF=1;DP=5;VDB=0.00187095;SGB=-0.590765;MQ0F=0;AC=2;AN=2;DP4=0,0,0,5;MQ=60;RB=19,2568529,2568838,CAG,GGA
8	99470342	NA	TAC	T	137	MASKED;CACACATATACACACACA	INDEL;IDV=7;IMF=1;DP=7;VDB=0.000411984;SGB=-0.616816;MQ0F=0;AC=2;AN=2;DP4=0,0,0,6;MQ=60;RB=8,99470110,99470467,AAT,CTG
16	59708789	NA	A	AT	16.5122	NEI_IND[21/456];TATTTTTTATTTTTTTAT	INDEL;IDV=6;IMF=1;DP=6;VDB=0.00187095;SGB=-0.590765;MQ0F=0;AC=2;AN=2;DP4=0,0,0,5;MQ=60;RB=16,59708064,59708866,TCT,CGA
16	59708837	NA	CTTTAAG	C	143	NEI_IND[6/390];TTATTATACTTTAAGTTT	INDEL;IDV=6;IMF=1;DP=6;VDB=0.00187095;SGB=-0.590765;MQ0F=0;AC=2;AN=2;DP4=0,0,0,5;MQ=60;RB=16,59708064,59708866,TCT,CGA
3	96991141	NA	CGTGTGTGTGTGTGT	C	205	MASKED;TTCCATTTCGTGTGTGTG	INDEL;IDV=6;IMF=1;DP=6;VDB=0.000481013;SGB=-0.616816;MQ0F=0;AC=2;AN=2;DP4=0,0,0,6;MQ=60;RB=3,96990558,96991206,GGG,CCT
5	38103802	NA	C	CCAAATTTTG	182	PASS;GAGCCTGGCCAAATTTTG	INDEL;IDV=5;IMF=1;DP=5;VDB=0.00187095;SGB=-0.590765;MQ0F=0;AC=2;AN=2;DP4=0,0,0,5;MQ=60;RB=5,38103489,38103881,CGT,AGG
6	29684408	NA	TTTAATTTTGC	T	182	NEI_IND[6/426];ACAATAATTTTAATTTTG	INDEL;IDV=5;IMF=1;DP=5;VDB=0.00187095;SGB=-0.590765;MQ0F=0;AC=2;AN=2;DP4=0,0,0,5;MQ=60;RB=6,29684227,29684466,ATT,AAT
21	45394344	NA	ATG	A	124	MASKED;AATTATAAATGTGCATGT	INDEL;IDV=4;IMF=1;DP=4;VDB=0.0058656;SGB=-0.556411;MQ0F=0;AC=2;AN=2;DP4=0,0,0,4;MQ=60;RB=21,45394098,45394356,TGG,GAT
2	53072576	NA	TTTTA	T	225	MASKED;TTACAGATTTTTATTTAT	INDEL;IDV=8;IMF=1;DP=8;VDB=1.33331e-05;SGB=-0.651104;MQ0F=0;AC=2;AN=2;DP4=0,0,0,8;MQ=60;RB=2,53072118,53072608,CTG,CCG
14	83367703	NA	A	ATT	205	PASS;CTTTAAATAGACTTCTTT	INDEL;IDV=6;IMF=1;DP=6;VDB=0.000411984;SGB=-0.616816;MQ0F=0;AC=2;AN=2;DP4=0,0,0,6;MQ=60;RB=14,83367158,83367737,GGA,GAT
5	129261584	NA	ATG	A	193	MASKED;GTGTATATATGTGTGTGT	INDEL;IDV=10;IMF=1;DP=10;VDB=6.99472e-07;SGB=-0.670168;MQ0F=0;AC=2;AN=2;DP4=0,0,0,10;MQ=60;RB=5,129261161,129261608,CTG,TTT
2	23655433	NA	A	ATTTT	225	PASS;ACATGTAGATTTAAAAGA	INDEL;IDV=10;IMF=1;DP=10;VDB=6.99472e-07;SGB=-0.670168;MQ0F=0;AC=2;AN=2;DP4=0,0,0,10;MQ=60;RB=2,23655040,23655445,GTT,CCC
11	48448058	NA	TC	T	101	PASS;AGGCCTTTTCTGCATCTA	INDEL;IDV=6;IMF=1;DP=6;VDB=0.00187095;SGB=-0.590765;MQ0F=0;AC=2;AN=2;DP4=0,0,0,5;MQ=60;RB=11,48447765,48448149,TAG,CCC
1	22682307	NA	TTA	T	142	MASKED;TCTGCATCTTAATCTCTT	INDEL;IDV=4;IMF=1;DP=4;VDB=0.0058656;SGB=-0.556411;MQ0F=0;AC=2;AN=2;DP4=0,0,4,0;MQ=60;RB=1,22682201,22682827,CGC,ATG
1	166512015	NA	CTAATA	C	224	PASS;TTTCTCAACTAATATAAA	INDEL;IDV=7;IMF=1;DP=7;VDB=6.71664e-05;SGB=-0.636426;MQ0F=0;AC=2;AN=2;DP4=0,0,7,0;MQ=60;RB=1,166511965,166512273,GTG,CGA
1	166512181	NA	A	AT	36.4154	NEI_IND[60/720];CTAAAAATAAAAAATTAG	INDEL;IDV=7;IMF=1;DP=7;VDB=6.71664e-05;SGB=-0.636426;MQ0F=0;AC=2;AN=2;DP4=0,0,0,7;MQ=60;RB=1,166511965,166512273,GTG,CGA
14	47649224	NA	TAACTTTTATTTTA	T	224	NEI_IND[57/351];CTATTCTTTAACTTTTAT	INDEL;IDV=7;IMF=1;DP=7;VDB=6.71664e-05;SGB=-0.636426;MQ0F=0;AC=2;AN=2;DP4=0,0,0,7;MQ=60;RB=14,47648649,47649321,GAT,TAT
1	17036307	NA	GCTC	G	158	MASKED;TCTCAGGGGCTCCTCCTA	INDEL;IDV=11;IMF=0.916667;DP=11;VDB=0.000411984;SGB=-0.616816;MQ0F=0;AC=2;AN=2;DP4=0,0,6,0;MQ=60;RB=1,17036250,17036435,TCA,CCT
6	63500772	NA	GA	G	62	PASS;GCTATAAAGAAATACCTG	INDEL;IDV=4;IMF=1;DP=4;VDB=0.0058656;SGB=-0.556411;MQ0F=0;AC=2;AN=2;DP4=0,0,0,4;MQ=60;RB=6,63500271,63500908,TTG,ATA
10	79094615	NA	ATATAT	A	154	PASS;TATATGTAATATATTATA	INDEL;IDV=4;IMF=1;DP=4;VDB=0.0058656;SGB=-0.556411;MQ0F=0;AC=2;AN=2;DP4=0,0,4,0;MQ=60;RB=10,79094599,79094958,TTT,GCT
14	47649224	NA	TAACTTTTATTTTA	T	154	NEI_IND[57/351];CTATTCTTTAACTTTTAT	INDEL;IDV=4;IMF=1;DP=4;VDB=0.0058656;SGB=-0.556411;MQ0F=0;AC=2;AN=2;DP4=0,0,0,4;MQ=60;RB=14,47648650,47649320,CCC,TTG
12	96560881	NA	G	GT	135	PASS;CAACACATGTAACAGGAA	INDEL;IDV=7;IMF=1;DP=7;VDB=6.71664e-05;SGB=-0.636426;MQ0F=0;AC=2;AN=2;DP4=0,0,7,0;MQ=60;RB=12,96560793,96561170,AAT,CCG
6	110485393	NA	AAAT	A	154	PASS;TCCATGAAAAATAATTGG	INDEL;IDV=4;IMF=1;DP=4;VDB=0.0058656;SGB=-0.556411;MQ0F=0;AC=2;AN=2;DP4=0,0,0,4;MQ=60;RB=6,110485213,110485494,ATC,GCT
4	105152666	NA	CATT	C	154	PASS;TATATACACATTATATAT	INDEL;IDV=4;IMF=1;DP=4;VDB=0.0058656;SGB=-0.556411;MQ0F=0;AC=2;AN=2;DP4=0,0,0,4;MQ=60;RB=4,105152216,105152684,TCG,GGG
10	67758432	NA	TAAG	T	215	PASS;CAGTTGCTTAAGAAAAGA	INDEL;IDV=8;IMF=0.727273;DP=11;VDB=3.87165e-08;SGB=-0.651104;MQ0F=0;ICB=1;HOB=0.5;AC=1;AN=2;DP4=0,3,0,8;MQ=60;RB=10,67757871,67758462,CTC,TGC
3	31433275	NA	TC	T	81	MASKED;TAATGCATTCTACAGCAC	INDEL;IDV=4;IMF=1;DP=4;VDB=0.0058656;SGB=-0.556411;MQ0F=0;AC=2;AN=2;DP4=0,0,4,0;MQ=60;RB=3,31433259,31433937,TTT,CTT
22	39728589	NA	T	TCAG	182	PASS;TCTCCATATCAGCAATAA	INDEL;IDV=5;IMF=1;DP=5;VDB=0.00187095;SGB=-0.590765;MQ0F=0;AC=2;AN=2;DP4=0,0,0,5;MQ=60;RB=22,39728289,39728670,ACT,GAG
2	180035960	NA	T	TTTTAA	154	PASS;TTAATTTTTTTAAGTAAA	INDEL;IDV=4;IMF=1;DP=4;VDB=0.0058656;SGB=-0.556411;MQ0F=0;AC=2;AN=2;DP4=0,0,4,0;MQ=60;RB=2,180035940,180036372,GTC,AAA
10	84638946	NA	ACTTG	A	102	PASS;ATAGTAGAACTTGCTTGT	INDEL;IDV=3;IMF=0.5;DP=6;VDB=0.000411984;SGB=-0.511536;MQ0F=0;ICB=1;HOB=0.5;AC=1;AN=2;DP4=3,0,3,0;MQ=60;RB=10,84638865,84639119,TTT,TCC
10	84638949	NA	TG	T	65	PASS;GTAGAACTTGCTTGTTGT	INDEL;IDV=3;IMF=0.5;DP=3;VDB=0.0221621;SGB=-0.511536;MQ0F=0;AC=2;AN=2;DP4=0,0,3,0;MQ=60;RB=10,84638865,84639119,TTT,TCC
14	23720457	NA	ACAATT	A	182	MASKED;GGTATGCAACAATTCAAT	INDEL;IDV=5;IMF=1;DP=5;VDB=0.00187095;SGB=-0.590765;MQ0F=0;AC=2;AN=2;DP4=0,0,5,0;MQ=60;RB=14,23720385,23720749,TGA,AGT
11	123887916	NA	AG	A	96	PASS;CACAGAATAGATTACTAT	INDEL;IDV=5;IMF=1;DP=5;VDB=0.00187095;SGB=-0.590765;MQ0F=0;AC=2;AN=2;DP4=0,0,0,5;MQ=60;RB=11,123887334,123887986,TCA,CTG
7	98304844	NA	TA	T	125	MASKED;ATTTTTTTTAAAGAGATA	INDEL;IDV=10;IMF=1;DP=10;VDB=6.99472e-07;SGB=-0.670168;MQ0F=0;AC=2;AN=2;DP4=0,0,10,0;MQ=60;RB=7,98304790,98305171,TCC,GCT
14	48159954	NA	CAT	C	139	MASKED;TATATATACATGTGTGTG	INDEL;IDV=4;IMF=1;DP=4;VDB=0.0058656;SGB=-0.556411;MQ0F=0;AC=2;AN=2;DP4=0,0,0,4;MQ=60;RB=14,48159610,48159966,TTC,CTG
2	122740986	NA	CCTAA	C	205	MASKED;TGCTAATTCCTAACTAAG	INDEL;IDV=6;IMF=1;DP=6;VDB=0.000411984;SGB=-0.616816;MQ0F=0;AC=2;AN=2;DP4=0,0,6,0;MQ=60;RB=2,122740916,122741385,CCG,GAT
1	237691086	NA	ACTGTAAACG	A	170	NEI_IND[6/552];CCTATCAGACTGTAAACG	INDEL;IDV=5;IMF=1;DP=5;VDB=0.00187095;SGB=-0.590765;MQ0F=0;AC=2;AN=2;DP4=0,0,0,5;MQ=60;RB=1,237690161,237691177,ACG,GAC
6	132895103	NA	ATGTTT	A	154	MASKED;ATTCAACAATGTTTTGGA	INDEL;IDV=4;IMF=1;DP=4;VDB=0.0058656;SGB=-0.556411;MQ0F=0;AC=2;AN=2;DP4=0,0,0,4;MQ=60;RB=6,132894938,132895217,TCA,AAA
10	35315254	NA	GACTA	G	225	MASKED;TATGATCTGACTAACTAA	INDEL;IDV=8;IMF=1;DP=8;VDB=1.33331e-05;SGB=-0.651104;MQ0F=0;AC=2;AN=2;DP4=0,0,8,0;MQ=60;RB=10,35315142,35315827,TAA,AAT
13	31550330	NA	G	GCA	115	NEI_IND[3/87];GTGTGCATGCACACACAC	INDEL;IDV=5;IMF=0.714286;DP=7;VDB=0.000411984;SGB=-0.590765;MQ0F=0;ICB=1;HOB=0.5;AC=1;AN=2;DP4=1,0,5,0;MQ=60;RB=13,31550309,31550605,TGA,GAT
13	31550389	NA	CT	C	105	PASS;AGAAGGAGCTTGCCCTGT	INDEL;IDV=7;IMF=1;DP=7;VDB=0.000577942;SGB=-0.616816;MQ0F=0;AC=2;AN=2;DP4=0,0,6,0;MQ=60;RB=13,31550309,31550605,TGA,GAT
7	96304455	NA	AG	A	50	MASKED;GAAAATATAGTTGCATTT	INDEL;IDV=5;IMF=1;DP=5;VDB=0.0221621;SGB=-0.511536;MQ0F=0;AC=2;AN=2;DP4=0,0,0,3;MQ=60;RB=7,96304230,96304530,GCC,CCG
11	117307236	NA	GTGTGTGTGTA	G	225	MASKED;GGATGTGTGTGTGTGTGT	INDEL;IDV=8;IMF=1;DP=8;VDB=1.33331e-05;SGB=-0.651104;MQ0F=0;AC=2;AN=2;DP4=0,0,0,8;MQ=60;RB=11,117306726,117307290,AAA,ATG
2	190972551	NA	TTA	T	207	PASS;AAAAATATTTATGTTTGG	INDEL;IDV=8;IMF=1;DP=8;VDB=1.33331e-05;SGB=-0.651104;MQ0F=0;AC=2;AN=2;DP4=0,0,8,0;MQ=60;RB=2,190972509,190972730,CTG,AAT
11	2637476	NA	TTTTG	T	205	PASS;GTTCCTACTTTTGTTTAT	INDEL;IDV=6;IMF=1;DP=6;VDB=0.000411984;SGB=-0.616816;MQ0F=0;AC=2;AN=2;DP4=0,0,0,6;MQ=60;RB=11,2637123,2637498,AAC,CGA
12	22788370	NA	G	GT	125	PASS;CTCTCTGTGTAAGTAAAG	INDEL;IDV=6;IMF=1;DP=6;VDB=0.000411984;SGB=-0.616816;MQ0F=0;AC=2;AN=2;DP4=0,0,0,6;MQ=60;RB=12,22788011,22788389,CAC,TGA
7	14591523	NA	AT	A	17.4922	PASS;AGTCTTAAATTTTTTTTC	INDEL;IDV=8;IMF=1;DP=8;VDB=1.33331e-05;SGB=-0.651104;MQ0F=0;AC=2;AN=2;DP4=0,0,8,0;MQ=60;RB=7,14591500,14591782,TTA,GGG
21	17623561	NA	TGC	T	210	PASS;TATATATATGCATATGCA	INDEL;IDV=8;IMF=1;DP=8;VDB=1.33331e-05;SGB=-0.651104;MQ0F=0;AC=2;AN=2;DP4=0,0,0,8;MQ=60;RB=21,17623240,17623572,CTT,ATT
14	48159954	NA	CAT	C	202	MASKED;TATATATACATGTGTGTG	INDEL;IDV=7;IMF=1;DP=7;VDB=6.71664e-05;SGB=-0.636426;MQ0F=0;AC=2;AN=2;DP4=0,0,0,7;MQ=60;RB=14,48159641,48159967,AAA,GTT
2	222641305	NA	CAGGCTGG	C	182	NEI_IND[6/220];CTGTCACCCAGGCTGGAG	INDEL;IDV=5;IMF=1;DP=5;VDB=0.00187095;SGB=-0.590765;MQ0F=0;AC=2;AN=2;DP4=0,0,0,5;MQ=60;RB=2,222641031,222641418,TTT,TAT
1	22682307	NA	TTA	T	225	MASKED;TCTGCATCTTAATCTCTT	INDEL;IDV=9;IMF=1;DP=9;VDB=5.52906e-06;SGB=-0.662043;MQ0F=0;AC=2;AN=2;DP4=0,0,9,0;MQ=60;RB=1,22682200,22682827,TAA,GAG
X	122434381	NA	CTCTTT	C	225	PASS;AATTTTCTCTCTTTTCTT	INDEL;IDV=8;IMF=1;DP=8;VDB=1.33331e-05;SGB=-0.651104;MQ0F=0;AC=2;AN=2;DP4=0,0,8,0;MQ=60;RB=X,122434355,122434908,GAT,GCT
13	47485101	NA	TG	T	73	MASKED;TTGGCTGTTGGAGTTTTA	INDEL;IDV=4;IMF=1;DP=4;VDB=0.0058656;SGB=-0.556411;MQ0F=0;AC=2;AN=2;DP4=0,0,4,0;MQ=60;RB=13,47485086,47485268,ATA,ATG
18	38214426	NA	ATTTT	A	171	MASKED;TTGAATATATTTTTTTCT	INDEL;IDV=5;IMF=1;DP=5;VDB=0.00187095;SGB=-0.590765;MQ0F=0;AC=2;AN=2;DP4=0,0,0,5;MQ=60;RB=18,38213877,38214467,TAG,TGT
21	43262943	NA	GA	G	85	PASS;CCAGGATGGAGTGCAGTG	INDEL;IDV=4;IMF=1;DP=4;VDB=0.0058656;SGB=-0.556411;MQ0F=0;AC=2;AN=2;DP4=0,0,0,4;MQ=60;RB=21,43262751,43263038,TAC,GAG
15	95014151	NA	GA	G	132	PASS;AGGGAGGGGAGGGGGCGT	INDEL;IDV=8;IMF=1;DP=8;VDB=1.33331e-05;SGB=-0.651104;MQ0F=0;AC=2;AN=2;DP4=0,0,8,0;MQ=60;RB=15,95014025,95014331,CCT,TGA
12	80930588	NA	TA	T	132	PASS;ATAGAAGATATGCAAATT	INDEL;IDV=8;IMF=1;DP=8;VDB=1.33331e-05;SGB=-0.651104;MQ0F=0;AC=2;AN=2;DP4=0,0,0,8;MQ=60;RB=12,80930307,80930616,CCG,ATA
2	160221276	NA	ATGT	A	225	PASS;GTCGGCAGATGTTGTGTG	INDEL;IDV=8;IMF=1;DP=8;VDB=1.33331e-05;SGB=-0.651104;MQ0F=0;AC=2;AN=2;DP4=0,0,0,8;MQ=60;RB=2,160220830,160221325,ATT,CTG
20	57863304	NA	CCTT	C	225	MASKED;GAAGACCTCCTTCTTTGC	INDEL;IDV=10;IMF=1;DP=10;VDB=6.99472e-07;SGB=-0.670168;MQ0F=0;AC=2;AN=2;DP4=0,0,0,10;MQ=60;RB=20,57862953,57863428,TTA,AAC
4	35466570	NA	ATG	A	154	MASKED;TAATGTATATGTGTGTGT	INDEL;IDV=7;IMF=1;DP=7;VDB=6.71664e-05;SGB=-0.636426;MQ0F=0;AC=2;AN=2;DP4=0,0,7,0;MQ=60;RB=4,35466450,35466892,CTC,GTT
7	125883522	NA	CA	C	118	PASS;TACCAAATCAAATTTGTA	INDEL;IDV=9;IMF=1;DP=9;VDB=5.52906e-06;SGB=-0.662043;MQ0F=0;AC=2;AN=2;DP4=0,0,9,0;MQ=60;RB=7,125883434,125883829,GTA,CCT
4	164824388	NA	TTG	T	106	MASKED;TCCTTCCCTTGTGTGTGT	INDEL;IDV=4;IMF=1;DP=4;VDB=0.0058656;SGB=-0.556411;MQ0F=0;AC=2;AN=2;DP4=0,0,0,4;MQ=60;RB=4,164823938,164824457,CCC,GTA
9	77801589	NA	C	CA	13.6076	PASS;CCTCTGGACAAAAAAAAT	INDEL;IDV=6;IMF=1;DP=6;VDB=0.000411984;SGB=-0.616816;MQ0F=0;AC=2;AN=2;DP4=0,0,0,6;MQ=60;RB=9,77801383,77801614,ATT,CAT
6	119325378	NA	GACCTGTTTGGA	G	205	NEI_IND[6/354];ATAGAGGTGACCTGTTTG	INDEL;IDV=6;IMF=1;DP=6;VDB=0.000411984;SGB=-0.616816;MQ0F=0;AC=2;AN=2;DP4=0,0,6,0;MQ=60;RB=6,119325313,119325761,AGA,TGA
6	46118534	NA	TCTC	T	154	PASS;CAAGCAATTCTCCTGCTT	INDEL;IDV=4;IMF=1;DP=4;VDB=0.0058656;SGB=-0.556411;MQ0F=0;AC=2;AN=2;DP4=0,0,4,0;MQ=60;RB=6,46118484,46119207,CGT,GGT
5	129261584	NA	ATG	A	111	MASKED;GTGTATATATGTGTGTGT	INDEL;IDV=4;IMF=1;DP=4;VDB=0.0058656;SGB=-0.556411;MQ0F=0;AC=2;AN=2;DP4=0,0,0,4;MQ=60;RB=5,129261247,129261608,ACG,ATT
6	29684408	NA	TTTAATTTTGC	T	205	NEI_IND[6/426];ACAATAATTTTAATTTTG	INDEL;IDV=6;IMF=1;DP=6;VDB=0.000411984;SGB=-0.616816;MQ0F=0;AC=2;AN=2;DP4=0,0,0,6;MQ=60;RB=6,29684228,29684466,CTC,CCT
19	9452270	NA	AACTT	A	224	PASS;ATTATACTAACTTATTTT	INDEL;IDV=7;IMF=1;DP=7;VDB=6.71664e-05;SGB=-0.636426;MQ0F=0;AC=2;AN=2;DP4=0,0,7,0;MQ=60;RB=19,9452235,9452615,CTG,CTG
1	190825832	NA	ATAAG	A	205	MASKED;TCCCACTTATAAGTAAGA	INDEL;IDV=6;IMF=1;DP=6;VDB=0.000411984;SGB=-0.616816;MQ0F=0;AC=2;AN=2;DP4=0,0,0,6;MQ=60;RB=1,190825638,190825877,CGC,TCT
16	8952198	NA	CTG	C	216	PASS;ACCTGCCGCTGACTCACT	INDEL;IDV=8;IMF=1;DP=8;VDB=1.33331e-05;SGB=-0.651104;MQ0F=0;AC=2;AN=2;DP4=0,0,0,8;MQ=60;RB=16,8951700,8952215,TTC,CCA
15	97310602	NA	CTTT	C	123	PASS;ATTTACTTCTTTTTTCTT	INDEL;IDV=4;IMF=1;DP=4;VDB=0.0058656;SGB=-0.556411;MQ0F=0;AC=2;AN=2;DP4=0,0,4,0;MQ=60;RB=15,97310589,97310911,ACT,TAT
X	112497072	NA	ACTGT	A	225	PASS;TTTATTGTACTGTCTAAG	INDEL;IDV=8;IMF=1;DP=8;VDB=1.33331e-05;SGB=-0.651104;MQ0F=0;AC=2;AN=2;DP4=0,0,8,0;MQ=60;RB=X,112496968,112497521,TGC,TTG
X	95273253	NA	GA	G	11.7169	MASKED;GAGAGGGGGAAAAAAAGA	INDEL;IDV=4;IMF=1;DP=4;VDB=0.0058656;SGB=-0.556411;MQ0F=0;AC=2;AN=2;DP4=0,0,4,0;MQ=60;RB=X,95273222,95273478,TGT,GTT
9	25770876	NA	CCAAA	C	176	PASS;AACTAAGCCCAAACAAAC	INDEL;IDV=5;IMF=1;DP=5;VDB=0.00187095;SGB=-0.590765;MQ0F=0;AC=2;AN=2;DP4=0,0,5,0;MQ=60;RB=9,25770815,25771100,GAC,CCT
9	12262350	NA	CAAT	C	225	PASS;AAAACAGACAATAATGGA	INDEL;IDV=8;IMF=1;DP=8;VDB=1.33331e-05;SGB=-0.651104;MQ0F=0;AC=2;AN=2;DP4=0,0,0,8;MQ=60;RB=9,12261973,12262391,CCT,CGG
