CHROM	POS	ID	REF	ALT	QUAL	FILTER	INFO
3	13463425	NA	CAT	C	169	MASKED;TGCACACACATATGTATA	INDEL;IDV=8;IMF=1;DP=8;VDB=1.60207e-05;SGB=-0.651104;MQ0F=0;AC=2;AN=2;DP4=0,0,8,0;MQ=60;RB=3,13463362,13464353,GGG,GTC
11	101537674	NA	CAAAAA	C	225	PASS;TGTGCTGACAAAAAAGAA	INDEL;IDV=9;IMF=1;DP=9;VDB=5.52906e-06;SGB=-0.662043;MQ0F=0;AC=2;AN=2;DP4=0,0,9,0;MQ=60;RB=11,101537606,101537882,TAC,TCA
22	20862640	NA	AG	A	98	PASS;CCGCTCAGAGGAACTCTA	INDEL;IDV=6;IMF=1;DP=6;VDB=0.000411984;SGB=-0.616816;MQ0F=0;AC=2;AN=2;DP4=0,0,0,6;MQ=60;RB=22,20862316,20862762,ATA,TCT
19	39593431	NA	CTCTT	C	225	NEI_IND[5/284];CTCTCTCTCTCTTTCTTT	INDEL;IDV=13;IMF=1;DP=13;VDB=3.3258e-08;SGB=-0.683931;MQ0F=0;AC=2;AN=2;DP4=0,0,0,13;MQ=60;RB=19,39593098,39593552,TTC,TTG
3	173194579	NA	GA	G	144	PASS;AGATAATAGAACATTTCA	INDEL;IDV=12;IMF=1;DP=12;VDB=2.26006e-08;SGB=-0.680642;MQ0F=0;AC=2;AN=2;DP4=0,0,12,0;MQ=60;RB=3,173194492,173194964,CCG,TAT
6	83471302	NA	CA	C	23.434	PASS;ACTTCAATCAAAAAAAGA	INDEL;IDV=7;IMF=1;DP=7;VDB=6.71664e-05;SGB=-0.636426;MQ0F=0;AC=2;AN=2;DP4=0,0,7,0;MQ=60;RB=6,83471239,83471566,CCC,TGA
6	83471358	NA	GA	G	15.5372	NEI_IND[29/488];GGAAGGAAGAAAAAAAAG	INDEL;IDV=7;IMF=1;DP=7;VDB=6.71664e-05;SGB=-0.636426;MQ0F=0;AC=2;AN=2;DP4=0,0,7,0;MQ=60;RB=6,83471239,83471566,CCC,TGA
4	5301754	NA	GC	G	105	MASKED;ACATACATGCCAATATCC	INDEL;IDV=6;IMF=1;DP=6;VDB=0.000411984;SGB=-0.616816;MQ0F=0;AC=2;AN=2;DP4=0,0,0,6;MQ=60;RB=4,5301209,5301844,GAC,TTA
5	92637763	NA	A	AT	123	PASS;CTCTACTTATATTTCCTA	INDEL;IDV=7;IMF=1;DP=7;VDB=6.71664e-05;SGB=-0.636426;MQ0F=0;AC=2;AN=2;DP4=0,0,0,7;MQ=60;RB=5,92637426,92637885,CAG,CCT
4	66236744	NA	AAC	A	123	PASS;ATCAGAAAAACAGTCAAT	INDEL;IDV=6;IMF=1;DP=6;VDB=0.000411984;SGB=-0.616816;MQ0F=0;AC=2;AN=2;DP4=0,0,6,0;MQ=60;RB=4,66236725,66237195,CAC,GGT
9	13092255	NA	AG	A	99	MASKED;TAAAGCCCAGGTGCATTT	INDEL;IDV=6;IMF=1;DP=6;VDB=0.000411984;SGB=-0.616816;MQ0F=0;AC=2;AN=2;DP4=0,0,0,6;MQ=60;RB=9,13091838,13092298,ACG,TAG
5	113601021	NA	GGTGTGTGTGTGTGTGT	G	205	NEI_IND[6/270];CAAGAGGAGGTGTGTGTG	INDEL;IDV=6;IMF=1;DP=6;VDB=0.000411984;SGB=-0.616816;MQ0F=0;AC=2;AN=2;DP4=0,0,0,6;MQ=60;RB=5,113600361,113601126,CTA,TGA
4	115590537	NA	CATATATATATAT	C	205	MASKED;TTCATATACATATATATA	INDEL;IDV=6;IMF=1;DP=6;VDB=0.000411984;SGB=-0.616816;MQ0F=0;AC=2;AN=2;DP4=0,0,0,6;MQ=60;RB=4,115590318,115590583,GGC,TTA
14	43552956	NA	TGAGAA	T	182	MASKED;TTGAATACTGAGAAGAGA	INDEL;IDV=5;IMF=1;DP=5;VDB=0.00187095;SGB=-0.590765;MQ0F=0;AC=2;AN=2;DP4=0,0,0,5;MQ=60;RB=14,43552393,43553057,GTG,AAT
13	82641955	NA	GTTTA	G	224	PASS;ATATTTATGTTTATTTAT	INDEL;IDV=7;IMF=1;DP=7;VDB=6.71664e-05;SGB=-0.636426;MQ0F=0;AC=2;AN=2;DP4=0,0,7,0;MQ=60;RB=13,82641895,82642287,GAT,CCG
12	72955104	NA	CTA	C	208	MASKED;TTTGTCTACTATATATAT	INDEL;IDV=11;IMF=1;DP=11;VDB=2.26006e-08;SGB=-0.676189;MQ0F=0;AC=2;AN=2;DP4=0,0,0,11;MQ=60;RB=12,72954894,72955212,AAA,GTA
1	180879355	NA	GCTGGCGACAGCA	G	225	NEI_IND[6/173];AGGCAGATGCTGGCGACA	INDEL;IDV=9;IMF=1;DP=9;VDB=7.90256e-06;SGB=-0.662043;MQ0F=0;AC=2;AN=2;DP4=0,0,0,9;MQ=60;RB=1,180879096,180879412,CCC,GGG
7	31268558	NA	GC	G	73	MASKED;AGGTAGGTGCCAGCTATG	INDEL;IDV=4;IMF=1;DP=4;VDB=0.0058656;SGB=-0.556411;MQ0F=0;AC=2;AN=2;DP4=0,0,4,0;MQ=60;RB=7,31268483,31268788,TTT,GAC
6	63964736	NA	CTG	C	221	PASS;ATCGAAAACTGAGAAAAA	INDEL;IDV=8;IMF=1;DP=8;VDB=1.33331e-05;SGB=-0.651104;MQ0F=0;AC=2;AN=2;DP4=0,0,0,8;MQ=60;RB=6,63964151,63964768,TCA,TAA
2	73552676	NA	C	CTT	146	PASS;TCCAAAAACTTGCTTTAT	INDEL;IDV=8;IMF=1;DP=8;VDB=1.33331e-05;SGB=-0.651104;MQ0F=0;AC=2;AN=2;DP4=0,0,0,8;MQ=60;RB=2,73552528,73552778,AAT,CGT
7	128629524	NA	TTTAG	T	182	PASS;TTACGATCTTTAGTTATT	INDEL;IDV=5;IMF=1;DP=5;VDB=0.00187095;SGB=-0.590765;MQ0F=0;AC=2;AN=2;DP4=0,0,0,5;MQ=60;RB=7,128629097,128629584,AAT,TCA
20	33346556	NA	ATC	A	211	MASKED;TTATAATGATCTGTGCAG	INDEL;IDV=8;IMF=1;DP=8;VDB=1.33331e-05;SGB=-0.651104;MQ0F=0;AC=2;AN=2;DP4=0,0,0,8;MQ=60;RB=20,33346320,33346639,GGG,GTT
1	190825832	NA	ATAAG	A	182	MASKED;TCCCACTTATAAGTAAGA	INDEL;IDV=5;IMF=1;DP=5;VDB=0.00187095;SGB=-0.590765;MQ0F=0;AC=2;AN=2;DP4=0,0,0,5;MQ=60;RB=1,190825637,190825877,ACA,TTA
4	157694088	NA	C	CA	148	PASS;AAAAACGACAATGTATTC	INDEL;IDV=10;IMF=1;DP=10;VDB=6.99472e-07;SGB=-0.670168;MQ0F=0;AC=2;AN=2;DP4=0,0,0,10;MQ=60;RB=4,157693558,157694109,TCG,TAA
2	184401103	NA	CT	C	85	MASKED;ACACTATCCTTTGCACTA	INDEL;IDV=5;IMF=1;DP=5;VDB=0.00187095;SGB=-0.590765;MQ0F=0;AC=2;AN=2;DP4=0,0,0,5;MQ=60;RB=2,184400877,184401176,CCT,CAC
3	27550314	NA	CAAAT	C	182	PASS;GTTTATGACAAATAATTT	INDEL;IDV=5;IMF=1;DP=5;VDB=0.00187095;SGB=-0.590765;MQ0F=0;AC=2;AN=2;DP4=0,0,5,0;MQ=60;RB=3,27550289,27550486,TCG,TGA
7	28480773	NA	GCTTTCCCCCTCC	G	205	PASS;TCCAGTGTGCTTTCCCCC	INDEL;IDV=6;IMF=1;DP=6;VDB=0.000411984;SGB=-0.616816;MQ0F=0;AC=2;AN=2;DP4=0,0,0,6;MQ=60;RB=7,28480618,28480827,CGG,GTA
12	4402558	NA	CATTCTTTAAA	C	224	PASS;CTTTGTCACATTCTTTAA	INDEL;IDV=8;IMF=1;DP=8;VDB=6.71664e-05;SGB=-0.636426;MQ0F=0;AC=2;AN=2;DP4=0,0,7,0;MQ=60;RB=12,4402475,4403122,CCC,ATT
11	39741449	NA	AGATTTTGAGGCAT	A	225	NEI_IND[6/330];AAAACACAAGATTTTGAG	INDEL;IDV=11;IMF=1;DP=11;VDB=2.26006e-08;SGB=-0.676189;MQ0F=0;AC=2;AN=2;DP4=0,0,11,0;MQ=60;RB=11,39741361,39741755,AAC,TAT
2	46900165	NA	CAGCTAATGCAT	C	205	MASKED;TTATTCCCCAGCTAATGC	INDEL;IDV=6;IMF=1;DP=6;VDB=0.000411984;SGB=-0.616816;MQ0F=0;AC=2;AN=2;DP4=0,0,0,6;MQ=60;RB=2,46899873,46900255,CCA,CAG
5	12398893	NA	TAAA	T	146	MASKED;TCAGGATATAAAAAAGGG	INDEL;IDV=10;IMF=1;DP=10;VDB=0.00187095;SGB=-0.590765;MQ0F=0;AC=2;AN=2;DP4=0,0,5,0;MQ=60;RB=5,12398813,12399029,GCT,CTG
9	110484394	NA	T	TG	76	PASS;ACTTGTGATGGTGGGCTT	INDEL;IDV=4;IMF=1;DP=4;VDB=0.0156122;SGB=-0.556411;MQ0F=0;AC=2;AN=2;DP4=0,0,4,0;MQ=60;RB=9,110484328,110484589,GTT,AGC
3	105261871	NA	T	TG	159	PASS;GAACCATATGTGGAATAG	INDEL;IDV=10;IMF=1;DP=10;VDB=6.99472e-07;SGB=-0.670168;MQ0F=0;AC=2;AN=2;DP4=0,0,0,10;MQ=60;RB=3,105261423,105261974,CAC,TCT
16	88845994	NA	CAGG	C	217	PASS;CTGTCCCACAGGACCGGC	INDEL;IDV=7;IMF=1;DP=7;VDB=6.71664e-05;SGB=-0.636426;MQ0F=0;AC=2;AN=2;DP4=0,0,0,7;MQ=60;RB=16,88845531,88846011,CCC,ACG
18	66689430	NA	CTATATATATATATA	C	225	NEI_IND[6/426];CCTTTAGCCTATATATAT	INDEL;IDV=10;IMF=1;DP=10;VDB=6.99472e-07;SGB=-0.670168;MQ0F=0;AC=2;AN=2;DP4=0,0,0,10;MQ=60;RB=18,66689085,66689481,AAC,CGA
18	64975936	NA	TAAAG	T	205	MASKED;TGGCAAAATAAAGAAACA	INDEL;IDV=6;IMF=1;DP=6;VDB=0.000411984;SGB=-0.616816;MQ0F=0;AC=2;AN=2;DP4=0,0,0,6;MQ=60;RB=18,64975730,64975995,GCC,CTT
2	128341531	NA	AGT	A	166	PASS;GGAGAGAGAGTGTGCAGG	INDEL;IDV=6;IMF=1;DP=6;VDB=0.000411984;SGB=-0.616816;MQ0F=0;AC=2;AN=2;DP4=0,0,0,6;MQ=60;RB=2,128341277,128341603,CTT,CGT
12	26829408	NA	TC	T	72	NEI_IND[11/610];ACTCTGTCTCTAAAAAAA	INDEL;IDV=4;IMF=1;DP=4;VDB=0.0058656;SGB=-0.556411;MQ0F=0;AC=2;AN=2;DP4=0,0,4,0;MQ=60;RB=12,26829377,26830188,AGG,CTG
14	43552956	NA	TGAGAA	T	225	MASKED;TTGAATACTGAGAAGAGA	INDEL;IDV=9;IMF=1;DP=9;VDB=5.52906e-06;SGB=-0.662043;MQ0F=0;AC=2;AN=2;DP4=0,0,0,9;MQ=60;RB=14,43552393,43553056,CTC,CTG
9	13092255	NA	AG	A	105	MASKED;TAAAGCCCAGGTGCATTT	INDEL;IDV=7;IMF=1;DP=7;VDB=0.000411984;SGB=-0.616816;MQ0F=0;AC=2;AN=2;DP4=0,0,0,6;MQ=60;RB=9,13091838,13092299,GTC,AAT
17	40990915	NA	AT	A	113	PASS;TGCTGTGGATGACATGGA	INDEL;IDV=7;IMF=1;DP=7;VDB=0.000411984;SGB=-0.616816;MQ0F=0;AC=2;AN=2;DP4=0,0,0,6;MQ=60;RB=17,40990406,40990935,CAC,AAG
4	184528070	NA	GTGTGTGTATGTGAGTA	G	224	MASKED;AGCGGGGTGTGTGTGTAT	INDEL;IDV=7;IMF=1;DP=7;VDB=6.71664e-05;SGB=-0.636426;MQ0F=0;AC=2;AN=2;DP4=0,0,0,7;MQ=60;RB=4,184527624,184528132,AGA,TTT
X	96828333	NA	AAT	A	163	MASKED;TTTTTGGCAATATATATA	INDEL;IDV=7;IMF=1;DP=7;VDB=6.71664e-05;SGB=-0.636426;MQ0F=0;AC=2;AN=2;DP4=0,0,0,7;MQ=60;RB=X,96827711,96828374,GTT,ATA
18	53440934	NA	GC	G	81	PASS;ATCTTTATGCTTTTCTGA	INDEL;IDV=4;IMF=1;DP=4;VDB=0.0058656;SGB=-0.556411;MQ0F=0;AC=2;AN=2;DP4=0,0,4,0;MQ=60;RB=18,53440896,53441359,ACA,TAG
4	99450650	NA	GT	G	83	MASKED;GAACTTGTGTCATTTCAA	INDEL;IDV=4;IMF=1;DP=4;VDB=0.0058656;SGB=-0.556411;MQ0F=0;AC=2;AN=2;DP4=0,0,4,0;MQ=60;RB=4,99450615,99450830,AGT,GTT
18	9705843	NA	CA	C	32.4168	PASS;TCCTGAATCAAAAAACAT	INDEL;IDV=6;IMF=1;DP=6;VDB=0.000411984;SGB=-0.616816;MQ0F=0;AC=2;AN=2;DP4=0,0,6,0;MQ=60;RB=18,9705764,9706057,AGT,TCA
11	95660495	NA	CTATT	C	205	NEI_IND[4/391];TTTGCAAACTATTTATCT	INDEL;IDV=6;IMF=1;DP=6;VDB=0.000411984;SGB=-0.616816;MQ0F=0;AC=2;AN=2;DP4=0,0,6,0;MQ=60;RB=11,95660432,95660796,CCC,ATG
13	78324082	NA	CCAAATGTA	C	225	PASS;AGGCATAGCCAAATGTAA	INDEL;IDV=10;IMF=1;DP=10;VDB=6.99472e-07;SGB=-0.670168;MQ0F=0;AC=2;AN=2;DP4=0,0,0,10;MQ=60;RB=13,78323763,78324169,CAC,GAC
8	107019617	NA	AATAATATAAAAATGC	A	182	NEI_IND[6/438];TGCTTGTAAATAATATAA	INDEL;IDV=5;IMF=1;DP=5;VDB=0.00187095;SGB=-0.590765;MQ0F=0;AC=2;AN=2;DP4=0,0,0,5;MQ=60;RB=8,107019290,107019718,CCT,AAT
7	19899622	NA	TAA	T	146	MASKED;TATATACTTAACATGCAA	INDEL;IDV=4;IMF=1;DP=4;VDB=0.0058656;SGB=-0.556411;MQ0F=0;AC=2;AN=2;DP4=0,0,0,4;MQ=60;RB=7,19899335,19899696,TCA,GTA
6	85292204	NA	TGA	T	179	MASKED;TAAATCAGTGAGAGAGAG	INDEL;IDV=10;IMF=1;DP=10;VDB=6.99472e-07;SGB=-0.670168;MQ0F=0;AC=2;AN=2;DP4=0,0,0,10;MQ=60;RB=6,85291827,85292246,AGG,ACC
1	8021730	NA	GGGGCTGAGGGA	G	225	MASKED;CGCAGTGTGGGGCTGAGG	INDEL;IDV=11;IMF=1;DP=11;VDB=2.26006e-08;SGB=-0.676189;MQ0F=0;AC=2;AN=2;DP4=0,0,0,11;MQ=60;RB=1,8021454,8021847,GAC,GAG
5	109359142	NA	GC	G	70	PASS;TATGGAAGGCCGAGGCGG	INDEL;IDV=4;IMF=1;DP=4;VDB=0.0058656;SGB=-0.556411;MQ0F=0;AC=2;AN=2;DP4=0,0,4,0;MQ=60;RB=5,109359086,109359342,GGG,ATT
1	83569703	NA	ATATATATGTG	A	224	MASKED;ATATACGTATATATATGT	INDEL;IDV=7;IMF=1;DP=7;VDB=6.71664e-05;SGB=-0.636426;MQ0F=0;AC=2;AN=2;DP4=0,0,7,0;MQ=60;RB=1,83569657,83569928,TGG,AGA
4	161810399	NA	GCAAA	G	205	PASS;ATATTAAAGCAAACACAA	INDEL;IDV=6;IMF=1;DP=6;VDB=0.000411984;SGB=-0.616816;MQ0F=0;AC=2;AN=2;DP4=0,0,0,6;MQ=60;RB=4,161809905,161810437,GCA,GTT
4	35543633	NA	AGCAGC	A	225	MASKED;TGCAAAAGAGCAGCGCTG	INDEL;IDV=10;IMF=1;DP=10;VDB=6.99472e-07;SGB=-0.670168;MQ0F=0;AC=2;AN=2;DP4=0,0,10,0;MQ=60;RB=4,35543595,35544170,CGT,GGT
X	112046773	NA	TA	T	127	PASS;CTAGATATTAACCTGATT	INDEL;IDV=9;IMF=1;DP=9;VDB=5.52906e-06;SGB=-0.662043;MQ0F=0;AC=2;AN=2;DP4=0,0,9,0;MQ=60;RB=X,112046671,112047242,TTG,AAC
8	63913232	NA	GC	G	119	PASS;AGATTCAAGCAATTCTCC	INDEL;IDV=7;IMF=1;DP=7;VDB=6.71664e-05;SGB=-0.636426;MQ0F=0;AC=2;AN=2;DP4=0,0,7,0;MQ=60;RB=8,63913211,63913967,GAT,AAC
12	117892684	NA	GA	G	60	MASKED;ACAGGAATGAAAAATGCA	INDEL;IDV=11;IMF=1;DP=11;VDB=2.26006e-08;SGB=-0.676189;MQ0F=0;AC=2;AN=2;DP4=0,0,0,11;MQ=60;RB=12,117892358,117892757,CCC,ACT
2	49909720	NA	AAAGGG	A	221	PASS;GATGGCACAAAGGGAAGA	INDEL;IDV=11;IMF=0.785714;DP=14;VDB=2.26006e-08;SGB=-0.676189;MQ0F=0;ICB=1;HOB=0.5;AC=1;AN=2;DP4=2,0,11,0;MQ=60;RB=2,49909600,49910214,GTG,TTA
7	115815668	NA	GT	G	45.4146	PASS;TTTTTATAGTTTTGGGTT	INDEL;IDV=4;IMF=1;DP=4;VDB=0.0058656;SGB=-0.556411;MQ0F=0;AC=2;AN=2;DP4=0,0,4,0;MQ=60;RB=7,115815582,115815893,CTC,CGT
6	154670517	NA	AT	A	64	PASS;TTTATTTTATTTTATTTA	INDEL;IDV=6;IMF=1;DP=6;VDB=0.000411984;SGB=-0.616816;MQ0F=0;AC=2;AN=2;DP4=0,0,6,0;MQ=60;RB=6,154670382,154670812,TCA,CTT
4	142807901	NA	CA	C	54	PASS;TTGGAGAACAAAAGAGTG	INDEL;IDV=5;IMF=1;DP=5;VDB=0.00187095;SGB=-0.590765;MQ0F=0;AC=2;AN=2;DP4=0,0,5,0;MQ=60;RB=4,142807829,142808307,ATA,TAC
13	35600562	NA	C	CTTTATA	225	PASS;TCACTGCTCTTTATGTTT	INDEL;IDV=9;IMF=1;DP=9;VDB=5.52906e-06;SGB=-0.662043;MQ0F=0;AC=2;AN=2;DP4=0,0,0,9;MQ=60;RB=13,35600096,35600617,GAC,TTT
18	2119679	NA	AG	A	99	PASS;AGTGAAGTAGCTCTACAT	INDEL;IDV=5;IMF=1;DP=5;VDB=0.00187095;SGB=-0.590765;MQ0F=0;AC=2;AN=2;DP4=0,0,5,0;MQ=60;RB=18,2119553,2119951,CTG,ATG
2	53200140	NA	TG	T	123	PASS;CATGGTCATGGTCTGTTG	INDEL;IDV=8;IMF=1;DP=8;VDB=1.33331e-05;SGB=-0.651104;MQ0F=0;AC=2;AN=2;DP4=0,0,8,0;MQ=60;RB=2,53200095,53200363,TAC,GTT
8	73692877	NA	T	TCG	182	PASS;TCGATTGATTCTATGTCT	INDEL;IDV=6;IMF=1;DP=6;VDB=0.00187095;SGB=-0.590765;MQ0F=0;AC=2;AN=2;DP4=0,0,0,5;MQ=60;RB=8,73692604,73692921,TAC,AGG
19	15727750	NA	AG	A	143	MASKED;TGTGCAAAAGGTGCTCCC	INDEL;IDV=12;IMF=1;DP=12;VDB=2.26006e-08;SGB=-0.680642;MQ0F=0;AC=2;AN=2;DP4=0,0,12,0;MQ=60;RB=19,15727704,15728184,CCT,CCA
5	97446036	NA	CT	C	90	MASKED;ATTCACATCTTTTGCAGA	INDEL;IDV=13;IMF=1;DP=13;VDB=2.26006e-08;SGB=-0.683931;MQ0F=0;AC=2;AN=2;DP4=0,0,0,13;MQ=60;RB=5,97445506,97446135,ATC,TTG
4	5301754	NA	GC	G	101	MASKED;ACATACATGCCAATATCC	INDEL;IDV=6;IMF=1;DP=6;VDB=0.000411984;SGB=-0.616816;MQ0F=0;AC=2;AN=2;DP4=0,0,0,6;MQ=60;RB=4,5301208,5301843,ATT,GAC
14	46878681	NA	TA	T	154	MASKED;GTTTTTTTTAGCAATTAA	INDEL;IDV=13;IMF=1;DP=13;VDB=2.26006e-08;SGB=-0.683931;MQ0F=0;AC=2;AN=2;DP4=0,0,13,0;MQ=60;RB=14,46878647,46879266,GGA,ATA
6	36208298	NA	CAT	C	225	PASS;TCTATGCACATGAGTGAT	INDEL;IDV=10;IMF=0.909091;DP=11;VDB=6.99472e-07;SGB=-0.670168;MQ0F=0;AC=2;AN=2;DP4=0,0,10,0;MQ=60;RB=6,36208265,36208852,TTG,GCT
1	202744655	NA	ACT	A	187	MASKED;AGTGCAAGACTCTGTCTC	INDEL;IDV=7;IMF=1;DP=7;VDB=6.71664e-05;SGB=-0.636426;MQ0F=0;AC=2;AN=2;DP4=0,0,7,0;MQ=60;RB=1,202744631,202744920,GTA,CCG
16	34425725	NA	CA	C	15.5372	PASS;CACATATTCAAAAAAAAT	INDEL;IDV=7;IMF=1;DP=7;VDB=6.71664e-05;SGB=-0.636426;MQ0F=0;AC=2;AN=2;DP4=0,0,0,7;MQ=60;RB=16,34425472,34425764,AGA,TGA
9	129095207	NA	AAGGCTGTGT	A	225	PASS;TGAGAGGAAAGGCTGTGT	INDEL;IDV=8;IMF=1;DP=8;VDB=1.33331e-05;SGB=-0.651104;MQ0F=0;AC=2;AN=2;DP4=0,0,0,8;MQ=60;RB=9,129094826,129095231,GAT,TTT
5	7516562	NA	CACT	C	205	PASS;ACTGTCACCACTCACATG	INDEL;IDV=6;IMF=1;DP=6;VDB=0.000411984;SGB=-0.616816;MQ0F=0;AC=2;AN=2;DP4=0,0,0,6;MQ=60;RB=5,7516409,7516698,TCG,CCT
9	2324064	NA	GT	G	139	MASKED;CTCTGTTTGTCATTTGTC	INDEL;IDV=8;IMF=1;DP=8;VDB=1.33331e-05;SGB=-0.651104;MQ0F=0;AC=2;AN=2;DP4=0,0,0,8;MQ=60;RB=9,2323824,2324129,CAC,ATA
4	127224472	NA	TC	T	125	PASS;ATGAAATATCAATACTAT	INDEL;IDV=7;IMF=1;DP=7;VDB=6.71664e-05;SGB=-0.636426;MQ0F=0;AC=2;AN=2;DP4=0,0,7,0;MQ=60;RB=4,127224380,127224628,AGA,GAA
18	20374152	NA	TTAAA	T	182	PASS;CAAAAAAATTAAATACTC	INDEL;IDV=5;IMF=1;DP=5;VDB=0.00187095;SGB=-0.590765;MQ0F=0;AC=2;AN=2;DP4=0,0,0,5;MQ=60;RB=18,20373652,20374254,AAT,TAT
1	65024854	NA	TTCTAC	T,TTAC	160	PASS;TATAAGCATTCTACTCTA	INDEL;IDV=5;IMF=1;DP=5;VDB=0.00286036;SGB=-0.590765;MQ0F=0;AC=1,1;AN=2;DP4=0,0,0,5;MQ=60;RB=1,65024701,65024991,CTG,CTG
19	19640778	NA	G	GC	11.7169	PASS;TTTTCAAAGCCCCCCCAG	INDEL;IDV=4;IMF=1;DP=4;VDB=0.0058656;SGB=-0.556411;MQ0F=0;AC=2;AN=2;DP4=0,0,4,0;MQ=60;RB=19,19640756,19641346,CGT,ACT
14	64991688	NA	AC	A	120	MASKED;TGTGAATTACTTGCAATG	INDEL;IDV=7;IMF=1;DP=7;VDB=6.71664e-05;SGB=-0.636426;MQ0F=0;AC=2;AN=2;DP4=0,0,0,7;MQ=60;RB=14,64991452,64991812,AAT,GGA
3	8113435	NA	GA	G	64	MASKED;GCTTGCAGGAAAAGGGTA	INDEL;IDV=6;IMF=1;DP=6;VDB=0.000411984;SGB=-0.616816;MQ0F=0;AC=2;AN=2;DP4=0,0,6,0;MQ=60;RB=3,8113408,8113763,GTA,GGA
6	50769356	NA	TG	T	71	MASKED;GCCCAGGCTGGGGTGCAA	INDEL;IDV=7;IMF=1;DP=7;VDB=6.71664e-05;SGB=-0.636426;MQ0F=0;AC=2;AN=2;DP4=0,0,0,7;MQ=60;RB=6,50769115,50769383,TGA,ATG
10	16650413	NA	GCTACCTA	G	182	MASKED;AATACCCAGCTACCTACT	INDEL;IDV=5;IMF=1;DP=5;VDB=0.00187095;SGB=-0.590765;MQ0F=0;AC=2;AN=2;DP4=0,0,0,5;MQ=60;RB=10,16650005,16650489,GTT,TAA
8	31267500	NA	AAAATTTGTTT	A	205	NEI_IND[6/290];TCATTTAAAAAATTTGTT	INDEL;IDV=6;IMF=1;DP=6;VDB=0.000411984;SGB=-0.616816;MQ0F=0;AC=2;AN=2;DP4=0,0,0,6;MQ=60;RB=8,31266729,31267543,TAC,TGA
1	206906623	NA	GTA	G	202	NEI_IND[10/613];GAGTGAGTGTATGTGTGT	INDEL;IDV=8;IMF=0.888889;DP=8;VDB=1.33331e-05;SGB=-0.651104;MQ0F=0;AC=2;AN=2;DP4=0,0,0,8;MQ=60;RB=1,206906405,206906690,CGT,AAC
3	20419793	NA	AGAAG	A	154	PASS;AGAAATAGAGAAGGAAGG	INDEL;IDV=4;IMF=1;DP=4;VDB=0.0058656;SGB=-0.556411;MQ0F=0;AC=2;AN=2;DP4=0,0,4,0;MQ=60;RB=3,20419671,20419947,CAC,TAC
13	112793199	NA	CAT	C	211	MASKED;TAAATGCACATAGAGTCC	INDEL;IDV=9;IMF=1;DP=9;VDB=1.33331e-05;SGB=-0.651104;MQ0F=0;AC=2;AN=2;DP4=0,0,8,0;MQ=60;RB=13,112793149,112793503,CAT,GTC
11	62702185	NA	CAT	C	117	PASS;CAAAGACACATAACGTTT	INDEL;IDV=4;IMF=1;DP=4;VDB=0.0058656;SGB=-0.556411;MQ0F=0;AC=2;AN=2;DP4=0,0,4,0;MQ=60;RB=11,62702071,62702684,GAT,GGT
11	103537641	NA	AAGC	A	149	MASKED;TTGCAAACAAGCAGCAGC	INDEL;IDV=4;IMF=1;DP=4;VDB=0.0058656;SGB=-0.556411;MQ0F=0;AC=2;AN=2;DP4=0,0,4,0;MQ=60;RB=11,103537529,103538052,GGC,CTG
12	26934303	NA	TA	T	98	MASKED;TATATGCATAAACTTGTA	INDEL;IDV=7;IMF=1;DP=7;VDB=6.71664e-05;SGB=-0.636426;MQ0F=0;AC=2;AN=2;DP4=0,0,7,0;MQ=60;RB=12,26934230,26934617,GAT,TTT
3	11820260	NA	G	GT	14.5685	PASS;CCATTCGTGTATCTTTTT	INDEL;IDV=4;IMF=1;DP=4;VDB=0.0058656;SGB=-0.556411;MQ0F=0;AC=2;AN=2;DP4=0,0,4,0;MQ=60;RB=3,11820206,11820710,GTA,TCA
1	45040507	NA	TTTG	T	114	MASKED;GCTGTGGTTTTGTTGTTG	INDEL;IDV=4;IMF=1;DP=4;VDB=0.0058656;SGB=-0.556411;MQ0F=0;AC=2;AN=2;DP4=0,0,0,4;MQ=60;RB=1,45040345,45040606,ACC,CAT
2	215462957	NA	GTTA	G	224	MASKED;TTGTGCAGGTTATTTTTA	INDEL;IDV=7;IMF=1;DP=7;VDB=6.71664e-05;SGB=-0.636426;MQ0F=0;AC=2;AN=2;DP4=0,0,7,0;MQ=60;RB=2,215462942,215463492,GTC,CCG
13	112793199	NA	CAT	C	223	MASKED;TAAATGCACATAGAGTCC	INDEL;IDV=9;IMF=1;DP=9;VDB=5.52906e-06;SGB=-0.662043;MQ0F=0;AC=2;AN=2;DP4=0,0,9,0;MQ=60;RB=13,112793149,112793578,ACT,TTG
X	9685907	NA	TTC	T	197	PASS;TTTATAATTTCTTTGTCT	INDEL;IDV=8;IMF=1;DP=8;VDB=1.33331e-05;SGB=-0.651104;MQ0F=0;AC=2;AN=2;DP4=0,0,8,0;MQ=60;RB=X,9685833,9686194,CTT,TGG
10	86895230	NA	TATA	T	225	NEI_IND[87/261];CATATACATATAATCATA	INDEL;IDV=9;IMF=1;DP=9;VDB=5.52906e-06;SGB=-0.662043;MQ0F=0;AC=2;AN=2;DP4=0,0,9,0;MQ=60;RB=10,86895120,86895521,TCC,ACC
10	86895480	NA	CTCCTGTCGTT	C	225	NEI_IND[6/168];TGTCAAAGCTCCTGTCGT	INDEL;IDV=9;IMF=1;DP=9;VDB=5.52906e-06;SGB=-0.662043;MQ0F=0;AC=2;AN=2;DP4=0,0,0,9;MQ=60;RB=10,86895120,86895521,TCC,ACC
7	85392958	NA	G	GTA	225	PASS;ATATATATGTATATATAT	INDEL;IDV=9;IMF=1;DP=9;VDB=5.52906e-06;SGB=-0.662043;MQ0F=0;AC=2;AN=2;DP4=0,0,9,0;MQ=60;RB=7,85392889,85393349,GCC,TTT
14	32109495	NA	AC	A	105	PASS;CTTACCTAACCACCATAC	INDEL;IDV=6;IMF=1;DP=6;VDB=0.000411984;SGB=-0.616816;MQ0F=0;AC=2;AN=2;DP4=0,0,6,0;MQ=60;RB=14,32109382,32109758,ACT,GTT
11	110861165	NA	A	AT	185	PASS;ATGGATGTATTTTACTCA	INDEL;IDV=16;IMF=1;DP=16;VDB=1;SGB=-0.689466;MQSB=1;MQ0F=0;AC=2;AN=2;DP4=0,0,8,8;MQ=60;RB=11,110861030,110861298,TCG,ACT
9	121898745	NA	GAAA	G	120	MASKED;GAAAGAAAGAAAAAAAAA	INDEL;IDV=9;IMF=1;DP=9;VDB=5.52906e-06;SGB=-0.662043;MQ0F=0;AC=2;AN=2;DP4=0,0,0,9;MQ=60;RB=9,121898122,121898829,TTG,GGA
2	140385974	NA	ATCTC	A	224	PASS;TGTAGTGTATCTCTCTAT	INDEL;IDV=7;IMF=1;DP=7;VDB=6.71664e-05;SGB=-0.636426;MQ0F=0;AC=2;AN=2;DP4=0,0,0,7;MQ=60;RB=2,140385680,140386047,GCC,CTG
3	27415722	NA	GGTATTCA	G	225	PASS;GTGGCCAGGGTATTCAGT	INDEL;IDV=9;IMF=1;DP=9;VDB=9.42695e-06;SGB=-0.662043;MQ0F=0;AC=2;AN=2;DP4=0,0,0,9;MQ=60;RB=3,27414938,27415772,CTT,CCC
1	206906623	NA	GTA	G	194	NEI_IND[10/613];GAGTGAGTGTATGTGTGT	INDEL;IDV=7;IMF=1;DP=7;VDB=6.71664e-05;SGB=-0.636426;MQ0F=0;AC=2;AN=2;DP4=0,0,0,7;MQ=60;RB=1,206906406,206906691,AAC,ATT
3	131589516	NA	CATTA	C	154	PASS;CCAAACTTCATTAGTTTT	INDEL;IDV=4;IMF=1;DP=4;VDB=0.0058656;SGB=-0.556411;MQ0F=0;AC=2;AN=2;DP4=0,0,4,0;MQ=60;RB=3,131589403,131589952,GTC,TTG
6	50769356	NA	TG	T	42.4147	MASKED;GCCCAGGCTGGGGTGCAA	INDEL;IDV=4;IMF=1;DP=4;VDB=0.0058656;SGB=-0.556411;MQ0F=0;AC=2;AN=2;DP4=0,0,0,4;MQ=60;RB=6,50769102,50769383,AAT,GTG
5	119883513	NA	CTTCAGAAATTGATT	C	182	PASS;ACTTATTTCTTCAGAAAT	INDEL;IDV=5;IMF=1;DP=5;VDB=0.00187095;SGB=-0.590765;MQ0F=0;AC=2;AN=2;DP4=0,0,0,5;MQ=60;RB=5,119883250,119883565,GAC,GTT
12	56470785	NA	AG	A	102	PASS;GAAGCTCCAGTCTCAGTA	INDEL;IDV=5;IMF=1;DP=5;VDB=0.00187095;SGB=-0.590765;MQ0F=0;AC=2;AN=2;DP4=0,0,0,5;MQ=60;RB=12,56470485,56470876,TCG,ATA
4	99226764	NA	AT	A	104	PASS;GCCATGAGATTAGTAACA	INDEL;IDV=6;IMF=1;DP=6;VDB=0.000411984;SGB=-0.616816;MQ0F=0;AC=2;AN=2;DP4=0,0,0,6;MQ=60;RB=4,99226462,99226871,CGG,GTT
X	57412859	NA	TG	T	139	MASKED;AATGCTAGTGGCAAAGCA	INDEL;IDV=12;IMF=1;DP=12;VDB=2.26006e-08;SGB=-0.680642;MQ0F=0;AC=2;AN=2;DP4=0,0,0,12;MQ=60;RB=X,57412308,57412901,GCC,CCT
2	137303486	NA	CACCTGTGTATGTGTAT	C	205	NEI_IND[6/181];CTTGCACACACCTGTGTA	INDEL;IDV=6;IMF=1;DP=6;VDB=0.000411984;SGB=-0.616816;MQ0F=0;AC=2;AN=2;DP4=0,0,6,0;MQ=60;RB=2,137303466,137304096,TTT,ATT
11	7578369	NA	CTGTT	C	205	PASS;TTGTGTCTCTGTTTGCAG	INDEL;IDV=6;IMF=1;DP=6;VDB=0.000411984;SGB=-0.616816;MQ0F=0;AC=2;AN=2;DP4=0,0,0,6;MQ=60;RB=11,7577877,7578456,CGT,CCT
5	106650984	NA	TA	T	61	MASKED;GCATCGTATATTTTTTTT	INDEL;IDV=4;IMF=1;DP=4;VDB=0.0058656;SGB=-0.556411;MQ0F=0;AC=2;AN=2;DP4=0,0,0,4;MQ=60;RB=5,106650818,106651086,TCG,TTG
4	28579377	NA	G	GTTA	224	NEI_IND[80/972];TGATGAGAGTTATTATCT	INDEL;IDV=7;IMF=1;DP=7;VDB=6.71664e-05;SGB=-0.636426;MQ0F=0;AC=2;AN=2;DP4=0,0,7,0;MQ=60;RB=4,28579354,28579989,GCT,TCT
4	28579457	NA	CTAAA	C	224	MASKED;TTAAAATTCTAAATCAAC	INDEL;IDV=7;IMF=1;DP=7;VDB=6.71664e-05;SGB=-0.636426;MQ0F=0;AC=2;AN=2;DP4=0,0,7,0;MQ=60;RB=4,28579354,28579989,GCT,TCT
3	53239057	NA	TAA	T	207	MASKED;AAACTGTATAAATTTAAG	INDEL;IDV=8;IMF=1;DP=8;VDB=1.33331e-05;SGB=-0.651104;MQ0F=0;AC=2;AN=2;DP4=0,0,8,0;MQ=60;RB=3,53238947,53239260,GGC,AAG
20	6853255	NA	AGT	A	225	MASKED;AATCAGTAAGTGTGCTGC	INDEL;IDV=14;IMF=1;DP=14;VDB=2.26006e-08;SGB=-0.686358;MQ0F=0;AC=2;AN=2;DP4=0,0,0,14;MQ=60;RB=20,6852770,6853298,ATT,TTT
2	229534607	NA	ACACCAGTGGATC	A	224	MASKED;ACCTTTCCACACCAGTGG	INDEL;IDV=7;IMF=1;DP=7;VDB=6.71664e-05;SGB=-0.636426;MQ0F=0;AC=2;AN=2;DP4=0,0,0,7;MQ=60;RB=2,229534272,229534658,GGG,TTG
1	106115946	NA	TCATATTCTTTCAGA	T	182	NEI_IND[6/288];GAAACGTGTCATATTCTT	INDEL;IDV=5;IMF=1;DP=5;VDB=0.00187095;SGB=-0.590765;MQ0F=0;AC=2;AN=2;DP4=0,0,0,5;MQ=60;RB=1,106115655,106116002,GGT,CTG
16	56593910	NA	AG	A	111	MASKED;GGAGGTGGAGGTTGCAGC	INDEL;IDV=7;IMF=1;DP=7;VDB=6.71664e-05;SGB=-0.636426;MQ0F=0;AC=2;AN=2;DP4=0,0,0,7;MQ=60;RB=16,56593557,56593937,ATA,TTT
8	122742177	NA	GGT	G	168	MASKED;TCTATCTTGGTCATCAGT	INDEL;IDV=5;IMF=1;DP=5;VDB=0.00187095;SGB=-0.590765;MQ0F=0;AC=2;AN=2;DP4=0,0,0,5;MQ=60;RB=8,122741781,122742203,ATT,CTT
18	34082248	NA	CAT	C	14.5685	MASKED;CTGGGACACATGTGCAAA	INDEL;IDV=5;IMF=1;DP=5;VDB=0.0058656;SGB=-0.556411;MQ0F=0;AC=2;AN=2;DP4=0,0,0,4;MQ=60;RB=18,34081540,34082259,TAT,CTG
22	40711298	NA	GATTACAAATCAAC	G	225	PASS;AGTTCCCTGATTACAAAT	INDEL;IDV=11;IMF=1;DP=11;VDB=2.26006e-08;SGB=-0.676189;MQ0F=0;AC=2;AN=2;DP4=0,0,11,0;MQ=60;RB=22,40711193,40711754,CAT,ATG
22	40711689	NA	A	AAAGGGACCCAAGAACTCCC	225	NEI_IND[49/590];TATAAGGCAAAGGGACAG	INDEL;IDV=11;IMF=1;DP=11;VDB=2.26006e-08;SGB=-0.676189;MQ0F=0;AC=2;AN=2;DP4=0,0,0,11;MQ=60;RB=22,40711193,40711754,CAT,ATG
10	54823332	NA	TGGAGCTTAGTGG	T	225	PASS;TCTCGATATGGAGCTTAG	INDEL;IDV=8;IMF=1;DP=8;VDB=1.33331e-05;SGB=-0.651104;MQ0F=0;AC=2;AN=2;DP4=0,0,0,8;MQ=60;RB=10,54823149,54823415,AAT,ACT
6	37650269	NA	GCAAA	G	225	MASKED;AAAAACAAGCAAACAAAC	INDEL;IDV=12;IMF=1;DP=12;VDB=2.26006e-08;SGB=-0.676189;MQ0F=0;AC=2;AN=2;DP4=0,0,11,0;MQ=60;RB=6,37650202,37650679,TTT,TCT
18	27923071	NA	CA	C	95	NEI_IND[98/1102];AATAAGCCCAGGGGGGAA	INDEL;IDV=5;IMF=1;DP=5;VDB=0.00187095;SGB=-0.590765;MQ0F=0;AC=2;AN=2;DP4=0,0,0,5;MQ=60;RB=18,27922747,27923205,GAA,GGT
18	27923141	NA	GGTGGAGACTTAT	G	182	PASS;ATGAAAAAGGTGGAGACT	INDEL;IDV=5;IMF=1;DP=5;VDB=0.00187095;SGB=-0.590765;MQ0F=0;AC=2;AN=2;DP4=0,0,0,5;MQ=60;RB=18,27922747,27923205,GAA,GGT
10	16650413	NA	GCTACCTA	G	225	MASKED;AATACCCAGCTACCTACT	INDEL;IDV=12;IMF=1;DP=12;VDB=2.26006e-08;SGB=-0.680642;MQ0F=0;AC=2;AN=2;DP4=0,0,0,12;MQ=60;RB=10,16649942,16650489,AAT,TTT
1	157903632	NA	CTGG	C	182	PASS;TTAATTACCTGGTGATAA	INDEL;IDV=5;IMF=1;DP=5;VDB=0.00187095;SGB=-0.590765;MQ0F=0;AC=2;AN=2;DP4=0,0,0,5;MQ=60;RB=1,157903381,157903675,GGC,CTG
9	36208444	NA	CCG	C	198	PASS;AACTGTACCCGCTTCTTG	INDEL;IDV=7;IMF=1;DP=7;VDB=6.71664e-05;SGB=-0.636426;MQ0F=0;AC=2;AN=2;DP4=0,0,7,0;MQ=60;RB=9,36208395,36208706,GTA,GGA
4	86917472	NA	GC	G	138	PASS;AGACTGTAGCCTAAATGA	INDEL;IDV=11;IMF=1;DP=11;VDB=2.26006e-08;SGB=-0.676189;MQ0F=0;AC=2;AN=2;DP4=0,0,0,11;MQ=60;RB=4,86917122,86917538,GGG,TCC
9	7089250	NA	AT	A	15.5372	MASKED;TTTATTTTATTTTTTTTG	INDEL;IDV=7;IMF=1;DP=7;VDB=6.71664e-05;SGB=-0.636426;MQ0F=0;AC=2;AN=2;DP4=0,0,0,7;MQ=60;RB=9,7088898,7089361,TCA,CTT
15	49372011	NA	CGACT	C	225	NEI_IND[4/268];TCCCCGACCGACTGACTG	INDEL;IDV=11;IMF=1;DP=11;VDB=2.26006e-08;SGB=-0.676189;MQ0F=0;AC=2;AN=2;DP4=0,0,0,11;MQ=60;RB=15,49371704,49372069,CCT,AGT
3	96906478	NA	AAG	A	173	PASS;AGGGAAGAAAGAAAAAGA	INDEL;IDV=8;IMF=0.888889;DP=9;VDB=1.64442e-05;SGB=-0.651104;MQ0F=0;AC=2;AN=2;DP4=0,0,8,0;MQ=60;RB=3,96906381,96906692,GTA,TAT
13	94122538	NA	ATTATTT	A	205	MASKED;TAGGAAAAATTATTTTTA	INDEL;IDV=6;IMF=1;DP=6;VDB=0.000411984;SGB=-0.616816;MQ0F=0;AC=2;AN=2;DP4=0,0,0,6;MQ=60;RB=13,94122086,94122612,CTG,TAA
14	106876330	NA	GT	G	53	MASKED;TCAAAAGTGTTTTTCAAT	INDEL;IDV=8;IMF=1;DP=8;VDB=1.33331e-05;SGB=-0.651104;MQ0F=0;AC=2;AN=2;DP4=0,0,8,0;MQ=60;RB=14,106876199,106876650,CGG,TAA
5	123559844	NA	CA	C	44.4146	PASS;AATCAAGACAAAAAGTCT	INDEL;IDV=6;IMF=1;DP=6;VDB=0.000411984;SGB=-0.616816;MQ0F=0;AC=2;AN=2;DP4=0,0,0,6;MQ=60;RB=5,123559201,123559952,GGC,AAT
14	89099979	NA	AGAT	A	203	MASKED;GTGCAAACAGATGAGTGT	INDEL;IDV=6;IMF=1;DP=6;VDB=0.000411984;SGB=-0.616816;MQ0F=0;AC=2;AN=2;DP4=0,0,6,0;MQ=60;RB=14,89099956,89100717,CCT,ATT
12	117420664	NA	CGT	C	67	PASS;ATGGTGTACGTCAGTTAC	INDEL;IDV=4;IMF=1;DP=4;VDB=0.0058656;SGB=-0.556411;MQ0F=0;AC=2;AN=2;DP4=0,0,0,4;MQ=60;RB=12,117420514,117420707,GCG,TCC
19	28753625	NA	TTC	T	157	PASS;TTTGTTGTTTCTGTTTGT	INDEL;IDV=6;IMF=1;DP=6;VDB=0.000411984;SGB=-0.616816;MQ0F=0;AC=2;AN=2;DP4=0,0,6,0;MQ=60;RB=19,28753544,28753816,TTA,GAC
4	112871685	NA	GTCTA	G	225	MASKED;TTCCGTTGGTCTATCTGT	INDEL;IDV=10;IMF=1;DP=10;VDB=6.99472e-07;SGB=-0.670168;MQ0F=0;AC=2;AN=2;DP4=0,0,10,0;MQ=60;RB=4,112871608,112872162,GCC,AAT
4	130318667	NA	AAGAG	A	204	PASS;AGAGTGAAAAGAGAGAGA	INDEL;IDV=6;IMF=1;DP=6;VDB=0.000411984;SGB=-0.616816;MQ0F=0;AC=2;AN=2;DP4=0,0,0,6;MQ=60;RB=4,130318496,130318752,CGG,ATT
1	200575744	NA	CTAAA	C	225	NEI_IND[4/296];GTAGAAGGCTAAATAAAT	INDEL;IDV=8;IMF=1;DP=8;VDB=1.33331e-05;SGB=-0.651104;MQ0F=0;AC=2;AN=2;DP4=0,0,8,0;MQ=60;RB=1,200575670,200575943,GAT,ACG
12	81486793	NA	GT	G	13.6076	MASKED;TGTTTAAGGTTTTTTTTT	INDEL;IDV=10;IMF=1;DP=10;VDB=6.99472e-07;SGB=-0.670168;MQ0F=0;AC=2;AN=2;DP4=0,0,0,10;MQ=60;RB=12,81486386,81486875,CCC,GGT
2	199457314	NA	TAAAC	T	225	PASS;TGCTGAGTTAAACAAAGT	INDEL;IDV=10;IMF=1;DP=10;VDB=4.49777e-06;SGB=-0.670168;MQ0F=0;AC=2;AN=2;DP4=0,0,0,10;MQ=60;RB=2,199456803,199457363,AGA,ATA
14	62950696	NA	CTGTT	C	225	MASKED;TAGAGCTTCTGTTTGTTT	INDEL;IDV=11;IMF=1;DP=11;VDB=2.26006e-08;SGB=-0.676189;MQ0F=0;AC=2;AN=2;DP4=0,0,0,11;MQ=60;RB=14,62950268,62950721,TCT,CTA
11	68056567	NA	GCCCAAACTCTC	G	154	MASKED;TAATCAGAGCCCAAACTC	INDEL;IDV=4;IMF=1;DP=4;VDB=0.0058656;SGB=-0.556411;MQ0F=0;AC=2;AN=2;DP4=0,0,4,0;MQ=60;RB=11,68056498,68057264,ATG,CTA
11	23365198	NA	AT	A	92	PASS;TAAGAGCTATTGCACATT	INDEL;IDV=6;IMF=1;DP=6;VDB=0.00187095;SGB=-0.590765;MQ0F=0;AC=2;AN=2;DP4=0,0,0,5;MQ=60;RB=11,23364929,23365270,CAT,CCC
5	84514908	NA	TA	T	6.51141	MASKED;AAATGCATTAAAAAAAAT	INDEL;IDV=4;IMF=1;DP=4;VDB=0.0058656;SGB=-0.556411;MQ0F=0;AC=2;AN=2;DP4=0,0,4,0;MQ=60;RB=5,84514881,84515531,GGG,TTC
X	45823010	NA	ATAT	A	154	MASKED;TAGTGCACATATGTTTTT	INDEL;IDV=4;IMF=1;DP=4;VDB=0.0058656;SGB=-0.556411;MQ0F=0;AC=2;AN=2;DP4=0,0,4,0;MQ=60;RB=X,45822952,45823243,CAC,TCG
18	27960330	NA	CCTTCT	C	182	MASKED;AAATACGTCCTTCTCTTC	INDEL;IDV=5;IMF=1;DP=5;VDB=0.00187095;SGB=-0.590765;MQ0F=0;AC=2;AN=2;DP4=0,0,0,5;MQ=60;RB=18,27960140,27960359,TAT,AAC
4	48658745	NA	C	CTATA	49.4146	NEI_IND[64/780];ATGACTGACTATATATAT	INDEL;IDV=4;IMF=1;DP=4;VDB=0.0221621;SGB=-0.511536;MQ0F=0;AC=2;AN=2;DP4=0,0,3,0;MQ=60;RB=4,48658684,48659104,TGA,TTC
8	107019617	NA	AATAATATAAAAATGC	A	225	NEI_IND[6/438];TGCTTGTAAATAATATAA	INDEL;IDV=12;IMF=1;DP=12;VDB=2.26006e-08;SGB=-0.680642;MQ0F=0;AC=2;AN=2;DP4=0,0,0,12;MQ=60;RB=8,107019290,107019717,GTT,TTG
1	223894944	NA	C	CTG	182	NEI_IND[20/540];TTTTCTCTCTCTCTCTCT	INDEL;IDV=5;IMF=1;DP=5;VDB=0.00187095;SGB=-0.590765;MQ0F=0;AC=2;AN=2;DP4=0,0,5,0;MQ=60;RB=1,223894814,223895304,GGT,AGT
3	130254115	NA	ACGTTTAATG	A	225	PASS;AAAACACAACGTTTAATG	INDEL;IDV=9;IMF=1;DP=9;VDB=5.52906e-06;SGB=-0.662043;MQ0F=0;AC=2;AN=2;DP4=0,0,0,9;MQ=60;RB=3,130253391,130254141,AAT,GAG
4	177417979	NA	CAT	C	176	MASKED;TGTAAAGACATATATGCA	INDEL;IDV=7;IMF=1;DP=7;VDB=6.71664e-05;SGB=-0.636426;MQ0F=0;AC=2;AN=2;DP4=0,0,0,7;MQ=60;RB=4,177417721,177418000,TGT,GAG
4	62343086	NA	TAC	T	79	MASKED;AGTGATGTTACACACACA	INDEL;IDV=5;IMF=1;DP=5;VDB=0.00187095;SGB=-0.590765;MQ0F=0;AC=2;AN=2;DP4=0,0,0,5;MQ=60;RB=4,62342918,62343126,CAG,AGC
9	13092255	NA	AG	A	100	MASKED;TAAAGCCCAGGTGCATTT	INDEL;IDV=6;IMF=1;DP=6;VDB=0.000411984;SGB=-0.616816;MQ0F=0;AC=2;AN=2;DP4=0,0,0,6;MQ=60;RB=9,13091838,13092298,GAG,CTG
X	133340162	NA	T	TA	144	PASS;AAGGGTTTTACCAAGGCA	INDEL;IDV=10;IMF=1;DP=10;VDB=1.33331e-05;SGB=-0.651104;MQ0F=0;AC=2;AN=2;DP4=0,0,8,0;MQ=60;RB=X,133340147,133340643,CTG,CTG
3	78400325	NA	TTTCC	T	197	PASS;CTTCCTTCTTTCCTTCCT	INDEL;IDV=7;IMF=1;DP=7;VDB=6.71664e-05;SGB=-0.636426;MQ0F=0;AC=2;AN=2;DP4=0,0,7,0;MQ=60;RB=3,78400273,78400560,CTG,TTT
X	6487622	NA	CAT	C	135	PASS;TGGAGACACATATACAAT	INDEL;IDV=5;IMF=1;DP=5;VDB=0.00187095;SGB=-0.590765;MQ0F=0;AC=2;AN=2;DP4=0,0,5,0;MQ=60;RB=X,6487597,6487824,ATT,CCC
19	53350258	NA	AAAAG	A	86	NEI_IND[12/36];TCATAAAAAAAAGAAAGA	INDEL;IDV=6;IMF=1;DP=6;VDB=0.000411984;SGB=-0.616816;MQ0F=0;AC=2;AN=2;DP4=0,0,6,0;MQ=60;RB=19,53350220,53350526,TGA,GTT
19	53350303	NA	GAA	G	32.4168	MASKED;GGTGCAAAGAAAGTGTGG	INDEL;IDV=6;IMF=1;DP=6;VDB=0.000411984;SGB=-0.616816;MQ0F=0;AC=2;AN=2;DP4=0,0,6,0;MQ=60;RB=19,53350220,53350526,TGA,GTT
5	153704736	NA	GCCT	G	205	NEI_IND[3/266];CTAACCGTGCCTCTGAGA	INDEL;IDV=6;IMF=1;DP=6;VDB=0.000411984;SGB=-0.616816;MQ0F=0;AC=2;AN=2;DP4=0,0,6,0;MQ=60;RB=5,153704662,153705009,CGA,AAG
14	21851693	NA	GA	G	102	PASS;CGGCAGGGGAGGGCAGCA	INDEL;IDV=5;IMF=1;DP=5;VDB=0.00187095;SGB=-0.590765;MQ0F=0;AC=2;AN=2;DP4=0,0,0,5;MQ=60;RB=14,21851445,21851775,CAC,CTC
1	19338181	NA	TACAC	T	205	MASKED;CACATACATACACACACA	INDEL;IDV=6;IMF=1;DP=6;VDB=0.000411984;SGB=-0.616816;MQ0F=0;AC=2;AN=2;DP4=0,0,6,0;MQ=60;RB=1,19338168,19338386,ACG,TGT
2	166430638	NA	AG	A	104	PASS;CGTGATTCAGGTAGCCTG	INDEL;IDV=6;IMF=1;DP=6;VDB=0.000411984;SGB=-0.616816;MQ0F=0;AC=2;AN=2;DP4=0,0,0,6;MQ=60;RB=2,166430340,166430716,GGT,GAC
X	85716623	NA	TCAGA	T	205	PASS;TAAATCTTTCAGACAGTT	INDEL;IDV=7;IMF=1;DP=7;VDB=0.000411984;SGB=-0.616816;MQ0F=0;AC=2;AN=2;DP4=0,0,6,0;MQ=60;RB=X,85716568,85717030,CTA,GGC
10	20604070	NA	GAGA	G	224	MASKED;AGGTATGGGAGAAGGAGT	INDEL;IDV=7;IMF=1;DP=7;VDB=6.71664e-05;SGB=-0.636426;MQ0F=0;AC=2;AN=2;DP4=0,0,0,7;MQ=60;RB=10,20603635,20604190,GGC,TCA
3	56490985	NA	GAAGTA	G	224	MASKED;ATCATATCGAAGTAAAGT	INDEL;IDV=7;IMF=1;DP=7;VDB=6.71664e-05;SGB=-0.636426;MQ0F=0;AC=2;AN=2;DP4=0,0,7,0;MQ=60;RB=3,56490968,56491311,GTT,CCC
20	33346556	NA	ATC	A	157	MASKED;TTATAATGATCTGTGCAG	INDEL;IDV=6;IMF=1;DP=6;VDB=0.000411984;SGB=-0.616816;MQ0F=0;AC=2;AN=2;DP4=0,0,0,6;MQ=60;RB=20,33346368,33346639,GAA,TCT
5	171159002	NA	TAAAC	T	205	PASS;AGAATAAATAAACAAAGT	INDEL;IDV=6;IMF=1;DP=6;VDB=0.000411984;SGB=-0.616816;MQ0F=0;AC=2;AN=2;DP4=0,0,0,6;MQ=60;RB=5,171158418,171159071,AGA,CCT
14	93505521	NA	TC	T	116	PASS;CCCAGAGTTCTGGGCACA	INDEL;IDV=6;IMF=1;DP=6;VDB=0.000411984;SGB=-0.616816;MQ0F=0;AC=2;AN=2;DP4=0,0,6,0;MQ=60;RB=14,93505439,93506071,ACT,GAT
2	14814484	NA	TATG	T	225	PASS;AATTCTATTATGATGTGG	INDEL;IDV=10;IMF=1;DP=10;VDB=6.99472e-07;SGB=-0.670168;MQ0F=0;AC=2;AN=2;DP4=0,0,0,10;MQ=60;RB=2,14814209,14814535,CCT,TAC
4	24562052	NA	TGGGCAG	T	142	NEI_IND[6/446];ACCAACACTGGGCAGGGT	INDEL;IDV=9;IMF=1;DP=9;VDB=5.52906e-06;SGB=-0.662043;MQ0F=0;AC=2;AN=2;DP4=0,0,0,9;MQ=60;RB=4,24561817,24562179,TGG,AGT
2	137721586	NA	GT	G	122	PASS;GTCCTCTAGTTTGCACCC	INDEL;IDV=10;IMF=1;DP=10;VDB=6.99472e-07;SGB=-0.670168;MQ0F=0;AC=2;AN=2;DP4=0,0,10,0;MQ=60;RB=2,137721473,137722166,AAA,CTA
7	52310737	NA	CT	C	94	MASKED;TGCTGCATCTTTATATTT	INDEL;IDV=7;IMF=1;DP=7;VDB=0.000411984;SGB=-0.616816;MQ0F=0;AC=2;AN=2;DP4=0,0,6,0;MQ=60;RB=7,52310618,52311151,TCA,ATG
1	198275394	NA	GA	G	75	PASS;TTATCTCAGAGACCATAA	INDEL;IDV=8;IMF=1;DP=8;VDB=0.000411984;SGB=-0.616816;MQ0F=0;AC=2;AN=2;DP4=0,0,6,0;MQ=60;RB=1,198275295,198275944,GAC,CCT
7	61911784	NA	CA	C	27.4221	MASKED;AGGTTGCACAAAAAAACC	INDEL;IDV=9;IMF=1;DP=9;VDB=5.52906e-06;SGB=-0.662043;MQ0F=0;AC=2;AN=2;DP4=0,0,9,0;MQ=60;RB=7,61911697,61912025,CCT,TCT
10	101434444	NA	T	TC	141	PASS;TTTGTAGATCCATTTATC	INDEL;IDV=8;IMF=1;DP=8;VDB=1.33331e-05;SGB=-0.651104;MQ0F=0;AC=2;AN=2;DP4=0,0,0,8;MQ=60;RB=10,101434185,101434543,TGT,CTT
18	23500270	NA	G	GT	110	PASS;AAGAAATAGTAAGTATAG	INDEL;IDV=5;IMF=1;DP=5;VDB=0.00187095;SGB=-0.590765;MQ0F=0;AC=2;AN=2;DP4=0,0,5,0;MQ=60;RB=18,23500254,23500513,TTA,GCA
9	37701483	NA	TGTGCGC	T	80	MASKED;TGTGTGTGTGTGCGCGCG	INDEL;IDV=3;IMF=0.75;DP=3;VDB=0.02;SGB=-0.453602;MQ0F=0;AC=2;AN=2;DP4=0,0,2,0;MQ=60;RB=9,37701368,37702547,CCT,AAA
7	96304455	NA	AG	A	123	MASKED;GAAAATATAGTTGCATTT	INDEL;IDV=8;IMF=1;DP=8;VDB=1.33331e-05;SGB=-0.651104;MQ0F=0;AC=2;AN=2;DP4=0,0,0,8;MQ=60;RB=7,96304229,96304531,CCT,CTT
6	131810982	NA	AACTC	A	205	MASKED;CTTGCATGAACTCACTCA	INDEL;IDV=6;IMF=1;DP=6;VDB=0.000411984;SGB=-0.616816;MQ0F=0;AC=2;AN=2;DP4=0,0,6,0;MQ=60;RB=6,131810871,131811424,TAC,GGC
1	234264008	NA	GT	G	85	MASKED;TTCCAGCTGTTTGATGCA	INDEL;IDV=5;IMF=1;DP=5;VDB=0.00187095;SGB=-0.590765;MQ0F=0;AC=2;AN=2;DP4=0,0,0,5;MQ=60;RB=1,234263647,234264055,CTG,TCT
11	23365198	NA	AT	A	90	PASS;TAAGAGCTATTGCACATT	INDEL;IDV=5;IMF=1;DP=5;VDB=0.00187095;SGB=-0.590765;MQ0F=0;AC=2;AN=2;DP4=0,0,0,5;MQ=60;RB=11,23364929,23365270,CAT,CAC
2	150202773	NA	TA	T	20.4535	MASKED;TTTCTATTTAAAAAAATG	INDEL;IDV=6;IMF=1;DP=6;VDB=0.000411984;SGB=-0.616816;MQ0F=0;AC=2;AN=2;DP4=0,0,0,6;MQ=60;RB=2,150202260,150202850,CCC,ATT
9	13115949	NA	CAAAAAAAAAAAA	CA,C	131	NEI_IND[27/464];CTCCACCTCAAAAAAAAA	INDEL;IDV=5;IMF=1;DP=5;VDB=0.00187095;SGB=-0.590765;MQ0F=0;AC=1,1;AN=2;DP4=0,0,5,0;MQ=60;RB=9,13115911,13116151,CAG,CCC
11	23365198	NA	AT	A	65	PASS;TAAGAGCTATTGCACATT	INDEL;IDV=5;IMF=1;DP=5;VDB=0.0058656;SGB=-0.556411;MQ0F=0;AC=2;AN=2;DP4=0,0,0,4;MQ=60;RB=11,23364467,23365270,CTC,TTC
2	103706383	NA	CTT	C	212	PASS;TTAGACCTCTTTGTCAGT	INDEL;IDV=9;IMF=1;DP=9;VDB=5.52906e-06;SGB=-0.662043;MQ0F=0;AC=2;AN=2;DP4=0,0,0,9;MQ=60;RB=2,103706024,103706515,ATA,TAA
13	103408183	NA	A	AT	105	PASS;GGTTAAAAATAAAAAAAT	INDEL;IDV=5;IMF=1;DP=5;VDB=0.00187095;SGB=-0.590765;MQ0F=0;AC=2;AN=2;DP4=0,0,5,0;MQ=60;RB=13,103408049,103408361,CTA,GAT
13	103408225	NA	T	TTA	130	NEI_IND[25/744];AAAAAAGTTTATATATAT	INDEL;IDV=4;IMF=1;DP=4;VDB=0.0058656;SGB=-0.556411;MQ0F=0;AC=2;AN=2;DP4=0,0,0,4;MQ=59;RB=13,103408049,103408361,CTA,GAT
1	83569703	NA	ATATATATGTG	A	182	MASKED;ATATACGTATATATATGT	INDEL;IDV=5;IMF=1;DP=5;VDB=0.00187095;SGB=-0.590765;MQ0F=0;AC=2;AN=2;DP4=0,0,5,0;MQ=60;RB=1,83569656,83569928,CCT,GCT
X	144227236	NA	AC	A	71	MASKED;ACGAGCTCACCCCAGTGC	INDEL;IDV=7;IMF=1;DP=7;VDB=6.71664e-05;SGB=-0.636426;MQ0F=0;AC=2;AN=2;DP4=0,0,0,7;MQ=60;RB=X,144226822,144227367,TAT,GCT
12	74558516	NA	CTTT	C	193	PASS;CTCTCACACTTTTTTATT	INDEL;IDV=8;IMF=1;DP=8;VDB=1.33331e-05;SGB=-0.651104;MQ0F=0;AC=2;AN=2;DP4=0,0,8,0;MQ=60;RB=12,74558434,74558791,GTT,CCC
4	95258094	NA	GTGTTTCGTTT	G	225	NEI_IND[6/474];TCTATTTGGTGTTTCGTT	INDEL;IDV=11;IMF=1;DP=11;VDB=2.26006e-08;SGB=-0.676189;MQ0F=0;AC=2;AN=2;DP4=0,0,0,11;MQ=60;RB=4,95257665,95258190,CTC,GTG
6	83407654	NA	CATAG	C	225	MASKED;TATACATACATAGATAGA	INDEL;IDV=13;IMF=1;DP=13;VDB=2.26006e-08;SGB=-0.683931;MQ0F=0;AC=2;AN=2;DP4=0,0,0,13;MQ=60;RB=6,83407353,83407677,TGG,AAT
5	3288208	NA	CAT	C	225	MASKED;ATGGCAAACATACACACA	INDEL;IDV=12;IMF=1;DP=12;VDB=2.26006e-08;SGB=-0.680642;MQ0F=0;AC=2;AN=2;DP4=0,0,0,12;MQ=60;RB=5,3287837,3288233,TGA,GGA
3	87302692	NA	AGTTTCTGCCTACCAC	A	121	PASS;TTGGAAATAGTTTCTGCC	INDEL;IDV=3;IMF=0.6;DP=5;VDB=0.0221621;SGB=-0.511536;MQ0F=0;AC=2;AN=2;DP4=0,0,0,3;MQ=60;RB=3,87302202,87302828,CCT,ACG
4	81539453	NA	AGTT	A	222	PASS;AGAAAAAAAGTTGTTATC	INDEL;IDV=7;IMF=1;DP=7;VDB=6.71664e-05;SGB=-0.636426;MQ0F=0;AC=2;AN=2;DP4=0,0,0,7;MQ=60;RB=4,81539246,81539576,AAC,TCA
5	97446036	NA	CT	C	77	MASKED;ATTCACATCTTTTGCAGA	INDEL;IDV=8;IMF=1;DP=8;VDB=1.33331e-05;SGB=-0.651104;MQ0F=0;AC=2;AN=2;DP4=0,0,0,8;MQ=60;RB=5,97445505,97446135,GGT,TTC
1	58120652	NA	TC	T	124	PASS;ATGCTTTGTCCTGGTACC	INDEL;IDV=8;IMF=1;DP=8;VDB=1.33331e-05;SGB=-0.651104;MQ0F=0;AC=2;AN=2;DP4=0,0,0,8;MQ=60;RB=1,58120417,58120698,GGG,CAA
8	143789531	NA	TTCTA	T	154	MASKED;TAGAAGTGTTCTATCTAA	INDEL;IDV=4;IMF=1;DP=4;VDB=0.0058656;SGB=-0.556411;MQ0F=0;AC=2;AN=2;DP4=0,0,0,4;MQ=60;RB=8,143788795,143789576,GGT,CTA
13	42436916	NA	T	TA	92	PASS;ATAACAGATATTGATGAG	INDEL;IDV=4;IMF=1;DP=4;VDB=0.0058656;SGB=-0.556411;MQ0F=0;AC=2;AN=2;DP4=0,0,4,0;MQ=60;RB=13,42436844,42437103,CCT,TTG
17	14768826	NA	TTGCCTGATCAGA	T	225	PASS;TGTTCTTTTTGCCTGATC	INDEL;IDV=10;IMF=1;DP=10;VDB=6.99472e-07;SGB=-0.670168;MQ0F=0;AC=2;AN=2;DP4=0,0,0,10;MQ=60;RB=17,14768359,14768897,TCA,TAC
7	62460708	NA	TC	T	101	PASS;AATTCTCATCCTTTATGC	INDEL;IDV=6;IMF=1;DP=6;VDB=0.000411984;SGB=-0.616816;MQ0F=0;AC=2;AN=2;DP4=0,0,0,6;MQ=60;RB=7,62460516,62460773,GCG,CGT
15	76233124	NA	GCTAA	G	225	MASKED;ACCACATGGCTAACTAAC	INDEL;IDV=9;IMF=1;DP=9;VDB=5.52906e-06;SGB=-0.662043;MQ0F=0;AC=2;AN=2;DP4=0,0,0,9;MQ=60;RB=15,76232816,76233153,CTC,CAC
8	130786706	NA	AG	A	44.4146	PASS;GAAAATACAGGGGGAAAG	INDEL;IDV=6;IMF=1;DP=6;VDB=0.000411984;SGB=-0.616816;MQ0F=0;AC=2;AN=2;DP4=0,0,6,0;MQ=60;RB=8,130786600,130786869,AAT,GGT
2	20987102	NA	GGA	G	225	MASKED;CCTAGGCTGGAGTGCAGT	INDEL;IDV=10;IMF=1;DP=10;VDB=6.99472e-07;SGB=-0.670168;MQ0F=0;AC=2;AN=2;DP4=0,0,0,10;MQ=60;RB=2,20986819,20987129,CTG,AAT
5	140012564	NA	TC	T	135	PASS;ACGCGCGCTCCTGGGGAG	INDEL;IDV=10;IMF=1;DP=10;VDB=6.99472e-07;SGB=-0.670168;MQ0F=0;AC=2;AN=2;DP4=0,0,10,0;MQ=60;RB=5,140012526,140012887,TGA,TCT
5	97446036	NA	CT	C	81	MASKED;ATTCACATCTTTTGCAGA	INDEL;IDV=9;IMF=1;DP=9;VDB=5.52906e-06;SGB=-0.662043;MQ0F=0;AC=2;AN=2;DP4=0,0,0,9;MQ=60;RB=5,97445506,97446136,TAG,GGT
18	38214426	NA	ATTTT	A	193	MASKED;TTGAATATATTTTTTTCT	INDEL;IDV=6;IMF=1;DP=6;VDB=0.000411984;SGB=-0.616816;MQ0F=0;AC=2;AN=2;DP4=0,0,0,6;MQ=60;RB=18,38214118,38214467,TCT,CAA
12	23678696	NA	G	GTACA	205	PASS;TTAACTGTGTACGTATTG	INDEL;IDV=6;IMF=1;DP=6;VDB=0.000411984;SGB=-0.616816;MQ0F=0;AC=2;AN=2;DP4=0,0,6,0;MQ=60;RB=12,23678569,23678945,GGA,ACC
4	175522968	NA	TAG	T	115	MASKED;CATTTTAATAGAGTCTTT	INDEL;IDV=4;IMF=1;DP=4;VDB=0.0058656;SGB=-0.556411;MQ0F=0;AC=2;AN=2;DP4=0,0,4,0;MQ=60;RB=4,175522957,175523169,AAC,ATC
2	51763915	NA	TTG	T	96	MASKED;ATATTATATTGTGTGTGT	INDEL;IDV=4;IMF=1;DP=4;VDB=0.0058656;SGB=-0.556411;MQ0F=0;AC=2;AN=2;DP4=0,0,4,0;MQ=60;RB=2,51763851,51764590,TAC,CTT
8	143789531	NA	TTCTA	T	172	MASKED;TAGAAGTGTTCTATCTAA	INDEL;IDV=5;IMF=1;DP=5;VDB=0.00187095;SGB=-0.590765;MQ0F=0;AC=2;AN=2;DP4=0,0,0,5;MQ=60;RB=8,143788795,143789575,GTA,CAG
15	30038963	NA	GTTTC	G	225	PASS;AGGAAAAGGTTTCTTTCT	INDEL;IDV=8;IMF=1;DP=8;VDB=1.33331e-05;SGB=-0.651104;MQ0F=0;AC=2;AN=2;DP4=0,0,0,8;MQ=60;RB=15,30038717,30039008,CCG,CTA
6	74005959	NA	TTTG	T	225	PASS;GCAAATCATTTGAGGCCA	INDEL;IDV=8;IMF=1;DP=8;VDB=1.33331e-05;SGB=-0.651104;MQ0F=0;AC=2;AN=2;DP4=0,0,8,0;MQ=60;RB=6,74005861,74006113,CGA,CGT
13	109206147	NA	TA	T	126	MASKED;TGTCTTCTTAGCACAGCC	INDEL;IDV=7;IMF=1;DP=7;VDB=6.71664e-05;SGB=-0.636426;MQ0F=0;AC=2;AN=2;DP4=0,0,7,0;MQ=60;RB=13,109206068,109206831,CTA,AGT
11	23365198	NA	AT	A	128	PASS;TAAGAGCTATTGCACATT	INDEL;IDV=9;IMF=1;DP=9;VDB=5.52906e-06;SGB=-0.662043;MQ0F=0;AC=2;AN=2;DP4=0,0,0,9;MQ=60;RB=11,23364929,23365271,AGT,GTT
2	128341531	NA	AGT	A	137	PASS;GGAGAGAGAGTGTGCAGG	INDEL;IDV=7;IMF=1;DP=7;VDB=6.71664e-05;SGB=-0.636426;MQ0F=0;AC=2;AN=2;DP4=0,0,0,7;MQ=60;RB=2,128341356,128341602,TTT,CAC
2	184401103	NA	CT	C	85	MASKED;ACACTATCCTTTGCACTA	INDEL;IDV=5;IMF=1;DP=5;VDB=0.00187095;SGB=-0.590765;MQ0F=0;AC=2;AN=2;DP4=0,0,0,5;MQ=60;RB=2,184400878,184401177,CCC,CTA
12	58115849	NA	TTTC	T	154	PASS;TGTCTCCCTTTCTTCTTC	INDEL;IDV=4;IMF=1;DP=4;VDB=0.0058656;SGB=-0.556411;MQ0F=0;AC=2;AN=2;DP4=0,0,0,4;MQ=60;RB=12,58115636,58115867,TCC,GGT
10	86895230	NA	TATA	T	224	NEI_IND[87/261];CATATACATATAATCATA	INDEL;IDV=7;IMF=1;DP=7;VDB=6.71664e-05;SGB=-0.636426;MQ0F=0;AC=2;AN=2;DP4=0,0,7,0;MQ=60;RB=10,86895119,86895521,ACA,GCG
10	86895480	NA	CTCCTGTCGTT	C	224	NEI_IND[6/168];TGTCAAAGCTCCTGTCGT	INDEL;IDV=7;IMF=1;DP=7;VDB=6.71664e-05;SGB=-0.636426;MQ0F=0;AC=2;AN=2;DP4=0,0,0,7;MQ=60;RB=10,86895119,86895521,ACA,GCG
3	123552372	NA	GC	G	29.4193	MASKED;CCTACCCTGCCCCATGCA	INDEL;IDV=4;IMF=1;DP=4;VDB=0.0221621;SGB=-0.511536;MQ0F=0;AC=2;AN=2;DP4=0,0,0,3;MQ=60;RB=3,123551415,123552465,GTA,CTG
2	156080751	NA	CTAAG	C	225	PASS;ACATTGCTCTAAGTAAGA	INDEL;IDV=10;IMF=1;DP=10;VDB=6.99472e-07;SGB=-0.670168;MQ0F=0;AC=2;AN=2;DP4=0,0,0,10;MQ=60;RB=2,156080428,156080769,GAC,GGG
X	24850262	NA	AAGTAG	A	154	MASKED;GTTTATAAAAGTAGAGGC	INDEL;IDV=4;IMF=1;DP=4;VDB=0.0058656;SGB=-0.556411;MQ0F=0;AC=2;AN=2;DP4=0,0,0,4;MQ=60;RB=X,24849909,24850369,GTC,GTA
6	82381203	NA	CATT	C	225	MASKED;TGCATTCACATTATGTCT	INDEL;IDV=10;IMF=1;DP=10;VDB=6.99472e-07;SGB=-0.670168;MQ0F=0;AC=2;AN=2;DP4=0,0,10,0;MQ=60;RB=6,82381155,82381687,AGC,ATA
2	137303486	NA	CACCTGTGTATGTGTAT	C	225	NEI_IND[6/181];CTTGCACACACCTGTGTA	INDEL;IDV=10;IMF=1;DP=10;VDB=6.99472e-07;SGB=-0.670168;MQ0F=0;AC=2;AN=2;DP4=0,0,10,0;MQ=60;RB=2,137303466,137304096,GTT,CGT
