CHROM	POS	ID	REF	ALT	QUAL	FILTER	INFO
21	10841753	NA	ACAGACTCAAG	A	224	MASKED;GGAATGGAACAGACTCAA	INDEL;IDV=7;IMF=1;DP=7;VDB=6.71664e-05;SGB=-0.636426;MQ0F=0;AC=2;AN=2;DP4=0,0,7,0;MQ=60;RB=21,10841623,10841962,GGA,TCG
21	10841904	NA	AGGAAT	A	190	NEI_IND[246/573];GACTCGAAAGGAATGGAA	INDEL;IDV=6;IMF=0.857143;DP=7;VDB=0.00011279;SGB=-0.636426;MQ0F=0;AC=2;AN=2;DP4=0,0,0,7;MQ=60;RB=21,10841623,10841962,GGA,TCG
1	72243857	NA	CATAT	C	189	MASKED;TATATATACATATATATA	INDEL;IDV=6;IMF=1;DP=6;VDB=0.000411984;SGB=-0.616816;MQ0F=0;AC=2;AN=2;DP4=0,0,6,0;MQ=60;RB=1,72243730,72244172,TCA,CCT
1	72243857	NA	CATAT	C	179	MASKED;TATATATACATATATATA	INDEL;IDV=6;IMF=1;DP=6;VDB=0.000411984;SGB=-0.616816;MQ0F=0;AC=2;AN=2;DP4=0,0,6,0;MQ=60;RB=1,72243730,72244171,CCT,TCC
3	20756607	NA	AAAAAAAAG	A	98	NEI_IND[21/271];AAAAAAAAAAAAAAAAGA	INDEL;IDV=4;IMF=0.666667;DP=4;VDB=0.00671048;SGB=-0.556411;MQ0F=0;AC=2;AN=2;DP4=0,0,4,0;MQ=60;RB=3,20756562,20756965,GTA,AGG
5	37124382	NA	AC	A	94	NEI_IND[29/201];TAATCTAAACTGTAATCT	INDEL;IDV=5;IMF=1;DP=5;VDB=0.00187095;SGB=-0.590765;MQ0F=0;AC=2;AN=2;DP4=0,0,5,0;MQ=60;RB=5,37124247,37124706,GTA,CCT
1	188562680	NA	TGATAGA	T	18.4763	PASS;TAGATAGATGATAGATGA	INDEL;IDV=7;IMF=1;DP=7;SGB=-0.379885;MQ0F=0;AC=2;AN=2;DP4=0,0,0,1;MQ=60;RB=1,188562381,188562805,TTT,CCG
3	78283322	NA	A	AT	10.7919	NEI_IND[54/161];AGTATAGTATAGTATAGT	INDEL;IDV=9;IMF=1;DP=9;SGB=-0.379885;MQ0F=0;AC=2;AN=2;DP4=0,0,0,1;MQ=60;RB=3,78283037,78283417,GAG,CGT
1	188371296	NA	CA	C	15.5372	MASKED;AACTTTACCAAAAAAAAT	INDEL;IDV=7;IMF=1;DP=7;VDB=6.71664e-05;SGB=-0.636426;MQ0F=0;AC=2;AN=2;DP4=0,0,7,0;MQ=60;RB=1,188371165,188371481,GCT,GTT
6	154513486	NA	GTATGCA	G	129	PASS;GTGTGTGTGTATGCATGT	INDEL;IDV=4;IMF=1;DP=4;VDB=0.00671048;SGB=-0.556411;MQ0F=0;AC=2;AN=2;DP4=0,0,0,4;MQ=60;RB=6,154513241,154513502,CAA,CGT
4	167072242	NA	AAGGCAAAGAAGATGC	A	205	MASKED;AGAAGAAGAAGGCAAAGA	INDEL;IDV=6;IMF=1;DP=6;VDB=0.000411984;SGB=-0.616816;MQ0F=0;AC=2;AN=2;DP4=0,0,0,6;MQ=60;RB=4,167071863,167072278,TTA,ATT
2	19934723	NA	AAAGG	A	199	NEI_IND[4/235];TGCTCCATAAAGGAAGGA	INDEL;IDV=6;IMF=1;DP=6;VDB=0.000411984;SGB=-0.616816;MQ0F=0;AC=2;AN=2;DP4=0,0,6,0;MQ=60;RB=2,19934616,19935126,GGT,AGC
3	163611868	NA	AAC	A	108	NEI_IND[12/330];ACAACAACAACAAAAAAA	INDEL;IDV=8;IMF=1;DP=8;VDB=1.33331e-05;SGB=-0.651104;MQ0F=0;AC=2;AN=2;DP4=0,0,0,8;MQ=60;RB=3,163611510,163612004,TAA,TAA
21	10841753	NA	ACAGACTCAAG	A	225	MASKED;GGAATGGAACAGACTCAA	INDEL;IDV=8;IMF=1;DP=8;VDB=1.33331e-05;SGB=-0.651104;MQ0F=0;AC=2;AN=2;DP4=0,0,8,0;MQ=60;RB=21,10841623,10841963,CCA,TGA
21	10841904	NA	AGGAAT	A	225	NEI_IND[246/573];GACTCGAAAGGAATGGAA	INDEL;IDV=8;IMF=1;DP=8;VDB=0.000108203;SGB=-0.651104;MQ0F=0;AC=2;AN=2;DP4=0,0,0,8;MQ=60;RB=21,10841623,10841963,CCA,TGA
21	10841753	NA	ACAGACTCAAG	A	225	MASKED;GGAATGGAACAGACTCAA	INDEL;IDV=9;IMF=1;DP=9;VDB=5.52906e-06;SGB=-0.662043;MQ0F=0;AC=2;AN=2;DP4=0,0,9,0;MQ=60;RB=21,10841623,10841963,TGT,TAT
21	10841904	NA	AGGAAT	A	225	NEI_IND[246/573];GACTCGAAAGGAATGGAA	INDEL;IDV=9;IMF=1;DP=9;VDB=5.52906e-06;SGB=-0.662043;MQ0F=0;AC=2;AN=2;DP4=0,0,0,9;MQ=60;RB=21,10841623,10841963,TGT,TAT
15	60280518	NA	GC	G	95	PASS;GCCAGCCAGCCCAGCCAG	INDEL;IDV=6;IMF=1;DP=6;VDB=0.000411984;SGB=-0.616816;MQ0F=0;AC=2;AN=2;DP4=0,0,6,0;MQ=60;RB=15,60280383,60280696,CAG,TCA
4	124053770	NA	TGTGC	T	154	MASKED;TATATATATGTGCATATA	INDEL;IDV=5;IMF=1;DP=5;VDB=0.0058656;SGB=-0.556411;MQ0F=0;AC=2;AN=2;DP4=0,0,0,4;MQ=60;RB=4,124053297,124053782,CGA,TGC
11	2209160	NA	CGCT	C	169	PASS;ACACCACACGCTACACAC	INDEL;IDV=5;IMF=1;DP=5;VDB=0.00187095;SGB=-0.590765;MQ0F=0;AC=2;AN=2;DP4=0,0,0,5;MQ=60;RB=11,2208928,2209178,CGA,TGT
4	124053770	NA	TGTGC	T	225	MASKED;TATATATATGTGCATATA	INDEL;IDV=10;IMF=1;DP=10;VDB=6.99472e-07;SGB=-0.670168;MQ0F=0;AC=2;AN=2;DP4=0,0,0,10;MQ=60;RB=4,124053297,124053782,TGA,AGC
2	98015281	NA	TG	T	102	NEI_IND[9/280];TCCACAGATGGATCCCAC	INDEL;IDV=6;IMF=1;DP=6;VDB=0.000411984;SGB=-0.616816;MQ0F=0;AC=2;AN=2;DP4=0,0,0,6;MQ=60;RB=2,98015051,98015400,CCT,CTT
2	181399926	NA	AG	A	115	PASS;AGAGGAAAAGAAACCTGT	INDEL;IDV=6;IMF=1;DP=6;VDB=0.000411984;SGB=-0.616816;MQ0F=0;AC=2;AN=2;DP4=0,0,6,0;MQ=60;RB=2,181399874,181400362,TCA,TAT
4	127225358	NA	TA	T	108	PASS;ACACTTTTTATTCGTCCA	INDEL;IDV=6;IMF=1;DP=6;VDB=0.000411984;SGB=-0.616816;MQ0F=0;AC=2;AN=2;DP4=0,0,0,6;MQ=60;RB=4,127225111,127225492,TGA,GAG
2	19934723	NA	AAAGG	A	182	NEI_IND[4/235];TGCTCCATAAAGGAAGGA	INDEL;IDV=5;IMF=1;DP=5;VDB=0.00187095;SGB=-0.590765;MQ0F=0;AC=2;AN=2;DP4=0,0,5,0;MQ=60;RB=2,19934616,19935126,TCA,GGG
4	85305040	NA	AG	A	132	PASS;CTTTTTAAAGAAACTCCT	INDEL;IDV=8;IMF=1;DP=8;VDB=1.33331e-05;SGB=-0.651104;MQ0F=0;AC=2;AN=2;DP4=0,0,8,0;MQ=60;RB=4,85305010,85305351,ACG,TCT
20	13254724	NA	GTA	G	118	PASS;GTGTGTGTGTATGTGTGC	INDEL;IDV=4;IMF=1;DP=4;VDB=0.0058656;SGB=-0.556411;MQ0F=0;AC=2;AN=2;DP4=0,0,0,4;MQ=60;RB=20,13254177,13254737,GTG,CTG
12	72919414	NA	TGAGAGAGAGA	T	224	NEI_IND[8/244];TGTGTGTGTGAGAGAGAG	INDEL;IDV=7;IMF=1;DP=7;VDB=6.71664e-05;SGB=-0.636426;MQ0F=0;AC=2;AN=2;DP4=0,0,0,7;MQ=60;RB=12,72919086,72919555,TCA,GCC
4	167072242	NA	AAGGCAAAGAAGATGC	A	154	MASKED;AGAAGAAGAAGGCAAAGA	INDEL;IDV=4;IMF=1;DP=4;VDB=0.0058656;SGB=-0.556411;MQ0F=0;AC=2;AN=2;DP4=0,0,0,4;MQ=60;RB=4,167071864,167072278,GCC,CGA
1	188371296	NA	CA	C	19.4636	MASKED;AACTTTACCAAAAAAAAT	INDEL;IDV=11;IMF=1;DP=11;VDB=2.26006e-08;SGB=-0.676189;MQ0F=0;AC=2;AN=2;DP4=0,0,11,0;MQ=60;RB=1,188371165,188371481,TAT,ACT
1	188562687	NA	T	TAGGTA	12.6563	MASKED;ATGATAGATGATAGATAG	INDEL;IDV=9;IMF=1;DP=9;SGB=-0.379885;MQ0F=0;AC=2;AN=2;DP4=0,0,0,1;MQ=60;RB=1,188562382,188562806,CCC,TAT
1	72243857	NA	CATAT	C	225	MASKED;TATATATACATATATATA	INDEL;IDV=11;IMF=1;DP=11;VDB=2.26006e-08;SGB=-0.676189;MQ0F=0;AC=2;AN=2;DP4=0,0,11,0;MQ=60;RB=1,72243731,72244172,CTG,TGA
6	94097688	NA	G	GA	153	PASS;GATAGATAGATAGATAGA	INDEL;IDV=10;IMF=0.909091;DP=11;VDB=6.99472e-07;SGB=-0.670168;MQ0F=0;AC=2;AN=2;DP4=0,0,10,0;MQ=60;RB=6,94097555,94097872,CGA,GAT
15	34103754	NA	A	ATGTT	154	NEI_IND[5/275];CTTAATGTATGTTTGTTT	INDEL;IDV=4;IMF=1;DP=4;VDB=0.0058656;SGB=-0.556411;MQ0F=0;AC=2;AN=2;DP4=0,0,4,0;MQ=60;RB=15,34103678,34103941,TTT,TGA
15	34103821	NA	AT	A	57	NEI_IND[9/311];CAAAGAGGATTACAAAGA	INDEL;IDV=4;IMF=1;DP=4;VDB=0.0058656;SGB=-0.556411;MQ0F=0;AC=2;AN=2;DP4=0,0,0,4;MQ=60;RB=15,34103678,34103941,TTT,TGA
4	180716658	NA	A	AG	5.7555	PASS;AGAAAGAAAAAAAAAAAC	INDEL;IDV=10;IMF=1;DP=10;VDB=6.99472e-07;SGB=-0.670168;MQ0F=0;AC=2;AN=2;DP4=0,0,10,0;MQ=60;RB=4,180716524,180716941,TCT,TCT
5	37124382	NA	AC	A	146	NEI_IND[29/201];TAATCTAAACTGTAATCT	INDEL;IDV=10;IMF=1;DP=10;VDB=6.99472e-07;SGB=-0.670168;MQ0F=0;AC=2;AN=2;DP4=0,0,10,0;MQ=60;RB=5,37124247,37124706,CCA,GGA
1	188371296	NA	CA	C	18.4763	MASKED;AACTTTACCAAAAAAAAT	INDEL;IDV=10;IMF=1;DP=10;VDB=6.99472e-07;SGB=-0.670168;MQ0F=0;AC=2;AN=2;DP4=0,0,10,0;MQ=60;RB=1,188371165,188371481,AAT,TGT
8	87261191	NA	TAG	T	179	MASKED;AGATTTAGTAGAGATTTA	INDEL;IDV=7;IMF=1;DP=7;VDB=6.71664e-05;SGB=-0.636426;MQ0F=0;AC=2;AN=2;DP4=0,0,7,0;MQ=60;RB=8,87261069,87261448,GAG,CGA
11	86900038	NA	C	CTGT	225	NEI_IND[16/394];TACTCATTCTGTTGTTAA	INDEL;IDV=10;IMF=1;DP=10;VDB=6.99472e-07;SGB=-0.670168;MQ0F=0;AC=2;AN=2;DP4=0,0,10,0;MQ=60;RB=11,86899939,86900278,TTT,CGA
2	98015281	NA	TG	T	129	NEI_IND[9/280];TCCACAGATGGATCCCAC	INDEL;IDV=9;IMF=1;DP=9;VDB=5.52906e-06;SGB=-0.662043;MQ0F=0;AC=2;AN=2;DP4=0,0,0,9;MQ=60;RB=2,98015052,98015400,AAG,TGA
6	55922897	NA	T	TA	56	NEI_IND[69/239];CTACTGATTAAAACATTT	INDEL;IDV=5;IMF=1;DP=5;VDB=0.00187095;SGB=-0.590765;MQ0F=0;AC=2;AN=2;DP4=0,0,5,0;MQ=60;RB=6,55922762,55923092,CAC,CGG
21	10841753	NA	ACAGACTCAAG	A	225	MASKED;GGAATGGAACAGACTCAA	INDEL;IDV=9;IMF=1;DP=9;VDB=5.52906e-06;SGB=-0.662043;MQ0F=0;AC=2;AN=2;DP4=0,0,9,0;MQ=60;RB=21,10841623,10841963,GCA,TAT
21	10841904	NA	AGGAAT	A	225	NEI_IND[246/573];GACTCGAAAGGAATGGAA	INDEL;IDV=9;IMF=1;DP=9;VDB=5.52906e-06;SGB=-0.662043;MQ0F=0;AC=2;AN=2;DP4=0,0,0,9;MQ=60;RB=21,10841623,10841963,GCA,TAT
8	87261191	NA	TAG	T	165	MASKED;AGATTTAGTAGAGATTTA	INDEL;IDV=6;IMF=1;DP=6;VDB=0.000411984;SGB=-0.616816;MQ0F=0;AC=2;AN=2;DP4=0,0,6,0;MQ=60;RB=8,87261068,87261448,TGA,ACT
12	16395303	NA	GACTTTTAACCCA	G	205	NEI_IND[40/143];GTATCAGGGACTTTTAAC	INDEL;IDV=6;IMF=1;DP=6;VDB=0.000411984;SGB=-0.616816;MQ0F=0;AC=2;AN=2;DP4=0,0,0,6;MQ=60;RB=12,16395060,16395338,AAT,TCC
7	1537683	NA	C	CTA	182	NEI_IND[16/403];CCCGGTCTCCACAAAATT	INDEL;IDV=5;IMF=1;DP=5;VDB=0.00187095;SGB=-0.590765;MQ0F=0;AC=2;AN=2;DP4=0,0,5,0;MQ=60;RB=7,1537553,1537862,GTT,TGA
3	31864405	NA	T	TAAAAAAAAAAAAA,TAAAAAAAAAA	92	NEI_IND[26/180];CCCAACTCTAAAAAAAAA	INDEL;IDV=4;IMF=0.571429;DP=7;VDB=0.0058656;SGB=-0.556411;MQ0F=0;AC=1,1;AN=2;DP4=0,0,4,0;MQ=60;RB=3,31864348,31864813,GCT,TCT
22	16857938	NA	GCAATC	G	225	NEI_IND[14/341];CTTCGAATGCAATCGAAT	INDEL;IDV=8;IMF=1;DP=8;VDB=1.33331e-05;SGB=-0.651104;MQ0F=0;AC=2;AN=2;DP4=0,0,8,0;MQ=60;RB=22,16857932,16858281,CGG,CAT
15	34103754	NA	A	ATGTT	179	NEI_IND[5/275];CTTAATGTATGTTTGTTT	INDEL;IDV=5;IMF=1;DP=5;VDB=0.00187095;SGB=-0.590765;MQ0F=0;AC=2;AN=2;DP4=0,0,5,0;MQ=60;RB=15,34103678,34103940,CAT,TCC
15	34103821	NA	AT	A	78	NEI_IND[9/311];CAAAGAGGATTACAAAGA	INDEL;IDV=6;IMF=1;DP=6;VDB=0.000411984;SGB=-0.616816;MQ0F=0;AC=2;AN=2;DP4=0,0,0,6;MQ=60;RB=15,34103678,34103940,CAT,TCC
8	112752260	NA	AT	A	30.4183	PASS;ACAAAAAGATTTTTATGT	INDEL;IDV=8;IMF=1;DP=8;VDB=0.0058656;SGB=-0.556411;MQ0F=0;AC=2;AN=2;DP4=0,0,4,0;MQ=60;RB=8,112752183,112752363,CTC,CCT
18	40767613	NA	ATG	A	201	PASS;ACACGCACATGCACACAC	INDEL;IDV=7;IMF=1;DP=7;VDB=6.71664e-05;SGB=-0.636426;MQ0F=0;AC=2;AN=2;DP4=0,0,0,7;MQ=60;RB=18,40767099,40767627,TTA,GCT
1	72243857	NA	CATAT	C	224	MASKED;TATATATACATATATATA	INDEL;IDV=7;IMF=1;DP=7;VDB=6.71664e-05;SGB=-0.636426;MQ0F=0;AC=2;AN=2;DP4=0,0,7,0;MQ=60;RB=1,72243731,72244172,GTG,CTA
1	188371296	NA	CA	C	6.51141	MASKED;AACTTTACCAAAAAAAAT	INDEL;IDV=4;IMF=1;DP=4;VDB=0.0058656;SGB=-0.556411;MQ0F=0;AC=2;AN=2;DP4=0,0,4,0;MQ=60;RB=1,188371166,188371480,TGG,GAC
1	219723615	NA	GA	G	4.38292	MASKED;GAAAAAAAGAAAAAAAAA	INDEL;IDV=5;IMF=1;DP=5;VDB=0.0058656;SGB=-0.556411;MQ0F=0;AC=2;AN=2;DP4=0,0,0,4;MQ=60;RB=1,219723255,219723747,CCA,CGT
18	38630251	NA	CAT	C	212	NEI_IND[4/278];CACATACACATACACACA	INDEL;IDV=9;IMF=1;DP=9;VDB=5.52906e-06;SGB=-0.662043;MQ0F=0;AC=2;AN=2;DP4=0,0,9,0;MQ=60;RB=18,38630135,38630531,TAC,GAA
4	14873596	NA	TAATA	T	182	NEI_IND[17/202];GTCTTTAATAATAACACA	INDEL;IDV=5;IMF=1;DP=5;VDB=0.00187095;SGB=-0.590765;MQ0F=0;AC=2;AN=2;DP4=0,0,5,0;MQ=60;RB=4,14873462,14873720,CCG,TGG
1	188371296	NA	CA	C	17.4922	MASKED;AACTTTACCAAAAAAAAT	INDEL;IDV=8;IMF=1;DP=8;VDB=1.33331e-05;SGB=-0.651104;MQ0F=0;AC=2;AN=2;DP4=0,0,8,0;MQ=60;RB=1,188371165,188371480,CCT,CCG
4	107279747	NA	AG	A	77	PASS;ATGAAGACAGGGTCAAGT	INDEL;IDV=5;IMF=1;DP=5;VDB=0.00187095;SGB=-0.590765;MQ0F=0;AC=2;AN=2;DP4=0,0,0,5;MQ=60;RB=4,107279551,107279872,CTT,TAT
18	73583030	NA	AAAG	A	224	MASKED;AAAGAAAGAAAGAAAGAA	INDEL;IDV=7;IMF=1;DP=7;VDB=6.71664e-05;SGB=-0.636426;MQ0F=0;AC=2;AN=2;DP4=0,0,7,0;MQ=60;RB=18,73582897,73583317,GCG,ACC
12	72919414	NA	TGAGAGAGAGA	T	225	NEI_IND[8/244];TGTGTGTGTGAGAGAGAG	INDEL;IDV=12;IMF=1;DP=12;VDB=2.26006e-08;SGB=-0.680642;MQ0F=0;AC=2;AN=2;DP4=0,0,0,12;MQ=60;RB=12,72919086,72919556,CGA,CCT
18	40767613	NA	ATG	A	143	PASS;ACACGCACATGCACACAC	INDEL;IDV=5;IMF=1;DP=5;VDB=0.00187095;SGB=-0.590765;MQ0F=0;AC=2;AN=2;DP4=0,0,0,5;MQ=60;RB=18,40767099,40767627,ACT,AAT
4	38293601	NA	C	CG	154	NEI_IND[16/335];CCCCCAACCTACCATCCC	INDEL;IDV=9;IMF=1;DP=9;VDB=5.52906e-06;SGB=-0.662043;MQ0F=0;AC=2;AN=2;DP4=0,0,0,9;MQ=60;RB=4,38293310,38293712,TCG,GAA
22	16857938	NA	GCAATC	G	225	NEI_IND[14/341];CTTCGAATGCAATCGAAT	INDEL;IDV=8;IMF=1;DP=8;VDB=1.33331e-05;SGB=-0.651104;MQ0F=0;AC=2;AN=2;DP4=0,0,8,0;MQ=60;RB=22,16857932,16858281,CCC,TTA
6	94097688	NA	G	GA	132	PASS;GATAGATAGATAGATAGA	INDEL;IDV=7;IMF=1;DP=7;VDB=6.71664e-05;SGB=-0.636426;MQ0F=0;AC=2;AN=2;DP4=0,0,7,0;MQ=60;RB=6,94097556,94097872,AGC,TTT
18	38630251	NA	CAT	C	189	NEI_IND[4/278];CACATACACATACACACA	INDEL;IDV=7;IMF=1;DP=7;VDB=6.71664e-05;SGB=-0.636426;MQ0F=0;AC=2;AN=2;DP4=0,0,7,0;MQ=60;RB=18,38630135,38630530,AAC,GGG
4	68878142	NA	AT	A	138	PASS;TCTTTCCAATTTAATAAT	INDEL;IDV=16;IMF=1;DP=16;VDB=1.29641e-11;SGB=-0.689466;MQ0F=0;AC=2;AN=2;DP4=0,0,0,16;MQ=60;RB=4,68877882,68878251,TAA,ATG
8	41285755	NA	GA	G	85	PASS;TAACAAAAGAAACAATGA	INDEL;IDV=5;IMF=1;DP=5;VDB=0.00187095;SGB=-0.590765;MQ0F=0;AC=2;AN=2;DP4=0,0,5,0;MQ=60;RB=8,41285645,41285915,CAT,TAT
9	10543519	NA	CGT	C	135	PASS;CACACACACGTACACACA	INDEL;IDV=11;IMF=1;DP=11;VDB=2.83141e-08;SGB=-0.676189;MQ0F=0;AC=2;AN=2;DP4=0,0,11,0;MQ=60;RB=9,10543384,10543695,GAC,CAG
21	10841753	NA	ACAGACTCAAG	A	151	MASKED;GGAATGGAACAGACTCAA	INDEL;IDV=4;IMF=1;DP=4;VDB=0.0058656;SGB=-0.556411;MQ0F=0;AC=2;AN=2;DP4=0,0,4,0;MQ=58;RB=21,10841624,10841962,ATG,GGC
21	10841904	NA	AGGAAT	A	154	NEI_IND[246/573];GACTCGAAAGGAATGGAA	INDEL;IDV=4;IMF=1;DP=4;VDB=0.0058656;SGB=-0.556411;MQ0F=0;AC=2;AN=2;DP4=0,0,0,4;MQ=60;RB=21,10841624,10841962,ATG,GGC
4	46564400	NA	TC	T	135	PASS;CCATTTATTCTTTTTATC	INDEL;IDV=8;IMF=1;DP=8;VDB=1.33331e-05;SGB=-0.651104;MQ0F=0;AC=2;AN=2;DP4=0,0,8,0;MQ=60;RB=4,46564322,46564647,GTT,ACG
2	10934214	NA	AACATATGCCATCTG	A	225	NEI_IND[6/291];ACTGGAATAACATATGCC	INDEL;IDV=16;IMF=1;DP=16;VDB=1.29641e-11;SGB=-0.689466;MQ0F=0;AC=2;AN=2;DP4=0,0,16,0;MQ=60;RB=2,10934110,10934509,TTT,TAT
2	19934723	NA	AAAGG	A	225	NEI_IND[4/235];TGCTCCATAAAGGAAGGA	INDEL;IDV=11;IMF=1;DP=11;VDB=2.26006e-08;SGB=-0.676189;MQ0F=0;AC=2;AN=2;DP4=0,0,11,0;MQ=60;RB=2,19934616,19935127,TTA,CGT
5	54647848	NA	GT	G	53	PASS;TTGTTTTTGTTTTTGTTT	INDEL;IDV=9;IMF=0.9;DP=10;VDB=1.33331e-05;SGB=-0.651104;MQ0F=0;AC=2;AN=2;DP4=0,0,8,0;MQ=60;RB=5,54647725,54648344,ATT,CTG
6	99164083	NA	AG	A	74	NEI_IND[19/290];AAAAAAAAAGAGAGAGAG	INDEL;IDV=4;IMF=0.666667;DP=6;VDB=0.0058656;SGB=-0.556411;MQ0F=0;AC=2;AN=2;DP4=0,0,4,0;MQ=60;RB=6,99163951,99164371,TTT,CAG
6	158350481	NA	CT	C	118	PASS;GCAGATGCCTTTAACTCC	INDEL;IDV=10;IMF=1;DP=10;VDB=6.99472e-07;SGB=-0.670168;MQ0F=0;AC=2;AN=2;DP4=0,0,10,0;MQ=60;RB=6,158350459,158351120,GGA,TGT
1	188371296	NA	CA	C	19.4636	MASKED;AACTTTACCAAAAAAAAT	INDEL;IDV=12;IMF=1;DP=12;VDB=2.26006e-08;SGB=-0.680642;MQ0F=0;AC=2;AN=2;DP4=0,0,12,0;MQ=60;RB=1,188371165,188371481,TTT,GGA
4	93504806	NA	TTATA	T	145	NEI_IND[37/218];GATAATAATTATATATAT	INDEL;IDV=4;IMF=1;DP=4;VDB=0.0058656;SGB=-0.556411;MQ0F=0;AC=2;AN=2;DP4=0,0,4,0;MQ=60;RB=4,93504681,93504970,ATG,CCA
4	93504856	NA	T	TTA	147	NEI_IND[23/299];CATATAATTTATATATAA	INDEL;IDV=4;IMF=1;DP=4;VDB=0.0058656;SGB=-0.556411;MQ0F=0;AC=2;AN=2;DP4=0,0,0,4;MQ=60;RB=4,93504681,93504970,ATG,CCA
1	72243857	NA	CATAT	C	220	MASKED;TATATATACATATATATA	INDEL;IDV=7;IMF=1;DP=7;VDB=6.71664e-05;SGB=-0.636426;MQ0F=0;AC=2;AN=2;DP4=0,0,7,0;MQ=60;RB=1,72243730,72244171,CGA,AAG
8	87261191	NA	TAG	T	225	MASKED;AGATTTAGTAGAGATTTA	INDEL;IDV=15;IMF=1;DP=15;VDB=4.49525e-10;SGB=-0.688148;MQ0F=0;AC=2;AN=2;DP4=0,0,15,0;MQ=60;RB=8,87261069,87261447,CAC,GGG
6	94097688	NA	G	GA	106	PASS;GATAGATAGATAGATAGA	INDEL;IDV=5;IMF=1;DP=5;VDB=0.00187095;SGB=-0.590765;MQ0F=0;AC=2;AN=2;DP4=0,0,5,0;MQ=60;RB=6,94097555,94097872,CGT,TGT
7	63768848	NA	TTAAC	T	219	PASS;TTTTCAGATTAACTAAGT	INDEL;IDV=7;IMF=1;DP=7;VDB=6.71664e-05;SGB=-0.636426;MQ0F=0;AC=2;AN=2;DP4=0,0,0,7;MQ=60;RB=7,63768529,63768907,ACC,AAT
8	96861098	NA	AG	A	116	PASS;AGCTGGGAAGTAGAATGG	INDEL;IDV=6;IMF=1;DP=6;VDB=0.000411984;SGB=-0.616816;MQ0F=0;AC=2;AN=2;DP4=0,0,0,6;MQ=60;RB=8,96860894,96861178,ACC,CCA
6	94097688	NA	G	GA	129	PASS;GATAGATAGATAGATAGA	INDEL;IDV=7;IMF=1;DP=7;VDB=6.71664e-05;SGB=-0.636426;MQ0F=0;AC=2;AN=2;DP4=0,0,7,0;MQ=60;RB=6,94097555,94097872,TTA,ATT
10	50657606	NA	CTTTTTTTTTTTT	C	128	MASKED;AGTTAGGTCTTTTTTTTT	INDEL;IDV=6;IMF=1;DP=6;VDB=0.000481013;SGB=-0.616816;MQ0F=0;AC=2;AN=2;DP4=0,0,0,6;MQ=60;RB=10,50657259,50657740,CTC,CTG
8	31444594	NA	AT	A	29.4193	PASS;TTTAGCCCATTTTTTTAC	INDEL;IDV=11;IMF=1;DP=11;VDB=2.26006e-08;SGB=-0.676189;MQ0F=0;AC=2;AN=2;DP4=0,0,0,11;MQ=60;RB=8,31444225,31444640,TTA,ATG
9	6397603	NA	AG	A	76	PASS;AGAAAGAAAGAAAGAAAA	INDEL;IDV=4;IMF=1;DP=4;VDB=0.0058656;SGB=-0.556411;MQ0F=0;AC=2;AN=2;DP4=0,0,4,0;MQ=60;RB=9,6397468,6397995,CTG,GAA
2	98015281	NA	TG	T	116	NEI_IND[9/280];TCCACAGATGGATCCCAC	INDEL;IDV=8;IMF=1;DP=8;VDB=1.33331e-05;SGB=-0.651104;MQ0F=0;AC=2;AN=2;DP4=0,0,0,8;MQ=60;RB=2,98015052,98015400,GTC,TAT
18	73583030	NA	AAAG	A	225	MASKED;AAAGAAAGAAAGAAAGAA	INDEL;IDV=8;IMF=1;DP=8;VDB=1.33331e-05;SGB=-0.651104;MQ0F=0;AC=2;AN=2;DP4=0,0,8,0;MQ=60;RB=18,73582897,73583318,TAC,GGA
1	188371296	NA	CA	C	13.6076	MASKED;AACTTTACCAAAAAAAAT	INDEL;IDV=6;IMF=1;DP=6;VDB=0.000411984;SGB=-0.616816;MQ0F=0;AC=2;AN=2;DP4=0,0,6,0;MQ=60;RB=1,188371165,188371480,ATT,CGC
5	163449474	NA	TC	T	99	PASS;ATATTCATTCAACTTTGT	INDEL;IDV=5;IMF=1;DP=5;VDB=0.00187095;SGB=-0.590765;MQ0F=0;AC=2;AN=2;DP4=0,0,0,5;MQ=60;RB=5,163449161,163449507,GGT,AAC
9	27522417	NA	T	TC	86	NEI_IND[83/177];ACATTTTTTCATATATAT	INDEL;IDV=4;IMF=1;DP=4;VDB=0.0058656;SGB=-0.556411;MQ0F=0;AC=2;AN=2;DP4=0,0,0,4;MQ=60;RB=9,27522206,27522433,GTT,CCT
5	37124382	NA	AC	A	143	NEI_IND[29/201];TAATCTAAACTGTAATCT	INDEL;IDV=9;IMF=1;DP=9;VDB=5.52906e-06;SGB=-0.662043;MQ0F=0;AC=2;AN=2;DP4=0,0,9,0;MQ=60;RB=5,37124247,37124705,GAA,CCC
2	19934723	NA	AAAGG	A	225	NEI_IND[4/235];TGCTCCATAAAGGAAGGA	INDEL;IDV=8;IMF=1;DP=8;VDB=1.33331e-05;SGB=-0.651104;MQ0F=0;AC=2;AN=2;DP4=0,0,8,0;MQ=60;RB=2,19934617,19935127,TTG,GGA
21	43832092	NA	TG	T	111	PASS;CTGTGATCTGGCCTCATA	INDEL;IDV=7;IMF=1;DP=7;VDB=6.71664e-05;SGB=-0.636426;MQ0F=0;AC=2;AN=2;DP4=0,0,7,0;MQ=60;RB=21,43832078,43832435,AGC,CAT
2	10934214	NA	AACATATGCCATCTG	A	225	NEI_IND[6/291];ACTGGAATAACATATGCC	INDEL;IDV=18;IMF=1;DP=18;VDB=1.29641e-11;SGB=-0.691153;MQ0F=0;AC=2;AN=2;DP4=0,0,18,0;MQ=60;RB=2,10934110,10934508,GGA,ATG
9	119760868	NA	CCATG	C	159	MASKED;CCATACATCCATGCATCC	INDEL;IDV=5;IMF=1;DP=5;VDB=0.00187095;SGB=-0.590765;MQ0F=0;AC=2;AN=2;DP4=0,0,0,5;MQ=60;RB=9,119760242,119760886,GTT,TGT
6	44615913	NA	CCTT	C	225	NEI_IND[17/242];ATCTAGATCCTTCTCCTG	INDEL;IDV=9;IMF=1;DP=9;VDB=5.52906e-06;SGB=-0.662043;MQ0F=0;AC=2;AN=2;DP4=0,0,0,9;MQ=60;RB=6,44615613,44615923,TAA,AAC
21	10841753	NA	ACAGACTCAAG	A	205	MASKED;GGAATGGAACAGACTCAA	INDEL;IDV=6;IMF=1;DP=6;VDB=0.000411984;SGB=-0.616816;MQ0F=0;AC=2;AN=2;DP4=0,0,6,0;MQ=60;RB=21,10841623,10841962,TTA,ACG
21	10841904	NA	AGGAAT	A	212	NEI_IND[246/573];GACTCGAAAGGAATGGAA	INDEL;IDV=7;IMF=1;DP=7;VDB=0.0390351;SGB=-0.636426;MQ0F=0;AC=2;AN=2;DP4=0,0,0,7;MQ=59;RB=21,10841623,10841962,TTA,ACG
4	167072242	NA	AAGGCAAAGAAGATGC	A	224	MASKED;AGAAGAAGAAGGCAAAGA	INDEL;IDV=7;IMF=1;DP=7;VDB=6.71664e-05;SGB=-0.636426;MQ0F=0;AC=2;AN=2;DP4=0,0,0,7;MQ=60;RB=4,167071864,167072277,CTG,CCC
8	87261191	NA	TAG	T	199	MASKED;AGATTTAGTAGAGATTTA	INDEL;IDV=9;IMF=1;DP=9;VDB=5.52906e-06;SGB=-0.662043;MQ0F=0;AC=2;AN=2;DP4=0,0,9,0;MQ=60;RB=8,87261068,87261448,CGT,TTT
18	38630251	NA	CAT	C	200	NEI_IND[4/278];CACATACACATACACACA	INDEL;IDV=8;IMF=1;DP=8;VDB=1.33331e-05;SGB=-0.651104;MQ0F=0;AC=2;AN=2;DP4=0,0,8,0;MQ=60;RB=18,38630135,38630531,AGG,CCT
3	65421177	NA	GGAA	G	216	PASS;GGATGGATGGAAGATGGA	INDEL;IDV=10;IMF=1;DP=10;VDB=6.99472e-07;SGB=-0.670168;MQ0F=0;AC=2;AN=2;DP4=0,0,10,0;MQ=60;RB=3,65421042,65421491,CCG,ACG
5	43255858	NA	AAG	A	44.4146	NEI_IND[17/334];AAAAAAAAAAGAAAGAAA	INDEL;IDV=6;IMF=1;DP=6;VDB=0.000411984;SGB=-0.616816;MQ0F=0;AC=2;AN=2;DP4=0,0,6,0;MQ=60;RB=5,43255725,43256056,CCT,GAA
4	180716658	NA	A	AG	5.04449	PASS;AGAAAGAAAAAAAAAAAC	INDEL;IDV=8;IMF=1;DP=8;VDB=1.33331e-05;SGB=-0.651104;MQ0F=0;AC=2;AN=2;DP4=0,0,8,0;MQ=60;RB=4,180716524,180716941,TAT,GCT
2	10934214	NA	AACATATGCCATCTG	A	154	NEI_IND[6/291];ACTGGAATAACATATGCC	INDEL;IDV=4;IMF=1;DP=4;VDB=0.0058656;SGB=-0.556411;MQ0F=0;AC=2;AN=2;DP4=0,0,4,0;MQ=60;RB=2,10934110,10934508,TGA,GCG
2	238575383	NA	G	GTTCTTTCA	225	NEI_IND[14/342];GTTCTTTCGTTCTTTCAT	INDEL;IDV=8;IMF=0.8;DP=10;VDB=3.18719e-06;SGB=-0.670168;MQ0F=0;AC=2;AN=2;DP4=0,0,10,0;MQ=60;RB=2,238575310,238575702,TGA,CCT
2	238575438	NA	TTC	T	150	NEI_IND[7/330];CTTTCTCTTTCTCTTTCT	INDEL;IDV=8;IMF=1;DP=8;VDB=6.71664e-05;SGB=-0.636426;MQ0F=0;AC=2;AN=2;DP4=0,0,7,0;MQ=60;RB=2,238575310,238575702,TGA,CCT
22	16857938	NA	GCAATC	G	225	NEI_IND[14/341];CTTCGAATGCAATCGAAT	INDEL;IDV=10;IMF=1;DP=10;VDB=6.99472e-07;SGB=-0.670168;MQ0F=0;AC=2;AN=2;DP4=0,0,10,0;MQ=60;RB=22,16857932,16858281,AAC,TAA
22	16857938	NA	GCAATC	G	205	NEI_IND[14/341];CTTCGAATGCAATCGAAT	INDEL;IDV=6;IMF=1;DP=6;VDB=0.000411984;SGB=-0.616816;MQ0F=0;AC=2;AN=2;DP4=0,0,6,0;MQ=60;RB=22,16857932,16858281,ATG,TTA
9	80498407	NA	G	GTGT	187	PASS;TAGGTTCTGTGTTGTTGT	INDEL;IDV=6;IMF=1;DP=6;VDB=0.000411984;SGB=-0.616816;MQ0F=0;AC=2;AN=2;DP4=0,0,0,6;MQ=60;RB=9,80497942,80498446,CCG,TCT
2	173874716	NA	CACA	C	225	PASS;AGACAAAACACAACAACA	INDEL;IDV=11;IMF=1;DP=11;VDB=6.99472e-07;SGB=-0.670168;MQ0F=0;AC=2;AN=2;DP4=0,0,10,0;MQ=60;RB=2,173874686,173875073,CGA,GGC
4	124053770	NA	TGTGC	T	182	MASKED;TATATATATGTGCATATA	INDEL;IDV=5;IMF=1;DP=5;VDB=0.00187095;SGB=-0.590765;MQ0F=0;AC=2;AN=2;DP4=0,0,0,5;MQ=60;RB=4,124053297,124053782,AGA,TAG
8	20795702	NA	AGAT	A	205	NEI_IND[15/323];TGATAGATAGATGATAGA	INDEL;IDV=6;IMF=1;DP=6;VDB=0.000411984;SGB=-0.616816;MQ0F=0;AC=2;AN=2;DP4=0,0,0,6;MQ=60;RB=8,20795356,20795829,GGT,GCA
8	138533560	NA	C	CT	10.7919	PASS;CTATCTATCATCTATCCA	INDEL;IDV=9;IMF=1;DP=9;SGB=-0.379885;MQ0F=0;AC=2;AN=2;DP4=0,0,1,0;MQ=60;RB=8,138533428,138533776,AGA,CAT
16	60468594	NA	CTTATTTATTTAT	CTTAT,C	192	NEI_IND[6/216];TGCCCGGCCTTATTTATT	INDEL;IDV=6;IMF=1;DP=6;VDB=0.000852857;SGB=-0.616816;MQ0F=0;AC=1,1;AN=2;DP4=0,0,0,6;MQ=60;RB=16,60468431,60468674,AAC,TTT
12	16395303	NA	GACTTTTAACCCA	G	154	NEI_IND[40/143];GTATCAGGGACTTTTAAC	INDEL;IDV=4;IMF=1;DP=4;VDB=0.0058656;SGB=-0.556411;MQ0F=0;AC=2;AN=2;DP4=0,0,0,4;MQ=60;RB=12,16395060,16395338,ATT,CTG
2	98015281	NA	TG	T	112	NEI_IND[9/280];TCCACAGATGGATCCCAC	INDEL;IDV=7;IMF=1;DP=7;VDB=6.71664e-05;SGB=-0.636426;MQ0F=0;AC=2;AN=2;DP4=0,0,0,7;MQ=60;RB=2,98015052,98015400,TGG,TCT
2	238575383	NA	G	GTTCTTTCA	205	NEI_IND[14/342];GTTCTTTCGTTCTTTCAT	INDEL;IDV=6;IMF=1;DP=6;VDB=0.000411984;SGB=-0.616816;MQ0F=0;AC=2;AN=2;DP4=0,0,6,0;MQ=60;RB=2,238575310,238575702,CCT,TAT
2	238575438	NA	TTC	T	118	NEI_IND[7/330];CTTTCTCTTTCTCTTTCT	INDEL;IDV=6;IMF=1;DP=6;VDB=0.000411984;SGB=-0.616816;MQ0F=0;AC=2;AN=2;DP4=0,0,6,0;MQ=60;RB=2,238575310,238575702,CCT,TAT
2	133824604	NA	TTA	T	97	MASKED;TTTATTTTTTATTTTTTT	INDEL;IDV=6;IMF=1;DP=6;VDB=0.000411984;SGB=-0.616816;MQ0F=0;AC=2;AN=2;DP4=0,0,6,0;MQ=60;RB=2,133824473,133824780,AAA,GGG
16	15908769	NA	GTA	G	185	NEI_IND[20/335];GAAGGAAGGTATAATGTA	INDEL;IDV=7;IMF=1;DP=7;VDB=6.71664e-05;SGB=-0.636426;MQ0F=0;AC=2;AN=2;DP4=0,0,0,7;MQ=60;RB=16,15908377,15908787,CCC,TCG
6	27940679	NA	CACACAT	C	80	NEI_IND[10/189];CACACACACACACATACA	INDEL;IDV=2;IMF=0.5;DP=4;VDB=0.02;SGB=-0.453602;MQ0F=0;AC=2;AN=2;DP4=0,0,0,2;MQ=60;RB=6,27940451,27940718,AAG,GGT
6	27940681	NA	CACAT	C	80	NEI_IND[10/189];CACACACACACATACACA	INDEL;IDV=2;IMF=0.5;DP=2;VDB=0.02;SGB=-0.453602;MQ0F=0;AC=2;AN=2;DP4=0,0,0,2;MQ=60;RB=6,27940451,27940718,AAG,GGT
1	188562687	NA	T	TAGGTA	173	MASKED;ATGATAGATGATAGATAG	INDEL;IDV=12;IMF=1;DP=12;VDB=2.26006e-08;SGB=-0.680642;MQ0F=0;AC=2;AN=2;DP4=0,0,0,12;MQ=60;RB=1,188562382,188562806,GGG,CGA
21	10841753	NA	ACAGACTCAAG	A	225	MASKED;GGAATGGAACAGACTCAA	INDEL;IDV=8;IMF=1;DP=8;VDB=1.33331e-05;SGB=-0.651104;MQ0F=0;AC=2;AN=2;DP4=0,0,8,0;MQ=60;RB=21,10841623,10842122,ACT,AGG
4	167072242	NA	AAGGCAAAGAAGATGC	A	154	MASKED;AGAAGAAGAAGGCAAAGA	INDEL;IDV=4;IMF=1;DP=4;VDB=0.0058656;SGB=-0.556411;MQ0F=0;AC=2;AN=2;DP4=0,0,0,4;MQ=60;RB=4,167071864,167072278,CCC,TGA
1	188371296	NA	CA	C	9.88465	MASKED;AACTTTACCAAAAAAAAT	INDEL;IDV=5;IMF=1;DP=5;VDB=0.00187095;SGB=-0.590765;MQ0F=0;AC=2;AN=2;DP4=0,0,5,0;MQ=60;RB=1,188371166,188371481,AAG,AGA
2	225519029	NA	TC	T	132	MASKED;CACAGAGATCAACCATGC	INDEL;IDV=8;IMF=1;DP=8;VDB=1.33331e-05;SGB=-0.651104;MQ0F=0;AC=2;AN=2;DP4=0,0,8,0;MQ=59;RB=2,225518998,225519330,TAT,GCT
6	101226282	NA	CTAAAA	C	225	MASKED;AATTCTGTCTAAAATAAG	INDEL;IDV=12;IMF=1;DP=12;VDB=5.15975e-08;SGB=-0.680642;MQ0F=0;AC=2;AN=2;DP4=0,0,12,0;MQ=60;RB=6,101226258,101226592,TAG,GTC
10	109062814	NA	AGAAAG	A	224	NEI_IND[13/318];AAAGAAAGAGAAAGAAAA	INDEL;IDV=7;IMF=1;DP=7;VDB=6.71664e-05;SGB=-0.636426;MQ0F=0;AC=2;AN=2;DP4=0,0,7,0;MQ=60;RB=10,109062683,109062967,GTG,CCT
5	150776221	NA	AT	A	120	MASKED;TGAATGGGATTAAATATG	INDEL;IDV=9;IMF=1;DP=9;VDB=5.52906e-06;SGB=-0.662043;MQ0F=0;AC=2;AN=2;DP4=0,0,0,9;MQ=60;RB=5,150775824,150776238,GCA,CGA
1	4554962	NA	GATTATTTCAGTTTCAA	G	205	PASS;GCATGTGAGATTATTTCA	INDEL;IDV=6;IMF=1;DP=6;VDB=0.000411984;SGB=-0.616816;MQ0F=0;AC=2;AN=2;DP4=0,0,0,6;MQ=60;RB=1,4554762,4555023,CCT,AGA
9	6397603	NA	AG	A	136	PASS;AGAAAGAAAGAAAGAAAA	INDEL;IDV=8;IMF=1;DP=8;VDB=1.33331e-05;SGB=-0.651104;MQ0F=0;AC=2;AN=2;DP4=0,0,8,0;MQ=60;RB=9,6397468,6397994,TCG,ATG
22	16857938	NA	GCAATC	G	225	NEI_IND[14/341];CTTCGAATGCAATCGAAT	INDEL;IDV=9;IMF=1;DP=9;VDB=5.52906e-06;SGB=-0.662043;MQ0F=0;AC=2;AN=2;DP4=0,0,9,0;MQ=60;RB=22,16857932,16858280,CCC,CAC
1	72243857	NA	CATAT	C	182	MASKED;TATATATACATATATATA	INDEL;IDV=5;IMF=1;DP=5;VDB=0.00187095;SGB=-0.590765;MQ0F=0;AC=2;AN=2;DP4=0,0,5,0;MQ=60;RB=1,72243730,72244171,GAT,GAC
1	72243857	NA	CATAT	C	225	MASKED;TATATATACATATATATA	INDEL;IDV=9;IMF=0.9;DP=10;VDB=5.52906e-06;SGB=-0.662043;MQ0F=0;AC=2;AN=2;DP4=0,0,9,0;MQ=60;RB=1,72243731,72244171,CGG,TCG
21	10841753	NA	ACAGACTCAAG	A	154	MASKED;GGAATGGAACAGACTCAA	INDEL;IDV=4;IMF=1;DP=4;VDB=0.0058656;SGB=-0.556411;MQ0F=0;AC=2;AN=2;DP4=0,0,4,0;MQ=60;RB=21,10841623,10841963,GGA,CCT
21	10841904	NA	AGGAAT	A	154	NEI_IND[246/573];GACTCGAAAGGAATGGAA	INDEL;IDV=4;IMF=1;DP=4;VDB=0.0058656;SGB=-0.556411;MQ0F=0;AC=2;AN=2;DP4=0,0,0,4;MQ=60;RB=21,10841623,10841963,GGA,CCT
18	40767613	NA	ATG	A	178	PASS;ACACGCACATGCACACAC	INDEL;IDV=6;IMF=1;DP=6;VDB=0.000411984;SGB=-0.616816;MQ0F=0;AC=2;AN=2;DP4=0,0,0,6;MQ=60;RB=18,40767100,40767626,GAG,CAC
4	74023903	NA	AAGAGAG	A	225	NEI_IND[6/339];AAGAAAGAAAGAGAGAGA	INDEL;IDV=8;IMF=1;DP=8;VDB=1.33331e-05;SGB=-0.651104;MQ0F=0;AC=2;AN=2;DP4=0,0,8,0;MQ=60;RB=4,74023774,74024158,CGT,TTT
21	10841753	NA	ACAGACTCAAG	A	205	MASKED;GGAATGGAACAGACTCAA	INDEL;IDV=6;IMF=1;DP=6;VDB=0.000411984;SGB=-0.616816;MQ0F=0;AC=2;AN=2;DP4=0,0,6,0;MQ=60;RB=21,10841624,10841963,TCG,CTA
21	10841904	NA	AGGAAT	A	208	NEI_IND[246/573];GACTCGAAAGGAATGGAA	INDEL;IDV=7;IMF=1;DP=7;VDB=0.00056581;SGB=-0.636426;MQ0F=0;AC=2;AN=2;DP4=0,0,0,7;MQ=57;RB=21,10841624,10841963,TCG,CTA
2	19934723	NA	AAAGG	A	225	NEI_IND[4/235];TGCTCCATAAAGGAAGGA	INDEL;IDV=10;IMF=1;DP=10;VDB=5.52906e-06;SGB=-0.662043;MQ0F=0;AC=2;AN=2;DP4=0,0,9,0;MQ=60;RB=2,19934616,19935127,GGA,CGT
1	72243857	NA	CATAT	C	225	MASKED;TATATATACATATATATA	INDEL;IDV=10;IMF=0.909091;DP=11;VDB=6.99472e-07;SGB=-0.670168;MQ0F=0;AC=2;AN=2;DP4=0,0,10,0;MQ=60;RB=1,72243731,72244171,ATG,AAG
1	188562687	NA	T	TAGGTA	151	PASS;ATGATAGATGATAGATAG	INDEL;IDV=8;IMF=0.888889;DP=9;VDB=6.71664e-05;SGB=-0.636426;MQ0F=0;AC=2;AN=2;DP4=0,0,0,7;MQ=60;RB=1,188562381,188562805,TTT,ATC
6	159399284	NA	TA	T	129	PASS;GGATAAAATAACTTACTG	INDEL;IDV=11;IMF=1;DP=11;VDB=2.26006e-08;SGB=-0.676189;MQ0F=0;AC=2;AN=2;DP4=0,0,11,0;MQ=60;RB=6,159399162,159399549,AAA,TTC
6	1252473	NA	T	TGGAG	225	NEI_IND[18/205];GATGTTAGTTTAGTTAGG	INDEL;IDV=8;IMF=1;DP=8;VDB=1.33331e-05;SGB=-0.651104;MQ0F=0;AC=2;AN=2;DP4=0,0,8,0;MQ=60;RB=6,1252340,1252656,GTG,AGG
6	1252579	NA	CTTTTTTTTT	C	163	NEI_IND[62/199];ATCCCGCACTTTTTTTTT	INDEL;IDV=8;IMF=1;DP=8;VDB=1.60207e-05;SGB=-0.651104;MQ0F=0;AC=2;AN=2;DP4=0,0,0,8;MQ=60;RB=6,1252340,1252656,GTG,AGG
