CHROM	POS	ID	REF	ALT	QUAL	FILTER	INFO
8	39924831	NA	TCTC	T	128	NEI_IND[3/217];CCTTCTCTTCTCCTTCCT	INDEL;IDV=5;IMF=1;DP=5;VDB=0.00187095;SGB=-0.590765;MQ0F=0;AC=2;AN=2;DP4=0,0,5,0;MQ=60;RB=8,39924726,39925141,AAG,AAT
1	239337649	NA	A	ATGTGTGTGTG	150	NEI_IND[11/170];ATATATAGATGTGTGTGT	INDEL;IDV=7;IMF=1;DP=7;VDB=0.000411984;SGB=-0.616816;MQ0F=0;AC=2;AN=2;DP4=0,0,6,0;MQ=60;RB=1,239337579,239338046,AAT,GCC
1	239337914	NA	CT	C	101	MASKED;GATAAAGTCTTTGTAACT	INDEL;IDV=7;IMF=1;DP=7;VDB=6.71664e-05;SGB=-0.636426;MQ0F=0;AC=2;AN=2;DP4=0,0,0,7;MQ=60;RB=1,239337579,239338046,AAT,GCC
2	117320461	NA	ATACTTTAAG	A	154	MASKED;AGTCAAACATACTTTAAG	INDEL;IDV=4;IMF=1;DP=4;VDB=0.0058656;SGB=-0.556411;MQ0F=0;AC=2;AN=2;DP4=0,0,4,0;MQ=60;RB=2,117320433,117320836,GTG,GTA
22	23091282	NA	TGCTAGTAAGGAAAAAGA	T	205	MASKED;CATGCCAATGCTAGTAAG	INDEL;IDV=6;IMF=1;DP=6;VDB=0.000411984;SGB=-0.616816;MQ0F=0;AC=2;AN=2;DP4=0,0,6,0;MQ=60;RB=22,23091206,23091827,CAT,ACC
1	240846298	NA	TG	T	90	PASS;AAGAATAATGGTTTCCAG	INDEL;IDV=6;IMF=1;DP=6;VDB=0.000560625;SGB=-0.616816;MQ0F=0;AC=2;AN=2;DP4=0,0,0,6;MQ=60;RB=1,240846006,240846375,TAA,AGA
4	108408279	NA	ATG	A	177	PASS;ACACACACATGCACACAC	INDEL;IDV=7;IMF=1;DP=7;VDB=9.50611e-05;SGB=-0.636426;MQ0F=0;AC=2;AN=2;DP4=0,0,0,7;MQ=60;RB=4,108407955,108408289,TTC,GAA
4	37851391	NA	A	ATTTATTTTATTATTTAT	182	PASS;GCTGTTACATTTATTTTA	INDEL;IDV=5;IMF=1;DP=5;VDB=0.00187095;SGB=-0.590765;MQ0F=0;AC=2;AN=2;DP4=0,0,0,5;MQ=60;RB=4,37851113,37851459,TGA,CCA
16	56497296	NA	GTTTTTTTT	G	33.0275	NEI_IND[13/204];TTTTTTGGGTTTTTTTTT	INDEL;IDV=4;IMF=0.8;DP=4;VDB=0.00766117;SGB=-0.556411;MQ0F=0;AC=2;AN=2;DP4=0,0,0,4;MQ=60;RB=16,56497055,56497385,TGA,ACG
7	125642039	NA	TA	T	80	NEI_IND[19/387];TAGATAGATAGATAGATA	INDEL;IDV=4;IMF=1;DP=4;VDB=0.0058656;SGB=-0.556411;MQ0F=0;AC=2;AN=2;DP4=0,0,4,0;MQ=60;RB=7,125641906,125642300,CCT,AGA
22	16857938	NA	GCAATC	G	205	NEI_IND[12/342];CTTCGAATGCAATCGAAT	INDEL;IDV=6;IMF=1;DP=6;VDB=0.000411984;SGB=-0.616816;MQ0F=0;AC=2;AN=2;DP4=0,0,6,0;MQ=60;RB=22,16857932,16858280,TCC,GAG
4	74023903	NA	AAGAGAG	A	224	NEI_IND[9/329];AAGAAAGAAAGAGAGAGA	INDEL;IDV=7;IMF=1;DP=7;VDB=6.71664e-05;SGB=-0.636426;MQ0F=0;AC=2;AN=2;DP4=0,0,7,0;MQ=60;RB=4,74023775,74024158,TGC,AGT
9	91646662	NA	TG	T	28.4205	MASKED;AAATGGTTTGGGGGAGAT	INDEL;IDV=4;IMF=1;DP=4;VDB=0.0058656;SGB=-0.556411;MQ0F=0;AC=2;AN=2;DP4=0,0,4,0;MQ=60;RB=9,91646623,91647085,TCG,GTG
4	142146643	NA	T	TCC	27.4269	PASS;GATTTACATCCCCCCCCA	INDEL;IDV=4;IMF=1;DP=4;VDB=0.0058656;SGB=-0.556411;MQ0F=0;AC=2;AN=2;DP4=0,0,4,0;MQ=60;RB=4,142146604,142146909,GGA,GAA
4	142146687	NA	GATAATA	G	66	MASKED;ATTTATGAGATAATAATA	INDEL;IDV=4;IMF=1;DP=4;VDB=0.0249187;SGB=-0.511536;MQ0F=0;AC=2;AN=2;DP4=0,0,3,0;MQ=60;RB=4,142146604,142146909,GGA,GAA
7	125642039	NA	TA	T	119	NEI_IND[19/387];TAGATAGATAGATAGATA	INDEL;IDV=7;IMF=1;DP=7;VDB=7.99768e-05;SGB=-0.636426;MQ0F=0;AC=2;AN=2;DP4=0,0,7,0;MQ=60;RB=7,125641906,125642299,CTT,CAG
10	67087028	NA	CGCG	C	142	PASS;TCTCCCCCCGCGCCCCCC	INDEL;IDV=6;IMF=1;DP=6;VDB=0.000411984;SGB=-0.616816;MQ0F=0;AC=2;AN=2;DP4=0,0,6,0;MQ=60;RB=10,67086897,67087419,GGA,TTG
4	34984010	NA	TTAGA	T	203	NEI_IND[4/267];AAATCTCTTTAGATAGAT	INDEL;IDV=7;IMF=1;DP=7;VDB=0.000411984;SGB=-0.616816;MQ0F=0;AC=2;AN=2;DP4=0,0,6,0;MQ=60;RB=4,34983921,34984376,CCT,TTT
X	143067686	NA	CT	C	53	PASS;ATAGTGACCTTTTTGTCT	INDEL;IDV=8;IMF=1;DP=8;VDB=1.33331e-05;SGB=-0.651104;MQ0F=0;AC=2;AN=2;DP4=0,0,0,8;MQ=60;RB=X,143067414,143067733,GAG,GGA
13	67565631	NA	CATA	C	182	MASKED;TCCAGTTACATAATATTT	INDEL;IDV=5;IMF=1;DP=5;VDB=0.00187095;SGB=-0.590765;MQ0F=0;AC=2;AN=2;DP4=0,0,5,0;MQ=60;RB=13,67565563,67566001,CAG,TTC
3	66932852	NA	TA	T	4.38292	NEI_IND[12/146];AATTGAAATAAAAAAAAA	INDEL;IDV=5;IMF=1;DP=5;VDB=0.00187095;SGB=-0.590765;MQ0F=0;AC=2;AN=2;DP4=0,0,5,0;MQ=60;RB=3,66932776,66933117,GGA,TAT
3	66933061	NA	TTC	T	58	NEI_IND[22/205];TTCTTTTTTTCTTTTTTT	INDEL;IDV=4;IMF=0.8;DP=4;VDB=0.0058656;SGB=-0.556411;MQ0F=0;AC=2;AN=2;DP4=0,0,0,4;MQ=60;RB=3,66932776,66933117,GGA,TAT
3	79850527	NA	T	TA	44.4146	PASS;TGTAATTTTAAAAACTTA	INDEL;IDV=6;IMF=1;DP=6;VDB=0.000411984;SGB=-0.616816;MQ0F=0;AC=2;AN=2;DP4=0,0,6,0;MQ=60;RB=3,79850490,79850997,TCC,ACG
9	106634941	NA	GAA	G	143	MASKED;GTAAAATTGAAAAGTCAG	INDEL;IDV=6;IMF=1;DP=6;VDB=0.000411984;SGB=-0.616816;MQ0F=0;AC=2;AN=2;DP4=0,0,0,6;MQ=60;RB=9,106634497,106634988,AAA,TCA
7	18887776	NA	AT	A	111	PASS;AGACCAGTATTAGGAAGA	INDEL;IDV=7;IMF=1;DP=7;VDB=6.71664e-05;SGB=-0.636426;MQ0F=0;AC=2;AN=2;DP4=0,0,7,0;MQ=60;RB=7,18887694,18888117,TAG,CGA
21	10841753	NA	ACAGACTCAAG	A	154	MASKED;GGAATGGAACAGACTCAA	INDEL;IDV=4;IMF=1;DP=4;VDB=0.0058656;SGB=-0.556411;MQ0F=0;AC=2;AN=2;DP4=0,0,4,0;MQ=60;RB=21,10841624,10841962,CAG,GCG
21	10841904	NA	AGGAAT	A	143	NEI_IND[155/457];GACTCGAAAGGAATGGAA	INDEL;IDV=4;IMF=1;DP=4;VDB=0.0058656;SGB=-0.556411;MQ0F=0;AC=2;AN=2;DP4=0,0,0,4;MQ=60;RB=21,10841624,10841962,CAG,GCG
5	63053322	NA	TTTTA	T	224	NEI_IND[4/200];AATGTTTATTTTATTTAT	INDEL;IDV=7;IMF=1;DP=7;VDB=6.71664e-05;SGB=-0.636426;MQ0F=0;AC=2;AN=2;DP4=0,0,0,7;MQ=60;RB=5,63052766,63053384,TAC,TAC
6	83398205	NA	AG	A	126	PASS;TATCTGAAAGGGAAAACT	INDEL;IDV=11;IMF=1;DP=11;VDB=2.26006e-08;SGB=-0.676189;MQ0F=0;AC=2;AN=2;DP4=0,0,11,0;MQ=60;RB=6,83398095,83398439,TCC,ACC
3	66932852	NA	TA	T	8.99861	NEI_IND[12/146];AATTGAAATAAAAAAAAA	INDEL;IDV=8;IMF=1;DP=8;VDB=1.33331e-05;SGB=-0.651104;MQ0F=0;AC=2;AN=2;DP4=0,0,8,0;MQ=60;RB=3,66932776,66933117,GAT,TGA
3	66933061	NA	TTC	T	70	NEI_IND[22/205];TTCTTTTTTTCTTTTTTT	INDEL;IDV=5;IMF=0.625;DP=5;VDB=0.00187095;SGB=-0.590765;MQ0F=0;AC=2;AN=2;DP4=0,0,0,5;MQ=60;RB=3,66932776,66933117,GAT,TGA
1	106156862	NA	GA	G	9.88465	PASS;TTTTTTCTGAAAAAAAAG	INDEL;IDV=5;IMF=1;DP=5;VDB=0.00187095;SGB=-0.590765;MQ0F=0;AC=2;AN=2;DP4=0,0,0,5;MQ=60;RB=1,106156495,106156971,ACT,CGA
22	19477890	NA	T	TTTTTTA	146	PASS;TCTTGTTCTTTGTTATTT	INDEL;IDV=4;IMF=1;DP=4;VDB=0.0058656;SGB=-0.556411;MQ0F=0;AC=2;AN=2;DP4=0,0,0,4;MQ=60;RB=22,19477642,19477948,GCT,GCC
16	51891281	NA	TC	T	109	MASKED;TGCCAGGCTCCCTGTGGG	INDEL;IDV=10;IMF=1;DP=10;VDB=1.33331e-05;SGB=-0.651104;MQ0F=0;AC=2;AN=2;DP4=0,0,8,0;MQ=60;RB=16,51891254,51891600,TTT,CAC
19	39564791	NA	GGA	G	175	MASKED;GAGAGAGAGGAAGGAAGG	INDEL;IDV=6;IMF=1;DP=6;VDB=0.000411984;SGB=-0.616816;MQ0F=0;AC=2;AN=2;DP4=0,0,6,0;MQ=60;RB=19,39564660,39565006,ATG,GCG
6	109694203	NA	CCTA	C	176	MASKED;TCTGTTGACCTACTGTTT	INDEL;IDV=5;IMF=1;DP=5;VDB=0.00187095;SGB=-0.590765;MQ0F=0;AC=2;AN=2;DP4=0,0,5,0;MQ=60;RB=6,109694152,109694553,GGC,TGT
1	180300482	NA	T	TA	154	PASS;TTACCAAATAACTTAGAT	INDEL;IDV=10;IMF=1;DP=10;VDB=6.99472e-07;SGB=-0.670168;MQ0F=0;AC=2;AN=2;DP4=0,0,10,0;MQ=60;RB=1,180300381,180300837,ATA,GGA
7	125642039	NA	TA	T	119	NEI_IND[19/387];TAGATAGATAGATAGATA	INDEL;IDV=8;IMF=1;DP=8;VDB=6.71664e-05;SGB=-0.636426;MQ0F=0;AC=2;AN=2;DP4=0,0,7,0;MQ=60;RB=7,125641906,125642300,GCA,CCT
8	39924831	NA	TCTC	T	160	NEI_IND[3/217];CCTTCTCTTCTCCTTCCT	INDEL;IDV=8;IMF=1;DP=8;VDB=6.71664e-05;SGB=-0.636426;MQ0F=0;AC=2;AN=2;DP4=0,0,7,0;MQ=60;RB=8,39924725,39925141,TTT,CTA
6	106668305	NA	AG	A	88	MASKED;AAGAACTGAGGCGTATAC	INDEL;IDV=5;IMF=1;DP=5;VDB=0.00187095;SGB=-0.590765;MQ0F=0;AC=2;AN=2;DP4=0,0,5,0;MQ=60;RB=6,106668226,106668798,GCG,AGT
11	21935860	NA	TTTTG	T	225	MASKED;AATATTAATTTTGTTTAT	INDEL;IDV=9;IMF=1;DP=9;VDB=5.52906e-06;SGB=-0.662043;MQ0F=0;AC=2;AN=2;DP4=0,0,9,0;MQ=60;RB=11,21935826,21936299,ATG,AAA
8	26799657	NA	TA	T	27.4221	MASKED;GGCTACTATAAAAAATTA	INDEL;IDV=5;IMF=1;DP=5;VDB=0.00187095;SGB=-0.590765;MQ0F=0;AC=2;AN=2;DP4=0,0,0,5;MQ=60;RB=8,26799297,26799780,AAT,GTT
4	122898820	NA	CAA	C	151	NEI_IND[12/280];CCCTCTCTCAATCTCTCT	INDEL;IDV=6;IMF=1;DP=6;VDB=0.000411984;SGB=-0.616816;MQ0F=0;AC=2;AN=2;DP4=0,0,0,6;MQ=60;RB=4,122898643,122898952,AGA,CCG
15	79474916	NA	CCATT	C	91	NEI_IND[65/175];CGCTCCCTCCATTCCTTC	INDEL;IDV=6;IMF=1;DP=6;VDB=0.0221621;SGB=-0.556411;MQ0F=0;AC=2;AN=2;DP4=0,0,4,0;MQ=60;RB=15,79474820,79475338,TTC,TCC
18	62836792	NA	CA	C	18.4763	MASKED;AAACCTTTCAAAAAAAAT	INDEL;IDV=9;IMF=1;DP=9;VDB=5.52906e-06;SGB=-0.662043;MQ0F=0;AC=2;AN=2;DP4=0,0,0,9;MQ=60;RB=18,62836421,62836898,TGG,AAA
2	133824604	NA	TTA	T	106	NEI_IND[3/295];TTTATTTTTTATTTTTTT	INDEL;IDV=7;IMF=1;DP=7;VDB=6.71664e-05;SGB=-0.636426;MQ0F=0;AC=2;AN=2;DP4=0,0,7,0;MQ=60;RB=2,133824474,133824780,AAG,CTG
17	12654051	NA	GTCT	G	220	MASKED;AACACAAAGTCTTCTTAT	INDEL;IDV=7;IMF=1;DP=7;VDB=7.99767e-05;SGB=-0.636426;MQ0F=0;AC=2;AN=2;DP4=0,0,7,0;MQ=60;RB=17,12653972,12654575,ACA,CTG
8	61372388	NA	CTTCT	C	133	NEI_IND[4/280];CTTCCTTCCTTCTTTCCT	INDEL;IDV=5;IMF=1;DP=5;VDB=0.0058656;SGB=-0.556411;MQ0F=0;AC=2;AN=2;DP4=0,0,4,0;MQ=60;RB=8,61372279,61372636,TAT,TAT
13	37088554	NA	C	CA	124	PASS;ACTATTCTCACAGTCGTT	INDEL;IDV=6;IMF=1;DP=6;VDB=0.000411984;SGB=-0.616816;MQ0F=0;AC=2;AN=2;DP4=0,0,0,6;MQ=60;RB=13,37088315,37088613,TTT,TCC
18	75365077	NA	TATA	T	225	MASKED;ATAATTATTATAATTTTA	INDEL;IDV=8;IMF=1;DP=8;VDB=1.33331e-05;SGB=-0.651104;MQ0F=0;AC=2;AN=2;DP4=0,0,0,8;MQ=60;RB=18,75364662,75365097,CTG,GAC
6	94097688	NA	G	GA	121	PASS;GATAGATAGATAGATAGA	INDEL;IDV=6;IMF=1;DP=6;VDB=0.000411984;SGB=-0.616816;MQ0F=0;AC=2;AN=2;DP4=0,0,6,0;MQ=60;RB=6,94097556,94097872,AAG,AAT
11	131700472	NA	TA	T	119	MASKED;CCCTGTAGTATGGTTTGA	INDEL;IDV=7;IMF=1;DP=7;VDB=6.71664e-05;SGB=-0.636426;MQ0F=0;AC=2;AN=2;DP4=0,0,7,0;MQ=60;RB=11,131700394,131700820,TGT,CCG
4	58013802	NA	AT	A	6.51141	NEI_IND[25/328];TCCAAGAGATTTTTTTTC	INDEL;IDV=5;IMF=1;DP=5;VDB=0.0058656;SGB=-0.556411;MQ0F=0;AC=2;AN=2;DP4=0,0,4,0;MQ=60;RB=4,58013794,58014227,AAT,GTC
4	58014205	NA	TAAA	T	121	PASS;ACAAGAAATAAAAAAATT	INDEL;IDV=5;IMF=1;DP=5;VDB=0.00187095;SGB=-0.590765;MQ0F=0;AC=2;AN=2;DP4=0,0,0,5;MQ=60;RB=4,58013794,58014227,AAT,GTC
16	25315658	NA	ATAATC	A	205	MASKED;TAGAAAAAATAATCTAAT	INDEL;IDV=6;IMF=1;DP=6;VDB=0.000411984;SGB=-0.616816;MQ0F=0;AC=2;AN=2;DP4=0,0,6,0;MQ=60;RB=16,25315550,25315947,AAA,GTG
1	72143191	NA	CAT	C	161	MASKED;AAAGTTATCATATTTATT	INDEL;IDV=6;IMF=1;DP=6;VDB=0.000411984;SGB=-0.616816;MQ0F=0;AC=2;AN=2;DP4=0,0,6,0;MQ=60;RB=1,72143126,72143464,ATA,ACA
4	124053770	NA	TGTGC	T	182	PASS;TATATATATGTGCATATA	INDEL;IDV=5;IMF=1;DP=5;VDB=0.00187095;SGB=-0.590765;MQ0F=0;AC=2;AN=2;DP4=0,0,0,5;MQ=60;RB=4,124053298,124053780,CGG,TCC
7	79007144	NA	AT	A	89	MASKED;TAGCTTTAATCATCCTCA	INDEL;IDV=5;IMF=1;DP=5;VDB=0.00187095;SGB=-0.590765;MQ0F=0;AC=2;AN=2;DP4=0,0,0,5;MQ=60;RB=7,79006596,79007243,GTT,ATG
6	94097688	NA	G	GA	121	PASS;GATAGATAGATAGATAGA	INDEL;IDV=6;IMF=1;DP=6;VDB=0.000411984;SGB=-0.616816;MQ0F=0;AC=2;AN=2;DP4=0,0,6,0;MQ=60;RB=6,94097555,94097872,GCA,CAA
3	154871922	NA	C	CAA	165	PASS;ACAAAAAACAAAACAAAA	INDEL;IDV=6;IMF=1;DP=6;VDB=0.000411984;SGB=-0.616816;MQ0F=0;AC=2;AN=2;DP4=0,0,0,6;MQ=60;RB=3,154871616,154871994,ACG,CAC
2	233490583	NA	TA	T	7.30725	MASKED;TCCTCATTTAAAAAAAAA	INDEL;IDV=5;IMF=1;DP=5;VDB=0.00187095;SGB=-0.590765;MQ0F=0;AC=2;AN=2;DP4=0,0,0,5;MQ=60;RB=2,233490251,233490597,GGT,GTT
6	94097688	NA	G	GA	106	PASS;GATAGATAGATAGATAGA	INDEL;IDV=5;IMF=1;DP=5;VDB=0.00187095;SGB=-0.590765;MQ0F=0;AC=2;AN=2;DP4=0,0,5,0;MQ=60;RB=6,94097556,94097871,ATG,CCC
7	89630573	NA	T	TA	110	PASS;TATATATATTGTGTATAT	INDEL;IDV=5;IMF=1;DP=5;VDB=0.00187095;SGB=-0.590765;MQ0F=0;AC=2;AN=2;DP4=0,0,5,0;MQ=60;RB=7,89630443,89630929,TTT,CCC
13	62443558	NA	AT	A	42.4147	MASKED;TTTTTCTCATTTTTTCTC	INDEL;IDV=10;IMF=1;DP=10;VDB=5.52906e-06;SGB=-0.662043;MQ0F=0;AC=2;AN=2;DP4=0,0,0,9;MQ=60;RB=13,62443290,62443690,GGC,CAC
16	26442334	NA	TTTTGTTCTG	T	224	NEI_IND[6/194];TTGTTTTGTTTTGTTCTG	INDEL;IDV=7;IMF=1;DP=7;VDB=6.71664e-05;SGB=-0.636426;MQ0F=0;AC=2;AN=2;DP4=0,0,0,7;MQ=60;RB=16,26442046,26442400,AAT,CTT
13	70820698	NA	CTATATATA	C	154	NEI_IND[32/195];ATACATAACTATATATAT	INDEL;IDV=4;IMF=1;DP=4;VDB=0.0058656;SGB=-0.556411;MQ0F=0;AC=2;AN=2;DP4=0,0,4,0;MQ=60;RB=13,70820591,70820926,CCA,GTT
13	70820883	NA	C	CAT	144	NEI_IND[9/269];CACACACACATATATATA	INDEL;IDV=4;IMF=1;DP=4;VDB=0.0058656;SGB=-0.556411;MQ0F=0;AC=2;AN=2;DP4=0,0,0,4;MQ=60;RB=13,70820591,70820926,CCA,GTT
18	38630251	NA	CAT	C	87	NEI_IND[4/286];CACATACACATACACACA	INDEL;IDV=3;IMF=0.75;DP=3;VDB=0.0221621;SGB=-0.511536;MQ0F=0;AC=2;AN=2;DP4=0,0,3,0;MQ=60;RB=18,38630135,38630530,CTC,CTG
5	107660993	NA	GA	G	64	PASS;TCAAGGAAGAAAAGAGTG	INDEL;IDV=6;IMF=1;DP=6;VDB=0.000411984;SGB=-0.616816;MQ0F=0;AC=2;AN=2;DP4=0,0,0,6;MQ=60;RB=5,107660793,107661053,CCT,CAG
18	43570390	NA	TTTTG	T	225	MASKED;TGGGGTTTTTTTGTTTGT	INDEL;IDV=8;IMF=1;DP=8;VDB=1.33331e-05;SGB=-0.651104;MQ0F=0;AC=2;AN=2;DP4=0,0,0,8;MQ=60;RB=18,43570157,43570447,AGG,CTT
2	143955973	NA	AT	A	99	PASS;CACTTGCTATGTTTGTGA	INDEL;IDV=5;IMF=1;DP=5;VDB=0.00187095;SGB=-0.590765;MQ0F=0;AC=2;AN=2;DP4=0,0,5,0;MQ=60;RB=2,143955854,143956337,CTT,AAA
21	28346518	NA	AAG	A	128	MASKED;AGAGAAGAAAGAGAGAGA	INDEL;IDV=5;IMF=1;DP=5;VDB=0.00187095;SGB=-0.590765;MQ0F=0;AC=2;AN=2;DP4=0,0,5,0;MQ=60;RB=21,28346507,28347008,TAA,GAC
2	184829400	NA	AAC	A	39.4149	NEI_IND[20/316];AAAAAAAAAACAAAACTA	INDEL;IDV=8;IMF=0.888889;DP=8;VDB=1.33331e-05;SGB=-0.651104;MQ0F=0;AC=2;AN=2;DP4=0,0,8,0;MQ=60;RB=2,184829268,184829712,TAT,CGC
1	193834773	NA	T	TTCTAGAAGAC	132	NEI_IND[19/259];TGTTTTTGTTATGTTAAT	INDEL;IDV=11;IMF=1;DP=11;VDB=1.33558e-05;SGB=-0.662043;MQ0F=0;AC=2;AN=2;DP4=0,0,9,0;MQ=60;RB=1,193834681,193835041,TGT,ACG
3	159731166	NA	GAA	G	88	NEI_IND[112/190];AAGAGAAAGAAAGAAAGA	INDEL;IDV=6;IMF=1;DP=6;VDB=0.000411984;SGB=-0.616816;MQ0F=0;AC=2;AN=2;DP4=0,0,6,0;MQ=60;RB=3,159731064,159731537,TAG,AGT
22	16857938	NA	GCAATC	G	225	NEI_IND[12/342];CTTCGAATGCAATCGAAT	INDEL;IDV=8;IMF=1;DP=8;VDB=1.33331e-05;SGB=-0.651104;MQ0F=0;AC=2;AN=2;DP4=0,0,8,0;MQ=60;RB=22,16857932,16858281,ATG,GGA
4	91993940	NA	GT	G	82	PASS;TAGTAATGGTAACATATT	INDEL;IDV=4;IMF=1;DP=4;VDB=0.0058656;SGB=-0.556411;MQ0F=0;AC=2;AN=2;DP4=0,0,0,4;MQ=60;RB=4,91993605,91994011,CCG,GAT
4	108408279	NA	ATG	A	155	PASS;ACACACACATGCACACAC	INDEL;IDV=5;IMF=1;DP=5;VDB=0.00187095;SGB=-0.590765;MQ0F=0;AC=2;AN=2;DP4=0,0,0,5;MQ=60;RB=4,108407954,108408289,TTA,GAT
8	53181091	NA	CT	C	23.434	MASKED;CTTACTATCTATCATCTA	INDEL;IDV=6;IMF=1;DP=6;VDB=0.00187095;SGB=-0.590765;MQ0F=0;AC=2;AN=2;DP4=0,0,0,5;MQ=60;RB=8,53180806,53181195,TCT,GCG
8	53181095	NA	C	CT	51	PASS;CTATCTATCATCTATCTA	INDEL;IDV=6;IMF=1;DP=6;VDB=0.000411984;SGB=-0.616816;MQ0F=0;AC=2;AN=2;DP4=0,0,0,6;MQ=60;RB=8,53180806,53181195,TCT,GCG
5	43255858	NA	AAG	A	38.415	NEI_IND[9/263];AAAAAAAAAAGAAAGAAA	INDEL;IDV=5;IMF=1;DP=5;VDB=0.00187095;SGB=-0.590765;MQ0F=0;AC=2;AN=2;DP4=0,0,5,0;MQ=60;RB=5,43255725,43256055,ACA,TCC
10	112494555	NA	TG	T	85	MASKED;CCCACTCATGCCCCCTGA	INDEL;IDV=5;IMF=1;DP=5;VDB=0.00187095;SGB=-0.590765;MQ0F=0;AC=2;AN=2;DP4=0,0,0,5;MQ=60;RB=10,112494258,112494566,GTG,ACG
4	103462486	NA	TG	T	142	MASKED;CGTAGAATTGTCCAAGTG	INDEL;IDV=9;IMF=1;DP=9;VDB=5.52906e-06;SGB=-0.662043;MQ0F=0;AC=2;AN=2;DP4=0,0,9,0;MQ=60;RB=4,103462443,103462938,GTA,GAC
17	5141301	NA	CAATT	C	225	MASKED;ACAAGTGTCAATTAATCC	INDEL;IDV=10;IMF=1;DP=10;VDB=2.20066e-06;SGB=-0.670168;MQ0F=0;AC=2;AN=2;DP4=0,0,0,10;MQ=60;RB=17,5140923,5141383,CGA,ATG
9	6397603	NA	AG	A	122	PASS;AGAAAGAAAGAAAGAAAA	INDEL;IDV=7;IMF=1;DP=7;VDB=6.71664e-05;SGB=-0.636426;MQ0F=0;AC=2;AN=2;DP4=0,0,7,0;MQ=60;RB=9,6397468,6397995,TTG,CAA
5	114882440	NA	ACATG	A	199	MASKED;GCACACACACATGCACGC	INDEL;IDV=6;IMF=1;DP=6;VDB=0.000411984;SGB=-0.616816;MQ0F=0;AC=2;AN=2;DP4=0,0,0,6;MQ=60;RB=5,114881839,114882458,CTG,CTT
4	34984010	NA	TTAGA	T	121	NEI_IND[4/267];AAATCTCTTTAGATAGAT	INDEL;IDV=3;IMF=0.75;DP=3;VDB=0.0221621;SGB=-0.511536;MQ0F=0;AC=2;AN=2;DP4=0,0,3,0;MQ=60;RB=4,34983921,34984375,GTA,TCC
7	26789568	NA	GT	G	104	MASKED;TACCATGAGTTAGGTAAA	INDEL;IDV=6;IMF=1;DP=6;VDB=0.000411984;SGB=-0.616816;MQ0F=0;AC=2;AN=2;DP4=0,0,6,0;MQ=60;RB=7,26789537,26789981,CCT,TGG
17	72596408	NA	TAGAC	T	182	NEI_IND[5/289];ATAATTGATAGACAGACA	INDEL;IDV=5;IMF=1;DP=5;VDB=0.00187095;SGB=-0.590765;MQ0F=0;AC=2;AN=2;DP4=0,0,0,5;MQ=60;RB=17,72596201,72596540,CCG,GGG
X	32453136	NA	AT	A	88	MASKED;TATTTTAGATTTATTGTT	INDEL;IDV=6;IMF=1;DP=6;VDB=0.000411984;SGB=-0.616816;MQ0F=0;AC=2;AN=2;DP4=0,0,0,6;MQ=60;RB=X,32452755,32453263,GTT,GGG
7	22006523	NA	GTTGTTTGT	G	182	NEI_IND[6/300];GTTCGTTTGTTGTTTGTT	INDEL;IDV=5;IMF=1;DP=5;VDB=0.00187095;SGB=-0.590765;MQ0F=0;AC=2;AN=2;DP4=0,0,0,5;MQ=60;RB=7,22006051,22006588,GAG,GGA
4	163469083	NA	CTTTTTTTTTTTT	C,CT	34.2967	NEI_IND[48/260];AATGCCTTCTTTTTTTTT	INDEL;IDV=5;IMF=1;DP=5;VDB=0.00248765;SGB=-0.590765;MQ0F=0;AC=1,1;AN=2;DP4=0,0,0,5;MQ=60;RB=4,163468678,163469152,AGC,CGA
4	124053770	NA	TGTGC	T	154	MASKED;TATATATATGTGCATATA	INDEL;IDV=4;IMF=1;DP=4;VDB=0.0058656;SGB=-0.556411;MQ0F=0;AC=2;AN=2;DP4=0,0,0,4;MQ=60;RB=4,124053297,124053782,CGA,GAG
11	114601766	NA	CTG	C	152	MASKED;ATAGATGGCTGTTATTAT	INDEL;IDV=5;IMF=1;DP=5;VDB=0.00187095;SGB=-0.590765;MQ0F=0;AC=2;AN=2;DP4=0,0,0,5;MQ=60;RB=11,114601398,114601856,ATT,AAT
X	150682937	NA	C	CTT	22.4391	NEI_IND[18/353];CTTTCTTTCTCTTTCTCT	INDEL;IDV=10;IMF=1;DP=10;VDB=1.33331e-05;SGB=-0.651104;MQ0F=0;AC=2;AN=2;DP4=0,0,0,8;MQ=60;RB=X,150682742,150683062,CTG,CGT
7	18393693	NA	G	GA	17.4922	PASS;TTTAAGGTGAAAAAAAAG	INDEL;IDV=8;IMF=1;DP=8;VDB=1.33331e-05;SGB=-0.651104;MQ0F=0;AC=2;AN=2;DP4=0,0,8,0;MQ=60;RB=7,18393609,18393949,GGG,CCA
5	83161203	NA	CT	C	119	MASKED;TTATTTATCTTTATGTAG	INDEL;IDV=11;IMF=1;DP=11;VDB=2.26006e-08;SGB=-0.676189;MQ0F=0;AC=2;AN=2;DP4=0,0,11,0;MQ=60;RB=5,83161087,83161420,CAT,TAG
13	90291489	NA	A	AGAT	224	PASS;AGATAGATAGATAGATAG	INDEL;IDV=7;IMF=1;DP=7;VDB=6.71664e-05;SGB=-0.636426;MQ0F=0;AC=2;AN=2;DP4=0,0,7,0;MQ=60;RB=13,90291362,90291952,ACA,AAC
18	42386588	NA	CTTTTTTTTTTTTT	C	25.2151	NEI_IND[7/233];ATGAGCTCCTTTTTTTTT	INDEL;IDV=4;IMF=0.571429;DP=4;VDB=0.00992398;SGB=-0.556411;MQ0F=0;AC=2;AN=2;DP4=0,0,0,4;MQ=60;RB=18,42386325,42386684,GTG,TGC
1	220510364	NA	GT	G	123	MASKED;TGGGCCCGGTGGCTCACG	INDEL;IDV=7;IMF=1;DP=7;VDB=6.71664e-05;SGB=-0.636426;MQ0F=0;AC=2;AN=2;DP4=0,0,7,0;MQ=60;RB=1,220510246,220510570,GAG,TCA
4	74023903	NA	AAGAGAG	A	224	NEI_IND[9/329];AAGAAAGAAAGAGAGAGA	INDEL;IDV=7;IMF=1;DP=7;VDB=6.71664e-05;SGB=-0.636426;MQ0F=0;AC=2;AN=2;DP4=0,0,7,0;MQ=60;RB=4,74023774,74024158,TGT,TAT
8	106109393	NA	AAATTTAG	A	154	MASKED;GAGGAAATAAATTTAGAG	INDEL;IDV=4;IMF=1;DP=4;VDB=0.0058656;SGB=-0.556411;MQ0F=0;AC=2;AN=2;DP4=0,0,0,4;MQ=60;RB=8,106108957,106109445,TTT,CTG
4	137787588	NA	GT	G	5.7555	NEI_IND[9/262];GTTTTTTAGTTTTTTTAT	INDEL;IDV=4;IMF=1;DP=4;VDB=0.0221621;SGB=-0.511536;MQ0F=0;AC=2;AN=2;DP4=0,0,0,3;MQ=60;RB=4,137787096,137787731,CCG,CCG
4	137787686	NA	CTAATA	C	182	MASKED;AAATTAATCTAATATAAT	INDEL;IDV=5;IMF=1;DP=5;VDB=0.00328272;SGB=-0.590765;MQ0F=0;AC=2;AN=2;DP4=0,0,0,5;MQ=60;RB=4,137787096,137787731,CCG,CCG
1	230176273	NA	CT	C	27.4221	MASKED;CTGAATGTCTTTTTTTCT	INDEL;IDV=9;IMF=1;DP=9;VDB=5.52906e-06;SGB=-0.662043;MQ0F=0;AC=2;AN=2;DP4=0,0,9,0;MQ=60;RB=1,230176221,230176539,ACA,TCT
5	160214130	NA	CA	C	72	NEI_IND[14/321];CACACACACACACACACA	INDEL;IDV=4;IMF=1;DP=4;VDB=0.0058656;SGB=-0.556411;MQ0F=0;AC=2;AN=2;DP4=0,0,0,4;MQ=60;RB=5,160213954,160214253,AGT,CCT
4	188296922	NA	ATT	A	83	PASS;TAATAATAATTTTTTAAA	INDEL;IDV=5;IMF=0.833333;DP=5;VDB=0.00187095;SGB=-0.590765;MQ0F=0;AC=2;AN=2;DP4=0,0,5,0;MQ=60;RB=4,188296787,188297406,ACT,AGA
4	79182489	NA	TAGTAA	T	225	MASKED;AGATCCTGTAGTAAATAG	INDEL;IDV=8;IMF=1;DP=8;VDB=1.33331e-05;SGB=-0.651104;MQ0F=0;AC=2;AN=2;DP4=0,0,8,0;MQ=60;RB=4,79182440,79182836,CGT,TCC
1	60785576	NA	GA	G	92	PASS;TGGTTGGTGAAGGGATTC	INDEL;IDV=5;IMF=1;DP=5;VDB=0.00187095;SGB=-0.590765;MQ0F=0;AC=2;AN=2;DP4=0,0,0,5;MQ=60;RB=1,60785374,60785616,AAA,GGG
7	70606108	NA	AC	A	98	PASS;ATCCCAGCACTTTGGGAG	INDEL;IDV=5;IMF=1;DP=5;VDB=0.00187095;SGB=-0.590765;MQ0F=0;AC=2;AN=2;DP4=0,0,5,0;MQ=60;RB=7,70605973,70606289,TTT,ACG
4	34984010	NA	TTAGA	T	182	NEI_IND[4/267];AAATCTCTTTAGATAGAT	INDEL;IDV=5;IMF=1;DP=5;VDB=0.00187095;SGB=-0.590765;MQ0F=0;AC=2;AN=2;DP4=0,0,5,0;MQ=60;RB=4,34983921,34984376,CTA,AGT
14	58987228	NA	TTTG	T	225	NEI_IND[6/367];TTTGGGGTTTTGTTGTTG	INDEL;IDV=8;IMF=1;DP=8;VDB=1.33331e-05;SGB=-0.651104;MQ0F=0;AC=2;AN=2;DP4=0,0,0,8;MQ=60;RB=14,58986977,58987290,CCT,TCG
8	39924831	NA	TCTC	T	117	NEI_IND[3/217];CCTTCTCTTCTCCTTCCT	INDEL;IDV=4;IMF=1;DP=4;VDB=0.0058656;SGB=-0.556411;MQ0F=0;AC=2;AN=2;DP4=0,0,4,0;MQ=60;RB=8,39924726,39925141,TGG,TAA
5	44223256	NA	GAAAT	G	85	NEI_IND[4/308];GAAAGAAAGAAATGAGGG	INDEL;IDV=8;IMF=1;DP=8;VDB=0.0058656;SGB=-0.556411;MQ0F=0;AC=2;AN=2;DP4=0,0,0,4;MQ=60;RB=5,44223063,44223375,CTT,GCA
6	94097688	NA	G	GA	168	PASS;GATAGATAGATAGATAGA	INDEL;IDV=13;IMF=1;DP=13;VDB=2.26006e-08;SGB=-0.683931;MQ0F=0;AC=2;AN=2;DP4=0,0,13,0;MQ=60;RB=6,94097555,94097872,GTT,AAT
2	124858276	NA	CTACAAAAA	C	225	MASKED;CCTCGTCTCTACAAAAAT	INDEL;IDV=9;IMF=1;DP=9;VDB=5.52906e-06;SGB=-0.662043;MQ0F=0;AC=2;AN=2;DP4=0,0,0,9;MQ=60;RB=2,124858028,124858379,ACC,TCA
19	21537250	NA	TATCTTGGATAATGTTTCA	T	154	MASKED;ACATGGTCTATCTTGGAT	INDEL;IDV=4;IMF=1;DP=4;VDB=0.0058656;SGB=-0.556411;MQ0F=0;AC=2;AN=2;DP4=0,0,0,4;MQ=60;RB=19,21536836,21537291,CCA,CTC
X	43612750	NA	AC	A	137	PASS;AAACAGATACTTTGTTAA	INDEL;IDV=8;IMF=1;DP=8;VDB=1.33331e-05;SGB=-0.651104;MQ0F=0;AC=2;AN=2;DP4=0,0,0,8;MQ=60;RB=X,43612415,43612847,ATT,GCA
10	132868767	NA	GC	G	147	PASS;GGTGAAAAGCTTTTCTAA	INDEL;IDV=10;IMF=1;DP=10;VDB=6.99472e-07;SGB=-0.670168;MQ0F=0;AC=2;AN=2;DP4=0,0,0,10;MQ=60;RB=10,132868449,132868816,GGA,GGT
19	36968102	NA	TG	T	86	MASKED;AGTAGTGATGGGGTTTCA	INDEL;IDV=12;IMF=1;DP=12;VDB=2.26006e-08;SGB=-0.676189;MQ0F=0;AC=2;AN=2;DP4=0,0,11,0;MQ=60;RB=19,36967993,36968306,TCA,TTA
8	74153986	NA	CA	C	18.4763	MASKED;TACTAACCCAAAAAAAAG	INDEL;IDV=10;IMF=1;DP=10;VDB=6.99472e-07;SGB=-0.670168;MQ0F=0;AC=2;AN=2;DP4=0,0,0,10;MQ=60;RB=8,74153621,74153997,GCC,GGT
X	2410328	NA	GA	G	88	MASKED;CCTTAATAGAAGACAGAT	INDEL;IDV=5;IMF=1;DP=5;VDB=0.00187095;SGB=-0.590765;MQ0F=0;AC=2;AN=2;DP4=0,0,5,0;MQ=60;RB=X,2410310,2410644,CCG,CGT
4	34984010	NA	TTAGA	T	224	NEI_IND[4/267];AAATCTCTTTAGATAGAT	INDEL;IDV=7;IMF=1;DP=7;VDB=6.71664e-05;SGB=-0.636426;MQ0F=0;AC=2;AN=2;DP4=0,0,7,0;MQ=60;RB=4,34983921,34984376,CCA,TGA
3	159731166	NA	GAA	G	87	NEI_IND[112/190];AAGAGAAAGAAAGAAAGA	INDEL;IDV=6;IMF=1;DP=6;VDB=0.000411984;SGB=-0.616816;MQ0F=0;AC=2;AN=2;DP4=0,0,6,0;MQ=60;RB=3,159731064,159731536,CGG,CGC
5	44223256	NA	GAAAT	G	53	NEI_IND[4/308];GAAAGAAAGAAATGAGGG	INDEL;IDV=4;IMF=1;DP=4;VDB=0.02;SGB=-0.453602;MQ0F=0;AC=2;AN=2;DP4=0,0,0,2;MQ=60;RB=5,44223063,44223374,GTT,CTC
1	193834773	NA	T	TTCTAGAAGAC	43.4147	NEI_IND[19/259];TGTTTTTGTTATGTTAAT	INDEL;IDV=4;IMF=1;DP=4;VDB=0.0221621;SGB=-0.511536;MQ0F=0;AC=2;AN=2;DP4=0,0,3,0;MQ=60;RB=1,193834681,193835041,ATT,AAG
16	73921641	NA	CT	C	15.5372	PASS;CACACACACTTTTTTTTG	INDEL;IDV=7;IMF=1;DP=7;VDB=6.71664e-05;SGB=-0.636426;MQ0F=0;AC=2;AN=2;DP4=0,0,0,7;MQ=60;RB=16,73921281,73921710,CAA,CAT
4	108408279	NA	ATG	A	199	PASS;ACACACACATGCACACAC	INDEL;IDV=8;IMF=1;DP=8;VDB=6.71664e-05;SGB=-0.636426;MQ0F=0;AC=2;AN=2;DP4=0,0,0,7;MQ=60;RB=4,108407955,108408289,CCG,GCA
16	56497296	NA	GTTTTTTTT	G	29.6345	NEI_IND[13/204];TTTTTTGGGTTTTTTTTT	INDEL;IDV=5;IMF=1;DP=5;VDB=0.00223758;SGB=-0.590765;MQ0F=0;AC=2;AN=2;DP4=0,0,0,5;MQ=60;RB=16,56497056,56497385,ATG,GAC
12	44306310	NA	TTATATATATATATA	T	205	NEI_IND[90/141];ATAATAATTTATATATAT	INDEL;IDV=6;IMF=1;DP=6;VDB=0.000411984;SGB=-0.616816;MQ0F=0;AC=2;AN=2;DP4=0,0,6,0;MQ=60;RB=12,44306274,44306575,CGT,GTG
12	44306521	NA	TG	T	117	PASS;AGTACTGATGTTTTTATT	INDEL;IDV=6;IMF=1;DP=6;VDB=0.000411984;SGB=-0.616816;MQ0F=0;AC=2;AN=2;DP4=0,0,0,6;MQ=60;RB=12,44306274,44306575,CGT,GTG
22	16857938	NA	GCAATC	G	225	NEI_IND[12/342];CTTCGAATGCAATCGAAT	INDEL;IDV=8;IMF=1;DP=8;VDB=1.33331e-05;SGB=-0.651104;MQ0F=0;AC=2;AN=2;DP4=0,0,8,0;MQ=60;RB=22,16857932,16858281,AGC,TAT
1	193834773	NA	T	TTCTAGAAGAC	79	NEI_IND[19/259];TGTTTTTGTTATGTTAAT	INDEL;IDV=8;IMF=1;DP=8;VDB=1.33331e-05;SGB=-0.651104;MQ0F=0;AC=2;AN=2;DP4=0,0,8,0;MQ=60;RB=1,193834681,193835042,TTT,CGA
8	90149865	NA	AG	A	75	MASKED;ACAGACAGAGTAGATAGA	INDEL;IDV=4;IMF=1;DP=4;VDB=0.0058656;SGB=-0.556411;MQ0F=0;AC=2;AN=2;DP4=0,0,4,0;MQ=60;RB=8,90149731,90150014,GTG,CGC
22	45680197	NA	TG	T	75	MASKED;CATCCCTTTGGAGGCAGC	INDEL;IDV=5;IMF=1;DP=5;VDB=0.0437511;SGB=-0.556411;MQ0F=0;AC=2;AN=2;DP4=0,0,4,0;MQ=60;RB=22,45680093,45680734,CCT,CCG
7	112795964	NA	TG	T	135	PASS;CCTTAGTGTGGATCAATA	INDEL;IDV=12;IMF=1;DP=12;VDB=2.26006e-08;SGB=-0.680642;MQ0F=0;AC=2;AN=2;DP4=0,0,0,12;MQ=60;RB=7,112795734,112796087,TAT,CCG
22	16857938	NA	GCAATC	G	224	NEI_IND[12/342];CTTCGAATGCAATCGAAT	INDEL;IDV=7;IMF=1;DP=7;VDB=6.71664e-05;SGB=-0.636426;MQ0F=0;AC=2;AN=2;DP4=0,0,7,0;MQ=60;RB=22,16857932,16858280,ATG,GTC
8	117488787	NA	CCTT	C	225	MASKED;ACTTTCGTCCTTCTTCTT	INDEL;IDV=12;IMF=1;DP=12;VDB=2.26006e-08;SGB=-0.680642;MQ0F=0;AC=2;AN=2;DP4=0,0,12,0;MQ=60;RB=8,117488701,117489021,TGG,GGG
4	122180027	NA	TG	T	144	MASKED;GTTGGAGATGTTCTTTCA	INDEL;IDV=9;IMF=1;DP=9;VDB=5.52906e-06;SGB=-0.662043;MQ0F=0;AC=2;AN=2;DP4=0,0,9,0;MQ=60;RB=4,122179972,122180384,GGC,GAC
12	17413807	NA	C	CACAT	70	NEI_IND[10/281];TACATACACATATGTACA	INDEL;IDV=4;IMF=1;DP=4;VDB=0.0058656;SGB=-0.556411;MQ0F=0;AC=2;AN=2;DP4=0,0,4,0;MQ=60;RB=12,17413730,17413972,TTG,CGC
7	22006523	NA	GTTGTTTGT	G	225	NEI_IND[6/300];GTTCGTTTGTTGTTTGTT	INDEL;IDV=8;IMF=1;DP=8;VDB=1.33331e-05;SGB=-0.651104;MQ0F=0;AC=2;AN=2;DP4=0,0,0,8;MQ=60;RB=7,22006050,22006588,GTA,TCT
16	26442334	NA	TTTTGTTCTG	T	224	NEI_IND[6/194];TTGTTTTGTTTTGTTCTG	INDEL;IDV=7;IMF=1;DP=7;VDB=6.71664e-05;SGB=-0.636426;MQ0F=0;AC=2;AN=2;DP4=0,0,0,7;MQ=60;RB=16,26442047,26442399,ATG,CCC
7	89630573	NA	T	TA	125	PASS;TATATATATTGTGTATAT	INDEL;IDV=6;IMF=1;DP=6;VDB=0.000411984;SGB=-0.616816;MQ0F=0;AC=2;AN=2;DP4=0,0,6,0;MQ=60;RB=7,89630443,89630930,GCT,GTT
19	24193566	NA	CA	C	81	MASKED;ACAGGATACAGAACAAAA	INDEL;IDV=4;IMF=1;DP=4;VDB=0.0058656;SGB=-0.556411;MQ0F=0;AC=2;AN=2;DP4=0,0,0,4;MQ=60;RB=19,24193365,24193684,GCC,GCT
18	50570809	NA	TA	T	116	MASKED;GCTGCTGATATATATGAA	INDEL;IDV=6;IMF=1;DP=6;VDB=0.000411984;SGB=-0.616816;MQ0F=0;AC=2;AN=2;DP4=0,0,6,0;MQ=60;RB=18,50570724,50571136,AGG,TTC
18	40591443	NA	CTTTTA	C	225	MASKED;AGCTCCACCTTTTATTTT	INDEL;IDV=8;IMF=1;DP=8;VDB=1.33331e-05;SGB=-0.651104;MQ0F=0;AC=2;AN=2;DP4=0,0,8,0;MQ=60;RB=18,40591430,40591906,ACC,GCT
16	6497979	NA	GTC	G	114	MASKED;AGACAAGAGTCTCTCTCT	INDEL;IDV=5;IMF=1;DP=5;VDB=0.00187095;SGB=-0.590765;MQ0F=0;AC=2;AN=2;DP4=0,0,0,5;MQ=60;RB=16,6497611,6498036,CGG,CTG
8	61372388	NA	CTTCT	C	135	NEI_IND[4/280];CTTCCTTCCTTCTTTCCT	INDEL;IDV=4;IMF=1;DP=4;VDB=0.0058656;SGB=-0.556411;MQ0F=0;AC=2;AN=2;DP4=0,0,4,0;MQ=60;RB=8,61372279,61372636,AAT,ACT
13	70820698	NA	CTATATATATA	CTA,C	160	NEI_IND[32/195];ATACATAACTATATATAT	INDEL;IDV=5;IMF=1;DP=5;VDB=0.00187095;SGB=-0.590765;MQ0F=0;AC=1,1;AN=2;DP4=0,0,5,0;MQ=60;RB=13,70820591,70820925,ATT,AAC
13	70820883	NA	C	CAT	164	NEI_IND[9/269];CACACACACATATATATA	INDEL;IDV=4;IMF=0.8;DP=5;VDB=0.00248765;SGB=-0.590765;MQ0F=0;AC=2;AN=2;DP4=0,0,0,5;MQ=60;RB=13,70820591,70820925,ATT,AAC
7	32636752	NA	AAG	A	6.51141	MASKED;AAAAAAAAAAGAAAGAAA	INDEL;IDV=4;IMF=1;DP=4;VDB=0.0058656;SGB=-0.556411;MQ0F=0;AC=2;AN=2;DP4=0,0,4,0;MQ=60;RB=7,32636620,32637181,TAT,GTT
9	9584355	NA	TCAC	T	154	NEI_IND[8/366];TTATTTCATCACCATTAT	INDEL;IDV=4;IMF=1;DP=4;VDB=0.0058656;SGB=-0.556411;MQ0F=0;AC=2;AN=2;DP4=0,0,4,0;MQ=60;RB=9,9584228,9584623,CTA,GTT
6	74520400	NA	AT	A	127	MASKED;ATAAAAAAATCATTGTAC	INDEL;IDV=7;IMF=1;DP=7;VDB=6.71664e-05;SGB=-0.636426;MQ0F=0;AC=2;AN=2;DP4=0,0,0,7;MQ=60;RB=6,74520042,74520443,ATT,GGG
4	124053770	NA	TGTGC	T	154	MASKED;TATATATATGTGCATATA	INDEL;IDV=4;IMF=1;DP=4;VDB=0.0058656;SGB=-0.556411;MQ0F=0;AC=2;AN=2;DP4=0,0,0,4;MQ=60;RB=4,124053298,124053782,CGG,TCC
7	125642039	NA	TA	T	95	NEI_IND[19/387];TAGATAGATAGATAGATA	INDEL;IDV=5;IMF=1;DP=5;VDB=0.00187095;SGB=-0.590765;MQ0F=0;AC=2;AN=2;DP4=0,0,5,0;MQ=58;RB=7,125641906,125642300,TGT,AAA
5	139883138	NA	CTTTTTTTTTTTTTT	C,CT	86	NEI_IND[45/238];TTTTCTTTCTTTTTTTTT	INDEL;IDV=5;IMF=1;DP=5;VDB=0.00231828;SGB=-0.590765;MQ0F=0;AC=1,1;AN=2;DP4=0,0,0,5;MQ=60;RB=5,139882786,139883204,AAT,CGA
17	72596408	NA	TAGAC	T	181	NEI_IND[5/289];ATAATTGATAGACAGACA	INDEL;IDV=5;IMF=1;DP=5;VDB=0.00286037;SGB=-0.590765;MQ0F=0;AC=2;AN=2;DP4=0,0,0,5;MQ=60;RB=17,72596200,72596541,TAT,CTA
4	124053770	NA	TGTGC	T	162	PASS;TATATATATGTGCATATA	INDEL;IDV=5;IMF=1;DP=5;VDB=0.00187095;SGB=-0.590765;MQ0F=0;AC=2;AN=2;DP4=0,0,0,5;MQ=60;RB=4,124053297,124053780,GGA,TTG
2	79416370	NA	CT	C	101	PASS;AATCTCCTCTTTCATTTC	INDEL;IDV=7;IMF=1;DP=7;VDB=6.71664e-05;SGB=-0.636426;MQ0F=0;AC=2;AN=2;DP4=0,0,7,0;MQ=60;RB=2,79416316,79416681,AAA,GCT
11	82029062	NA	TC	T	88	PASS;AGTGAAAATCCCCATGCT	INDEL;IDV=12;IMF=1;DP=12;VDB=2.26006e-08;SGB=-0.680642;MQ0F=0;AC=2;AN=2;DP4=0,0,0,12;MQ=60;RB=11,82028573,82029149,AGG,GTG
4	181432637	NA	CCTTCCCT	C	154	NEI_IND[8/319];CCTTCCTTCCTTCCCTCC	INDEL;IDV=4;IMF=1;DP=4;VDB=0.0058656;SGB=-0.556411;MQ0F=0;AC=2;AN=2;DP4=0,0,0,4;MQ=60;RB=4,181432074,181432769,CCG,CCT
4	34984010	NA	TTAGA	T	225	NEI_IND[4/267];AAATCTCTTTAGATAGAT	INDEL;IDV=8;IMF=1;DP=8;VDB=1.33331e-05;SGB=-0.651104;MQ0F=0;AC=2;AN=2;DP4=0,0,8,0;MQ=60;RB=4,34983921,34984376,GTA,TGA
6	1252473	NA	T	TGGAG	182	NEI_IND[23/280];GATGTTAGTTTAGTTAGG	INDEL;IDV=5;IMF=1;DP=5;VDB=0.00187095;SGB=-0.590765;MQ0F=0;AC=2;AN=2;DP4=0,0,5,0;MQ=60;RB=6,1252340,1252656,GGG,AAC
3	58903575	NA	AG	A	71	PASS;ATGGAGAGAGGAGAGGAG	INDEL;IDV=5;IMF=1;DP=5;VDB=0.0058656;SGB=-0.556411;MQ0F=0;AC=2;AN=2;DP4=0,0,0,4;MQ=60;RB=3,58903178,58903655,CCA,TCA
6	1252473	NA	T	TGGAG	225	NEI_IND[23/280];GATGTTAGTTTAGTTAGG	INDEL;IDV=10;IMF=1;DP=10;VDB=6.99472e-07;SGB=-0.670168;MQ0F=0;AC=2;AN=2;DP4=0,0,10,0;MQ=60;RB=6,1252340,1252657,TTG,CGA
22	17421243	NA	GGT	G	136	MASKED;TTGTCAAGGGTATTAAGT	INDEL;IDV=4;IMF=1;DP=4;VDB=0.0058656;SGB=-0.556411;MQ0F=0;AC=2;AN=2;DP4=0,0,4,0;MQ=60;RB=22,17421229,17421600,TGA,AAT
1	193834773	NA	T	TTCTAGAAGAC	82	NEI_IND[19/259];TGTTTTTGTTATGTTAAT	INDEL;IDV=8;IMF=1;DP=8;VDB=6.71664e-05;SGB=-0.636426;MQ0F=0;AC=2;AN=2;DP4=0,0,7,0;MQ=60;RB=1,193834681,193835042,CCT,CCA
1	194873051	NA	CATTT	C	224	PASS;TGTTTATTCATTTGTTAT	INDEL;IDV=7;IMF=1;DP=7;VDB=6.71664e-05;SGB=-0.636426;MQ0F=0;AC=2;AN=2;DP4=0,0,7,0;MQ=60;RB=1,194872984,194873532,TGA,GGG
5	160859954	NA	TGAG	T	172	MASKED;TATGGGGATGAGGAGATC	INDEL;IDV=5;IMF=1;DP=5;VDB=0.00187095;SGB=-0.590765;MQ0F=0;AC=2;AN=2;DP4=0,0,0,5;MQ=60;RB=5,160859605,160860028,TCC,GGG
1	193834773	NA	T	TTCTAGAAGAC	32.4168	NEI_IND[19/259];TGTTTTTGTTATGTTAAT	INDEL;IDV=4;IMF=1;DP=4;VDB=0.0058656;SGB=-0.556411;MQ0F=0;AC=2;AN=2;DP4=0,0,4,0;MQ=60;RB=1,193834681,193835041,CCA,GAG
6	94097688	NA	G	GA	89	PASS;GATAGATAGATAGATAGA	INDEL;IDV=5;IMF=1;DP=5;VDB=0.0058656;SGB=-0.556411;MQ0F=0;AC=2;AN=2;DP4=0,0,4,0;MQ=60;RB=6,94097555,94097871,CCT,CAC
9	9584355	NA	TCAC	T	205	NEI_IND[8/366];TTATTTCATCACCATTAT	INDEL;IDV=6;IMF=1;DP=6;VDB=0.000411984;SGB=-0.616816;MQ0F=0;AC=2;AN=2;DP4=0,0,6,0;MQ=60;RB=9,9584228,9584623,CGA,GTT
