CHROM	POS	ID	REF	ALT	QUAL	FILTER	INFO
9	113563641	NA	A	AT	39.4149	PASS;AGAGCTTCATTTTTTAAT	INDEL;IDV=8;IMF=1;DP=8;VDB=1.33331e-05;SGB=-0.651104;MQ0F=0;AC=2;AN=2;DP4=0,0,8,0;MQ=60;RB=9,113563543,113563791,CGT,CCG
X	74330447	NA	CA	C	61	PASS;ATGTCAAGCAAAATCTCA	INDEL;IDV=6;IMF=1;DP=6;VDB=0.000411984;SGB=-0.616816;MQ0F=0;AC=2;AN=2;DP4=0,0,0,6;MQ=60;RB=X,74329677,74330567,TTA,ACG
20	43203203	NA	TTTTTTGTTTTTG	T	205	MASKED;AGCATGTTTTTTTTGTTT	INDEL;IDV=7;IMF=1;DP=7;VDB=0.000411984;SGB=-0.616816;MQ0F=0;AC=2;AN=2;DP4=0,0,0,6;MQ=60;RB=20,43202368,43203265,TGA,CCC
1	238882930	NA	GA	G	13.6076	MASKED;CAGGTTAAGAAAAAAAAT	INDEL;IDV=6;IMF=1;DP=6;VDB=0.000411984;SGB=-0.616816;MQ0F=0;AC=2;AN=2;DP4=0,0,0,6;MQ=60;RB=1,238882275,238882966,CTC,GGA
4	60442118	NA	ATAGT	A	205	MASKED;TTTATTTGATAGTTAGTA	INDEL;IDV=6;IMF=1;DP=6;VDB=0.000411984;SGB=-0.616816;MQ0F=0;AC=2;AN=2;DP4=0,0,0,6;MQ=60;RB=4,60441607,60442203,TTA,TTC
3	71320043	NA	CA	C	88	MASKED;CTCCCTCCCAAGGTGCAA	INDEL;IDV=5;IMF=1;DP=5;VDB=0.00187095;SGB=-0.590765;MQ0F=0;AC=2;AN=2;DP4=0,0,0,5;MQ=60;RB=3,71319724,71320070,ATA,TGG
6	50769356	NA	TG	T	71	MASKED;GCCCAGGCTGGGGTGCAA	INDEL;IDV=7;IMF=1;DP=7;VDB=6.71664e-05;SGB=-0.636426;MQ0F=0;AC=2;AN=2;DP4=0,0,0,7;MQ=60;RB=6,50769102,50769384,TTT,ATA
10	15781130	NA	TC	T	92	PASS;AGCGAGACTCCGTCAAAA	INDEL;IDV=8;IMF=1;DP=8;VDB=0.000411984;SGB=-0.616816;MQ0F=0;AC=2;AN=2;DP4=0,0,6,0;MQ=60;RB=10,15781104,15781547,GTT,CCT
12	33245365	NA	GC	G	113	PASS;TTTCCCGTGCTGCAGTGA	INDEL;IDV=6;IMF=1;DP=6;VDB=0.000411984;SGB=-0.616816;MQ0F=0;AC=2;AN=2;DP4=0,0,0,6;MQ=60;RB=12,33245058,33245401,CAG,CTT
11	107796074	NA	TA	T	147	PASS;CAGAAAATTAGGAGAGAA	INDEL;IDV=11;IMF=1;DP=11;VDB=2.26006e-08;SGB=-0.676189;MQ0F=0;AC=2;AN=2;DP4=0,0,0,11;MQ=60;RB=11,107795819,107796150,ACT,GAC
2	229677942	NA	C	CT	141	PASS;GCTGTAAACTTCCTTCTT	INDEL;IDV=8;IMF=1;DP=8;VDB=1.33331e-05;SGB=-0.651104;MQ0F=0;AC=2;AN=2;DP4=0,0,8,0;MQ=60;RB=2,229677881,229678260,CCT,TTC
1	4920841	NA	ACTTTAAG	A	225	MASKED;ATTATTATACTTTAAGCT	INDEL;IDV=8;IMF=1;DP=8;VDB=1.33331e-05;SGB=-0.651104;MQ0F=0;AC=2;AN=2;DP4=0,0,0,8;MQ=60;RB=1,4920567,4920870,TAT,AAC
13	43324737	NA	GTATT	G	225	PASS;AGAGAGTTGTATTTGTAA	INDEL;IDV=12;IMF=1;DP=12;VDB=2.26006e-08;SGB=-0.680642;MQ0F=0;AC=2;AN=2;DP4=0,0,0,12;MQ=60;RB=13,43324207,43324774,CCT,GTC
6	25265620	NA	GA	G	29.4193	PASS;CATCTCAAGAAAAAAAGA	INDEL;IDV=12;IMF=1;DP=12;VDB=2.26006e-08;SGB=-0.680642;MQ0F=0;AC=2;AN=2;DP4=0,0,12,0;MQ=60;RB=6,25265565,25266020,TTT,GGC
6	25265663	NA	GGAGAGAGAGA	G	225	NEI_IND[320/669];GGAAGGAAGGAGAGAGAG	INDEL;IDV=12;IMF=1;DP=12;VDB=2.26006e-08;SGB=-0.676189;MQ0F=0;AC=2;AN=2;DP4=0,0,11,0;MQ=60;RB=6,25265565,25266020,TTT,GGC
14	50105703	NA	GTCAGAATACTCT	G	205	MASKED;AGTCTAATGTCAGAATAC	INDEL;IDV=6;IMF=1;DP=6;VDB=0.000411984;SGB=-0.616816;MQ0F=0;AC=2;AN=2;DP4=0,0,0,6;MQ=60;RB=14,50105495,50105786,GGT,GTA
8	75968051	NA	TTTTC	T	224	NEI_IND[4/356];TTCTTTCTTTTTCTTTCT	INDEL;IDV=8;IMF=1;DP=8;VDB=6.71664e-05;SGB=-0.636426;MQ0F=0;AC=2;AN=2;DP4=0,0,0,7;MQ=60;RB=8,75967246,75968107,TCA,GTC
11	42007058	NA	CA	C	145	PASS;TAGTATAACATATACTTG	INDEL;IDV=10;IMF=1;DP=10;VDB=6.99472e-07;SGB=-0.670168;MQ0F=0;AC=2;AN=2;DP4=0,0,10,0;MQ=60;RB=11,42007042,42007332,GTA,ACA
5	100765788	NA	ATG	A	164	MASKED;ATGTACATATGTGTGTGT	INDEL;IDV=7;IMF=1;DP=7;VDB=6.71664e-05;SGB=-0.636426;MQ0F=0;AC=2;AN=2;DP4=0,0,0,7;MQ=60;RB=5,100765415,100765834,CGT,GTA
8	113143309	NA	CTA	C	132	MASKED;CTGCACACCTATCCAACT	INDEL;IDV=4;IMF=1;DP=4;VDB=0.0058656;SGB=-0.556411;MQ0F=0;AC=2;AN=2;DP4=0,0,4,0;MQ=60;RB=8,113143272,113143738,TCC,CGT
11	17112033	NA	TATAATA	T	225	PASS;TAAAATAATATAATAATA	INDEL;IDV=18;IMF=1;DP=18;VDB=1.29641e-11;SGB=-0.691153;MQ0F=0;AC=2;AN=2;DP4=0,0,18,0;MQ=60;RB=11,17111981,17112337,CCG,TGG
13	101509805	NA	TG	T	101	MASKED;ACAGTACCTGGCACTCAG	INDEL;IDV=6;IMF=1;DP=6;VDB=0.000411984;SGB=-0.616816;MQ0F=0;AC=2;AN=2;DP4=0,0,6,0;MQ=60;RB=13,101509673,101510102,ACG,TTT
4	20756842	NA	TAATTTAATTCTTTTAA	T	224	PASS;TAGAATTCTAATTTAATT	INDEL;IDV=7;IMF=1;DP=7;VDB=6.71664e-05;SGB=-0.636426;MQ0F=0;AC=2;AN=2;DP4=0,0,7,0;MQ=60;RB=4,20756753,20757087,AAT,TAA
12	87944937	NA	AAATC	A	182	MASKED;ATATGCACAAATCAATCA	INDEL;IDV=5;IMF=1;DP=5;VDB=0.00187095;SGB=-0.590765;MQ0F=0;AC=2;AN=2;DP4=0,0,5,0;MQ=60;RB=12,87944825,87945299,CAA,TTG
3	22321137	NA	TATA	T	49.4146	PASS;TTTATATATATATATATG	INDEL;IDV=7;IMF=0.875;DP=7;VDB=0.00187095;SGB=-0.590765;MQ0F=0;AC=2;AN=2;DP4=0,0,0,5;MQ=60;RB=3,22320918,22321242,AAC,GTT
2	221074865	NA	CTGACT	C	154	MASKED;ATTCCTTTCTGACTGAAG	INDEL;IDV=4;IMF=1;DP=4;VDB=0.0058656;SGB=-0.556411;MQ0F=0;AC=2;AN=2;DP4=0,0,4,0;MQ=60;RB=2,221074769,221075145,TCT,CCC
8	13475550	NA	GT	G	15.5372	MASKED;GCAGACTTGTTTTTTTTC	INDEL;IDV=7;IMF=1;DP=7;VDB=6.71664e-05;SGB=-0.636426;MQ0F=0;AC=2;AN=2;DP4=0,0,0,7;MQ=60;RB=8,13475215,13475573,GTA,GCT
8	132394375	NA	TA	T	53	MASKED;CACATCCCTAAAAATGTG	INDEL;IDV=8;IMF=1;DP=8;VDB=1.33331e-05;SGB=-0.651104;MQ0F=0;AC=2;AN=2;DP4=0,0,0,8;MQ=60;RB=8,132393734,132394415,GTA,TAT
2	53072576	NA	TTTTA	T	225	MASKED;TTACAGATTTTTATTTAT	INDEL;IDV=11;IMF=1;DP=11;VDB=2.26006e-08;SGB=-0.676189;MQ0F=0;AC=2;AN=2;DP4=0,0,0,11;MQ=60;RB=2,53072118,53072624,GCC,TTT
11	24740110	NA	TTTCTTAACCATTGG	T	154	MASKED;TTGGGGAATTTCTTAACC	INDEL;IDV=4;IMF=1;DP=4;VDB=0.0058656;SGB=-0.556411;MQ0F=0;AC=2;AN=2;DP4=0,0,4,0;MQ=60;RB=11,24740077,24740745,GCG,ATT
2	56972935	NA	CTTTA	C	225	PASS;TACATTTTCTTTATTCAT	INDEL;IDV=8;IMF=1;DP=8;VDB=1.33331e-05;SGB=-0.651104;MQ0F=0;AC=2;AN=2;DP4=0,0,8,0;MQ=60;RB=2,56972874,56973185,GAG,TCA
1	88574661	NA	AAACAT	A	225	NEI_IND[5/395];GCAGAAAGAAACATAACA	INDEL;IDV=8;IMF=1;DP=8;VDB=1.33331e-05;SGB=-0.651104;MQ0F=0;AC=2;AN=2;DP4=0,0,8,0;MQ=60;RB=1,88574637,88575249,GCT,ACT
15	49372011	NA	CGACT	C	225	MASKED;TCCCCGACCGACTGACTG	INDEL;IDV=8;IMF=1;DP=8;VDB=1.33331e-05;SGB=-0.651104;MQ0F=0;AC=2;AN=2;DP4=0,0,0,8;MQ=60;RB=15,49371705,49372069,CTG,CAA
10	55740207	NA	GC	G	134	PASS;ATTACAGTGCCATGGATG	INDEL;IDV=10;IMF=1;DP=10;VDB=6.99472e-07;SGB=-0.670168;MQ0F=0;AC=2;AN=2;DP4=0,0,0,10;MQ=60;RB=10,55739924,55740299,GCC,GGA
3	183335995	NA	ATGG	A	182	MASKED;ATATGGTGATGGTGGCAT	INDEL;IDV=5;IMF=1;DP=5;VDB=0.00187095;SGB=-0.590765;MQ0F=0;AC=2;AN=2;DP4=0,0,0,5;MQ=60;RB=3,183335708,183336071,TAT,GAA
6	96558696	NA	TA	T	99	MASKED;TGCCTATTTATTTATTTA	INDEL;IDV=5;IMF=1;DP=5;VDB=0.00187095;SGB=-0.590765;MQ0F=0;AC=2;AN=2;DP4=0,0,5,0;MQ=60;RB=6,96558595,96558881,CCC,GGA
10	126266230	NA	CAT	C	164	MASKED;ATCCTACACATGTGTGCA	INDEL;IDV=5;IMF=1;DP=5;VDB=0.00187095;SGB=-0.590765;MQ0F=0;AC=2;AN=2;DP4=0,0,0,5;MQ=60;RB=10,126266013,126266246,CCT,CCG
17	29753072	NA	C	CA	125	PASS;CTGATGTCCAGGAAGGTC	INDEL;IDV=6;IMF=1;DP=6;VDB=0.000411984;SGB=-0.616816;MQ0F=0;AC=2;AN=2;DP4=0,0,0,6;MQ=60;RB=17,29752774,29753174,TCC,GCA
8	136170925	NA	CAG	C	185	MASKED;TTATTGCACAGAGTCATT	INDEL;IDV=7;IMF=1;DP=7;VDB=6.71664e-05;SGB=-0.636426;MQ0F=0;AC=2;AN=2;DP4=0,0,7,0;MQ=60;RB=8,136170806,136171265,TGT,TCT
9	121898745	NA	GAAA	G	120	MASKED;GAAAGAAAGAAAAAAAAA	INDEL;IDV=9;IMF=1;DP=9;VDB=5.52906e-06;SGB=-0.662043;MQ0F=0;AC=2;AN=2;DP4=0,0,0,9;MQ=60;RB=9,121898473,121898828,TTT,GGC
7	29224565	NA	C	CT	114	PASS;CTAAAATACTTTCGCCTC	INDEL;IDV=8;IMF=1;DP=8;VDB=1.33331e-05;SGB=-0.651104;MQ0F=0;AC=2;AN=2;DP4=0,0,0,8;MQ=60;RB=7,29224066,29224611,ACC,CCT
2	62385491	NA	CA	C	95	PASS;ATTTAAAACAAACAAAAA	INDEL;IDV=6;IMF=1;DP=6;VDB=0.000411984;SGB=-0.616816;MQ0F=0;AC=2;AN=2;DP4=0,0,0,6;MQ=60;RB=2,62385225,62385579,GGA,CCG
9	20371600	NA	G	GT	60	PASS;ACTGAATAGTTTGAGCCC	INDEL;IDV=5;IMF=1;DP=5;VDB=0.00187095;SGB=-0.590765;MQ0F=0;AC=2;AN=2;DP4=0,0,0,5;MQ=60;RB=9,20371443,20371694,CTA,GTT
10	55797315	NA	TA	T	76	MASKED;CACAATGCTAATTGCAGT	INDEL;IDV=4;IMF=1;DP=4;VDB=0.0058656;SGB=-0.556411;MQ0F=0;AC=2;AN=2;DP4=0,0,0,4;MQ=60;RB=10,55797100,55797373,CCA,GAT
11	9415300	NA	TAAA	T	180	PASS;AAAATGAGTAAAAAATTT	INDEL;IDV=7;IMF=1;DP=7;VDB=6.71664e-05;SGB=-0.636426;MQ0F=0;AC=2;AN=2;DP4=0,0,0,7;MQ=60;RB=11,9415007,9415381,CTA,TAA
4	69339688	NA	CTAA	C	224	MASKED;AATTAACACTAATAATAT	INDEL;IDV=7;IMF=1;DP=7;VDB=6.71664e-05;SGB=-0.636426;MQ0F=0;AC=2;AN=2;DP4=0,0,0,7;MQ=60;RB=4,69339411,69339814,TAC,AAC
2	53072576	NA	TTTTA	T	225	MASKED;TTACAGATTTTTATTTAT	INDEL;IDV=8;IMF=1;DP=8;VDB=1.33331e-05;SGB=-0.651104;MQ0F=0;AC=2;AN=2;DP4=0,0,0,8;MQ=60;RB=2,53072117,53072608,TAT,AGG
10	47123466	NA	TG	T	97	MASKED;CAGCTATGTGGGAGGCTG	INDEL;IDV=6;IMF=1;DP=6;VDB=0.000411984;SGB=-0.616816;MQ0F=0;AC=2;AN=2;DP4=0,0,0,6;MQ=60;RB=10,47123003,47123511,CCG,TAT
7	87290444	NA	A	AT	80	PASS;AATTTTTAATTTTATGGG	INDEL;IDV=9;IMF=1;DP=9;VDB=5.52906e-06;SGB=-0.662043;MQ0F=0;AC=2;AN=2;DP4=0,0,0,9;MQ=60;RB=7,87289956,87290566,AGT,ATT
5	85627652	NA	TG	T	113	MASKED;TGTCTCTGTGTTAGCATT	INDEL;IDV=7;IMF=1;DP=7;VDB=0.000411984;SGB=-0.616816;MQ0F=0;AC=2;AN=2;DP4=0,0,0,6;MQ=60;RB=5,85627214,85627754,ACA,CCG
5	84514908	NA	TA	T	6.51141	MASKED;AAATGCATTAAAAAAAAT	INDEL;IDV=4;IMF=1;DP=4;VDB=0.0058656;SGB=-0.556411;MQ0F=0;AC=2;AN=2;DP4=0,0,4,0;MQ=60;RB=5,84514880,84515532,ATT,GTT
19	6508403	NA	C	CCA	225	PASS;ACAGGCGCCCACCACCAC	INDEL;IDV=11;IMF=0.916667;DP=12;VDB=3.67128e-07;SGB=-0.676189;MQ0F=0;AC=2;AN=2;DP4=0,0,11,0;MQ=54;RB=19,6508313,6509300,ATG,GTC
19	6509236	NA	TG	T	157	MASKED;ATGGCAGGTGCCTGTAAT	INDEL;IDV=12;IMF=1;DP=12;VDB=3.96692e-07;SGB=-0.680642;MQ0F=0;AC=2;AN=2;DP4=0,0,0,12;MQ=60;RB=19,6508313,6509300,ATG,GTC
13	82179659	NA	TA	T	128	PASS;TTCTATATTATTGCCTCA	INDEL;IDV=7;IMF=1;DP=7;VDB=6.71664e-05;SGB=-0.636426;MQ0F=0;AC=2;AN=2;DP4=0,0,7,0;MQ=60;RB=13,82179561,82179830,CGG,CCG
17	2417516	NA	TAC	T	165	MASKED;CATATATATACACACACA	INDEL;IDV=7;IMF=1;DP=7;VDB=6.71664e-05;SGB=-0.636426;MQ0F=0;AC=2;AN=2;DP4=0,0,0,7;MQ=60;RB=17,2417198,2417606,TAG,ACG
1	105766300	NA	GT	G	32.4168	MASKED;CCATATTTGTTTTTTGCA	INDEL;IDV=6;IMF=1;DP=6;VDB=0.000411984;SGB=-0.616816;MQ0F=0;AC=2;AN=2;DP4=0,0,0,6;MQ=60;RB=1,105766094,105766395,CCT,TCA
10	35609095	NA	AATACCTCACTGAATACAGT	A	205	MASKED;TTGAAAGGAATACCTCAC	INDEL;IDV=6;IMF=1;DP=6;VDB=0.000411984;SGB=-0.616816;MQ0F=0;AC=2;AN=2;DP4=0,0,0,6;MQ=60;RB=10,35608948,35609225,GGG,CGG
2	61699363	NA	AAC	A	210	PASS;ATACTATAAACAGTCTGC	INDEL;IDV=10;IMF=1;DP=10;VDB=6.99472e-07;SGB=-0.670168;MQ0F=0;AC=2;AN=2;DP4=0,0,0,10;MQ=60;RB=2,61699192,61699474,TGC,GAA
16	59708789	NA	A	AT	29.4193	NEI_IND[18/480];TATTTTTTATTTTTTTAT	INDEL;IDV=12;IMF=1;DP=12;VDB=2.26006e-08;SGB=-0.680642;MQ0F=0;AC=2;AN=2;DP4=0,0,0,12;MQ=60;RB=16,59708389,59708865,CTA,AGG
16	59708837	NA	CTTTAAG	C	217	NEI_IND[6/423];TTATTATACTTTAAGTTT	INDEL;IDV=12;IMF=1;DP=12;VDB=2.26006e-08;SGB=-0.680642;MQ0F=0;AC=2;AN=2;DP4=0,0,0,12;MQ=60;RB=16,59708389,59708865,CTA,AGG
11	59999442	NA	TTAAAGA	T	182	NEI_IND[6/554];ATGAAAAGTTAAAGATAA	INDEL;IDV=5;IMF=1;DP=5;VDB=0.00187095;SGB=-0.590765;MQ0F=0;AC=2;AN=2;DP4=0,0,0,5;MQ=60;RB=11,59999166,59999476,ATT,AGA
13	87225377	NA	CTA	C	184	MASKED;CTAATTTTCTATATGTTG	INDEL;IDV=7;IMF=1;DP=7;VDB=6.71664e-05;SGB=-0.636426;MQ0F=0;AC=2;AN=2;DP4=0,0,0,7;MQ=60;RB=13,87224941,87225452,AAT,TTA
4	138719629	NA	CTGGA	C	205	MASKED;TACAATATCTGGATGGAT	INDEL;IDV=6;IMF=1;DP=6;VDB=0.000411984;SGB=-0.616816;MQ0F=0;AC=2;AN=2;DP4=0,0,0,6;MQ=60;RB=4,138719282,138719693,GTT,ATA
3	98719686	NA	TTG	T	145	PASS;TTCCTTGTTTGTGTGTGT	INDEL;IDV=6;IMF=1;DP=6;VDB=0.000411984;SGB=-0.616816;MQ0F=0;AC=2;AN=2;DP4=0,0,0,6;MQ=60;RB=3,98719167,98719716,AAG,AGA
8	1202907	NA	A	ATCC	225	PASS;ACAGCTGGAGGGAGGCAG	INDEL;IDV=9;IMF=0.9;DP=10;VDB=5.52906e-06;SGB=-0.662043;MQ0F=0;AC=2;AN=2;DP4=0,0,0,9;MQ=60;RB=8,1202609,1202950,GGT,CAT
14	84751379	NA	AT	A	130	PASS;CTCTGAACATTCCTGTTA	INDEL;IDV=9;IMF=1;DP=9;VDB=5.52906e-06;SGB=-0.662043;MQ0F=0;AC=2;AN=2;DP4=0,0,0,9;MQ=60;RB=14,84751014,84751444,ACG,ATC
2	69221643	NA	AGGT	A	225	MASKED;AAAAGTCAAGGTGGTGCA	INDEL;IDV=9;IMF=1;DP=9;VDB=5.52906e-06;SGB=-0.662043;MQ0F=0;AC=2;AN=2;DP4=0,0,0,9;MQ=60;RB=2,69221393,69221758,GAC,TCA
3	28316285	NA	GA	G	144	PASS;AGTTCTCGGAGGTTTTGT	INDEL;IDV=10;IMF=1;DP=10;VDB=6.99472e-07;SGB=-0.670168;MQ0F=0;AC=2;AN=2;DP4=0,0,0,10;MQ=60;RB=3,28316078,28316397,AGT,GTA
6	29310679	NA	CT	C	115	PASS;TATGATTTCTTAAAGAAC	INDEL;IDV=7;IMF=1;DP=7;VDB=6.71664e-05;SGB=-0.636426;MQ0F=0;AC=2;AN=2;DP4=0,0,7,0;MQ=60;RB=6,29310598,29310894,ATT,ACT
11	63945064	NA	TGGAGTGCA	T	135	MASKED;TCTCTGTCTGGAGTGCAG	INDEL;IDV=8;IMF=1;DP=8;VDB=0.0058656;SGB=-0.556411;MQ0F=0;AC=2;AN=2;DP4=0,0,0,4;MQ=60;RB=11,63944626,63945091,TAT,TTT
8	133091151	NA	TTTTG	T	118	NEI_IND[4/308];TGACTCTTTTTTGTTTGT	INDEL;IDV=4;IMF=1;DP=4;VDB=0.0221621;SGB=-0.511536;MQ0F=0;AC=2;AN=2;DP4=0,0,0,3;MQ=60;RB=8,133090589,133091213,TAT,CTC
5	6228925	NA	GA	G	146	MASKED;CCACATATGACAAATAGA	INDEL;IDV=10;IMF=1;DP=10;VDB=6.99472e-07;SGB=-0.670168;MQ0F=0;AC=2;AN=2;DP4=0,0,10,0;MQ=60;RB=5,6228861,6229821,TCT,GTG
6	48440716	NA	TGTTG	T	225	MASKED;CTCATAGCTGTTGGTTGC	INDEL;IDV=8;IMF=1;DP=8;VDB=1.33331e-05;SGB=-0.651104;MQ0F=0;AC=2;AN=2;DP4=0,0,0,8;MQ=60;RB=6,48440466,48440789,TCT,TTT
6	107535883	NA	GA	G	19.4636	PASS;AATATTAAGAAAAAAAAG	INDEL;IDV=12;IMF=1;DP=12;VDB=2.26006e-08;SGB=-0.680642;MQ0F=0;AC=2;AN=2;DP4=0,0,0,12;MQ=60;RB=6,107535388,107535992,TCA,TCG
X	16034807	NA	GTTA	G	225	PASS;TTTTCATAGTTATTATGA	INDEL;IDV=8;IMF=1;DP=8;VDB=1.33331e-05;SGB=-0.651104;MQ0F=0;AC=2;AN=2;DP4=0,0,8,0;MQ=60;RB=X,16034728,16035556,CCC,TTT
7	46607182	NA	GAC	G	192	PASS;GAAGGACTGACTGAATGA	INDEL;IDV=6;IMF=1;DP=6;VDB=0.000411984;SGB=-0.616816;MQ0F=0;AC=2;AN=2;DP4=0,0,6,0;MQ=60;RB=7,46607086,46607545,CTT,AGA
17	72866921	NA	CTTTTTTTT	CT,C	53	NEI_IND[10/579];CTGTCTCTCTTTTTTTTT	INDEL;IDV=8;IMF=1;DP=8;VDB=1.33331e-05;SGB=-0.651104;MQ0F=0;AC=1,1;AN=2;DP4=0,0,8,0;MQ=60;RB=17,72866841,72867321,ATG,AGG
10	96363588	NA	TC	T	133	MASKED;TCTTTCTTTCCTTTTTTT	INDEL;IDV=10;IMF=1;DP=10;VDB=6.99472e-07;SGB=-0.670168;MQ0F=0;AC=2;AN=2;DP4=0,0,0,10;MQ=60;RB=10,96362911,96363635,CAT,CTG
10	127720295	NA	G	GT	106	PASS;TATTATATGTTGCATATA	INDEL;IDV=5;IMF=1;DP=5;VDB=0.00187095;SGB=-0.590765;MQ0F=0;AC=2;AN=2;DP4=0,0,0,5;MQ=60;RB=10,127720083,127720390,GCT,CCT
6	4495237	NA	AG	A	104	PASS;ACTTTGGGAGGCCAAGGC	INDEL;IDV=6;IMF=1;DP=6;VDB=0.000411984;SGB=-0.616816;MQ0F=0;AC=2;AN=2;DP4=0,0,6,0;MQ=60;RB=6,4495128,4495401,AGC,ACC
2	221074865	NA	CTGACT	C	182	MASKED;ATTCCTTTCTGACTGAAG	INDEL;IDV=5;IMF=1;DP=5;VDB=0.00187095;SGB=-0.590765;MQ0F=0;AC=2;AN=2;DP4=0,0,5,0;MQ=60;RB=2,221074769,221075376,GAT,TTA
6	162957634	NA	GC	G	115	MASKED;CTCTCATTGCCATCGATG	INDEL;IDV=7;IMF=1;DP=7;VDB=6.71664e-05;SGB=-0.636426;MQ0F=0;AC=2;AN=2;DP4=0,0,7,0;MQ=60;RB=6,162957556,162957889,AAA,TAA
3	183335755	NA	G	GA	6.51141	NEI_IND[18/383];CAGAGCGAGAAAAAAAAA	INDEL;IDV=7;IMF=1;DP=7;VDB=0.000411984;SGB=-0.616816;MQ0F=0;AC=2;AN=2;DP4=0,0,6,0;MQ=60;RB=3,183335733,183336070,ATG,GCG
3	183335995	NA	ATGG	A	224	MASKED;ATATGGTGATGGTGGCAT	INDEL;IDV=7;IMF=1;DP=7;VDB=6.71664e-05;SGB=-0.636426;MQ0F=0;AC=2;AN=2;DP4=0,0,0,7;MQ=60;RB=3,183335733,183336070,ATG,GCG
14	87336794	NA	CT	C	62	PASS;TCTGGATTCTTTAAAGAA	INDEL;IDV=4;IMF=1;DP=4;VDB=0.0058656;SGB=-0.556411;MQ0F=0;AC=2;AN=2;DP4=0,0,0,4;MQ=60;RB=14,87336146,87336877,TTC,TAA
12	122358802	NA	TG	T	108	MASKED;ACCCAGGCTGGAGTGCAA	INDEL;IDV=7;IMF=1;DP=7;VDB=6.71664e-05;SGB=-0.636426;MQ0F=0;AC=2;AN=2;DP4=0,0,0,7;MQ=60;RB=12,122358383,122358829,CCT,ACC
17	68102196	NA	C	CT	110	PASS;GATCCAGTCTGAGTGTTT	INDEL;IDV=5;IMF=1;DP=5;VDB=0.00187095;SGB=-0.590765;MQ0F=0;AC=2;AN=2;DP4=0,0,0,5;MQ=60;RB=17,68101636,68102222,CTT,CAG
2	20987102	NA	GGA	G	157	NEI_IND[2/181];CCTAGGCTGGAGTGCAGT	INDEL;IDV=5;IMF=1;DP=5;VDB=0.00187095;SGB=-0.590765;MQ0F=0;AC=2;AN=2;DP4=0,0,0,5;MQ=60;RB=2,20986819,20987129,GTC,AAT
10	1479444	NA	TATACAC	T	225	MASKED;CACATATATATACACACA	INDEL;IDV=10;IMF=1;DP=10;VDB=6.99472e-07;SGB=-0.670168;MQ0F=0;AC=2;AN=2;DP4=0,0,0,10;MQ=60;RB=10,1479239,1479564,TCC,CCT
4	164824388	NA	TTG	T	186	MASKED;TCCTTCCCTTGTGTGTGT	INDEL;IDV=10;IMF=1;DP=10;VDB=6.99472e-07;SGB=-0.670168;MQ0F=0;AC=2;AN=2;DP4=0,0,0,10;MQ=60;RB=4,164824136,164824457,ATT,CTT
16	63570744	NA	CCTTTA	C	225	NEI_IND[5/330];CATTCAATCCTTTACTTT	INDEL;IDV=9;IMF=1;DP=9;VDB=5.52906e-06;SGB=-0.662043;MQ0F=0;AC=2;AN=2;DP4=0,0,9,0;MQ=60;RB=16,63570632,63570998,TTT,TTC
7	146596584	NA	CTGCA	C	205	PASS;CACTTTCCCTGCATGCAT	INDEL;IDV=6;IMF=1;DP=6;VDB=0.000411984;SGB=-0.616816;MQ0F=0;AC=2;AN=2;DP4=0,0,0,6;MQ=60;RB=7,146596095,146596696,TTG,AGA
13	84899389	NA	TA	T	139	PASS;AAATTTAATAATAGAAAA	INDEL;IDV=11;IMF=1;DP=11;VDB=2.26006e-08;SGB=-0.676189;MQ0F=0;AC=2;AN=2;DP4=0,0,0,11;MQ=60;RB=13,84899165,84899490,GTA,GGC
2	20227181	NA	CATA	C	224	PASS;TACACCCTCATAATATTT	INDEL;IDV=7;IMF=1;DP=7;VDB=6.71664e-05;SGB=-0.636426;MQ0F=0;AC=2;AN=2;DP4=0,0,0,7;MQ=60;RB=2,20226819,20227277,CTG,ATA
6	132895103	NA	ATGTTT	A	205	MASKED;ATTCAACAATGTTTTGGA	INDEL;IDV=6;IMF=1;DP=6;VDB=0.000411984;SGB=-0.616816;MQ0F=0;AC=2;AN=2;DP4=0,0,0,6;MQ=60;RB=6,132894939,132895216,GCG,TTG
2	102085783	NA	TA	T	7.30725	MASKED;CAGATACTTAAAAAAAAA	INDEL;IDV=5;IMF=1;DP=5;VDB=0.00187095;SGB=-0.590765;MQ0F=0;AC=2;AN=2;DP4=0,0,5,0;MQ=60;RB=2,102085698,102086022,TCC,GTC
15	41206444	NA	AGT	A	129	NEI_IND[46/245];ACTGCGTGAGTGTGTGTG	INDEL;IDV=6;IMF=1;DP=6;VDB=0.000411984;SGB=-0.616816;MQ0F=0;AC=2;AN=2;DP4=0,0,0,6;MQ=60;RB=15,41205530,41206586,AGG,TGC
1	111239502	NA	AAAGTG	A	154	PASS;CAGATAGTAAAGTGTTTT	INDEL;IDV=4;IMF=1;DP=4;VDB=0.0058656;SGB=-0.556411;MQ0F=0;AC=2;AN=2;DP4=0,0,4,0;MQ=60;RB=1,111239379,111239905,GTT,TCA
2	223410367	NA	AT	A	93	MASKED;AACTATTGATTTGCAAGA	INDEL;IDV=6;IMF=1;DP=6;VDB=0.000411984;SGB=-0.616816;MQ0F=0;AC=2;AN=2;DP4=0,0,0,6;MQ=60;RB=2,223410081,223410389,TAA,GGG
2	102085783	NA	TA	T	14.5685	MASKED;CAGATACTTAAAAAAAAA	INDEL;IDV=11;IMF=1;DP=11;VDB=2.26006e-08;SGB=-0.676189;MQ0F=0;AC=2;AN=2;DP4=0,0,11,0;MQ=60;RB=2,102085673,102086023,TGA,CTT
11	78551961	NA	TTCA	T	182	PASS;AACCTTGTTTCATCATCT	INDEL;IDV=5;IMF=1;DP=5;VDB=0.00187095;SGB=-0.590765;MQ0F=0;AC=2;AN=2;DP4=0,0,0,5;MQ=60;RB=11,78551752,78552089,CAC,CCT
12	2106266	NA	CT	C	99	NEI_IND[39/429];ATTAATATCTGATAACAA	INDEL;IDV=5;IMF=1;DP=5;VDB=0.00187095;SGB=-0.590765;MQ0F=0;AC=2;AN=2;DP4=0,0,5,0;MQ=60;RB=12,2106245,2106622,TTA,CTG
12	2106337	NA	AT	A	104	PASS;ACTAGACAATGGAGGACT	INDEL;IDV=5;IMF=1;DP=5;VDB=0.00187095;SGB=-0.590765;MQ0F=0;AC=2;AN=2;DP4=0,0,5,0;MQ=60;RB=12,2106245,2106622,TTA,CTG
13	83153660	NA	TTCTG	T	205	PASS;TCTGCTCTTTCTGTCTAA	INDEL;IDV=6;IMF=1;DP=6;VDB=0.000411984;SGB=-0.616816;MQ0F=0;AC=2;AN=2;DP4=0,0,6,0;MQ=60;RB=13,83153628,83154258,ACT,GGA
2	55997350	NA	CTCTT	C	154	PASS;CTCTCTCTCTCTTTCTTT	INDEL;IDV=4;IMF=1;DP=4;VDB=0.0058656;SGB=-0.556411;MQ0F=0;AC=2;AN=2;DP4=0,0,0,4;MQ=60;RB=2,55997009,55997439,ACC,CTC
10	55740207	NA	GC	G	113	PASS;ATTACAGTGCCATGGATG	INDEL;IDV=8;IMF=1;DP=8;VDB=6.71664e-05;SGB=-0.636426;MQ0F=0;AC=2;AN=2;DP4=0,0,0,7;MQ=60;RB=10,55739581,55740298,CTA,GAC
2	102530410	NA	TG	T	113	PASS;AACATTTCTGAATTTACT	INDEL;IDV=6;IMF=1;DP=6;VDB=0.000411984;SGB=-0.616816;MQ0F=0;AC=2;AN=2;DP4=0,0,0,6;MQ=60;RB=2,102530193,102530478,ACA,AGT
15	90120478	NA	AGTACATTCTTGC	A	225	MASKED;ACTAAATGAGTACATTCT	INDEL;IDV=8;IMF=1;DP=8;VDB=1.33331e-05;SGB=-0.651104;MQ0F=0;AC=2;AN=2;DP4=0,0,0,8;MQ=60;RB=15,90120204,90120610,TTA,TAT
6	78633440	NA	AAAG	A	224	MASKED;AGATTTTTAAAGAAGTTT	INDEL;IDV=7;IMF=1;DP=7;VDB=6.71664e-05;SGB=-0.636426;MQ0F=0;AC=2;AN=2;DP4=0,0,0,7;MQ=60;RB=6,78632987,78633497,TGC,AAT
18	28614836	NA	G	GATTGTAGTA	205	PASS;TAAAATTAGATTATTGCA	INDEL;IDV=6;IMF=1;DP=6;VDB=0.000411984;SGB=-0.616816;MQ0F=0;AC=2;AN=2;DP4=0,0,0,6;MQ=60;RB=18,28614417,28614927,CTT,TCA
1	190507711	NA	TAG	T	225	MASKED;ATTTAATTTAGACTTTCA	INDEL;IDV=11;IMF=1;DP=11;VDB=2.26006e-08;SGB=-0.676189;MQ0F=0;AC=2;AN=2;DP4=0,0,0,11;MQ=60;RB=1,190507110,190507741,ATG,TTT
21	22731219	NA	AT	A	86	PASS;AGTTGATGATTTTCTAAT	INDEL;IDV=11;IMF=1;DP=11;VDB=2.26006e-08;SGB=-0.676189;MQ0F=0;AC=2;AN=2;DP4=0,0,11,0;MQ=60;RB=21,22731113,22731509,CTG,GCG
X	135689151	NA	ATTTTG	A	205	MASKED;TGTTCAGGATTTTGTTTT	INDEL;IDV=6;IMF=1;DP=6;VDB=0.000411984;SGB=-0.616816;MQ0F=0;AC=2;AN=2;DP4=0,0,0,6;MQ=60;RB=X,135688667,135689261,TAA,TAA
11	95660495	NA	CTATT	C	225	NEI_IND[4/338];TTTGCAAACTATTTATCT	INDEL;IDV=10;IMF=1;DP=10;VDB=6.99472e-07;SGB=-0.670168;MQ0F=0;AC=2;AN=2;DP4=0,0,10,0;MQ=60;RB=11,95660432,95660817,GTC,TTA
2	205476573	NA	CTA	C	106	MASKED;ATCTATATCTATATATAT	INDEL;IDV=4;IMF=1;DP=4;VDB=0.0058656;SGB=-0.556411;MQ0F=0;AC=2;AN=2;DP4=0,0,0,4;MQ=60;RB=2,205476328,205476591,GAT,CTT
13	101509805	NA	TG	T	111	MASKED;ACAGTACCTGGCACTCAG	INDEL;IDV=7;IMF=1;DP=7;VDB=6.71664e-05;SGB=-0.636426;MQ0F=0;AC=2;AN=2;DP4=0,0,7,0;MQ=60;RB=13,101509672,101510102,ATA,AAA
1	59722973	NA	CAGAA	C	224	MASKED;TGGAGTGACAGAAAGGAA	INDEL;IDV=7;IMF=1;DP=7;VDB=6.71664e-05;SGB=-0.636426;MQ0F=0;AC=2;AN=2;DP4=0,0,0,7;MQ=60;RB=1,59722757,59723019,GCA,TCC
7	134996809	NA	CA	C	53	PASS;AAAATACACAAAAATTAG	INDEL;IDV=8;IMF=1;DP=8;VDB=1.33331e-05;SGB=-0.651104;MQ0F=0;AC=2;AN=2;DP4=0,0,0,8;MQ=60;RB=7,134996289,134996830,GCA,TTT
9	19746860	NA	CT	C	88	PASS;TGGGGGTTCTTATAGGAG	INDEL;IDV=5;IMF=1;DP=5;VDB=0.00187095;SGB=-0.590765;MQ0F=0;AC=2;AN=2;DP4=0,0,5,0;MQ=60;RB=9,19746832,19747716,CCA,TGG
17	2417516	NA	TAC	T	182	MASKED;CATATATATACACACACA	INDEL;IDV=10;IMF=1;DP=10;VDB=5.52906e-06;SGB=-0.662043;MQ0F=0;AC=2;AN=2;DP4=0,0,0,9;MQ=60;RB=17,2416893,2417607,GCC,TGT
10	62661080	NA	ATTG	A	221	PASS;CTGGTAGAATTGTTGTTA	INDEL;IDV=7;IMF=1;DP=7;VDB=6.71664e-05;SGB=-0.636426;MQ0F=0;AC=2;AN=2;DP4=0,0,7,0;MQ=60;RB=10,62660954,62661323,ACT,GGG
18	4510153	NA	AGCGTGG	A	225	MASKED;TGCACTCCAGCGTGGGCG	INDEL;IDV=8;IMF=1;DP=8;VDB=1.33331e-05;SGB=-0.651104;MQ0F=0;AC=2;AN=2;DP4=0,0,8,0;MQ=60;RB=18,4510126,4510629,TTC,TCG
11	110092735	NA	GTATAT	G	225	MASKED;ATGCAAATGTATATTATG	INDEL;IDV=8;IMF=1;DP=8;VDB=1.33331e-05;SGB=-0.651104;MQ0F=0;AC=2;AN=2;DP4=0,0,8,0;MQ=60;RB=11,110092642,110093019,GCC,TGT
1	109044373	NA	TG	T	91	PASS;CTAGTAGCTGGATCTACA	INDEL;IDV=5;IMF=1;DP=5;VDB=0.00187095;SGB=-0.590765;MQ0F=0;AC=2;AN=2;DP4=0,0,0,5;MQ=60;RB=1,109044115,109044440,CGT,TGC
15	55622824	NA	CTT	C	193	PASS;GAATGAGACTTTGAATTT	INDEL;IDV=7;IMF=1;DP=7;VDB=6.71664e-05;SGB=-0.636426;MQ0F=0;AC=2;AN=2;DP4=0,0,7,0;MQ=60;RB=15,55622785,55623210,CTA,GTA
7	21941585	NA	AAGAT	A	205	MASKED;GGAAGCCAAAGATAGATA	INDEL;IDV=6;IMF=1;DP=6;VDB=0.000411984;SGB=-0.616816;MQ0F=0;AC=2;AN=2;DP4=0,0,6,0;MQ=60;RB=7,21941463,21941730,TAT,CTA
6	22636146	NA	TAATTAC	T	182	PASS;ACCCTATATAATTACAGT	INDEL;IDV=5;IMF=1;DP=5;VDB=0.00187095;SGB=-0.590765;MQ0F=0;AC=2;AN=2;DP4=0,0,0,5;MQ=60;RB=6,22635594,22636165,GGA,GCC
19	28301248	NA	GTTTCC	G	225	MASKED;TATTGATTGTTTCCTTTG	INDEL;IDV=8;IMF=1;DP=8;VDB=1.33331e-05;SGB=-0.651104;MQ0F=0;AC=2;AN=2;DP4=0,0,0,8;MQ=60;RB=19,28300985,28301360,TTC,ACG
12	113936178	NA	AAGC	A	182	NEI_IND[3/243];CATGAAAGAAGCAGCTTT	INDEL;IDV=5;IMF=1;DP=5;VDB=0.00187095;SGB=-0.590765;MQ0F=0;AC=2;AN=2;DP4=0,0,0,5;MQ=60;RB=12,113935826,113936272,CAA,GCT
9	124257250	NA	TG	T	85	MASKED;ACTCAGGCTGGAGTGCAG	INDEL;IDV=6;IMF=1;DP=6;VDB=0.00215942;SGB=-0.590765;MQ0F=0;AC=2;AN=2;DP4=0,0,0,5;MQ=60;RB=9,124256917,124257278,CCG,TAT
13	78007697	NA	TG	T	92	MASKED;TATGCTACTGGCATATTT	INDEL;IDV=5;IMF=1;DP=5;VDB=0.00187095;SGB=-0.590765;MQ0F=0;AC=2;AN=2;DP4=0,0,0,5;MQ=60;RB=13,78007420,78007779,ACT,TGC
3	80600342	NA	CTCTT	C	225	PASS;ATTTTTGACTCTTTCTTT	INDEL;IDV=9;IMF=1;DP=9;VDB=5.52906e-06;SGB=-0.662043;MQ0F=0;AC=2;AN=2;DP4=0,0,9,0;MQ=60;RB=3,80600291,80600543,GAA,TGT
16	56004720	NA	ACCT	A	154	NEI_IND[3/201];TAAGACTTACCTTTGTTT	INDEL;IDV=4;IMF=1;DP=4;VDB=0.0058656;SGB=-0.556411;MQ0F=0;AC=2;AN=2;DP4=0,0,4,0;MQ=60;RB=16,56004643,56005238,CTA,GAC
1	104062536	NA	TC	T	20.4535	MASKED;TTTTTGTTTCCTTTGCCA	INDEL;IDV=6;IMF=1;DP=6;VDB=0.0058656;SGB=-0.556411;MQ0F=0;AC=2;AN=2;DP4=0,0,0,4;MQ=60;RB=1,104062024,104062649,GCA,GAA
1	104062542	NA	GC	G	28.4205	PASS;TTTCCTTTGCCAGTATGG	INDEL;IDV=6;IMF=1;DP=6;VDB=0.0058656;SGB=-0.556411;MQ0F=0;AC=2;AN=2;DP4=0,0,0,4;MQ=60;RB=1,104062024,104062649,GCA,GAA
7	39515850	NA	CTGAA	C	214	MASKED;TTTGTTGCCTGAATGAAT	INDEL;IDV=7;IMF=1;DP=7;VDB=6.71664e-05;SGB=-0.636426;MQ0F=0;AC=2;AN=2;DP4=0,0,0,7;MQ=60;RB=7,39515199,39515967,TGT,ACC
12	130832314	NA	TG	T	115	MASKED;TCATCTCTTGGCAGCTCT	INDEL;IDV=7;IMF=1;DP=7;VDB=6.71664e-05;SGB=-0.636426;MQ0F=0;AC=2;AN=2;DP4=0,0,7,0;MQ=60;RB=12,130832267,130833097,CCG,AGA
8	113143309	NA	CTA	C	225	MASKED;CTGCACACCTATCCAACT	INDEL;IDV=11;IMF=1;DP=11;VDB=2.26006e-08;SGB=-0.676189;MQ0F=0;AC=2;AN=2;DP4=0,0,11,0;MQ=60;RB=8,113143271,113143738,TAT,GAT
12	125779435	NA	GA	G	32.4168	MASKED;AAGTGGCAGAAAAAATGC	INDEL;IDV=7;IMF=1;DP=7;VDB=0.000411984;SGB=-0.616816;MQ0F=0;AC=2;AN=2;DP4=0,0,0,6;MQ=60;RB=12,125779128,125779490,CCA,GCT
19	28301248	NA	GTTTCC	G	224	MASKED;TATTGATTGTTTCCTTTG	INDEL;IDV=7;IMF=1;DP=7;VDB=6.71664e-05;SGB=-0.636426;MQ0F=0;AC=2;AN=2;DP4=0,0,0,7;MQ=60;RB=19,28300984,28301360,ATT,CCC
18	74347153	NA	CT	C	145	MASKED;CTTACCCCCTGGATGGTA	INDEL;IDV=10;IMF=1;DP=10;VDB=6.99472e-07;SGB=-0.670168;MQ0F=0;AC=2;AN=2;DP4=0,0,10,0;MQ=60;RB=18,74347032,74348121,CAC,ATT
9	82535799	NA	GT	G	81	PASS;CACCACTTGTTTGCTGCA	INDEL;IDV=5;IMF=1;DP=5;VDB=0.00187095;SGB=-0.590765;MQ0F=0;AC=2;AN=2;DP4=0,0,0,5;MQ=60;RB=9,82535162,82535816,AGA,CGA
11	110092735	NA	GTATAT	G	225	MASKED;ATGCAAATGTATATTATG	INDEL;IDV=8;IMF=1;DP=8;VDB=1.33331e-05;SGB=-0.651104;MQ0F=0;AC=2;AN=2;DP4=0,0,8,0;MQ=60;RB=11,110092641,110093019,AAT,GGT
22	46968513	NA	AATACAAAAAT	A	225	PASS;TTATTAAAAATACAAAAA	INDEL;IDV=8;IMF=1;DP=8;VDB=1.33331e-05;SGB=-0.651104;MQ0F=0;AC=2;AN=2;DP4=0,0,0,8;MQ=60;RB=22,46968058,46968605,CGT,TCC
3	183335995	NA	ATGG	A	225	MASKED;ATATGGTGATGGTGGCAT	INDEL;IDV=12;IMF=1;DP=12;VDB=2.26006e-08;SGB=-0.676189;MQ0F=0;AC=2;AN=2;DP4=0,0,0,11;MQ=60;RB=3,183335732,183336071,AAT,TAT
4	24562052	NA	TGGGCAG	T	162	MASKED;ACCAACACTGGGCAGGGT	INDEL;IDV=11;IMF=1;DP=11;VDB=2.26006e-08;SGB=-0.676189;MQ0F=0;AC=2;AN=2;DP4=0,0,0,11;MQ=60;RB=4,24561816,24562178,AGT,TAC
7	53547314	NA	CAT	C	95	MASKED;AAATTCCACATATATATA	INDEL;IDV=5;IMF=1;DP=5;VDB=0.00187095;SGB=-0.590765;MQ0F=0;AC=2;AN=2;DP4=0,0,0,5;MQ=60;RB=7,53547142,53547354,TTT,TTG
19	6508403	NA	C	CCA	179	PASS;ACAGGCGCCCACCACCAC	INDEL;IDV=7;IMF=1;DP=7;VDB=0.00160403;SGB=-0.616816;MQ0F=0;AC=2;AN=2;DP4=0,0,6,0;MQ=54;RB=19,6508313,6509301,CTG,TGA
19	6509236	NA	TG	T	128	MASKED;ATGGCAGGTGCCTGTAAT	INDEL;IDV=7;IMF=1;DP=7;VDB=0.000675148;SGB=-0.636426;MQ0F=0;AC=2;AN=2;DP4=0,0,0,7;MQ=60;RB=19,6508313,6509301,CTG,TGA
5	19658240	NA	ATTGC	A	225	NEI_IND[4/212];TCTTTATTATTGCTTTAT	INDEL;IDV=9;IMF=1;DP=9;VDB=5.52906e-06;SGB=-0.662043;MQ0F=0;AC=2;AN=2;DP4=0,0,0,9;MQ=60;RB=5,19657946,19658289,GCA,GTA
8	113143309	NA	CTA	C	193	MASKED;CTGCACACCTATCCAACT	INDEL;IDV=7;IMF=1;DP=7;VDB=6.71664e-05;SGB=-0.636426;MQ0F=0;AC=2;AN=2;DP4=0,0,7,0;MQ=60;RB=8,113143271,113143737,ATA,CAC
17	78390489	NA	CCCCT	C	225	MASKED;CAACAAGTCCCCTCCCTC	INDEL;IDV=9;IMF=1;DP=9;VDB=5.52906e-06;SGB=-0.662043;MQ0F=0;AC=2;AN=2;DP4=0,0,0,9;MQ=60;RB=17,78390264,78390600,GAT,GAG
9	137762395	NA	C	CG	39.4149	PASS;AGTGCCCTCGGGGGGTGC	INDEL;IDV=8;IMF=1;DP=8;VDB=1.33331e-05;SGB=-0.651104;MQ0F=0;AC=2;AN=2;DP4=0,0,8,0;MQ=60;RB=9,137762292,137762696,TTG,ATT
1	71386557	NA	TTTGTATGTTG	T	225	MASKED;TGACAATTTTTGTATGTT	INDEL;IDV=11;IMF=1;DP=11;VDB=2.26006e-08;SGB=-0.676189;MQ0F=0;AC=2;AN=2;DP4=0,0,0,11;MQ=60;RB=1,71386248,71386675,CCT,GTT
5	58521496	NA	TTC	T	223	MASKED;TAAAATGTTTCTGCACAG	INDEL;IDV=9;IMF=1;DP=9;VDB=5.52906e-06;SGB=-0.662043;MQ0F=0;AC=2;AN=2;DP4=0,0,0,9;MQ=60;RB=5,58521043,58521555,GTG,ATG
5	32430521	NA	CAG	C	155	MASKED;AGAATGCACAGAGAGAGA	INDEL;IDV=6;IMF=1;DP=6;VDB=0.000411984;SGB=-0.616816;MQ0F=0;AC=2;AN=2;DP4=0,0,6,0;MQ=60;RB=5,32430451,32430948,TGG,GAT
1	21212900	NA	AC	A	117	PASS;GAGTACTTACAATTTATT	INDEL;IDV=6;IMF=1;DP=6;VDB=0.000411984;SGB=-0.616816;MQ0F=0;AC=2;AN=2;DP4=0,0,0,6;MQ=60;RB=1,21212244,21212962,CCA,TAC
7	119515193	NA	T	TAG	199	PASS;ACAATTGATATTCTAAGT	INDEL;IDV=6;IMF=1;DP=6;VDB=0.000411984;SGB=-0.616816;MQ0F=0;AC=2;AN=2;DP4=0,0,6,0;MQ=60;RB=7,119515183,119515575,TAT,CTA
6	148256759	NA	GAA	G	179	MASKED;GAAAAAAAGAATGCACGT	INDEL;IDV=6;IMF=1;DP=6;VDB=0.000411984;SGB=-0.616816;MQ0F=0;AC=2;AN=2;DP4=0,0,0,6;MQ=60;RB=6,148256402,148256851,CTA,GTT
7	39076217	NA	AGTTT	A	224	PASS;TCAGAATAAGTTTGTTTG	INDEL;IDV=7;IMF=1;DP=7;VDB=6.71664e-05;SGB=-0.636426;MQ0F=0;AC=2;AN=2;DP4=0,0,0,7;MQ=60;RB=7,39076007,39076332,CAT,GTG
2	80134474	NA	C	CAT	225	PASS;CACACACACACATACATA	INDEL;IDV=11;IMF=0.916667;DP=12;VDB=2.26006e-08;SGB=-0.676189;MQ0F=0;AC=2;AN=2;DP4=0,0,0,11;MQ=60;RB=2,80134207,80134590,ACC,TCC
15	65224376	NA	GAT	G	200	MASKED;ATAGGCGGGATAGCCATT	INDEL;IDV=8;IMF=1;DP=8;VDB=1.33331e-05;SGB=-0.651104;MQ0F=0;AC=2;AN=2;DP4=0,0,0,8;MQ=60;RB=15,65224149,65224478,CCC,CAG
9	13092255	NA	AG	A	76	MASKED;TAAAGCCCAGGTGCATTT	INDEL;IDV=5;IMF=1;DP=5;VDB=0.0058656;SGB=-0.556411;MQ0F=0;AC=2;AN=2;DP4=0,0,0,4;MQ=60;RB=9,13091838,13092299,ATC,TCA
13	78007697	NA	TG	T	92	MASKED;TATGCTACTGGCATATTT	INDEL;IDV=5;IMF=1;DP=5;VDB=0.00187095;SGB=-0.590765;MQ0F=0;AC=2;AN=2;DP4=0,0,0,5;MQ=60;RB=13,78007421,78007779,CGC,GCG
11	32260602	NA	TAAG	T	154	PASS;AATGAAAATAAGAAAAAA	INDEL;IDV=4;IMF=1;DP=4;VDB=0.0058656;SGB=-0.556411;MQ0F=0;AC=2;AN=2;DP4=0,0,0,4;MQ=60;RB=11,32260384,32260657,GGT,ATA
3	164153720	NA	TG	T	71	PASS;TTGATGGTTGGCACATTG	INDEL;IDV=4;IMF=1;DP=4;VDB=0.0058656;SGB=-0.556411;MQ0F=0;AC=2;AN=2;DP4=0,0,0,4;MQ=60;RB=3,164152721,164153816,TAA,CCT
11	59999442	NA	TTAAAGA	T	205	NEI_IND[6/554];ATGAAAAGTTAAAGATAA	INDEL;IDV=6;IMF=1;DP=6;VDB=0.000411984;SGB=-0.616816;MQ0F=0;AC=2;AN=2;DP4=0,0,0,6;MQ=60;RB=11,59999019,59999476,GCG,GAA
2	227082467	NA	GA	G	79	PASS;TGGGAAGAGAAAAAAGGA	INDEL;IDV=12;IMF=1;DP=12;VDB=0.127221;SGB=-0.676189;MQSB=0.950952;MQ0F=0;AC=2;AN=2;DP4=0,0,6,5;MQ=60;RB=2,227082338,227082535,GAT,GTG
4	188444973	NA	AAAAATAAAAT	A	205	NEI_IND[6/309];GCAACTCAAAAAATAAAA	INDEL;IDV=6;IMF=1;DP=6;VDB=0.000411984;SGB=-0.616816;MQ0F=0;AC=2;AN=2;DP4=0,0,6,0;MQ=60;RB=4,188444935,188445283,TTG,CCA
4	188445194	NA	CAA	C	177	NEI_IND[58/602];AGAAGAATCAAATAGACA	INDEL;IDV=6;IMF=1;DP=6;VDB=0.000411984;SGB=-0.616816;MQ0F=0;AC=2;AN=2;DP4=0,0,0,6;MQ=60;RB=4,188444935,188445283,TTG,CCA
8	14283957	NA	AT	A	128	MASKED;CAATGCAAATATGTGTAT	INDEL;IDV=8;IMF=1;DP=8;VDB=1.33331e-05;SGB=-0.651104;MQ0F=0;AC=2;AN=2;DP4=0,0,8,0;MQ=60;RB=8,14283946,14284176,AAT,CAC
8	14284029	NA	AG	A	135	NEI_IND[9/307];AAAGTGTCAGTTATGACC	INDEL;IDV=8;IMF=1;DP=8;VDB=1.33331e-05;SGB=-0.651104;MQ0F=0;AC=2;AN=2;DP4=0,0,8,0;MQ=60;RB=8,14283946,14284176,AAT,CAC
1	208395669	NA	CA	C	56	PASS;TCAAGAGCCAAAACTTGC	INDEL;IDV=5;IMF=1;DP=5;VDB=0.00187095;SGB=-0.590765;MQ0F=0;AC=2;AN=2;DP4=0,0,5,0;MQ=60;RB=1,208395659,208396071,TGC,AAT
3	66297675	NA	TTAAATA	T	225	MASKED;TTGGCTATTTAAATATAA	INDEL;IDV=11;IMF=1;DP=11;VDB=2.26006e-08;SGB=-0.676189;MQ0F=0;AC=2;AN=2;DP4=0,0,0,11;MQ=60;RB=3,66297366,66297720,ACT,ATG
7	34111264	NA	CA	C	30.4183	MASKED;GAGAGTGGCAAAAATGCA	INDEL;IDV=4;IMF=1;DP=4;VDB=0.0058656;SGB=-0.556411;MQ0F=0;AC=2;AN=2;DP4=0,0,0,4;MQ=60;RB=7,34111024,34111286,ATA,CGG
9	136264368	NA	T	TATCC	225	PASS;CCTTCACATATCCATCCA	INDEL;IDV=20;IMF=1;DP=20;VDB=2.63505e-13;SGB=-0.692067;MQ0F=0;AC=2;AN=2;DP4=0,0,0,20;MQ=60;RB=9,136264062,136264445,TTT,GCG
5	111951902	NA	GCCCACTCAGAGAGGTCTAT	G	224	MASKED;GTTTTTTTGCCCACTCAG	INDEL;IDV=7;IMF=1;DP=7;VDB=6.71664e-05;SGB=-0.636426;MQ0F=0;AC=2;AN=2;DP4=0,0,0,7;MQ=60;RB=5,111951395,111952026,TCA,TTT
14	37807469	NA	GC	G	114	PASS;GCCACCATGCCCGGCTAG	INDEL;IDV=8;IMF=1;DP=8;VDB=1.33331e-05;SGB=-0.651104;MQ0F=0;AC=2;AN=2;DP4=0,0,8,0;MQ=60;RB=14,37807392,37807665,TCT,ATT
14	37807619	NA	CTT	C	39.4149	NEI_IND[42/198];GGCCCCCCCTTTTTTTTT	INDEL;IDV=8;IMF=1;DP=8;VDB=1.33331e-05;SGB=-0.651104;MQ0F=0;AC=2;AN=2;DP4=0,0,0,8;MQ=60;RB=14,37807392,37807665,TCT,ATT
13	101509805	NA	TG	T	73	MASKED;ACAGTACCTGGCACTCAG	INDEL;IDV=5;IMF=1;DP=5;VDB=0.0058656;SGB=-0.556411;MQ0F=0;AC=2;AN=2;DP4=0,0,4,0;MQ=60;RB=13,101509672,101510102,GTT,CAT
2	69221643	NA	AGGT	A	221	MASKED;AAAAGTCAAGGTGGTGCA	INDEL;IDV=7;IMF=1;DP=7;VDB=6.71664e-05;SGB=-0.636426;MQ0F=0;AC=2;AN=2;DP4=0,0,0,7;MQ=60;RB=2,69221392,69221758,CTA,CTT
5	111951902	NA	GCCCACTCAGAGAGGTCTAT	G	225	MASKED;GTTTTTTTGCCCACTCAG	INDEL;IDV=8;IMF=1;DP=8;VDB=1.33331e-05;SGB=-0.651104;MQ0F=0;AC=2;AN=2;DP4=0,0,0,8;MQ=60;RB=5,111951396,111952026,ATG,TAT
17	36052619	NA	CATTT	C	224	MASKED;CATTCATTCATTTGTTCG	INDEL;IDV=7;IMF=1;DP=7;VDB=6.71664e-05;SGB=-0.636426;MQ0F=0;AC=2;AN=2;DP4=0,0,7,0;MQ=60;RB=17,36052515,36053137,ACT,CCA
9	23186496	NA	TTA	T	221	PASS;GCAAAAATTTATGTTTCT	INDEL;IDV=9;IMF=1;DP=9;VDB=5.52906e-06;SGB=-0.662043;MQ0F=0;AC=2;AN=2;DP4=0,0,9,0;MQ=60;RB=9,23186396,23187249,CTT,AAT
6	31318394	NA	TG	T	96	MASKED;GCCTGGAATGGGAGTGCA	INDEL;IDV=6;IMF=1;DP=6;VDB=0.000411984;SGB=-0.616816;MQ0F=0;AC=2;AN=2;DP4=0,0,0,6;MQ=60;RB=6,31318160,31318529,TGA,CCT
2	80134474	NA	C	CAT	225	PASS;CACACACACACATACATA	INDEL;IDV=10;IMF=1;DP=10;VDB=6.99472e-07;SGB=-0.670168;MQ0F=0;AC=2;AN=2;DP4=0,0,0,10;MQ=60;RB=2,80134136,80134591,CTG,TTA
17	26146131	NA	CTAGA	C	27.4221	NEI_IND[5/331];AGATGACGCTAGATGCCT	INDEL;IDV=6;IMF=1;DP=6;VDB=0.00187095;SGB=-0.590765;MQ0F=0;AC=2;AN=2;DP4=0,0,0,5;MQ=60;RB=17,26145950,26146251,AGA,TTG
12	81486793	NA	GT	G	7.30725	MASKED;TGTTTAAGGTTTTTTTTT	INDEL;IDV=5;IMF=1;DP=5;VDB=0.00187095;SGB=-0.590765;MQ0F=0;AC=2;AN=2;DP4=0,0,0,5;MQ=60;RB=12,81486044,81486874,TTG,AGG
4	90094623	NA	TAAAC	T	224	PASS;GGCTTGTCTAAACAGACA	INDEL;IDV=7;IMF=1;DP=7;VDB=6.71664e-05;SGB=-0.636426;MQ0F=0;AC=2;AN=2;DP4=0,0,7,0;MQ=60;RB=4,90094547,90094940,GGG,TCA
18	74347153	NA	CT	C	140	MASKED;CTTACCCCCTGGATGGTA	INDEL;IDV=9;IMF=1;DP=9;VDB=5.52906e-06;SGB=-0.662043;MQ0F=0;AC=2;AN=2;DP4=0,0,9,0;MQ=60;RB=18,74347031,74348120,GGT,TGC
10	58348826	NA	TGG	T	163	PASS;CACAATCATGGCAGAAGG	INDEL;IDV=5;IMF=1;DP=5;VDB=0.00187095;SGB=-0.590765;MQ0F=0;AC=2;AN=2;DP4=0,0,0,5;MQ=60;RB=10,58348032,58348890,ATA,CCT
1	188621894	NA	CATAGCA	C	225	MASKED;TTCATTCCCATAGCAATG	INDEL;IDV=8;IMF=1;DP=8;VDB=1.33331e-05;SGB=-0.651104;MQ0F=0;AC=2;AN=2;DP4=0,0,0,8;MQ=60;RB=1,188621575,188621973,CTT,ATT
X	144187052	NA	G	GT	16.5122	PASS;TATAGCCGGTTTTTTTGG	INDEL;IDV=5;IMF=1;DP=5;VDB=0.00187095;SGB=-0.590765;MQ0F=0;AC=2;AN=2;DP4=0,0,0,5;MQ=60;RB=X,144186764,144187097,ACC,TAG
8	116858652	NA	GTCTTGAACCTCATTGATAC	G	225	MASKED;TCCAGAAAGTCTTGAACC	INDEL;IDV=10;IMF=1;DP=10;VDB=6.99472e-07;SGB=-0.670168;MQ0F=0;AC=2;AN=2;DP4=0,0,0,10;MQ=60;RB=8,116858413,116858779,TGG,GCA
6	66365509	NA	AC	A	141	PASS;ATAGGCCTACTTTGTTTT	INDEL;IDV=10;IMF=1;DP=10;VDB=6.99472e-07;SGB=-0.670168;MQ0F=0;AC=2;AN=2;DP4=0,0,0,10;MQ=60;RB=6,66365181,66365619,AGA,TGG
1	106115946	NA	TCATATTCTTTCAGA	T	225	NEI_IND[6/234];GAAACGTGTCATATTCTT	INDEL;IDV=11;IMF=1;DP=11;VDB=2.26006e-08;SGB=-0.676189;MQ0F=0;AC=2;AN=2;DP4=0,0,0,11;MQ=60;RB=1,106115531,106116003,CCC,AAT
17	26146131	NA	CTAGA	C	29.4193	NEI_IND[5/331];AGATGACGCTAGATGCCT	INDEL;IDV=7;IMF=1;DP=7;VDB=0.000411984;SGB=-0.616816;MQ0F=0;AC=2;AN=2;DP4=0,0,0,6;MQ=60;RB=17,26145950,26146252,CTA,GGT
11	6839819	NA	GACA	G	225	MASKED;GCTGCATAGACATCAGTA	INDEL;IDV=9;IMF=1;DP=9;VDB=5.52906e-06;SGB=-0.662043;MQ0F=0;AC=2;AN=2;DP4=0,0,9,0;MQ=60;RB=11,6839708,6840114,CGG,AGT
4	35158351	NA	GCACACACACACACACACACA	G	196	MISSINGBULK[0/0];CATACCCTGCACACACAC	INDEL;IDV=9;IMF=0.9;DP=10;VDB=6.99472e-07;SGB=-0.670168;MQ0F=0;AC=2;AN=2;DP4=0,0,10,0;MQ=60;RB=4,35158289,35158730,CTC,TCT
6	140555437	NA	AATT	A	205	MASKED;GGAAGTCAAATTATTATC	INDEL;IDV=6;IMF=0.857143;DP=6;VDB=0.000411984;SGB=-0.616816;MQ0F=0;AC=2;AN=2;DP4=0,0,0,6;MQ=60;RB=6,140555189,140555553,CTG,GCG
10	87024425	NA	TTTG	T	225	MASKED;TCTGCATTTTTGTTGTTG	INDEL;IDV=9;IMF=1;DP=9;VDB=5.52906e-06;SGB=-0.662043;MQ0F=0;AC=2;AN=2;DP4=0,0,9,0;MQ=60;RB=10,87024302,87024721,TAA,CCC
4	164824388	NA	TTG	T	146	MASKED;TCCTTCCCTTGTGTGTGT	INDEL;IDV=7;IMF=1;DP=7;VDB=6.71664e-05;SGB=-0.636426;MQ0F=0;AC=2;AN=2;DP4=0,0,0,7;MQ=60;RB=4,164824136,164824456,TAT,GCC
10	50275249	NA	ATGAT	A	225	MASKED;ACAAAAAAATGATTGAGT	INDEL;IDV=8;IMF=1;DP=8;VDB=1.33331e-05;SGB=-0.651104;MQ0F=0;AC=2;AN=2;DP4=0,0,0,8;MQ=60;RB=10,50274820,50275288,TTA,GTT
15	30032850	NA	CCAAA	C	205	PASS;AAAACTAACCAAACAAAC	INDEL;IDV=6;IMF=1;DP=6;VDB=0.000411984;SGB=-0.616816;MQ0F=0;AC=2;AN=2;DP4=0,0,6,0;MQ=60;RB=15,30032778,30033134,GTT,TGG
1	202744655	NA	ACT	A	126	MASKED;AGTGCAAGACTCTGTCTC	INDEL;IDV=4;IMF=1;DP=4;VDB=0.0058656;SGB=-0.556411;MQ0F=0;AC=2;AN=2;DP4=0,0,4,0;MQ=60;RB=1,202744631,202744920,ATA,AGC
1	84356391	NA	AG	A	91	MASKED;AGTAGTCAAGGATGCAGT	INDEL;IDV=6;IMF=1;DP=6;VDB=0.00187095;SGB=-0.590765;MQ0F=0;AC=2;AN=2;DP4=0,0,0,5;MQ=60;RB=1,84355892,84356497,CAT,CAC
20	57870034	NA	CTGTGTGTGTG	CTG,C	193	MASKED;AGTTGAGACTGTGTGTGT	INDEL;IDV=12;IMF=1;DP=12;VDB=4.36568e-08;SGB=-0.680642;MQ0F=0;AC=1,1;AN=2;DP4=0,0,0,12;MQ=60;RB=20,57869727,57870154,TAG,TGT
5	100765788	NA	ATG	A	177	MASKED;ATGTACATATGTGTGTGT	INDEL;IDV=9;IMF=1;DP=9;VDB=5.52906e-06;SGB=-0.662043;MQ0F=0;AC=2;AN=2;DP4=0,0,0,9;MQ=60;RB=5,100765415,100765834,ATA,AAT
11	16279695	NA	CTT	C	225	NEI_IND[40/200];ACAGGACACTTTGGCAGT	INDEL;IDV=11;IMF=1;DP=11;VDB=2.26006e-08;SGB=-0.676189;MQ0F=0;AC=2;AN=2;DP4=0,0,11,0;MQ=60;RB=11,16279669,16279972,CTC,GAT
11	16279910	NA	CATT	C	225	NEI_IND[3/209];CAATGAAACATTATTCTG	INDEL;IDV=11;IMF=1;DP=11;VDB=2.26006e-08;SGB=-0.676189;MQ0F=0;AC=2;AN=2;DP4=0,0,0,11;MQ=60;RB=11,16279669,16279972,CTC,GAT
11	103537641	NA	AAGC	A	225	MASKED;TTGCAAACAAGCAGCAGC	INDEL;IDV=10;IMF=1;DP=10;VDB=6.99472e-07;SGB=-0.670168;MQ0F=0;AC=2;AN=2;DP4=0,0,10,0;MQ=60;RB=11,103537528,103538052,TTT,GGC
7	11029424	NA	A	ATT	202	PASS;CCCAGCTAATTTTAAAAT	INDEL;IDV=9;IMF=1;DP=9;VDB=5.52906e-06;SGB=-0.662043;MQ0F=0;AC=2;AN=2;DP4=0,0,9,0;MQ=60;RB=7,11029408,11030051,GCA,ACC
5	157369051	NA	T	TGCCTCA	225	PASS;GATTATCCTGCCTCAGCC	INDEL;IDV=9;IMF=1;DP=9;VDB=5.52906e-06;SGB=-0.662043;MQ0F=0;AC=2;AN=2;DP4=0,0,9,0;MQ=60;RB=5,157369020,157369340,TGA,TTG
6	140555437	NA	AATT	A	224	MASKED;GGAAGTCAAATTATTATC	INDEL;IDV=7;IMF=1;DP=7;VDB=6.71664e-05;SGB=-0.636426;MQ0F=0;AC=2;AN=2;DP4=0,0,0,7;MQ=60;RB=6,140555189,140555553,TGG,TGC
5	66981834	NA	CACAA	C	225	PASS;ATTGTTTACACAAACAAA	INDEL;IDV=8;IMF=1;DP=8;VDB=1.33331e-05;SGB=-0.651104;MQ0F=0;AC=2;AN=2;DP4=0,0,8,0;MQ=60;RB=5,66981781,66982362,CCC,GGG
13	100210976	NA	TTG	T	181	MASKED;GTTGCATTTTGTGTGTGT	INDEL;IDV=10;IMF=1;DP=10;VDB=6.99472e-07;SGB=-0.670168;MQ0F=0;AC=2;AN=2;DP4=0,0,10,0;MQ=60;RB=13,100210954,100211301,TTT,AGT
11	27828953	NA	GT	G	27.4221	MASKED;TTTTATTTGTTTTTTGTT	INDEL;IDV=5;IMF=1;DP=5;VDB=0.00187095;SGB=-0.590765;MQ0F=0;AC=2;AN=2;DP4=0,0,5,0;MQ=60;RB=11,27828851,27829188,TCG,AGA
5	111951902	NA	GCCCACTCAGAGAGGTCTAT	G	182	MASKED;GTTTTTTTGCCCACTCAG	INDEL;IDV=5;IMF=1;DP=5;VDB=0.00187095;SGB=-0.590765;MQ0F=0;AC=2;AN=2;DP4=0,0,0,5;MQ=60;RB=5,111951396,111952026,TCG,TCT
3	71320043	NA	CA	C	73	MASKED;CTCCCTCCCAAGGTGCAA	INDEL;IDV=4;IMF=1;DP=4;VDB=0.0058656;SGB=-0.556411;MQ0F=0;AC=2;AN=2;DP4=0,0,0,4;MQ=60;RB=3,71319724,71320071,GGT,AAT
13	87225377	NA	CTA	C	169	MASKED;CTAATTTTCTATATGTTG	INDEL;IDV=6;IMF=1;DP=6;VDB=0.000411984;SGB=-0.616816;MQ0F=0;AC=2;AN=2;DP4=0,0,0,6;MQ=60;RB=13,87225065,87225451,TGG,GGG
X	5538990	NA	CT	C	97	PASS;CCAGTTTGCTTTACTAGT	INDEL;IDV=6;IMF=1;DP=6;VDB=0.000411984;SGB=-0.616816;MQ0F=0;AC=2;AN=2;DP4=0,0,0,6;MQ=60;RB=X,5538784,5539035,GAG,ACC
6	103936481	NA	CCT	C	106	MASKED;ACATCCCCCCTGTTATAT	INDEL;IDV=7;IMF=1;DP=7;VDB=6.71664e-05;SGB=-0.636426;MQ0F=0;AC=2;AN=2;DP4=0,0,7,0;MQ=60;RB=6,103936390,103936763,CCC,TAT
12	117892684	NA	GA	G	53	MASKED;ACAGGAATGAAAAATGCA	INDEL;IDV=9;IMF=1;DP=9;VDB=1.33331e-05;SGB=-0.651104;MQ0F=0;AC=2;AN=2;DP4=0,0,0,8;MQ=60;RB=12,117892358,117892757,ACG,TTA
11	110092735	NA	GTATAT	G	225	MASKED;ATGCAAATGTATATTATG	INDEL;IDV=9;IMF=1;DP=9;VDB=5.52906e-06;SGB=-0.662043;MQ0F=0;AC=2;AN=2;DP4=0,0,9,0;MQ=60;RB=11,110092684,110093019,AAA,GTT
10	1498027	NA	TTCTG	T	224	PASS;TTCCCCCCTTCTGTCTAT	INDEL;IDV=7;IMF=1;DP=7;VDB=6.71664e-05;SGB=-0.636426;MQ0F=0;AC=2;AN=2;DP4=0,0,7,0;MQ=60;RB=10,1497960,1498294,CCC,TTG
2	105682405	NA	AAAAGAAAAAG	A	225	MASKED;TGTAAAAGAAAAGAAAAA	INDEL;IDV=9;IMF=1;DP=9;VDB=5.52906e-06;SGB=-0.662043;MQ0F=0;AC=2;AN=2;DP4=0,0,0,9;MQ=60;RB=2,105682151,105682460,GAG,AAA
10	47123466	NA	TG	T	120	MASKED;CAGCTATGTGGGAGGCTG	INDEL;IDV=9;IMF=1;DP=9;VDB=5.52906e-06;SGB=-0.662043;MQ0F=0;AC=2;AN=2;DP4=0,0,0,9;MQ=60;RB=10,47123252,47123534,TGG,ACC
10	58755678	NA	TAGA	T	225	PASS;TGCCATAGTAGAAGTAGT	INDEL;IDV=8;IMF=1;DP=8;VDB=1.33331e-05;SGB=-0.651104;MQ0F=0;AC=2;AN=2;DP4=0,0,0,8;MQ=60;RB=10,58755381,58755704,CAA,TAT
12	82204093	NA	TAAAG	T	205	PASS;AAGCATAATAAAGAAAGA	INDEL;IDV=6;IMF=1;DP=6;VDB=0.000411984;SGB=-0.616816;MQ0F=0;AC=2;AN=2;DP4=0,0,0,6;MQ=60;RB=12,82203741,82204224,CGA,ACC
3	59245702	NA	CT	C	125	PASS;TATTCTAACTTTAGGAGA	INDEL;IDV=10;IMF=1;DP=10;VDB=6.99472e-07;SGB=-0.670168;MQ0F=0;AC=2;AN=2;DP4=0,0,10,0;MQ=60;RB=3,59245666,59245915,CTT,CGA
7	52246465	NA	CA	C	8.99861	MASKED;GGGATTGACAAAAAAAAA	INDEL;IDV=9;IMF=1;DP=9;VDB=5.52906e-06;SGB=-0.662043;MQ0F=0;AC=2;AN=2;DP4=0,0,0,9;MQ=60;RB=7,52245983,52246510,GTG,TCG
11	25308946	NA	GAATT	G	205	MASKED;TGATCTAGGAATTAATTA	INDEL;IDV=6;IMF=1;DP=6;VDB=0.000411984;SGB=-0.616816;MQ0F=0;AC=2;AN=2;DP4=0,0,0,6;MQ=60;RB=11,25308667,25308998,ATG,GTT
12	128445296	NA	TACAC	T	225	MASKED;AAGTTTTATACACACACA	INDEL;IDV=8;IMF=1;DP=8;VDB=1.33331e-05;SGB=-0.651104;MQ0F=0;AC=2;AN=2;DP4=0,0,0,8;MQ=60;RB=12,128444972,128445417,AAA,TTG
12	10506438	NA	CA	C	108	PASS;TCCATCTTCATGTGTTGT	INDEL;IDV=6;IMF=1;DP=6;VDB=0.000411984;SGB=-0.616816;MQ0F=0;AC=2;AN=2;DP4=0,0,6,0;MQ=60;RB=12,10506306,10506601,TAC,ATG
21	17623561	NA	TGC	T	173	PASS;TATATATATGCATATGCA	INDEL;IDV=6;IMF=1;DP=6;VDB=0.000411984;SGB=-0.616816;MQ0F=0;AC=2;AN=2;DP4=0,0,0,6;MQ=60;RB=21,17623249,17623572,TAT,TCT
5	151433537	NA	TTTAAC	T	205	MASKED;GTCCCAAATTTAACTTGG	INDEL;IDV=6;IMF=1;DP=6;VDB=0.000411984;SGB=-0.616816;MQ0F=0;AC=2;AN=2;DP4=0,0,0,6;MQ=60;RB=5,151433364,151433591,TGT,ACT
11	59999442	NA	TTAAAGA	T	224	NEI_IND[6/554];ATGAAAAGTTAAAGATAA	INDEL;IDV=7;IMF=1;DP=7;VDB=6.71664e-05;SGB=-0.636426;MQ0F=0;AC=2;AN=2;DP4=0,0,0,7;MQ=60;RB=11,59999167,59999476,CTG,CCT
3	2532208	NA	CA	C	38.415	MASKED;AAGTTGTTCAAAAATGCA	INDEL;IDV=5;IMF=1;DP=5;VDB=0.00187095;SGB=-0.590765;MQ0F=0;AC=2;AN=2;DP4=0,0,0,5;MQ=60;RB=3,2531970,2532264,CCC,CCC
13	88669566	NA	CCTT	C	225	MASKED;GGGTGATTCCTTCTTTAT	INDEL;IDV=8;IMF=1;DP=8;VDB=1.33331e-05;SGB=-0.651104;MQ0F=0;AC=2;AN=2;DP4=0,0,0,8;MQ=60;RB=13,88669175,88669604,ATA,CCG
6	75580482	NA	AG	A	139	PASS;AAAGAGTTAGGATACTTT	INDEL;IDV=12;IMF=0.923077;DP=12;VDB=2.26006e-08;SGB=-0.680642;MQ0F=0;AC=2;AN=2;DP4=0,0,12,0;MQ=60;RB=6,75580387,75580870,GCT,GTC
3	62918386	NA	CTCT	C	182	MASKED;TCAGGCAGCTCTTCTTAT	INDEL;IDV=5;IMF=1;DP=5;VDB=0.00187095;SGB=-0.590765;MQ0F=0;AC=2;AN=2;DP4=0,0,0,5;MQ=60;RB=3,62918120,62918474,TGA,GGG
14	24362508	NA	CTTCTA	C	225	MASKED;TTTGCAGGCTTCTATTCT	INDEL;IDV=8;IMF=1;DP=8;VDB=1.33331e-05;SGB=-0.651104;MQ0F=0;AC=2;AN=2;DP4=0,0,8,0;MQ=60;RB=14,24362401,24362902,AAC,GCT
9	1025184	NA	GGT	G	173	MASKED;GAGAGGAGGGTGTGTGTG	INDEL;IDV=9;IMF=1;DP=9;VDB=5.52906e-06;SGB=-0.662043;MQ0F=0;AC=2;AN=2;DP4=0,0,0,9;MQ=60;RB=9,1024880,1025212,GTG,ATG
10	5244898	NA	TC	T	59	NEI_IND[21/364];TATAGTTTTCTTTTGTGT	INDEL;IDV=10;IMF=1;DP=10;VDB=5.52906e-06;SGB=-0.662043;MQ0F=0;AC=2;AN=2;DP4=0,0,9,0;MQ=60;RB=10,5244778,5245145,CTT,TAC
10	55740207	NA	GC	G	129	PASS;ATTACAGTGCCATGGATG	INDEL;IDV=9;IMF=1;DP=9;VDB=5.52906e-06;SGB=-0.662043;MQ0F=0;AC=2;AN=2;DP4=0,0,0,9;MQ=60;RB=10,55739923,55740298,TTT,CAG
15	54548693	NA	TAAAC	T	205	MASKED;TCTAGAAATAAACAATGT	INDEL;IDV=6;IMF=1;DP=6;VDB=0.000411984;SGB=-0.616816;MQ0F=0;AC=2;AN=2;DP4=0,0,0,6;MQ=60;RB=15,54548291,54548714,CCT,GTC
11	124694714	NA	TG	T	88	MASKED;AGTCATGCTGGCAGCTGA	INDEL;IDV=5;IMF=1;DP=5;VDB=0.00187095;SGB=-0.590765;MQ0F=0;AC=2;AN=2;DP4=0,0,0,5;MQ=60;RB=11,124694144,124694832,CTA,GGG
9	92725700	NA	CCACACACACAGCCA	C	205	MASKED;AAACATAGCCACACACAC	INDEL;IDV=6;IMF=1;DP=6;VDB=0.000411984;SGB=-0.616816;MQ0F=0;AC=2;AN=2;DP4=0,0,0,6;MQ=60;RB=9,92725353,92725760,TTG,TCA
20	57863304	NA	CCTT	C	224	MASKED;GAAGACCTCCTTCTTTGC	INDEL;IDV=7;IMF=1;DP=7;VDB=6.71664e-05;SGB=-0.636426;MQ0F=0;AC=2;AN=2;DP4=0,0,0,7;MQ=60;RB=20,57862954,57863429,CGG,GAT
2	15744484	NA	CT	C	71	MASKED;AACACATACTTTTGATGC	INDEL;IDV=7;IMF=1;DP=7;VDB=6.71664e-05;SGB=-0.636426;MQ0F=0;AC=2;AN=2;DP4=0,0,0,7;MQ=60;RB=2,15744065,15744569,TGA,ATG
12	14379706	NA	GTGTATA	G	225	NEI_IND[6/294];CTACTACCGTGTATATGT	INDEL;IDV=8;IMF=1;DP=8;VDB=1.33331e-05;SGB=-0.651104;MQ0F=0;AC=2;AN=2;DP4=0,0,0,8;MQ=60;RB=12,14379481,14379748,ATC,CAT
22	33986359	NA	G	GT	120	PASS;TAATTGATGTTTGATTTT	INDEL;IDV=9;IMF=1;DP=9;VDB=5.52906e-06;SGB=-0.662043;MQ0F=0;AC=2;AN=2;DP4=0,0,0,9;MQ=60;RB=22,33985642,33986472,CTT,TCT
16	11560777	NA	TTG	T	114	MASKED;TATGTGTATTGTGTGTGT	INDEL;IDV=5;IMF=0.833333;DP=5;VDB=0.00215942;SGB=-0.590765;MQ0F=0;AC=2;AN=2;DP4=0,0,0,5;MQ=60;RB=16,11560324,11560859,AAT,CTC
10	88311474	NA	T	TA	135	PASS;CAGCTCTGTGTATGTCCT	INDEL;IDV=7;IMF=1;DP=7;VDB=6.71664e-05;SGB=-0.636426;MQ0F=0;AC=2;AN=2;DP4=0,0,0,7;MQ=60;RB=10,88311287,88311586,ATG,CCA
6	76065291	NA	G	GT	80	PASS;TAATTTTTGTATTTTTAG	INDEL;IDV=4;IMF=1;DP=4;VDB=0.0058656;SGB=-0.556411;MQ0F=0;AC=2;AN=2;DP4=0,0,4,0;MQ=60;RB=6,76065199,76066236,GTC,CAT
2	67536879	NA	CTAAT	C	182	PASS;AAGAAAGTCTAATATTAT	INDEL;IDV=5;IMF=1;DP=5;VDB=0.00187095;SGB=-0.590765;MQ0F=0;AC=2;AN=2;DP4=0,0,0,5;MQ=60;RB=2,67536574,67536931,CTT,GCT
15	66794601	NA	C	CA	146	PASS;AATTTAATCAGACACTTC	INDEL;IDV=8;IMF=1;DP=8;VDB=1.33331e-05;SGB=-0.651104;MQ0F=0;AC=2;AN=2;DP4=0,0,0,8;MQ=60;RB=15,66793891,66794625,TGA,CTT
18	20192346	NA	C	CTTTTTTTTTT,CTTTTTTTTT	168	NEI_IND[3/72];TGTTTTTCCTTTTTTTTT	INDEL;IDV=8;IMF=0.888889;DP=9;VDB=0.000411984;SGB=-0.616816;MQ0F=0;AC=1,1;AN=2;DP4=0,0,6,0;MQ=60;RB=18,20192258,20192763,GGC,CGT
18	20192680	NA	GC	G	131	MASKED;GGATGCCTGCCAATCAGC	INDEL;IDV=9;IMF=1;DP=9;VDB=5.52906e-06;SGB=-0.662043;MQ0F=0;AC=2;AN=2;DP4=0,0,0,9;MQ=60;RB=18,20192258,20192763,GGC,CGT
8	17215334	NA	G	GGATCCCTGGCATTC	224	PASS;CAGCACATGGATCCCTGG	INDEL;IDV=7;IMF=1;DP=7;VDB=6.71664e-05;SGB=-0.636426;MQ0F=0;AC=2;AN=2;DP4=0,0,7,0;MQ=60;RB=8,17215247,17215911,CCT,CGA
2	167980013	NA	TTTTTG	T	182	NEI_IND[5/271];AAAACTTTTTTTTGTTTT	INDEL;IDV=5;IMF=1;DP=5;VDB=0.00187095;SGB=-0.590765;MQ0F=0;AC=2;AN=2;DP4=0,0,0,5;MQ=60;RB=2,167979541,167980073,TGA,GGT
18	4510153	NA	AGCGTGG	A	225	MASKED;TGCACTCCAGCGTGGGCG	INDEL;IDV=11;IMF=1;DP=11;VDB=2.26006e-08;SGB=-0.676189;MQ0F=0;AC=2;AN=2;DP4=0,0,11,0;MQ=60;RB=18,4510141,4510629,AAT,CTG
20	5982833	NA	CTT	C	203	MASKED;AATGCACTCTTTTGCTTA	INDEL;IDV=9;IMF=1;DP=9;VDB=5.52906e-06;SGB=-0.662043;MQ0F=0;AC=2;AN=2;DP4=0,0,9,0;MQ=60;RB=20,5982785,5983078,CCC,TAC
3	144522728	NA	GA	G	143	PASS;TTATAGTAGAATGATCTA	INDEL;IDV=12;IMF=1;DP=12;VDB=2.26006e-08;SGB=-0.680642;MQ0F=0;AC=2;AN=2;DP4=0,0,12,0;MQ=60;RB=3,144522696,144522975,GAA,TTA
4	78372847	NA	GC	G	82	MASKED;ATGGCCTGGCCCTGTAGC	INDEL;IDV=5;IMF=1;DP=5;VDB=0.00187095;SGB=-0.590765;MQ0F=0;AC=2;AN=2;DP4=0,0,0,5;MQ=60;RB=4,78372607,78372863,CAC,TTA
16	51182126	NA	G	GT	83	PASS;TTTTCTTTGTAAGCACAC	INDEL;IDV=4;IMF=1;DP=4;VDB=0.0058656;SGB=-0.556411;MQ0F=0;AC=2;AN=2;DP4=0,0,4,0;MQ=60;RB=16,51182071,51182299,ATT,TCG
8	57878525	NA	CAAGAAAGAGA	C	225	PASS;TGTGTATTCAAGAAAGAG	INDEL;IDV=8;IMF=1;DP=8;VDB=1.33331e-05;SGB=-0.651104;MQ0F=0;AC=2;AN=2;DP4=0,0,8,0;MQ=60;RB=8,57878477,57879140,AAT,TCC
2	128143335	NA	AG	A	118	MASKED;AACGCTGTAGGAAATGCA	INDEL;IDV=8;IMF=1;DP=8;VDB=1.33331e-05;SGB=-0.651104;MQ0F=0;AC=2;AN=2;DP4=0,0,0,8;MQ=60;RB=2,128143100,128143463,TCG,AAG
2	202656072	NA	AATTGAAGAGAGTTCTTCCC	A	225	PASS;CTGGGAGGAATTGAAGAG	INDEL;IDV=10;IMF=1;DP=10;VDB=6.99472e-07;SGB=-0.670168;MQ0F=0;AC=2;AN=2;DP4=0,0,0,10;MQ=60;RB=2,202655910,202656210,ATT,GTA
4	38998535	NA	GGATA	G	225	PASS;GGAGAGATGGATAGATAG	INDEL;IDV=11;IMF=1;DP=11;VDB=2.26006e-08;SGB=-0.676189;MQ0F=0;AC=2;AN=2;DP4=0,0,11,0;MQ=60;RB=4,38998435,38998829,GAC,ACG
20	44258874	NA	TTTG	T	176	MASKED;TATGCACATTTGTGAGGA	INDEL;IDV=6;IMF=1;DP=6;VDB=0.00187095;SGB=-0.590765;MQ0F=0;AC=2;AN=2;DP4=0,0,5,0;MQ=60;RB=20,44258757,44259564,TTA,GTA
11	38030591	NA	ACACACT	A	225	NEI_IND[10/385];ACACACACACACACTCAC	INDEL;IDV=8;IMF=0.727273;DP=9;VDB=1.33331e-05;SGB=-0.651104;MQ0F=0;AC=2;AN=2;DP4=0,0,0,8;MQ=60;RB=11,38030170,38030700,CTT,GCT
18	64945032	NA	AG	A	150	MASKED;GAATGCAAAGAAAATGAC	INDEL;IDV=11;IMF=1;DP=11;VDB=2.26006e-08;SGB=-0.676189;MQ0F=0;AC=2;AN=2;DP4=0,0,11,0;MQ=60;RB=18,64945017,64945510,GAT,AAG
16	11560777	NA	TTG	T	108	MASKED;TATGTGTATTGTGTGTGT	INDEL;IDV=4;IMF=1;DP=4;VDB=0.0058656;SGB=-0.556411;MQ0F=0;AC=2;AN=2;DP4=0,0,0,4;MQ=60;RB=16,11560325,11560859,CTG,GTG
2	173197241	NA	TACAC	T	154	MASKED;CCTGTAAATACACACACA	INDEL;IDV=4;IMF=1;DP=4;VDB=0.0058656;SGB=-0.556411;MQ0F=0;AC=2;AN=2;DP4=0,0,0,4;MQ=60;RB=2,173197012,173197268,GTC,TTA
6	10761923	NA	GTTT	G	3.28437	PASS;CCATGCTCGTTTTTTTTT	INDEL;IDV=5;IMF=1;DP=5;VDB=0.00215942;SGB=-0.590765;MQ0F=0;AC=2;AN=2;DP4=0,0,0,5;MQ=60;RB=6,10761588,10761962,CTG,AGC
18	27960330	NA	CCTTCT	C	154	MASKED;AAATACGTCCTTCTCTTC	INDEL;IDV=4;IMF=1;DP=4;VDB=0.0058656;SGB=-0.556411;MQ0F=0;AC=2;AN=2;DP4=0,0,0,4;MQ=60;RB=18,27960141,27960359,ACC,CCC
1	204527766	NA	CAGGATGCCA	C	205	PASS;TTCTTTGGCAGGATGCCA	INDEL;IDV=6;IMF=1;DP=6;VDB=0.000411984;SGB=-0.616816;MQ0F=0;AC=2;AN=2;DP4=0,0,0,6;MQ=60;RB=1,204527577,204527832,AGG,GAT
6	31318394	NA	TG	T	120	MASKED;GCCTGGAATGGGAGTGCA	INDEL;IDV=10;IMF=1;DP=10;VDB=6.99472e-07;SGB=-0.670168;MQ0F=0;AC=2;AN=2;DP4=0,0,0,10;MQ=60;RB=6,31318161,31318529,ATG,CAT
4	92727674	NA	ATC	A	221	MASKED;TTTGCATCATCTTTTAAA	INDEL;IDV=9;IMF=1;DP=9;VDB=5.52906e-06;SGB=-0.662043;MQ0F=0;AC=2;AN=2;DP4=0,0,9,0;MQ=60;RB=4,92727620,92727944,GCA,TTT
20	51681807	NA	TC	T	191	PASS;TATTGTTGTCGTGGTTGA	INDEL;IDV=12;IMF=1;DP=12;VDB=0.999911;SGB=-0.680642;MQSB=0.982603;MQ0F=0;AC=2;AN=2;DP4=0,0,6,6;MQ=60;RB=20,51681680,51681934,ATC,TGA
14	56091974	NA	A	AGTCCC	120	MASKED;TGCTATAAATAGCATATA	INDEL;IDV=4;IMF=1;DP=4;VDB=0.0058656;SGB=-0.556411;MQ0F=0;AC=2;AN=2;DP4=0,0,4,0;MQ=60;RB=14,56091862,56092504,GAT,AAT
9	9438438	NA	TTC	T	200	PASS;CTTCTGACTTCTTTCTAA	INDEL;IDV=8;IMF=1;DP=8;VDB=1.33331e-05;SGB=-0.651104;MQ0F=0;AC=2;AN=2;DP4=0,0,0,8;MQ=60;RB=9,9437969,9438449,AAT,TGG
1	22996396	NA	AGC	A	225	MASKED;GCAAAGGAAGCAAAGCAG	INDEL;IDV=8;IMF=1;DP=8;VDB=1.33331e-05;SGB=-0.651104;MQ0F=0;AC=2;AN=2;DP4=0,0,0,8;MQ=60;RB=1,22996152,22996445,GTT,CAG
1	22996396	NA	AGC	A	171	MASKED;GCAAAGGAAGCAAAGCAG	INDEL;IDV=5;IMF=1;DP=5;VDB=0.00187095;SGB=-0.590765;MQ0F=0;AC=2;AN=2;DP4=0,0,0,5;MQ=60;RB=1,22996152,22996453,TTT,TTT
2	226389710	NA	TC	T	48.4146	PASS;GTTCAACATCACCAATCA	INDEL;IDV=5;IMF=1;DP=5;VDB=0.0058656;SGB=-0.556411;MQ0F=0;AC=2;AN=2;DP4=0,0,0,4;MQ=60;RB=2,226389555,226389814,GGG,CGA
4	177417979	NA	CAT	C	142	MASKED;TGTAAAGACATATATGCA	INDEL;IDV=5;IMF=1;DP=5;VDB=0.00187095;SGB=-0.590765;MQ0F=0;AC=2;AN=2;DP4=0,0,0,5;MQ=60;RB=4,177417721,177418001,AAT,AGA
15	27227394	NA	GGTCA	G	205	PASS;CAGACACTGGTCAGTCAG	INDEL;IDV=6;IMF=1;DP=6;VDB=0.000411984;SGB=-0.616816;MQ0F=0;AC=2;AN=2;DP4=0,0,6,0;MQ=60;RB=15,27227322,27227625,TTT,CTA
14	25484426	NA	TA	T	12.6563	PASS;AACTGCTTTAAAAAAAAA	INDEL;IDV=8;IMF=1;DP=8;VDB=1.33331e-05;SGB=-0.651104;MQ0F=0;AC=2;AN=2;DP4=0,0,0,8;MQ=60;RB=14,25483891,25484496,ACC,TGT
3	62918386	NA	CTCT	C	224	MASKED;TCAGGCAGCTCTTCTTAT	INDEL;IDV=7;IMF=1;DP=7;VDB=6.71664e-05;SGB=-0.636426;MQ0F=0;AC=2;AN=2;DP4=0,0,0,7;MQ=60;RB=3,62918120,62918474,TCT,AAC
2	135213515	NA	AC	A	114	MASKED;TGTAATGTACCCATTACC	INDEL;IDV=8;IMF=1;DP=8;VDB=1.33331e-05;SGB=-0.651104;MQ0F=0;AC=2;AN=2;DP4=0,0,0,8;MQ=60;RB=2,135213179,135213547,TGT,TCT
3	133221463	NA	AGAAG	A	225	MASKED;AGAAAGAAAGAAGGAAGG	INDEL;IDV=10;IMF=0.909091;DP=11;VDB=6.99472e-07;SGB=-0.670168;MQ0F=0;AC=2;AN=2;DP4=0,0,10,0;MQ=60;RB=3,133221373,133221880,TGA,GCT
12	127390596	NA	GTGTA	G	182	MASKED;GTGTCTGTGTGTATGTGT	INDEL;IDV=5;IMF=1;DP=5;VDB=0.00187095;SGB=-0.590765;MQ0F=0;AC=2;AN=2;DP4=0,0,0,5;MQ=60;RB=12,127390192,127390623,GGC,GGG
19	11275423	NA	CATCCATCCATCCTGCT	C	182	MASKED;CATCCATCCATCCATCCA	INDEL;IDV=5;IMF=0.833333;DP=5;VDB=0.00215942;SGB=-0.590765;MQ0F=0;AC=2;AN=2;DP4=0,0,5,0;MQ=60;RB=19,11275370,11276298,TGA,AAG
3	160542969	NA	CAGAT	C	225	MASKED;TGGATAAACAGATAGCCA	INDEL;IDV=14;IMF=1;DP=14;VDB=2.26006e-08;SGB=-0.683931;MQ0F=0;AC=2;AN=2;DP4=0,0,0,13;MQ=60;RB=3,160542715,160543012,CAT,GCT
5	100700930	NA	TGGAGTG	T	224	MASKED;GCCCAGGCTGGAGTGGGA	INDEL;IDV=7;IMF=1;DP=7;VDB=6.71664e-05;SGB=-0.636426;MQ0F=0;AC=2;AN=2;DP4=0,0,0,7;MQ=60;RB=5,100700549,100700963,GGA,CTC
10	55797315	NA	TA	T	92	MASKED;CACAATGCTAATTGCAGT	INDEL;IDV=5;IMF=1;DP=5;VDB=0.00187095;SGB=-0.590765;MQ0F=0;AC=2;AN=2;DP4=0,0,0,5;MQ=60;RB=10,55797101,55797372,CTC,TCG
8	91608898	NA	TA	T	114	MASKED;TATTCTGGTAAATGCAGT	INDEL;IDV=8;IMF=1;DP=8;VDB=1.33331e-05;SGB=-0.651104;MQ0F=0;AC=2;AN=2;DP4=0,0,0,8;MQ=60;RB=8,91608631,91608970,CGT,TAT
7	53547314	NA	CAT	C	210	MASKED;AAATTCCACATATATATA	INDEL;IDV=13;IMF=1;DP=13;VDB=2.26006e-08;SGB=-0.683931;MQ0F=0;AC=2;AN=2;DP4=0,0,0,13;MQ=60;RB=7,53546637,53547354,GTA,GAC
2	105682405	NA	AAAAGAAAAAG	A	182	MASKED;TGTAAAAGAAAAGAAAAA	INDEL;IDV=5;IMF=1;DP=5;VDB=0.00187095;SGB=-0.590765;MQ0F=0;AC=2;AN=2;DP4=0,0,0,5;MQ=60;RB=2,105682151,105682460,CCG,TCA
16	11560777	NA	TTG	T	156	MASKED;TATGTGTATTGTGTGTGT	INDEL;IDV=7;IMF=1;DP=7;VDB=6.71664e-05;SGB=-0.636426;MQ0F=0;AC=2;AN=2;DP4=0,0,0,7;MQ=60;RB=16,11560204,11560860,CTC,AAT
4	16609693	NA	GT	G	97	PASS;TTTTTAAAGTTAATTTTG	INDEL;IDV=6;IMF=1;DP=6;VDB=0.000411984;SGB=-0.616816;MQ0F=0;AC=2;AN=2;DP4=0,0,6,0;MQ=60;RB=4,16609610,16609857,AGT,GGC
5	115632673	NA	TCTAA	T	182	PASS;AATAATAATCTAACTAAC	INDEL;IDV=5;IMF=1;DP=5;VDB=0.00187095;SGB=-0.590765;MQ0F=0;AC=2;AN=2;DP4=0,0,5,0;MQ=60;RB=5,115632578,115633503,CTT,TTT
5	100765788	NA	ATG	A	109	MASKED;ATGTACATATGTGTGTGT	INDEL;IDV=4;IMF=1;DP=4;VDB=0.0058656;SGB=-0.556411;MQ0F=0;AC=2;AN=2;DP4=0,0,0,4;MQ=60;RB=5,100765415,100765833,CTA,GCC
14	54740458	NA	GT	G	17.4922	PASS;TTTTTTGGGTTTTTTTTG	INDEL;IDV=8;IMF=1;DP=8;VDB=1.33331e-05;SGB=-0.651104;MQ0F=0;AC=2;AN=2;DP4=0,0,0,8;MQ=60;RB=14,54739698,54740516,AGG,TAG
4	167533383	NA	TGTGTATCTAG	T	182	MASKED;TATCTATATGTGTATCTA	INDEL;IDV=5;IMF=1;DP=5;VDB=0.00187095;SGB=-0.590765;MQ0F=0;AC=2;AN=2;DP4=0,0,5,0;MQ=60;RB=4,167533298,167534183,GCC,CTG
17	30849099	NA	CAAAAAAAAA	C	120	NEI_IND[29/519];CTCTGTCTCAAAAAAAAA	INDEL;IDV=10;IMF=1;DP=10;VDB=6.99472e-07;SGB=-0.670168;MQ0F=0;AC=2;AN=2;DP4=0,0,10,0;MQ=60;RB=17,30849066,30849505,CGT,TCT
5	84136453	NA	TAAATA	T	182	MASKED;ATAATTTCTAAATAAAAT	INDEL;IDV=5;IMF=1;DP=5;VDB=0.00187095;SGB=-0.590765;MQ0F=0;AC=2;AN=2;DP4=0,0,0,5;MQ=60;RB=5,84135460,84136493,GGT,CGG
11	11043286	NA	ATG	A	158	MASKED;GTTTATGTATGTGTGTGT	INDEL;IDV=7;IMF=1;DP=7;VDB=6.71664e-05;SGB=-0.636426;MQ0F=0;AC=2;AN=2;DP4=0,0,0,7;MQ=60;RB=11,11042927,11043308,ACT,CCT
12	127995836	NA	G	GC	146	PASS;ATCTATGTGACCACACCC	INDEL;IDV=8;IMF=1;DP=8;VDB=1.33331e-05;SGB=-0.651104;MQ0F=0;AC=2;AN=2;DP4=0,0,8,0;MQ=60;RB=12,127995782,127996344,AGT,CGA
5	129261584	NA	ATG	A	185	MASKED;GTGTATATATGTGTGTGT	INDEL;IDV=9;IMF=1;DP=9;VDB=5.52906e-06;SGB=-0.662043;MQ0F=0;AC=2;AN=2;DP4=0,0,0,9;MQ=60;RB=5,129261247,129261608,TTG,GTT
15	22372960	NA	CATT	C	225	MASKED;TATGCCAACATTACTACT	INDEL;IDV=11;IMF=1;DP=11;VDB=2.26006e-08;SGB=-0.676189;MQ0F=0;AC=2;AN=2;DP4=0,0,0,11;MQ=60;RB=15,22372525,22373071,TTG,AAC
7	16536384	NA	TACTC	T	225	PASS;ATGAGACTTACTCACTAG	INDEL;IDV=8;IMF=1;DP=8;VDB=1.92178e-05;SGB=-0.651104;MQ0F=0;AC=2;AN=2;DP4=0,0,8,0;MQ=60;RB=7,16536343,16536714,GCT,TTA
3	76515149	NA	GGTGTGTGTGT	G	182	NEI_IND[42/198];AAAATATGGGTGTGTGTG	INDEL;IDV=5;IMF=1;DP=5;VDB=0.00187095;SGB=-0.590765;MQ0F=0;AC=2;AN=2;DP4=0,0,0,5;MQ=60;RB=3,76514716,76515252,CCC,GTT
10	124819579	NA	AAAAC	A	225	PASS;AAACACCTAAAACAAAAC	INDEL;IDV=12;IMF=1;DP=12;VDB=2.26006e-08;SGB=-0.680642;MQ0F=0;AC=2;AN=2;DP4=0,0,12,0;MQ=60;RB=10,124819536,124819953,CCT,CCG
20	11071878	NA	C	CCTA	225	PASS;CAGAGAAACCTAACCTCA	INDEL;IDV=9;IMF=1;DP=9;VDB=5.52906e-06;SGB=-0.662043;MQ0F=0;AC=2;AN=2;DP4=0,0,9,0;MQ=60;RB=20,11071828,11072156,TAA,TAC
5	167024749	NA	CTT	C	206	MASKED;CTTTCAAACTTATATATG	INDEL;IDV=8;IMF=1;DP=8;VDB=6.71664e-05;SGB=-0.636426;MQ0F=0;AC=2;AN=2;DP4=0,0,0,7;MQ=60;RB=5,167024250,167024858,CCT,CCT
18	57278989	NA	TA	T	20.4535	MASKED;AAAAAAAATAAAAAAAGG	INDEL;IDV=6;IMF=1;DP=6;VDB=0.000411984;SGB=-0.616816;MQ0F=0;AC=2;AN=2;DP4=0,0,6,0;MQ=60;RB=18,57278921,57279834,ATG,CCC
12	128445296	NA	TACAC	T	118	MASKED;AAGTTTTATACACACACA	INDEL;IDV=4;IMF=1;DP=4;VDB=0.0221621;SGB=-0.511536;MQ0F=0;AC=2;AN=2;DP4=0,0,0,3;MQ=60;RB=12,128444972,128445417,ATA,GTG
2	213386373	NA	TATGCATTTAC	T	154	MASKED;CTATTTTATATGCATTTA	INDEL;IDV=4;IMF=1;DP=4;VDB=0.0058656;SGB=-0.556411;MQ0F=0;AC=2;AN=2;DP4=0,0,0,4;MQ=60;RB=2,213385783,213386508,TTT,TAT
12	42414232	NA	A	ATT	181	PASS;ATTTATTTATTTATTTAT	INDEL;IDV=5;IMF=1;DP=5;VDB=0.00187095;SGB=-0.590765;MQ0F=0;AC=2;AN=2;DP4=0,0,5,0;MQ=60;RB=12,42414098,42414391,TGA,CTT
19	5266490	NA	GTC	G	173	PASS;GAGATGGAGTCTCACTCG	INDEL;IDV=6;IMF=1;DP=6;VDB=0.000411984;SGB=-0.616816;MQ0F=0;AC=2;AN=2;DP4=0,0,0,6;MQ=60;RB=19,5266236,5266524,TTT,CCA
9	79318375	NA	GGTGACAGCCTGCAAC	G	205	MASKED;TTGTCATGGGTGACAGCC	INDEL;IDV=6;IMF=1;DP=6;VDB=0.000411984;SGB=-0.616816;MQ0F=0;AC=2;AN=2;DP4=0,0,0,6;MQ=60;RB=9,79318131,79318504,CGA,AAA
6	5705154	NA	G	GTGGT	224	PASS;GCTTCAGGGTGGTTGTGA	INDEL;IDV=7;IMF=1;DP=7;VDB=6.71664e-05;SGB=-0.636426;MQ0F=0;AC=2;AN=2;DP4=0,0,7,0;MQ=60;RB=6,5705130,5705615,ATA,TTG
4	164824388	NA	TTG	T	124	MASKED;TCCTTCCCTTGTGTGTGT	INDEL;IDV=5;IMF=1;DP=5;VDB=0.00187095;SGB=-0.590765;MQ0F=0;AC=2;AN=2;DP4=0,0,0,5;MQ=60;RB=4,164824137,164824457,TAC,GAT
5	63277217	NA	ATAAC	A	224	MASKED;ATTATTCAATAACTAACA	INDEL;IDV=7;IMF=1;DP=7;VDB=6.71664e-05;SGB=-0.636426;MQ0F=0;AC=2;AN=2;DP4=0,0,0,7;MQ=60;RB=5,63276996,63277241,GAG,ACT
12	127995836	NA	G	GC	92	PASS;ATCTATGTGACCACACCC	INDEL;IDV=4;IMF=1;DP=4;VDB=0.0058656;SGB=-0.556411;MQ0F=0;AC=2;AN=2;DP4=0,0,4,0;MQ=60;RB=12,127995782,127996343,TTA,CCC
12	55452115	NA	TTGTG	T	78	MASKED;TATGCATTTTGTGTGTGT	INDEL;IDV=4;IMF=1;DP=4;VDB=0.0221621;SGB=-0.511536;MQ0F=0;AC=2;AN=2;DP4=0,0,3,0;MQ=60;RB=12,55452050,55452942,TAT,AAT
X	135689151	NA	ATTTTG	A	224	MASKED;TGTTCAGGATTTTGTTTT	INDEL;IDV=7;IMF=1;DP=7;VDB=6.71664e-05;SGB=-0.636426;MQ0F=0;AC=2;AN=2;DP4=0,0,0,7;MQ=60;RB=X,135688667,135689260,TGA,GTG
8	29814986	NA	C	CT	157	PASS;TGCTTACTCTATCTTATT	INDEL;IDV=10;IMF=1;DP=10;VDB=6.99472e-07;SGB=-0.670168;MQ0F=0;AC=2;AN=2;DP4=0,0,10,0;MQ=60;RB=8,29814904,29815452,TGT,CGC
2	102085783	NA	TA	T	9.88465	MASKED;CAGATACTTAAAAAAAAA	INDEL;IDV=6;IMF=1;DP=6;VDB=0.000411984;SGB=-0.616816;MQ0F=0;AC=2;AN=2;DP4=0,0,6,0;MQ=60;RB=2,102085682,102086023,GTC,GGT
3	69925470	NA	AG	A	115	PASS;TTATCAAAAGGATCAGTC	INDEL;IDV=7;IMF=1;DP=7;VDB=6.71664e-05;SGB=-0.636426;MQ0F=0;AC=2;AN=2;DP4=0,0,7,0;MQ=60;RB=3,69925431,69925783,AAT,ACC
4	121590195	NA	T	TA	118	PASS;GAAACAGTTAAAGATTTC	INDEL;IDV=9;IMF=1;DP=9;VDB=5.52906e-06;SGB=-0.662043;MQ0F=0;AC=2;AN=2;DP4=0,0,0,9;MQ=60;RB=4,121589825,121590216,TCG,CCC
1	105766300	NA	GT	G	20.4535	MASKED;CCATATTTGTTTTTTGCA	INDEL;IDV=4;IMF=1;DP=4;VDB=0.0058656;SGB=-0.556411;MQ0F=0;AC=2;AN=2;DP4=0,0,0,4;MQ=60;RB=1,105766094,105766394,TAT,TTG
17	78465978	NA	CCAGGTGGTGGTG	C	225	MASKED;GAGGATGGCCAGGTGGTG	INDEL;IDV=8;IMF=1;DP=8;VDB=1.33331e-05;SGB=-0.651104;MQ0F=0;AC=2;AN=2;DP4=0,0,0,8;MQ=60;RB=17,78465679,78466036,CCC,CTT
12	115341585	NA	CTG	C	144	MASKED;GTGTGAGACTGTGTGTGC	INDEL;IDV=6;IMF=1;DP=6;VDB=0.000411984;SGB=-0.616816;MQ0F=0;AC=2;AN=2;DP4=0,0,0,6;MQ=60;RB=12,115340890,115341716,TTA,GGC
12	115341669	NA	A	AGT	205	NEI_IND[1/12];AGAATGTGAGTGTGTGAG	INDEL;IDV=6;IMF=1;DP=6;VDB=0.000411984;SGB=-0.616816;MQ0F=0;AC=2;AN=2;DP4=0,0,0,6;MQ=60;RB=12,115340890,115341716,TTA,GGC
