CHROM	POS	ID	REF	ALT	QUAL	FILTER	INFO
1	244319835	NA	TTTTCTTTCTTTCTTTCTTTCTTTC	T	205	NEI_IND[7/361];GGGTTTCTTTTTCTTTCT	INDEL;IDV=6;IMF=1;DP=6;VDB=0.000411984;SGB=-0.616816;MQ0F=0;AC=2;AN=2;DP4=0,0,6,0;MQ=60;RB=1,244319784,244320308,TGT,AAT
1	244320240	NA	TC	T	44.4146	MASKED;CCCTTTCTTCCCCCTCCA	INDEL;IDV=6;IMF=1;DP=6;VDB=0.000411984;SGB=-0.616816;MQ0F=0;AC=2;AN=2;DP4=0,0,0,6;MQ=60;RB=1,244319784,244320308,TGT,AAT
19	22651263	NA	CGT	C	155	MASKED;TGTGTGTTCGTGTGTGTG	INDEL;IDV=7;IMF=1;DP=7;VDB=6.71664e-05;SGB=-0.636426;MQ0F=0;AC=2;AN=2;DP4=0,0,0,7;MQ=60;RB=19,22650806,22651398,TGA,TCA
4	146171436	NA	CT	C	111	PASS;GTTCTTACCTCATGAAAC	INDEL;IDV=6;IMF=1;DP=6;VDB=0.000411984;SGB=-0.616816;MQ0F=0;AC=2;AN=2;DP4=0,0,6,0;MQ=60;RB=4,146171379,146171713,TAT,GTA
4	161022506	NA	TAC	T	107	MASKED;TATAAATATACACACACA	INDEL;IDV=4;IMF=1;DP=4;VDB=0.0058656;SGB=-0.556411;MQ0F=0;AC=2;AN=2;DP4=0,0,4,0;MQ=60;RB=4,161022410,161023141,AAA,ATT
11	109667924	NA	GA	G	44.4146	PASS;GACATGAGGAAAAACTTT	INDEL;IDV=6;IMF=1;DP=6;VDB=0.000411984;SGB=-0.616816;MQ0F=0;AC=2;AN=2;DP4=0,0,6,0;MQ=60;RB=11,109667825,109668145,CTG,TGG
2	126171777	NA	TA	T	13.6076	MASKED;TCAACATGTAAAAAAAAA	INDEL;IDV=12;IMF=1;DP=12;VDB=2.26006e-08;SGB=-0.680642;MQ0F=0;AC=2;AN=2;DP4=0,0,12,0;MQ=60;RB=2,126171655,126172085,TTA,ATT
1	78937154	NA	CAAATAAAT	CAAAT,C	192	MASKED;CCCTGTCTCAAATAAATA	INDEL;IDV=8;IMF=1;DP=8;VDB=1.33331e-05;SGB=-0.651104;MQ0F=0;AC=1,1;AN=2;DP4=0,0,8,0;MQ=60;RB=1,78937097,78937373,GAT,TGT
20	24492744	NA	AATATATATATATAT	AAT,A	172	NEI_IND[24/79];GTCTTTAAAATATATATA	INDEL;IDV=6;IMF=1;DP=6;VDB=0.000713702;SGB=-0.616816;MQ0F=0;AC=1,1;AN=2;DP4=0,0,0,6;MQ=60;RB=20,24492414,24492871,CTT,TAA
7	51257379	NA	GA	G	17.4922	MASKED;AAAAATTAGAAAAAAAAG	INDEL;IDV=8;IMF=1;DP=8;VDB=1.33331e-05;SGB=-0.651104;MQ0F=0;AC=2;AN=2;DP4=0,0,8,0;MQ=60;RB=7,51257298,51257629,GAG,ATA
11	106512450	NA	AG	A	103	PASS;CATCCAAAAGACTGATAA	INDEL;IDV=5;IMF=1;DP=5;VDB=0.00187095;SGB=-0.590765;MQ0F=0;AC=2;AN=2;DP4=0,0,0,5;MQ=60;RB=11,106512110,106512499,AGT,TGC
3	35682747	NA	CAAG	C	205	MASKED;TCTCAAAACAAGAAGGAC	INDEL;IDV=6;IMF=1;DP=6;VDB=0.000411984;SGB=-0.616816;MQ0F=0;AC=2;AN=2;DP4=0,0,0,6;MQ=60;RB=3,35682468,35682799,TTT,CCT
13	38459176	NA	CAA	C	89	PASS;ATAATGAGCAAAAAAAGT	INDEL;IDV=7;IMF=1;DP=7;VDB=6.71664e-05;SGB=-0.636426;MQ0F=0;AC=2;AN=2;DP4=0,0,0,7;MQ=60;RB=13,38458878,38459266,TGG,ACC
11	94417672	NA	AC	A	99	MASKED;CCCAGGGGACAGACCTAC	INDEL;IDV=5;IMF=1;DP=5;VDB=0.00187095;SGB=-0.590765;MQ0F=0;AC=2;AN=2;DP4=0,0,5,0;MQ=60;RB=11,94417550,94417846,GCG,TGT
3	1129941	NA	AC	A	85	MASKED;TGCTGAAGACACTACCTG	INDEL;IDV=4;IMF=1;DP=4;VDB=0.0058656;SGB=-0.556411;MQ0F=0;AC=2;AN=2;DP4=0,0,4,0;MQ=60;RB=3,1129873,1130374,GAT,GTG
7	7346655	NA	TC	T	97	MASKED;ATATCTATTCCCTCAAAC	INDEL;IDV=7;IMF=1;DP=7;VDB=0.000411984;SGB=-0.616816;MQ0F=0;AC=2;AN=2;DP4=0,0,0,6;MQ=60;RB=7,7346348,7346749,CGT,ACA
13	68096116	NA	CCTAT	C	205	MASKED;TCTGATACCCTATCTATT	INDEL;IDV=6;IMF=1;DP=6;VDB=0.00155977;SGB=-0.616816;MQ0F=0;AC=2;AN=2;DP4=0,0,0,6;MQ=60;RB=13,68095826,68096187,ACG,CTG
12	103081772	NA	CA	C	61	MASKED;GAGGGGTCCACCAAAGAC	INDEL;IDV=4;IMF=1;DP=4;VDB=0.0221621;SGB=-0.511536;MQ0F=0;AC=2;AN=2;DP4=0,0,0,3;MQ=60;RB=12,103081287,103081865,AAG,AAG
14	49844328	NA	TG	T	124	PASS;TCTTTTACTGCTCACAGC	INDEL;IDV=7;IMF=1;DP=7;VDB=6.71664e-05;SGB=-0.636426;MQ0F=0;AC=2;AN=2;DP4=0,0,7,0;MQ=60;RB=14,49844198,49844619,TGA,AAC
12	81664087	NA	CT	C	29.4193	PASS;TTGTCTTGCTTTTTTTAG	INDEL;IDV=13;IMF=1;DP=13;VDB=2.26006e-08;SGB=-0.683931;MQ0F=0;AC=2;AN=2;DP4=0,0,13,0;MQ=60;RB=12,81664017,81664298,AGC,CCT
19	16153531	NA	CGAAT	C	221	NEI_IND[32/257];CTCAATAACGAATGAATG	INDEL;IDV=7;IMF=1;DP=7;VDB=6.71664e-05;SGB=-0.636426;MQ0F=0;AC=2;AN=2;DP4=0,0,0,7;MQ=60;RB=19,16153323,16153584,ATG,ACT
6	22564499	NA	GA	G	11.7169	MASKED;ATAAAATAGAAAAAAATT	INDEL;IDV=5;IMF=1;DP=5;VDB=0.0058656;SGB=-0.556411;MQ0F=0;AC=2;AN=2;DP4=0,0,0,4;MQ=60;RB=6,22563754,22564592,GCA,AGG
10	112019817	NA	GTTT	G	182	MASKED;AAAGATAGGTTTTAATAC	INDEL;IDV=5;IMF=1;DP=5;VDB=0.00187095;SGB=-0.590765;MQ0F=0;AC=2;AN=2;DP4=0,0,0,5;MQ=60;RB=10,112019421,112019901,CCT,CCC
5	68081133	NA	TG	T	129	PASS;TAGAATAGTGGCTACCAG	INDEL;IDV=10;IMF=1;DP=10;VDB=6.99472e-07;SGB=-0.670168;MQ0F=0;AC=2;AN=2;DP4=0,0,10,0;MQ=60;RB=5,68081003,68081346,CTG,AGG
X	47819610	NA	CTAAA	C	154	NEI_IND[4/240];ATATAAAACTAAATAAAT	INDEL;IDV=4;IMF=1;DP=4;VDB=0.0058656;SGB=-0.556411;MQ0F=0;AC=2;AN=2;DP4=0,0,4,0;MQ=60;RB=X,47819565,47819978,CTG,GTT
1	204482650	NA	AAAAAC	A	225	MASKED;TCCGTCTCAAAAACAAAA	INDEL;IDV=9;IMF=1;DP=9;VDB=5.52906e-06;SGB=-0.662043;MQ0F=0;AC=2;AN=2;DP4=0,0,9,0;MQ=60;RB=1,204482618,204483006,TGG,AAA
2	199924125	NA	CT	C	64	PASS;GCAGCAGACTTTTCAGTG	INDEL;IDV=6;IMF=1;DP=6;VDB=0.000411984;SGB=-0.616816;MQ0F=0;AC=2;AN=2;DP4=0,0,6,0;MQ=60;RB=2,199924098,199924447,TAC,TAT
15	52724314	NA	TTAAAG	T	225	MASKED;ATAAATGATTAAAGTAAT	INDEL;IDV=9;IMF=1;DP=9;VDB=5.52906e-06;SGB=-0.662043;MQ0F=0;AC=2;AN=2;DP4=0,0,0,9;MQ=60;RB=15,52724120,52724436,TCA,GGC
10	127173997	NA	GA	G	96	PASS;TAGGGACAGAAAGTAAAC	INDEL;IDV=6;IMF=1;DP=6;VDB=0.000411984;SGB=-0.616816;MQ0F=0;AC=2;AN=2;DP4=0,0,6,0;MQ=60;RB=10,127173905,127174230,TCA,TTT
5	112669533	NA	T	TAC	159	PASS;TATATATGTATATATGTA	INDEL;IDV=7;IMF=1;DP=7;VDB=7.99768e-05;SGB=-0.636426;MQ0F=0;AC=2;AN=2;DP4=0,0,7,0;MQ=44;RB=5,112669456,112669682,TGG,TAT
5	112669638	NA	CAAG	C	224	MASKED;AGGGAAGACAAGGAGACA	INDEL;IDV=7;IMF=1;DP=7;VDB=6.71664e-05;SGB=-0.636426;MQ0F=0;AC=2;AN=2;DP4=0,0,0,7;MQ=60;RB=5,112669456,112669682,TGG,TAT
X	117782545	NA	AATATATAAT	A	80	MASKED;TATATATAAATATATAAT	INDEL;IDV=7;IMF=1;DP=7;VDB=6.71664e-05;SGB=-0.636426;MQ0F=0;AC=2;AN=2;DP4=0,0,0,7;MQ=60;RB=X,117782260,117782629,GCG,TCT
X	117782605	NA	GATATA	G	224	PASS;ATATAATAGATATAATAT	INDEL;IDV=7;IMF=1;DP=7;VDB=6.71664e-05;SGB=-0.636426;MQ0F=0;AC=2;AN=2;DP4=0,0,0,7;MQ=60;RB=X,117782260,117782629,GCG,TCT
4	34296874	NA	C	CT	20.4535	PASS;TTTCTTTTCTTTTTTCTT	INDEL;IDV=4;IMF=1;DP=4;VDB=0.0058656;SGB=-0.556411;MQ0F=0;AC=2;AN=2;DP4=0,0,0,4;MQ=60;RB=4,34296644,34296923,GGC,GAC
1	53618849	NA	GC	G	148	MASKED;ACTGACTAGCCTACCAGA	INDEL;IDV=15;IMF=1;DP=15;VDB=4.49525e-10;SGB=-0.688148;MQ0F=0;AC=2;AN=2;DP4=0,0,0,15;MQ=60;RB=1,53618631,53618953,CAA,AAT
11	73048769	NA	TTTA	T	171	MASKED;AGCTATTTTTTATTATTA	INDEL;IDV=7;IMF=1;DP=7;VDB=7.99767e-05;SGB=-0.636426;MQ0F=0;AC=2;AN=2;DP4=0,0,0,7;MQ=60;RB=11,73048394,73048844,GTT,CTA
2	113592892	NA	GA	G	83	MASKED;TGAAATGGGAAACATTAT	INDEL;IDV=5;IMF=1;DP=5;VDB=0.00187095;SGB=-0.590765;MQ0F=0;AC=2;AN=2;DP4=0,0,0,5;MQ=60;RB=2,113592554,113592999,CTG,ATG
13	78707245	NA	TC	T	79	PASS;GGTAGTATTCTTTGCTGA	INDEL;IDV=4;IMF=1;DP=4;VDB=0.0162466;SGB=-0.556411;MQ0F=0;AC=2;AN=2;DP4=0,0,4,0;MQ=60;RB=13,78707203,78707574,TAT,AAT
13	78707441	NA	G	GA	5.7555	NEI_IND[31/402];TAATGAGAGAAAAAAAGC	INDEL;IDV=4;IMF=1;DP=4;VDB=0.0221621;SGB=-0.511536;MQ0F=0;AC=2;AN=2;DP4=0,0,0,3;MQ=60;RB=13,78707203,78707574,TAT,AAT
1	246419864	NA	ACTT	A	225	MASKED;TTATTTGAACTTCTTTTT	INDEL;IDV=8;IMF=1;DP=8;VDB=1.33331e-05;SGB=-0.651104;MQ0F=0;AC=2;AN=2;DP4=0,0,8,0;MQ=60;RB=1,246419771,246420139,TAT,AAC
1	246420077	NA	ATCTT	A	225	MASKED;AAATTGGGATCTTTCTAA	INDEL;IDV=8;IMF=1;DP=8;VDB=1.33331e-05;SGB=-0.651104;MQ0F=0;AC=2;AN=2;DP4=0,0,0,8;MQ=60;RB=1,246419771,246420139,TAT,AAC
8	15457224	NA	TTG	T	13.6076	MASKED;TTTTTTTTTTGTCAAAGA	INDEL;IDV=4;IMF=0.571429;DP=6;VDB=0.00187095;SGB=-0.590765;MQ0F=0;AC=2;AN=2;DP4=0,0,5,0;MQ=60;RB=8,15457146,15457485,TAC,GCT
18	3229974	NA	CAAAAAA	C	60	NEI_IND[14/248];CTCCATCTCAAAAAAAAA	INDEL;IDV=5;IMF=1;DP=5;VDB=0.00187095;SGB=-0.590765;MQ0F=0;AC=2;AN=2;DP4=0,0,5,0;MQ=60;RB=18,3229941,3230407,TGG,ATG
4	55866707	NA	GA	G	64	PASS;ACCTTTTGGAAAACTATA	INDEL;IDV=6;IMF=1;DP=6;VDB=0.000411984;SGB=-0.616816;MQ0F=0;AC=2;AN=2;DP4=0,0,6,0;MQ=60;RB=4,55866665,55867009,TGA,ATA
1	104591637	NA	CT	C	20.4535	MASKED;TCTCATCACTTTTTTTCA	INDEL;IDV=6;IMF=1;DP=6;VDB=0.000411984;SGB=-0.616816;MQ0F=0;AC=2;AN=2;DP4=0,0,0,6;MQ=60;RB=1,104591295,104591726,CCC,GTC
11	70069170	NA	AG	A	116	MASKED;AAAAGAAAAGAAAAAAAA	INDEL;IDV=7;IMF=1;DP=7;VDB=0.000411984;SGB=-0.616816;MQ0F=0;AC=2;AN=2;DP4=0,0,6,0;MQ=60;RB=11,70069121,70069412,GTC,TTT
2	240990153	NA	AAG	A	6.51141	NEI_IND[8/100];AAAAAAAAAAGGAAAAAA	INDEL;IDV=4;IMF=1;DP=4;VDB=0.0058656;SGB=-0.556411;MQ0F=0;AC=2;AN=2;DP4=0,0,4,0;MQ=60;RB=2,240990097,240990561,GGA,CAC
5	20306631	NA	AATGGCTGCAT	A	225	NEI_IND[66/208];CCTCAACAAATGGCTGCA	INDEL;IDV=8;IMF=1;DP=8;VDB=1.33331e-05;SGB=-0.651104;MQ0F=0;AC=2;AN=2;DP4=0,0,0,8;MQ=60;RB=5,20306097,20306673,TTG,TCA
2	56088199	NA	TA	T	56	MASKED;CTATATTTTAAAAGGAGC	INDEL;IDV=5;IMF=1;DP=5;VDB=0.00187095;SGB=-0.590765;MQ0F=0;AC=2;AN=2;DP4=0,0,5,0;MQ=60;RB=2,56088164,56088541,CAA,GTT
1	77757497	NA	GA	G	32.4168	PASS;GGATAAATGAAAAAACTC	INDEL;IDV=6;IMF=1;DP=6;VDB=0.000411984;SGB=-0.616816;MQ0F=0;AC=2;AN=2;DP4=0,0,0,6;MQ=60;RB=1,77757192,77757528,TCA,GCT
3	56340614	NA	CAT	C	130	PASS;GAAGCACTCATGTGTAAC	INDEL;IDV=4;IMF=1;DP=4;VDB=0.0058656;SGB=-0.556411;MQ0F=0;AC=2;AN=2;DP4=0,0,4,0;MQ=60;RB=3,56340479,56340911,CAT,ACT
1	185402738	NA	AT	A	6.51141	MASKED;AAATCCAAATTTTTTTTA	INDEL;IDV=4;IMF=1;DP=4;VDB=0.0058656;SGB=-0.556411;MQ0F=0;AC=2;AN=2;DP4=0,0,0,4;MQ=60;RB=1,185402528,185402839,GCC,ATT
6	17742802	NA	TA	T	99	MASKED;TATTTATTTATTTTTTTG	INDEL;IDV=6;IMF=1;DP=6;VDB=0.00187095;SGB=-0.590765;MQ0F=0;AC=2;AN=2;DP4=0,0,0,5;MQ=60;RB=6,17742512,17742856,GGA,AGA
11	34282985	NA	ATCC	A	225	PASS;TTATAGAAATCCTCCTAT	INDEL;IDV=12;IMF=1;DP=12;VDB=2.26006e-08;SGB=-0.680642;MQ0F=0;AC=2;AN=2;DP4=0,0,0,12;MQ=60;RB=11,34282636,34283022,CTA,GAT
11	6612279	NA	TCTCA	T	225	MASKED;CGACAGGTTCTCACTATG	INDEL;IDV=8;IMF=1;DP=8;VDB=1.33331e-05;SGB=-0.651104;MQ0F=0;AC=2;AN=2;DP4=0,0,0,8;MQ=60;RB=11,6611966,6612369,TGG,AAA
7	68330354	NA	AC	A	145	PASS;GGCCTAAAACTTTTAAAT	INDEL;IDV=10;IMF=1;DP=10;VDB=6.99472e-07;SGB=-0.670168;MQ0F=0;AC=2;AN=2;DP4=0,0,0,10;MQ=60;RB=7,68330091,68330461,ATG,CCG
18	40069794	NA	GC	G	56	MASKED;TATTGTAAGCCCCTGCCT	INDEL;IDV=8;IMF=1;DP=8;VDB=0.00187095;SGB=-0.590765;MQ0F=0;AC=2;AN=2;DP4=0,0,5,0;MQ=60;RB=18,40069687,40070095,TCG,CGA
13	71142692	NA	TC	T	86	PASS;TTATTTCTTCTATTATTT	INDEL;IDV=4;IMF=1;DP=4;VDB=0.0058656;SGB=-0.556411;MQ0F=0;AC=2;AN=2;DP4=0,0,0,4;MQ=60;RB=13,71142324,71142750,CCT,CGA
6	25719189	NA	A	ATG	146	PASS;TATGATAGATGTGTGTGT	INDEL;IDV=4;IMF=1;DP=4;VDB=0.0058656;SGB=-0.556411;MQ0F=0;AC=2;AN=2;DP4=0,0,0,4;MQ=60;RB=6,25718718,25719293,CTT,TCG
14	95330495	NA	CAAAAAAAAAAAA	C,CA	69	NEI_IND[3/201];CGCTGTCTCAAAAAAAAA	INDEL;IDV=4;IMF=1;DP=4;VDB=0.0058656;SGB=-0.556411;MQ0F=0;AC=1,1;AN=2;DP4=0,0,4,0;MQ=60;RB=14,95330463,95330919,ATG,GTC
6	115428864	NA	AG	A	103	PASS;CTTGAAAAAGTTTGAAGT	INDEL;IDV=5;IMF=1;DP=5;VDB=0.00187095;SGB=-0.590765;MQ0F=0;AC=2;AN=2;DP4=0,0,0,5;MQ=60;RB=6,115428610,115428930,GCT,CTT
4	76990295	NA	GGAA	G	196	NEI_IND[3/245];TGGTGACAGGAAGAAGAT	INDEL;IDV=6;IMF=1;DP=6;VDB=0.000411984;SGB=-0.616816;MQ0F=0;AC=2;AN=2;DP4=0,0,6,0;MQ=60;RB=4,76990183,76990618,CCC,TGT
4	76990539	NA	C	CTTTGTT	35.1822	NEI_IND[8/308];CTTAATTCCTTTTTTTTT	INDEL;IDV=5;IMF=1;DP=5;VDB=0.00215942;SGB=-0.590765;MQ0F=0;AC=2;AN=2;DP4=0,0,0,5;MQ=60;RB=4,76990183,76990618,CCC,TGT
1	8946362	NA	ACT	A	217	MASKED;AGAGCGAGACTCTGTCTC	INDEL;IDV=10;IMF=1;DP=10;VDB=6.99472e-07;SGB=-0.670168;MQ0F=0;AC=2;AN=2;DP4=0,0,10,0;MQ=60;RB=1,8946339,8946728,TAC,CCT
5	62951955	NA	TC	T	99	MASKED;TAGGTTGTTCTTGTGGTA	INDEL;IDV=5;IMF=1;DP=5;VDB=0.00187095;SGB=-0.590765;MQ0F=0;AC=2;AN=2;DP4=0,0,5,0;MQ=60;RB=5,62951937,62952267,GTT,GTT
11	40990835	NA	GATAA	G	225	MASKED;TTCTTATGGATAAATAAA	INDEL;IDV=8;IMF=1;DP=8;VDB=1.33331e-05;SGB=-0.651104;MQ0F=0;AC=2;AN=2;DP4=0,0,8,0;MQ=60;RB=11,40990792,40991152,CTT,ATG
6	24571435	NA	AG	A	123	PASS;AAAAAAAAAGTATTGCTA	INDEL;IDV=7;IMF=1;DP=7;VDB=6.71664e-05;SGB=-0.636426;MQ0F=0;AC=2;AN=2;DP4=0,0,7,0;MQ=60;RB=6,24571386,24571665,ACT,TTC
11	123780312	NA	C	CAATTTATATGGA	225	PASS;AACAAAAACAATTTACAT	INDEL;IDV=8;IMF=1;DP=8;VDB=1.33331e-05;SGB=-0.651104;MQ0F=0;AC=2;AN=2;DP4=0,0,0,8;MQ=60;RB=11,123780110,123780368,CCT,CCT
