CHROM	POS	ID	REF	ALT	QUAL	FILTER	INFO
X	4990970	NA	A	AT	6.51141	PASS;AGAAAATGATTTTTTTTG	INDEL;IDV=4;IMF=1;DP=4;VDB=0.0058656;SGB=-0.556411;MQ0F=0;AC=2;AN=2;DP4=0,0,0,4;MQ=60;RB=X,4990769,4991036,GTT,TGT
4	65031306	NA	TTTTCC	T	205	MASKED;TAGTGCAATTTTCCTTTC	INDEL;IDV=6;IMF=1;DP=6;VDB=0.000411984;SGB=-0.616816;MQ0F=0;AC=2;AN=2;DP4=0,0,6,0;MQ=60;RB=4,65031222,65031701,TCC,TCT
2	226076878	NA	GAATAAT	G	205	NEI_IND[6/597];TGCCATGTGAATAATCAA	INDEL;IDV=6;IMF=1;DP=6;VDB=0.000411984;SGB=-0.616816;MQ0F=0;AC=2;AN=2;DP4=0,0,0,6;MQ=60;RB=2,226076278,226076929,GAT,CGC
16	6292399	NA	TTTTA	T	182	PASS;TTATTTTATTTTATTTTT	INDEL;IDV=5;IMF=1;DP=5;VDB=0.00187095;SGB=-0.590765;MQ0F=0;AC=2;AN=2;DP4=0,0,5,0;MQ=60;RB=16,6292355,6292625,GGA,ATT
5	7481885	NA	TTG	T	189	MASKED;ATGCTGATTTGTGTGTGT	INDEL;IDV=16;IMF=1;DP=16;VDB=1.63308e-11;SGB=-0.689466;MQ0F=0;AC=2;AN=2;DP4=0,0,0,16;MQ=60;RB=5,7481461,7481996,TTG,GTA
8	136526726	NA	ATT	A	138	PASS;ACTGTATGATTCCTCTTA	INDEL;IDV=4;IMF=1;DP=4;VDB=0.0058656;SGB=-0.556411;MQ0F=0;AC=2;AN=2;DP4=0,0,0,4;MQ=60;RB=8,136526138,136526828,ATG,CGT
1	66001358	NA	CAA	C	190	MASKED;TGACACAACAAACAGGAT	INDEL;IDV=10;IMF=1;DP=10;VDB=6.99472e-07;SGB=-0.670168;MQ0F=0;AC=2;AN=2;DP4=0,0,0,10;MQ=60;RB=1,66001181,66001441,ACG,ATC
22	23106401	NA	AAATAGT	A	225	NEI_IND[6/390];TAGTAACAAAATAGTAAT	INDEL;IDV=9;IMF=1;DP=9;VDB=5.52906e-06;SGB=-0.662043;MQ0F=0;AC=2;AN=2;DP4=0,0,0,9;MQ=60;RB=22,23106224,23106499,GGC,CGC
12	42029728	NA	ATGT	A	182	MASKED;TAAATGAGATGTTGTTTT	INDEL;IDV=5;IMF=1;DP=5;VDB=0.00187095;SGB=-0.590765;MQ0F=0;AC=2;AN=2;DP4=0,0,0,5;MQ=60;RB=12,42029410,42029755,TTG,TAC
3	35694871	NA	TCTAA	T	224	PASS;GGGTATCATCTAACTAAG	INDEL;IDV=7;IMF=1;DP=7;VDB=6.71664e-05;SGB=-0.636426;MQ0F=0;AC=2;AN=2;DP4=0,0,0,7;MQ=60;RB=3,35694390,35694976,TTG,CTG
12	32357119	NA	CA	C	20.4535	MASKED;CATCTCTACAAAAAAATG	INDEL;IDV=6;IMF=1;DP=6;VDB=0.000411984;SGB=-0.616816;MQ0F=0;AC=2;AN=2;DP4=0,0,0,6;MQ=60;RB=12,32356601,32357221,TTT,ACT
3	39715474	NA	A	AAAG	105	NEI_IND[22/264];AAAGAAAGAAAAGAAAGA	INDEL;IDV=5;IMF=1;DP=5;VDB=0.00187095;SGB=-0.590765;MQ0F=0;AC=2;AN=2;DP4=0,0,5,0;MQ=60;RB=3,39715361,39715837,GTG,GTT
3	151114001	NA	CT	C	45.4146	MASKED;TTTTAGCTCTTTTTTGGG	INDEL;IDV=13;IMF=0.928571;DP=14;VDB=2.26006e-08;SGB=-0.683931;MQ0F=0;AC=2;AN=2;DP4=0,0,13,0;MQ=60;RB=3,151113897,151114350,GTT,TCG
20	51239737	NA	AT	A	26.4242	MASKED;ATCCCAGAATTTTTTTGC	INDEL;IDV=8;IMF=1;DP=8;VDB=1.33331e-05;SGB=-0.651104;MQ0F=0;AC=2;AN=2;DP4=0,0,0,8;MQ=60;RB=20,51239515,51239856,GTG,GGG
6	29684408	NA	TTTAATTTTGC	T	225	NEI_IND[6/282];ACAATAATTTTAATTTTG	INDEL;IDV=8;IMF=1;DP=8;VDB=1.33331e-05;SGB=-0.651104;MQ0F=0;AC=2;AN=2;DP4=0,0,0,8;MQ=60;RB=6,29684228,29684465,TTG,TTG
8	107019617	NA	AATAATATAAAAATGC	A	225	NEI_IND[6/366];TGCTTGTAAATAATATAA	INDEL;IDV=8;IMF=1;DP=8;VDB=1.33331e-05;SGB=-0.651104;MQ0F=0;AC=2;AN=2;DP4=0,0,0,8;MQ=60;RB=8,107019290,107019717,TGT,TTG
3	173044549	NA	C	CA	36.4154	PASS;TTTTAAAACAAAAAAGAA	INDEL;IDV=7;IMF=1;DP=7;VDB=6.71664e-05;SGB=-0.636426;MQ0F=0;AC=2;AN=2;DP4=0,0,7,0;MQ=60;RB=3,173044426,173044730,ACG,GGA
12	55452115	NA	TTGTG	TTG,T	193	MASKED;TATGCATTTTGTGTGTGT	INDEL;IDV=10;IMF=0.909091;DP=11;VDB=5.52906e-06;SGB=-0.662043;MQ0F=0;AC=1,1;AN=2;DP4=0,0,9,0;MQ=60;RB=12,55452051,55452942,GGG,TTT
1	248157174	NA	CA	C	122	PASS;CCAATGGACATGCATTGG	INDEL;IDV=7;IMF=1;DP=7;VDB=6.71664e-05;SGB=-0.636426;MQ0F=0;AC=2;AN=2;DP4=0,0,0,7;MQ=60;RB=1,248156935,248157273,GCC,CCG
20	17730569	NA	TA	T	35.4156	MASKED;CAGCTTTATAAAATGTTT	INDEL;IDV=6;IMF=1;DP=6;VDB=0.000411984;SGB=-0.616816;MQ0F=0;AC=2;AN=2;DP4=0,0,0,6;MQ=60;RB=20,17730117,17730696,GTT,GAT
1	22682307	NA	TTA	T	207	MASKED;TCTGCATCTTAATCTCTT	INDEL;IDV=7;IMF=1;DP=7;VDB=6.71664e-05;SGB=-0.636426;MQ0F=0;AC=2;AN=2;DP4=0,0,7,0;MQ=60;RB=1,22682200,22682500,ATT,AAG
11	76731633	NA	CA	C	63	MASKED;GTATGCCTCAAATGCAGA	INDEL;IDV=4;IMF=1;DP=4;VDB=0.0058656;SGB=-0.556411;MQ0F=0;AC=2;AN=2;DP4=0,0,0,4;MQ=60;RB=11,76731045,76731720,GTT,ACG
6	149758610	NA	TA	T	57	MASKED;TGTGGTTTTAATTTGCAT	INDEL;IDV=4;IMF=1;DP=4;VDB=0.0221621;SGB=-0.511536;MQ0F=0;AC=2;AN=2;DP4=0,0,0,3;MQ=60;RB=6,149758345,149758670,AAT,ACC
3	37670985	NA	GATAAA	G	205	MASKED;TGCAAAATGATAAAATAA	INDEL;IDV=6;IMF=1;DP=6;VDB=0.000411984;SGB=-0.616816;MQ0F=0;AC=2;AN=2;DP4=0,0,6,0;MQ=60;RB=3,37670875,37671406,GAC,CGA
12	132386775	NA	CACAGCTGTGGCT	C	225	PASS;TGTCCAGCCACAGCTGTG	INDEL;IDV=8;IMF=1;DP=8;VDB=1.33331e-05;SGB=-0.651104;MQ0F=0;AC=2;AN=2;DP4=0,0,8,0;MQ=60;RB=12,132386660,132387015,GAC,GCT
11	124118448	NA	CAGAG	C	182	NEI_IND[4/242];ATATAAGACAGAGAGAGA	INDEL;IDV=5;IMF=1;DP=5;VDB=0.00187095;SGB=-0.590765;MQ0F=0;AC=2;AN=2;DP4=0,0,5,0;MQ=60;RB=11,124118386,124118659,TAC,TGG
4	164824388	NA	TTGTG	TTG,T	129	MASKED;TCCTTCCCTTGTGTGTGT	INDEL;IDV=6;IMF=1;DP=6;VDB=0.000560625;SGB=-0.616816;MQ0F=0;AC=1,1;AN=2;DP4=0,0,0,6;MQ=60;RB=4,164823938,164824456,TTG,TCC
6	56438957	NA	TA	T	111	MASKED;TGGATGCATAAACATTTG	INDEL;IDV=8;IMF=1;DP=8;VDB=1.33331e-05;SGB=-0.651104;MQ0F=0;AC=2;AN=2;DP4=0,0,8,0;MQ=60;RB=6,56438931,56439260,GTA,ATG
1	213321995	NA	TGTCTTTGTCTG	T	225	PASS;TTTGGATGTGTCTTTGTC	INDEL;IDV=8;IMF=1;DP=8;VDB=1.33331e-05;SGB=-0.651104;MQ0F=0;AC=2;AN=2;DP4=0,0,8,0;MQ=60;RB=1,213321948,213322310,GGC,TAT
8	121052904	NA	CAA	C	137	MASKED;ATGTTAACCAAAAATGCA	INDEL;IDV=7;IMF=1;DP=7;VDB=6.71664e-05;SGB=-0.636426;MQ0F=0;AC=2;AN=2;DP4=0,0,0,7;MQ=60;RB=8,121052433,121052931,ACT,GTA
X	24850262	NA	AAGTAG	A	225	NEI_IND[5/170];GTTTATAAAAGTAGAGGC	INDEL;IDV=11;IMF=1;DP=11;VDB=2.26006e-08;SGB=-0.676189;MQ0F=0;AC=2;AN=2;DP4=0,0,0,11;MQ=60;RB=X,24849908,24850368,CGT,TGC
3	162856161	NA	GT	G	103	MASKED;AAGAATGTGTGTTTTGCA	INDEL;IDV=5;IMF=1;DP=5;VDB=0.00187095;SGB=-0.590765;MQ0F=0;AC=2;AN=2;DP4=0,0,0,5;MQ=60;RB=3,162855758,162856216,CGG,GTG
11	66448417	NA	TCTC	T	225	PASS;CAAGCAATTCTCCTGTCT	INDEL;IDV=9;IMF=1;DP=9;VDB=5.52906e-06;SGB=-0.662043;MQ0F=0;AC=2;AN=2;DP4=0,0,9,0;MQ=60;RB=11,66448391,66448638,CAA,CCT
19	4083181	NA	AGCGCCGTGGGGAGGC	A	154	NEI_IND[6/203];CCCGAGCGAGCGCCGTGG	INDEL;IDV=4;IMF=1;DP=4;VDB=0.0058656;SGB=-0.556411;MQ0F=0;AC=2;AN=2;DP4=0,0,0,4;MQ=60;RB=19,4082817,4083251,GTT,ATG
7	133487535	NA	GA	G	123	PASS;GAGGCGGAGAGTTGCAGT	INDEL;IDV=7;IMF=1;DP=7;VDB=6.71664e-05;SGB=-0.636426;MQ0F=0;AC=2;AN=2;DP4=0,0,0,7;MQ=60;RB=7,133487098,133487562,CTG,AAT
7	61911784	NA	CA	C	11.7169	MASKED;AGGTTGCACAAAAAAACC	INDEL;IDV=4;IMF=1;DP=4;VDB=0.0058656;SGB=-0.556411;MQ0F=0;AC=2;AN=2;DP4=0,0,4,0;MQ=60;RB=7,61911698,61912025,ATG,GTT
2	53905277	NA	GGT	G	155	MASKED;ACCTTGCTGGTGTGTGTG	INDEL;IDV=7;IMF=1;DP=7;VDB=6.71664e-05;SGB=-0.636426;MQ0F=0;AC=2;AN=2;DP4=0,0,0,7;MQ=60;RB=2,53905091,53905400,CTG,GGG
5	139036041	NA	CAT	C	211	MASKED;TACACACACATGTGTGCA	INDEL;IDV=7;IMF=1;DP=7;VDB=6.71664e-05;SGB=-0.636426;MQ0F=0;AC=2;AN=2;DP4=0,0,0,7;MQ=60;RB=5,139035833,139036095,TTA,CCT
3	162856161	NA	GT	G	158	MASKED;AAGAATGTGTGTTTTGCA	INDEL;IDV=12;IMF=1;DP=12;VDB=2.26006e-08;SGB=-0.680642;MQ0F=0;AC=2;AN=2;DP4=0,0,0,12;MQ=60;RB=3,162855769,162856217,GGA,TGA
1	237691086	NA	ACTGTAAACG	A	154	MASKED;CCTATCAGACTGTAAACG	INDEL;IDV=4;IMF=1;DP=4;VDB=0.00992398;SGB=-0.556411;MQ0F=0;AC=2;AN=2;DP4=0,0,0,4;MQ=60;RB=1,237690109,237691178,CCC,ATT
12	32357119	NA	CA	C	16.5122	MASKED;CATCTCTACAAAAAAATG	INDEL;IDV=6;IMF=1;DP=6;VDB=0.00187095;SGB=-0.590765;MQ0F=0;AC=2;AN=2;DP4=0,0,0,5;MQ=60;RB=12,32356659,32357221,GTT,ATA
2	69475343	NA	GTT	G	44.4146	NEI_IND[10/302];TTTGAACTGTTTTTTTTT	INDEL;IDV=8;IMF=1;DP=8;VDB=1.33331e-05;SGB=-0.651104;MQ0F=0;AC=2;AN=2;DP4=0,0,8,0;MQ=60;RB=2,69475299,69475572,CGA,CAC
1	102597173	NA	TCAAA	T	205	MASKED;ACTCCATCTCAAACAAAC	INDEL;IDV=6;IMF=1;DP=6;VDB=0.000411984;SGB=-0.616816;MQ0F=0;AC=2;AN=2;DP4=0,0,6,0;MQ=60;RB=1,102597141,102597541,AAT,CCC
4	46756714	NA	CGTGT	C	224	MASKED;ATAAAATACGTGTGTGTG	INDEL;IDV=7;IMF=1;DP=7;VDB=6.71664e-05;SGB=-0.636426;MQ0F=0;AC=2;AN=2;DP4=0,0,7,0;MQ=60;RB=4,46756608,46757022,CTA,CGC
9	104948305	NA	GC	G	128	MASKED;AATAACCTGCCATCCATG	INDEL;IDV=9;IMF=1;DP=9;VDB=5.52906e-06;SGB=-0.662043;MQ0F=0;AC=2;AN=2;DP4=0,0,9,0;MQ=60;RB=9,104948224,104948809,GGT,CTT
12	117892684	NA	GA	G	53	MASKED;ACAGGAATGAAAAATGCA	INDEL;IDV=9;IMF=1;DP=9;VDB=1.33331e-05;SGB=-0.651104;MQ0F=0;AC=2;AN=2;DP4=0,0,0,8;MQ=60;RB=12,117892357,117892756,ATT,TTC
4	180897353	NA	TCAAGTCTTG	T	225	NEI_IND[6/222];CAGTCATCTCAAGTCTTG	INDEL;IDV=10;IMF=1;DP=10;VDB=6.99472e-07;SGB=-0.670168;MQ0F=0;AC=2;AN=2;DP4=0,0,10,0;MQ=60;RB=4,180897324,180897688,CTG,AGG
19	2568584	NA	TAC	T	161	MASKED;TGCACAAATACACACATA	INDEL;IDV=6;IMF=1;DP=6;VDB=0.000411984;SGB=-0.616816;MQ0F=0;AC=2;AN=2;DP4=0,0,6,0;MQ=60;RB=19,2568529,2568837,GAG,CTC
19	2568727	NA	CACATAT	C	205	NEI_IND[30/318];CATACAGACACATATACA	INDEL;IDV=6;IMF=1;DP=6;VDB=0.000411984;SGB=-0.616816;MQ0F=0;AC=2;AN=2;DP4=0,0,0,6;MQ=60;RB=19,2568529,2568837,GAG,CTC
19	2568787	NA	CAT	C	169	NEI_IND[10/338];CATACACACATATACACG	INDEL;IDV=6;IMF=1;DP=6;VDB=0.000411984;SGB=-0.616816;MQ0F=0;AC=2;AN=2;DP4=0,0,0,6;MQ=60;RB=19,2568529,2568837,GAG,CTC
14	102376738	NA	A	ATG	206	PASS;GTGTATCTATGTGTGTGT	INDEL;IDV=7;IMF=1;DP=7;VDB=6.71664e-05;SGB=-0.636426;MQ0F=0;AC=2;AN=2;DP4=0,0,7,0;MQ=60;RB=14,102376696,102377071,GTT,TGG
11	55177081	NA	AT	A	42.4147	MASKED;TAATTTCCATTTTTTGCA	INDEL;IDV=9;IMF=1;DP=9;VDB=5.52906e-06;SGB=-0.662043;MQ0F=0;AC=2;AN=2;DP4=0,0,0,9;MQ=60;RB=11,55176486,55177161,CTA,GAC
5	8973238	NA	CCTATAT	C	225	PASS;CTGAGCTTCCTATATCTA	INDEL;IDV=9;IMF=1;DP=9;VDB=5.52906e-06;SGB=-0.662043;MQ0F=0;AC=2;AN=2;DP4=0,0,9,0;MQ=60;RB=5,8973195,8973735,GAA,GCG
6	3685369	NA	A	AAAT	224	NEI_IND[1/11];TGCATCCAAAATAATAAT	INDEL;IDV=7;IMF=1;DP=7;VDB=6.71664e-05;SGB=-0.636426;MQ0F=0;AC=2;AN=2;DP4=0,0,7,0;MQ=60;RB=6,3685365,3685771,CAT,CAT
6	3685432	NA	GTATT	G	224	NEI_IND[4/273];AAATGCATGTATTTATTT	INDEL;IDV=7;IMF=1;DP=7;VDB=6.71664e-05;SGB=-0.636426;MQ0F=0;AC=2;AN=2;DP4=0,0,7,0;MQ=60;RB=6,3685365,3685771,CAT,CAT
6	3685743	NA	C	CCTTTT	223	NEI_IND[27/588];AACAAATTCATTTTATTG	INDEL;IDV=6;IMF=0.857143;DP=7;VDB=0.000133588;SGB=-0.636426;MQ0F=0;AC=2;AN=2;DP4=0,0,0,7;MQ=60;RB=6,3685365,3685771,CAT,CAT
5	79671085	NA	CCAGCTACT	C	225	PASS;CTGTAGTCCCAGCTACTC	INDEL;IDV=13;IMF=1;DP=13;VDB=2.26006e-08;SGB=-0.683931;MQ0F=0;AC=2;AN=2;DP4=0,0,0,13;MQ=60;RB=5,79670629,79671139,GGT,GCT
1	160629827	NA	GC	G	115	MASKED;ACATCCTTGCCAACATTT	INDEL;IDV=7;IMF=1;DP=7;VDB=6.71664e-05;SGB=-0.636426;MQ0F=0;AC=2;AN=2;DP4=0,0,0,7;MQ=60;RB=1,160629633,160629906,ATC,GGT
18	40037079	NA	TTCAA	T	205	PASS;TGTTAAGATTCAATCAAA	INDEL;IDV=6;IMF=1;DP=6;VDB=0.000411984;SGB=-0.616816;MQ0F=0;AC=2;AN=2;DP4=0,0,0,6;MQ=60;RB=18,40036660,40037112,AAT,CGA
4	95258094	NA	GTGTTTCGTTT	G	205	NEI_IND[6/426];TCTATTTGGTGTTTCGTT	INDEL;IDV=6;IMF=1;DP=6;VDB=0.000411984;SGB=-0.616816;MQ0F=0;AC=2;AN=2;DP4=0,0,0,6;MQ=60;RB=4,95257664,95258167,TGA,TGA
2	226076878	NA	GAATAAT	G	225	NEI_IND[6/597];TGCCATGTGAATAATCAA	INDEL;IDV=8;IMF=1;DP=8;VDB=1.33331e-05;SGB=-0.651104;MQ0F=0;AC=2;AN=2;DP4=0,0,0,8;MQ=60;RB=2,226076632,226076930,TAT,CGT
10	16244408	NA	CA	C	118	MASKED;TGCTGCAACAAACATGGG	INDEL;IDV=9;IMF=1;DP=9;VDB=5.52906e-06;SGB=-0.662043;MQ0F=0;AC=2;AN=2;DP4=0,0,9,0;MQ=60;RB=10,16244345,16244679,CCT,CGT
5	40069972	NA	GA	G	157	MASKED;GATGTCTTGACACTGATT	INDEL;IDV=13;IMF=1;DP=13;VDB=2.26006e-08;SGB=-0.683931;MQ0F=0;AC=2;AN=2;DP4=0,0,0,13;MQ=60;RB=5,40069672,40070008,CCG,ATG
12	51229835	NA	AAACAAC	A	180	MASKED;TTATAAGAAAACAACAAC	INDEL;IDV=5;IMF=1;DP=5;VDB=0.00187095;SGB=-0.590765;MQ0F=0;AC=2;AN=2;DP4=0,0,0,5;MQ=60;RB=12,51229625,51229884,TGT,TTC
7	9417828	NA	CTA	C	83	NEI_IND[2/140];AAATGTGACTATTTTAAT	INDEL;IDV=4;IMF=1;DP=4;VDB=0.0058656;SGB=-0.556411;MQ0F=0;AC=2;AN=2;DP4=0,0,0,4;MQ=60;RB=7,9417669,9417888,TAG,GTT
11	124118448	NA	CAGAG	C	225	NEI_IND[4/242];ATATAAGACAGAGAGAGA	INDEL;IDV=10;IMF=1;DP=10;VDB=6.99472e-07;SGB=-0.670168;MQ0F=0;AC=2;AN=2;DP4=0,0,10,0;MQ=60;RB=11,124118385,124118660,GTA,GTT
2	225316003	NA	ATG	A	194	MASKED;TGAGGAATATGTGTGTGT	INDEL;IDV=14;IMF=1;DP=14;VDB=2.7085e-08;SGB=-0.686358;MQ0F=0;AC=2;AN=2;DP4=0,0,0,14;MQ=60;RB=2,225315466,225316072,ACT,CCC
13	109056322	NA	CA	C	92	PASS;AAAAACTACAAGTACAGA	INDEL;IDV=5;IMF=1;DP=5;VDB=0.00187095;SGB=-0.590765;MQ0F=0;AC=2;AN=2;DP4=0,0,5,0;MQ=60;RB=13,109056231,109056547,GGA,TAC
20	39691182	NA	ATCTAC	A	225	PASS;GTAGTTGAATCTACTCTA	INDEL;IDV=10;IMF=1;DP=10;VDB=6.99472e-07;SGB=-0.670168;MQ0F=0;AC=2;AN=2;DP4=0,0,0,10;MQ=60;RB=20,39690708,39691274,GGT,TAT
5	40069972	NA	GA	G	99	MASKED;GATGTCTTGACACTGATT	INDEL;IDV=7;IMF=1;DP=7;VDB=0.00187095;SGB=-0.590765;MQ0F=0;AC=2;AN=2;DP4=0,0,0,5;MQ=60;RB=5,40069672,40070094,GAG,ATA
7	96135291	NA	TTGTCAA	T	205	MASKED;ATTATGAGTTGTCAATGT	INDEL;IDV=6;IMF=1;DP=6;VDB=0.000411984;SGB=-0.616816;MQ0F=0;AC=2;AN=2;DP4=0,0,0,6;MQ=60;RB=7,96134866,96135356,TTG,CGG
3	62918386	NA	CTCT	C	174	MASKED;TCAGGCAGCTCTTCTTAT	INDEL;IDV=5;IMF=1;DP=5;VDB=0.00187095;SGB=-0.590765;MQ0F=0;AC=2;AN=2;DP4=0,0,0,5;MQ=60;RB=3,62918120,62918475,CGT,ATA
12	117892684	NA	GA	G	44.4146	MASKED;ACAGGAATGAAAAATGCA	INDEL;IDV=6;IMF=1;DP=6;VDB=0.000411984;SGB=-0.616816;MQ0F=0;AC=2;AN=2;DP4=0,0,0,6;MQ=60;RB=12,117892357,117892756,ATA,GTC
13	83722393	NA	GTT	G	106	MASKED;TCATTGTAGTTTTTTAAT	INDEL;IDV=7;IMF=1;DP=7;VDB=6.71664e-05;SGB=-0.636426;MQ0F=0;AC=2;AN=2;DP4=0,0,0,7;MQ=60;RB=13,83721866,83722407,TAC,TTG
6	105314269	NA	CAGTAG	C	182	PASS;GGTTATGTCAGTAGAGTA	INDEL;IDV=5;IMF=1;DP=5;VDB=0.00187095;SGB=-0.590765;MQ0F=0;AC=2;AN=2;DP4=0,0,0,5;MQ=60;RB=6,105313922,105314377,ATT,CTA
8	115945700	NA	C	CT	90	PASS;AATAATATCTAATTAATT	INDEL;IDV=4;IMF=1;DP=4;VDB=0.0058656;SGB=-0.556411;MQ0F=0;AC=2;AN=2;DP4=0,0,4,0;MQ=60;RB=8,115945573,115945948,CGG,AGA
11	80765174	NA	TA	T	77	MASKED;GAACATACTAAAATTGCA	INDEL;IDV=8;IMF=1;DP=8;VDB=1.33331e-05;SGB=-0.651104;MQ0F=0;AC=2;AN=2;DP4=0,0,0,8;MQ=60;RB=11,80764909,80765288,CCT,AGA
1	102597173	NA	TCAAA	T	205	MASKED;ACTCCATCTCAAACAAAC	INDEL;IDV=6;IMF=1;DP=6;VDB=0.000411984;SGB=-0.616816;MQ0F=0;AC=2;AN=2;DP4=0,0,6,0;MQ=60;RB=1,102597142,102597541,GCC,CTC
4	164824388	NA	TTG	T	155	MASKED;TCCTTCCCTTGTGTGTGT	INDEL;IDV=7;IMF=1;DP=7;VDB=6.71664e-05;SGB=-0.636426;MQ0F=0;AC=2;AN=2;DP4=0,0,0,7;MQ=60;RB=4,164823593,164824477,AAT,GCT
6	56438957	NA	TA	T	67	MASKED;TGGATGCATAAACATTTG	INDEL;IDV=4;IMF=1;DP=4;VDB=0.0058656;SGB=-0.556411;MQ0F=0;AC=2;AN=2;DP4=0,0,4,0;MQ=60;RB=6,56438931,56439243,CTT,GTA
2	150202773	NA	TA	T	20.4535	MASKED;TTTCTATTTAAAAAAATG	INDEL;IDV=6;IMF=1;DP=6;VDB=0.000411984;SGB=-0.616816;MQ0F=0;AC=2;AN=2;DP4=0,0,0,6;MQ=60;RB=2,150202431,150202850,TTG,CTT
11	30279515	NA	AGTACTATGAAAG	A	224	MASKED;CCTGCAATAGTACTATGA	INDEL;IDV=7;IMF=1;DP=7;VDB=6.71664e-05;SGB=-0.636426;MQ0F=0;AC=2;AN=2;DP4=0,0,7,0;MQ=60;RB=11,30279454,30279876,TAT,ACC
11	23679946	NA	AG	A	120	MASKED;TTATAGAAAGCATGCAAA	INDEL;IDV=7;IMF=1;DP=7;VDB=6.71664e-05;SGB=-0.636426;MQ0F=0;AC=2;AN=2;DP4=0,0,0,7;MQ=60;RB=11,23679467,23680069,ATC,TAG
11	124118448	NA	CAGAG	C	225	NEI_IND[4/242];ATATAAGACAGAGAGAGA	INDEL;IDV=10;IMF=1;DP=10;VDB=6.99472e-07;SGB=-0.670168;MQ0F=0;AC=2;AN=2;DP4=0,0,10,0;MQ=60;RB=11,124118385,124118660,CGT,TAT
12	95795335	NA	CCTT	C	156	MASKED;TATGCACTCCTTATTAAC	INDEL;IDV=5;IMF=1;DP=5;VDB=0.00187095;SGB=-0.590765;MQ0F=0;AC=2;AN=2;DP4=0,0,5,0;MQ=60;RB=12,95795319,95796076,TGT,GAT
12	113936178	NA	AAGC	A	225	NEI_IND[3/189];CATGAAAGAAGCAGCTTT	INDEL;IDV=9;IMF=1;DP=9;VDB=5.52906e-06;SGB=-0.662043;MQ0F=0;AC=2;AN=2;DP4=0,0,0,9;MQ=60;RB=12,113935827,113936259,AGG,CTG
8	63729810	NA	CAGTTT	C	225	PASS;AATGTGCACAGTTTAAAG	INDEL;IDV=8;IMF=1;DP=8;VDB=1.92178e-05;SGB=-0.651104;MQ0F=0;AC=2;AN=2;DP4=0,0,8,0;MQ=60;RB=8,63729770,63730466,GAT,GTT
19	15727750	NA	AG	A	115	MASKED;TGTGCAAAAGGTGCTCCC	INDEL;IDV=7;IMF=1;DP=7;VDB=6.71664e-05;SGB=-0.636426;MQ0F=0;AC=2;AN=2;DP4=0,0,7,0;MQ=60;RB=19,15727704,15728183,AAT,TTG
14	56091974	NA	A	AGTCCC	120	PASS;TGCTATAAATAGCATATA	INDEL;IDV=5;IMF=0.833333;DP=6;VDB=0.0058656;SGB=-0.556411;MQ0F=0;AC=2;AN=2;DP4=0,0,4,0;MQ=60;RB=14,56091862,56092504,GTT,GAA
5	73830991	NA	GA	G	81	MASKED;AATGAATAGAAAATGCAT	INDEL;IDV=9;IMF=1;DP=9;VDB=5.52906e-06;SGB=-0.662043;MQ0F=0;AC=2;AN=2;DP4=0,0,0,9;MQ=60;RB=5,73830675,73831077,GAT,CCA
14	50105703	NA	GTCAGAATACTCT	G	225	MASKED;AGTCTAATGTCAGAATAC	INDEL;IDV=11;IMF=1;DP=11;VDB=2.26006e-08;SGB=-0.676189;MQ0F=0;AC=2;AN=2;DP4=0,0,0,11;MQ=60;RB=14,50105495,50105786,ATA,TAT
X	123189513	NA	CATGGTGTTCAGT	C	205	MASKED;TTGCCTTACATGGTGTTC	INDEL;IDV=6;IMF=1;DP=6;VDB=0.000411984;SGB=-0.616816;MQ0F=0;AC=2;AN=2;DP4=0,0,6,0;MQ=60;RB=X,123189454,123189769,CTA,CAT
21	23608395	NA	CAAT	C	225	MASKED;AGACACAACAATGATTCC	INDEL;IDV=9;IMF=1;DP=9;VDB=5.52906e-06;SGB=-0.662043;MQ0F=0;AC=2;AN=2;DP4=0,0,9,0;MQ=60;RB=21,23608316,23609064,AGA,GTA
3	95318060	NA	AAAGG	A	225	MASKED;GGAAAAAGAAAGGAAGGA	INDEL;IDV=8;IMF=1;DP=8;VDB=1.33331e-05;SGB=-0.651104;MQ0F=0;AC=2;AN=2;DP4=0,0,0,8;MQ=60;RB=3,95317445,95318127,GAG,GAC
18	72022561	NA	AT	A	86	MASKED;ATCTTAATATTTTAATGC	INDEL;IDV=12;IMF=1;DP=12;VDB=2.26006e-08;SGB=-0.676189;MQ0F=0;AC=2;AN=2;DP4=0,0,0,11;MQ=60;RB=18,72022049,72022619,GAC,ACA
19	2568584	NA	TAC	T	220	MASKED;TGCACAAATACACACATA	INDEL;IDV=12;IMF=1;DP=12;VDB=2.26006e-08;SGB=-0.680642;MQ0F=0;AC=2;AN=2;DP4=0,0,12,0;MQ=60;RB=19,2568472,2568838,AGG,TTT
19	2568727	NA	CACATAT	C	225	NEI_IND[30/318];CATACAGACACATATACA	INDEL;IDV=12;IMF=1;DP=12;VDB=2.26006e-08;SGB=-0.680642;MQ0F=0;AC=2;AN=2;DP4=0,0,0,12;MQ=60;RB=19,2568472,2568838,AGG,TTT
19	2568787	NA	CAT	C	225	NEI_IND[10/338];CATACACACATATACACG	INDEL;IDV=12;IMF=1;DP=12;VDB=2.26006e-08;SGB=-0.680642;MQ0F=0;AC=2;AN=2;DP4=0,0,0,12;MQ=60;RB=19,2568472,2568838,AGG,TTT
16	63036307	NA	GGAAAGC	G	225	PASS;CTTACATGGGAAAGCTGC	INDEL;IDV=10;IMF=1;DP=10;VDB=6.99472e-07;SGB=-0.670168;MQ0F=0;AC=2;AN=2;DP4=0,0,0,10;MQ=60;RB=16,63036051,63036328,GAT,CTT
9	1025184	NA	GGT	G	159	MASKED;GAGAGGAGGGTGTGTGTG	INDEL;IDV=7;IMF=1;DP=7;VDB=6.71664e-05;SGB=-0.636426;MQ0F=0;AC=2;AN=2;DP4=0,0,0,7;MQ=60;RB=9,1024879,1025272,GGT,GTC
2	123710009	NA	ATT	A	31.4175	NEI_IND[47/537];TTTCGTTAATTTTTTTTT	INDEL;IDV=5;IMF=1;DP=5;VDB=0.00187095;SGB=-0.590765;MQ0F=0;AC=2;AN=2;DP4=0,0,5,0;MQ=60;RB=2,123709961,123710267,TTA,ACT
17	12979220	NA	GACTAATAA	G	225	MASKED;AACTAAATGACTAATAAA	INDEL;IDV=12;IMF=1;DP=12;VDB=2.26006e-08;SGB=-0.680642;MQ0F=0;AC=2;AN=2;DP4=0,0,12,0;MQ=60;RB=17,12979191,12979531,CCG,TCC
12	26579764	NA	AT	A	97	MASKED;TAAATAAAATAAATACAT	INDEL;IDV=7;IMF=1;DP=7;VDB=0.000411984;SGB=-0.616816;MQ0F=0;AC=2;AN=2;DP4=0,0,0,6;MQ=60;RB=12,26579215,26579873,ACG,GCG
7	40780002	NA	TTTTA	T	205	PASS;TATTTTTATTTTATTTAT	INDEL;IDV=6;IMF=1;DP=6;VDB=0.000411984;SGB=-0.616816;MQ0F=0;AC=2;AN=2;DP4=0,0,0,6;MQ=60;RB=7,40779802,40780055,GCA,CTT
7	131490088	NA	T	TCACACACACACACA	75	NEI_IND[21/468];GGCAATATTCACACACAC	INDEL;IDV=3;IMF=0.6;DP=5;VDB=0.0221621;SGB=-0.511536;MQ0F=0;AC=2;AN=2;DP4=0,0,3,0;MQ=41;RB=7,131490014,131490487,TTC,CAC
7	131490474	NA	CAG	C	136	MASKED;GATGAAGACAGGGTGCAT	INDEL;IDV=5;IMF=1;DP=5;VDB=0.0058656;SGB=-0.556411;MQ0F=0;AC=2;AN=2;DP4=0,0,0,4;MQ=60;RB=7,131490014,131490487,TTC,CAC
15	64898225	NA	ATTACAGGTG	A	224	PASS;GTGCTGGGATTACAGGTG	INDEL;IDV=7;IMF=1;DP=7;VDB=6.71664e-05;SGB=-0.636426;MQ0F=0;AC=2;AN=2;DP4=0,0,0,7;MQ=60;RB=15,64898013,64898364,CTT,ATT
1	248157174	NA	CA	C	139	PASS;CCAATGGACATGCATTGG	INDEL;IDV=9;IMF=1;DP=9;VDB=5.52906e-06;SGB=-0.662043;MQ0F=0;AC=2;AN=2;DP4=0,0,0,9;MQ=60;RB=1,248156934,248157274,ATA,ACA
7	67394101	NA	TA	T	123	MASKED;GCTGGGATTAACATGCAA	INDEL;IDV=8;IMF=1;DP=8;VDB=1.33331e-05;SGB=-0.651104;MQ0F=0;AC=2;AN=2;DP4=0,0,0,8;MQ=60;RB=7,67393904,67394184,AGG,TCT
12	76674061	NA	TTATAAAACTA	T	205	MASKED;ATTGCATTTTATAAAACT	INDEL;IDV=6;IMF=1;DP=6;VDB=0.000411984;SGB=-0.616816;MQ0F=0;AC=2;AN=2;DP4=0,0,6,0;MQ=60;RB=12,76673988,76674346,CCA,CCT
2	214755313	NA	CTG	C	202	MASKED;AAAGATGACTGTTATTTA	INDEL;IDV=8;IMF=1;DP=8;VDB=1.33331e-05;SGB=-0.651104;MQ0F=0;AC=2;AN=2;DP4=0,0,0,8;MQ=60;RB=2,214755103,214755446,GAC,CTT
3	11682490	NA	CT	C	83	PASS;TCAGGAGGCTGTGGCAGG	INDEL;IDV=4;IMF=1;DP=4;VDB=0.0058656;SGB=-0.556411;MQ0F=0;AC=2;AN=2;DP4=0,0,0,4;MQ=60;RB=3,11682142,11682527,ACG,CTC
5	40069972	NA	GA	G	113	MASKED;GATGTCTTGACACTGATT	INDEL;IDV=6;IMF=1;DP=6;VDB=0.000411984;SGB=-0.616816;MQ0F=0;AC=2;AN=2;DP4=0,0,0,6;MQ=60;RB=5,40069672,40070094,ATC,GAT
11	127411824	NA	GT	G	117	MASKED;ATTTATATGTCATACATA	INDEL;IDV=6;IMF=1;DP=6;VDB=0.000411984;SGB=-0.616816;MQ0F=0;AC=2;AN=2;DP4=0,0,0,6;MQ=60;RB=11,127411493,127411906,CAT,AGG
5	29944101	NA	TACACACACACACAC	T	154	MASKED;TATTTATCTACACACACA	INDEL;IDV=4;IMF=1;DP=4;VDB=0.0058656;SGB=-0.556411;MQ0F=0;AC=2;AN=2;DP4=0,0,0,4;MQ=60;RB=5,29943876,29944181,GGA,ATA
9	118617775	NA	CAT	C	213	PASS;ATTTTAGACATGTTAATG	INDEL;IDV=8;IMF=1;DP=8;VDB=1.33331e-05;SGB=-0.651104;MQ0F=0;AC=2;AN=2;DP4=0,0,8,0;MQ=60;RB=9,118617652,118617974,CTG,GTG
9	104948305	NA	GC	G	72	MASKED;AATAACCTGCCATCCATG	INDEL;IDV=4;IMF=1;DP=4;VDB=0.0058656;SGB=-0.556411;MQ0F=0;AC=2;AN=2;DP4=0,0,4,0;MQ=60;RB=9,104948225,104948480,TTC,ATT
4	60328089	NA	GA	G	9.88465	MASKED;TGTTAGGTGAAAAAAAAT	INDEL;IDV=5;IMF=1;DP=5;VDB=0.00187095;SGB=-0.590765;MQ0F=0;AC=2;AN=2;DP4=0,0,0,5;MQ=60;RB=4,60327693,60328215,AGT,CAA
1	22996396	NA	AGC	A	144	MASKED;GCAAAGGAAGCAAAGCAG	INDEL;IDV=4;IMF=1;DP=4;VDB=0.0058656;SGB=-0.556411;MQ0F=0;AC=2;AN=2;DP4=0,0,0,4;MQ=60;RB=1,22996153,22996452,CTG,GTC
11	117307236	NA	GTGTGTGTGTA	G	225	MASKED;GGATGTGTGTGTGTGTGT	INDEL;IDV=8;IMF=1;DP=8;VDB=1.33331e-05;SGB=-0.651104;MQ0F=0;AC=2;AN=2;DP4=0,0,0,8;MQ=60;RB=11,117306727,117307290,AAG,CCC
4	135106068	NA	TA	T	83	MASKED;TGCACTGTTATTTTTATT	INDEL;IDV=4;IMF=1;DP=4;VDB=0.0058656;SGB=-0.556411;MQ0F=0;AC=2;AN=2;DP4=0,0,4,0;MQ=60;RB=4,135105955,135106427,CCC,GAG
4	95258094	NA	GTGTTTCGTTT	G	182	NEI_IND[6/426];TCTATTTGGTGTTTCGTT	INDEL;IDV=5;IMF=1;DP=5;VDB=0.00187095;SGB=-0.590765;MQ0F=0;AC=2;AN=2;DP4=0,0,0,5;MQ=60;RB=4,95257665,95258166,ACC,TGG
3	72346138	NA	GTGC	G	225	NEI_IND[3/237];CAAAAAGCGTGCTGCTAT	INDEL;IDV=11;IMF=1;DP=11;VDB=2.26006e-08;SGB=-0.676189;MQ0F=0;AC=2;AN=2;DP4=0,0,11,0;MQ=60;RB=3,72346062,72346476,TAG,CAA
3	108262785	NA	A	AAACTAG	225	NEI_IND[84/1020];AGTTTTAAATTCCCAAGC	INDEL;IDV=8;IMF=1;DP=8;VDB=1.33331e-05;SGB=-0.651104;MQ0F=0;AC=2;AN=2;DP4=0,0,8,0;MQ=60;RB=3,108262730,108263008,GGA,TTT
3	108262886	NA	TC	T	127	PASS;AACTGTATTCTCTACAGT	INDEL;IDV=8;IMF=1;DP=8;VDB=1.33331e-05;SGB=-0.651104;MQ0F=0;AC=2;AN=2;DP4=0,0,0,8;MQ=60;RB=3,108262730,108263008,GGA,TTT
5	7481885	NA	TTG	T	121	MASKED;ATGCTGATTTGTGTGTGT	INDEL;IDV=5;IMF=1;DP=5;VDB=0.00187095;SGB=-0.590765;MQ0F=0;AC=2;AN=2;DP4=0,0,0,5;MQ=60;RB=5,7481460,7481996,AAT,TTT
2	169405632	NA	CTACTCTAAGTACATTAAACA	C	154	PASS;TTTGTGAACTACTCTAAG	INDEL;IDV=4;IMF=0.5;DP=8;VDB=0.0058656;SGB=-0.556411;MQ0F=0;AC=2;AN=2;DP4=0,0,0,4;MQ=60;RB=2,169405507,169405743,ATG,GCC
18	61901967	NA	TACTA	T	225	MASKED;TATTATAATACTAACCCA	INDEL;IDV=11;IMF=1;DP=11;VDB=2.26006e-08;SGB=-0.676189;MQ0F=0;AC=2;AN=2;DP4=0,0,0,11;MQ=60;RB=18,61901732,61902064,CCC,CTG
3	24274969	NA	TAAGAA	T	182	MASKED;GAAAGAAATAAGAAAAGA	INDEL;IDV=5;IMF=1;DP=5;VDB=0.00187095;SGB=-0.590765;MQ0F=0;AC=2;AN=2;DP4=0,0,5,0;MQ=60;RB=3,24274852,24275300,CGT,GGC
3	162249615	NA	GTCTACTGATGTTGAATA	G	225	NEI_IND[6/267];TTCTTAATGTCTACTGAT	INDEL;IDV=13;IMF=1;DP=13;VDB=2.26006e-08;SGB=-0.683931;MQ0F=0;AC=2;AN=2;DP4=0,0,0,13;MQ=60;RB=3,162249210,162249736,TTT,GGA
16	88712705	NA	GGCAGACT	G	154	MASKED;CAGGACAAGGCAGACTGC	INDEL;IDV=4;IMF=1;DP=4;VDB=0.0058656;SGB=-0.556411;MQ0F=0;AC=2;AN=2;DP4=0,0,4,0;MQ=60;RB=16,88712692,88712915,GTC,CTC
9	1025184	NA	GGT	G	190	MASKED;GAGAGGAGGGTGTGTGTG	INDEL;IDV=11;IMF=1;DP=11;VDB=2.26006e-08;SGB=-0.676189;MQ0F=0;AC=2;AN=2;DP4=0,0,0,11;MQ=60;RB=9,1024880,1025213,CTG,CAT
11	82040665	NA	CA	C	15.5372	MASKED;TAAAAGTACAAAAAAAAT	INDEL;IDV=7;IMF=1;DP=7;VDB=6.71664e-05;SGB=-0.636426;MQ0F=0;AC=2;AN=2;DP4=0,0,0,7;MQ=60;RB=11,82040216,82040727,GTT,CCG
3	109400992	NA	T	TGA	70	MASKED;TGCATATCTTGCTTTCTG	INDEL;IDV=6;IMF=1;DP=6;VDB=0.000411984;SGB=-0.616816;MQ0F=0;AC=2;AN=2;DP4=0,0,6,0;MQ=60;RB=3,109400894,109401590,CCT,GAT
16	59508016	NA	CA	C	56	PASS;GAAAATTACAAAACACAG	INDEL;IDV=5;IMF=1;DP=5;VDB=0.00187095;SGB=-0.590765;MQ0F=0;AC=2;AN=2;DP4=0,0,0,5;MQ=60;RB=16,59507476,59508044,GCC,CAG
4	146704225	NA	CAT	C	132	MASKED;CTATAAGCCATATATATA	INDEL;IDV=5;IMF=1;DP=5;VDB=0.00187095;SGB=-0.590765;MQ0F=0;AC=2;AN=2;DP4=0,0,0,5;MQ=60;RB=4,146703680,146704327,TCA,CTT
7	140286198	NA	C	CACACAT	202	PASS;CACACACACACACACACA	INDEL;IDV=12;IMF=0.923077;DP=13;VDB=3.42399e-08;SGB=-0.680642;MQ0F=0;AC=2;AN=2;DP4=0,0,0,12;MQ=60;RB=7,140285913,140286295,GTG,TGG
16	63570744	NA	CCTTTA	C	205	NEI_IND[5/334];CATTCAATCCTTTACTTT	INDEL;IDV=6;IMF=1;DP=6;VDB=0.000411984;SGB=-0.616816;MQ0F=0;AC=2;AN=2;DP4=0,0,6,0;MQ=60;RB=16,63570633,63570999,CCC,TTT
7	96135291	NA	TTGTCAA	T	224	MASKED;ATTATGAGTTGTCAATGT	INDEL;IDV=7;IMF=1;DP=7;VDB=6.71664e-05;SGB=-0.636426;MQ0F=0;AC=2;AN=2;DP4=0,0,0,7;MQ=60;RB=7,96134865,96135357,TTA,TCA
20	9994037	NA	TA	T	127	MASKED;GTTCTCTATAAATACCAA	INDEL;IDV=12;IMF=1;DP=12;VDB=2.26006e-08;SGB=-0.680642;MQ0F=0;AC=2;AN=2;DP4=0,0,12,0;MQ=60;RB=20,9994021,9994466,AAA,AGT
20	9994098	NA	ATG	A	222	NEI_IND[114/570];TTGTGTGTATGTGTGTAT	INDEL;IDV=12;IMF=1;DP=12;VDB=2.26006e-08;SGB=-0.680642;MQ0F=0;AC=2;AN=2;DP4=0,0,12,0;MQ=60;RB=20,9994021,9994466,AAA,AGT
8	113811477	NA	GACA	G	225	MASKED;GTCTCTCTGACAACATCA	INDEL;IDV=10;IMF=1;DP=10;VDB=6.99472e-07;SGB=-0.670168;MQ0F=0;AC=2;AN=2;DP4=0,0,0,10;MQ=60;RB=8,113811217,113811560,CAC,TAG
7	96135291	NA	TTGTCAA	T	154	MASKED;ATTATGAGTTGTCAATGT	INDEL;IDV=4;IMF=1;DP=4;VDB=0.0058656;SGB=-0.556411;MQ0F=0;AC=2;AN=2;DP4=0,0,0,4;MQ=60;RB=7,96134865,96135357,TAT,CAA
10	86895230	NA	TATA	T	205	NEI_IND[63/189];CATATACATATAATCATA	INDEL;IDV=6;IMF=1;DP=6;VDB=0.000411984;SGB=-0.616816;MQ0F=0;AC=2;AN=2;DP4=0,0,6,0;MQ=60;RB=10,86895119,86895522,CTT,CAT
10	86895480	NA	CTCCTGTCGTT	C	205	PASS;TGTCAAAGCTCCTGTCGT	INDEL;IDV=6;IMF=1;DP=6;VDB=0.000411984;SGB=-0.616816;MQ0F=0;AC=2;AN=2;DP4=0,0,0,6;MQ=60;RB=10,86895119,86895522,CTT,CAT
12	75602642	NA	CAACT	C	182	MASKED;AAAGGAAACAACTAACTA	INDEL;IDV=5;IMF=1;DP=5;VDB=0.00187095;SGB=-0.590765;MQ0F=0;AC=2;AN=2;DP4=0,0,0,5;MQ=60;RB=12,75602297,75602681,TTT,GTT
7	67394101	NA	TA	T	115	MASKED;GCTGGGATTAACATGCAA	INDEL;IDV=7;IMF=1;DP=7;VDB=6.71664e-05;SGB=-0.636426;MQ0F=0;AC=2;AN=2;DP4=0,0,0,7;MQ=60;RB=7,67393904,67394183,GTC,CAC
17	1319204	NA	GCCATC	G	225	PASS;CGGCATGAGCCATCACGC	INDEL;IDV=9;IMF=1;DP=9;VDB=5.52906e-06;SGB=-0.662043;MQ0F=0;AC=2;AN=2;DP4=0,0,9,0;MQ=60;RB=17,1319181,1319556,CTA,TCC
8	17782926	NA	T	TA	86	PASS;AAAATGGCTAAAAGATAA	INDEL;IDV=11;IMF=1;DP=11;VDB=2.26006e-08;SGB=-0.676189;MQ0F=0;AC=2;AN=2;DP4=0,0,11,0;MQ=60;RB=8,17782905,17783283,CAG,AGT
2	221074865	NA	CTGACT	C	154	MASKED;ATTCCTTTCTGACTGAAG	INDEL;IDV=4;IMF=1;DP=4;VDB=0.0058656;SGB=-0.556411;MQ0F=0;AC=2;AN=2;DP4=0,0,4,0;MQ=60;RB=2,221074769,221075146,GTA,CCT
5	24976403	NA	TA	T	20.4535	MASKED;TTGTGCAATAAAAAAATC	INDEL;IDV=6;IMF=1;DP=6;VDB=0.000411984;SGB=-0.616816;MQ0F=0;AC=2;AN=2;DP4=0,0,6,0;MQ=60;RB=5,24976338,24976806,GTT,CCC
14	104291292	NA	TA	T	101	MASKED;ATTTTTTTTAACAAATTG	INDEL;IDV=6;IMF=1;DP=6;VDB=0.000411984;SGB=-0.616816;MQ0F=0;AC=2;AN=2;DP4=0,0,6,0;MQ=60;RB=14,104291276,104291776,ATT,GTG
5	29493969	NA	CTTTA	C	224	PASS;TGGATGCCCTTTATTTAT	INDEL;IDV=7;IMF=1;DP=7;VDB=6.71664e-05;SGB=-0.636426;MQ0F=0;AC=2;AN=2;DP4=0,0,0,7;MQ=60;RB=5,29493526,29494027,TAT,CCC
11	8125480	NA	CT	C	56	PASS;GGCTGGATCTTTTGGTGG	INDEL;IDV=5;IMF=1;DP=5;VDB=0.00187095;SGB=-0.590765;MQ0F=0;AC=2;AN=2;DP4=0,0,0,5;MQ=60;RB=11,8125153,8125591,GGC,ACT
11	19905101	NA	TCTC	T	225	PASS;TTCTCTATTCTCCTCTGT	INDEL;IDV=9;IMF=1;DP=9;VDB=5.52906e-06;SGB=-0.662043;MQ0F=0;AC=2;AN=2;DP4=0,0,0,9;MQ=60;RB=11,19904648,19905193,AGA,TGT
14	50105703	NA	GTCAGAATACTCT	G	225	MASKED;AGTCTAATGTCAGAATAC	INDEL;IDV=15;IMF=1;DP=15;VDB=4.49525e-10;SGB=-0.688148;MQ0F=0;AC=2;AN=2;DP4=0,0,0,15;MQ=60;RB=14,50105496,50105786,CTG,CAT
1	80857686	NA	CTAAA	C	225	MASKED;AGTAATGACTAAATACGT	INDEL;IDV=9;IMF=1;DP=9;VDB=5.52906e-06;SGB=-0.662043;MQ0F=0;AC=2;AN=2;DP4=0,0,9,0;MQ=60;RB=1,80857592,80858047,GTA,TCA
19	10505731	NA	C	CG	53	PASS;AGCAGGCCCGGGGGTCCA	INDEL;IDV=8;IMF=1;DP=8;VDB=1.33331e-05;SGB=-0.651104;MQ0F=0;AC=2;AN=2;DP4=0,0,0,8;MQ=60;RB=19,10505269,10505771,TCT,AGC
2	138513794	NA	AAAC	A	224	MASKED;CTTGCACTAAACAATTCA	INDEL;IDV=7;IMF=1;DP=7;VDB=6.71664e-05;SGB=-0.636426;MQ0F=0;AC=2;AN=2;DP4=0,0,7,0;MQ=60;RB=2,138513740,138514058,AAG,GGT
10	77604968	NA	GT	G	4.38292	MASKED;AGCCACAGGTTTTTTTTT	INDEL;IDV=5;IMF=1;DP=5;VDB=0.00215942;SGB=-0.590765;MQ0F=0;AC=2;AN=2;DP4=0,0,0,5;MQ=60;RB=10,77604537,77604995,CAG,GCT
2	167980013	NA	TTTTTG	T	182	MASKED;AAAACTTTTTTTTGTTTT	INDEL;IDV=5;IMF=1;DP=5;VDB=0.00187095;SGB=-0.590765;MQ0F=0;AC=2;AN=2;DP4=0,0,0,5;MQ=60;RB=2,167979362,167980072,ACC,GGC
4	69574846	NA	G	GA	28.4205	PASS;TTCTGAATGAAAAAAATG	INDEL;IDV=10;IMF=1;DP=10;VDB=6.99472e-07;SGB=-0.670168;MQ0F=0;AC=2;AN=2;DP4=0,0,0,10;MQ=60;RB=4,69574629,69574951,TGA,TGA
5	73830991	NA	GA	G	77	MASKED;AATGAATAGAAAATGCAT	INDEL;IDV=8;IMF=1;DP=8;VDB=1.33331e-05;SGB=-0.651104;MQ0F=0;AC=2;AN=2;DP4=0,0,0,8;MQ=60;RB=5,73830676,73831077,ATG,GTT
14	28209169	NA	GATGTTTGCACTCT	G	171	MASKED;ATAGACTAGATGTTTGCA	INDEL;IDV=5;IMF=1;DP=5;VDB=0.00429936;SGB=-0.590765;MQ0F=0;AC=2;AN=2;DP4=0,0,0,5;MQ=60;RB=14,28208539,28209207,AGC,CAG
4	164824388	NA	TTG	T	126	MASKED;TCCTTCCCTTGTGTGTGT	INDEL;IDV=5;IMF=1;DP=5;VDB=0.00187095;SGB=-0.590765;MQ0F=0;AC=2;AN=2;DP4=0,0,0,5;MQ=60;RB=4,164823937,164824457,AAT,TCT
12	42029728	NA	ATGT	A	225	MASKED;TAAATGAGATGTTGTTTT	INDEL;IDV=11;IMF=1;DP=11;VDB=2.26006e-08;SGB=-0.676189;MQ0F=0;AC=2;AN=2;DP4=0,0,0,11;MQ=60;RB=12,42029409,42029756,GCA,CCT
1	149235924	NA	TGTATTATTA	T	224	PASS;TTTTGTATTGTATTATTA	INDEL;IDV=7;IMF=1;DP=7;VDB=6.71664e-05;SGB=-0.636426;MQ0F=0;AC=2;AN=2;DP4=0,0,7,0;MQ=60;RB=1,149235829,149236367,CCG,TAG
13	87225377	NA	CTA	C	185	MASKED;CTAATTTTCTATATGTTG	INDEL;IDV=7;IMF=1;DP=7;VDB=6.71664e-05;SGB=-0.636426;MQ0F=0;AC=2;AN=2;DP4=0,0,0,7;MQ=60;RB=13,87225065,87225452,TAG,ATA
10	68724846	NA	C	CT	92	PASS;CTTCCACTCTGTGAGGGC	INDEL;IDV=4;IMF=1;DP=4;VDB=0.0058656;SGB=-0.556411;MQ0F=0;AC=2;AN=2;DP4=0,0,4,0;MQ=60;RB=10,68724755,68725230,GAA,AGA
12	29824231	NA	T	TTAAA	225	NEI_IND[9/180];ACTCCATCTTAAATAAAT	INDEL;IDV=8;IMF=1;DP=8;VDB=1.33331e-05;SGB=-0.651104;MQ0F=0;AC=2;AN=2;DP4=0,0,8,0;MQ=60;RB=12,29824200,29824630,GAC,ACA
12	29824496	NA	TACA	T	225	MASKED;TAAGTGCATACAACAACG	INDEL;IDV=8;IMF=1;DP=8;VDB=1.33331e-05;SGB=-0.651104;MQ0F=0;AC=2;AN=2;DP4=0,0,0,8;MQ=60;RB=12,29824200,29824630,GAC,ACA
3	193196623	NA	AATGTCCCTG	A	225	NEI_IND[6/547];CACAGACCAATGTCCCTG	INDEL;IDV=9;IMF=1;DP=9;VDB=5.52906e-06;SGB=-0.662043;MQ0F=0;AC=2;AN=2;DP4=0,0,0,9;MQ=60;RB=3,193196295,193196735,GCT,ATT
17	62523141	NA	AG	A	104	PASS;ACTGTCAAAGGAAGCTTT	INDEL;IDV=6;IMF=1;DP=6;VDB=0.000411984;SGB=-0.616816;MQ0F=0;AC=2;AN=2;DP4=0,0,6,0;MQ=60;RB=17,62523106,62523645,TCA,CTG
13	76228624	NA	AG	A	88	MASKED;GAGCCTCTAGGTTGCAGC	INDEL;IDV=5;IMF=1;DP=5;VDB=0.00187095;SGB=-0.590765;MQ0F=0;AC=2;AN=2;DP4=0,0,0,5;MQ=60;RB=13,76228097,76228756,CAC,AAT
15	65302040	NA	GA	G	111	MASKED;CCAGGCTGGAAGTGCAGT	INDEL;IDV=7;IMF=1;DP=7;VDB=6.71664e-05;SGB=-0.636426;MQ0F=0;AC=2;AN=2;DP4=0,0,0,7;MQ=60;RB=15,65301648,65302067,TGA,TAT
5	106279863	NA	TAATA	T	224	MASKED;TTCAAAATTAATAAATAA	INDEL;IDV=7;IMF=1;DP=7;VDB=6.71664e-05;SGB=-0.636426;MQ0F=0;AC=2;AN=2;DP4=0,0,0,7;MQ=60;RB=5,106279499,106279911,GGG,GGA
4	73446598	NA	CGT	C	149	NEI_IND[54/270];TATTTGTGCGTGTGTGTG	INDEL;IDV=6;IMF=1;DP=6;VDB=0.000411984;SGB=-0.616816;MQ0F=0;AC=2;AN=2;DP4=0,0,6,0;MQ=60;RB=4,73446545,73446946,CTG,AAT
4	73446661	NA	CTAGA	C	205	PASS;TAAAATGTCTAGATATTT	INDEL;IDV=6;IMF=1;DP=6;VDB=0.000411984;SGB=-0.616816;MQ0F=0;AC=2;AN=2;DP4=0,0,6,0;MQ=60;RB=4,73446545,73446946,CTG,AAT
3	79308682	NA	ATTCT	A	225	PASS;TCTTAATCATTCTTTCTA	INDEL;IDV=9;IMF=1;DP=9;VDB=5.52906e-06;SGB=-0.662043;MQ0F=0;AC=2;AN=2;DP4=0,0,0,9;MQ=60;RB=3,79308435,79308806,ATA,GAT
12	82608395	NA	AT	A	109	MASKED;ATATAGTTATTTGCAAAA	INDEL;IDV=8;IMF=1;DP=8;VDB=1.33331e-05;SGB=-0.651104;MQ0F=0;AC=2;AN=2;DP4=0,0,0,8;MQ=60;RB=12,82607628,82608427,TTG,TCC
5	104633269	NA	GATCA	G	225	MASKED;AAACTACAGATCAATATC	INDEL;IDV=10;IMF=1;DP=10;VDB=6.99472e-07;SGB=-0.670168;MQ0F=0;AC=2;AN=2;DP4=0,0,0,10;MQ=60;RB=5,104632955,104633362,CTA,CAC
3	162249615	NA	GTCTACTGATGTTGAATA	G	224	NEI_IND[6/267];TTCTTAATGTCTACTGAT	INDEL;IDV=7;IMF=1;DP=7;VDB=6.71664e-05;SGB=-0.636426;MQ0F=0;AC=2;AN=2;DP4=0,0,0,7;MQ=60;RB=3,162249210,162249736,TAT,TTT
7	96135291	NA	TTGTCAA	T	225	MASKED;ATTATGAGTTGTCAATGT	INDEL;IDV=8;IMF=1;DP=8;VDB=1.33331e-05;SGB=-0.651104;MQ0F=0;AC=2;AN=2;DP4=0,0,0,8;MQ=60;RB=7,96134866,96135356,ACC,CTC
7	27365189	NA	TTTTTCTTTTC	T	224	MASKED;GTTTTAGGTTTTTCTTTT	INDEL;IDV=7;IMF=1;DP=7;VDB=6.71664e-05;SGB=-0.636426;MQ0F=0;AC=2;AN=2;DP4=0,0,0,7;MQ=60;RB=7,27364932,27365256,CTG,GTA
19	33084631	NA	TAGC	T	154	MASKED;GAAAAATATAGCAGCAGC	INDEL;IDV=8;IMF=1;DP=8;VDB=0.0058656;SGB=-0.556411;MQ0F=0;AC=2;AN=2;DP4=0,0,4,0;MQ=60;RB=19,33084551,33084766,AAA,AGA
2	233585947	NA	C	CT	121	PASS;CCTGTCATCTGTCATTGT	INDEL;IDV=6;IMF=1;DP=6;VDB=0.000411984;SGB=-0.616816;MQ0F=0;AC=2;AN=2;DP4=0,0,6,0;MQ=60;RB=2,233585937,233586304,ATT,ATG
3	193196623	NA	AATGTCCCTG	A	225	NEI_IND[6/547];CACAGACCAATGTCCCTG	INDEL;IDV=8;IMF=1;DP=8;VDB=1.33331e-05;SGB=-0.651104;MQ0F=0;AC=2;AN=2;DP4=0,0,0,8;MQ=60;RB=3,193196295,193196735,GAA,TGT
1	248767457	NA	AT	A	115	PASS;GCAATCTAATTGCTAGGT	INDEL;IDV=7;IMF=1;DP=7;VDB=6.71664e-05;SGB=-0.636426;MQ0F=0;AC=2;AN=2;DP4=0,0,0,7;MQ=60;RB=1,248767249,248767524,CTC,GCG
2	42400692	NA	TTAAATAAGTACCA	T	154	MASKED;CCTGGTTTTTAAATAAGT	INDEL;IDV=4;IMF=1;DP=4;VDB=0.0058656;SGB=-0.556411;MQ0F=0;AC=2;AN=2;DP4=0,0,0,4;MQ=60;RB=2,42399985,42400822,ACC,AGA
3	162249615	NA	GTCTACTGATGTTGAATA	G	225	NEI_IND[6/267];TTCTTAATGTCTACTGAT	INDEL;IDV=8;IMF=1;DP=8;VDB=1.33331e-05;SGB=-0.651104;MQ0F=0;AC=2;AN=2;DP4=0,0,0,8;MQ=60;RB=3,162249211,162249735,TCC,CCC
12	3761948	NA	AAATG	A	112	MASKED;TTCAGAATAAATGAATGA	INDEL;IDV=12;IMF=1;DP=12;VDB=2.26006e-08;SGB=-0.676189;MQ0F=0;AC=2;AN=2;DP4=0,0,0,11;MQ=60;RB=12,3761454,3762023,GAC,AAT
4	16895381	NA	C	CG	114	PASS;ATACATAACGGAACTCAC	INDEL;IDV=7;IMF=1;DP=7;VDB=6.71664e-05;SGB=-0.636426;MQ0F=0;AC=2;AN=2;DP4=0,0,0,7;MQ=60;RB=4,16894859,16895480,CCT,TAT
13	87225377	NA	CTA	C	198	MASKED;CTAATTTTCTATATGTTG	INDEL;IDV=8;IMF=1;DP=8;VDB=1.33331e-05;SGB=-0.651104;MQ0F=0;AC=2;AN=2;DP4=0,0,0,8;MQ=60;RB=13,87225064,87225451,CTA,GTG
3	96991141	NA	CGTGTGTGTGTGTGT	CGT,C	131	MASKED;TTCCATTTCGTGTGTGTG	INDEL;IDV=4;IMF=1;DP=4;VDB=0.00671048;SGB=-0.556411;MQ0F=0;AC=1,1;AN=2;DP4=0,0,0,4;MQ=60;RB=3,96990702,96991205,ATT,CCC
20	61024288	NA	CACCG	C	224	MASKED;CACAGAGCCACCGACCGG	INDEL;IDV=7;IMF=1;DP=7;VDB=0.00011279;SGB=-0.636426;MQ0F=0;AC=2;AN=2;DP4=0,0,0,7;MQ=60;RB=20,61023790,61024328,AGA,GGA
11	82040665	NA	CA	C	6.51141	MASKED;TAAAAGTACAAAAAAAAT	INDEL;IDV=4;IMF=1;DP=4;VDB=0.0058656;SGB=-0.556411;MQ0F=0;AC=2;AN=2;DP4=0,0,0,4;MQ=60;RB=11,82040216,82040728,ACT,GGT
18	38214426	NA	ATTTT	A	193	MASKED;TTGAATATATTTTTTTCT	INDEL;IDV=6;IMF=1;DP=6;VDB=0.000411984;SGB=-0.616816;MQ0F=0;AC=2;AN=2;DP4=0,0,0,6;MQ=60;RB=18,38214118,38214466,AAT,CCC
1	106115946	NA	TCATATTCTTTCAGA	T	224	NEI_IND[6/210];GAAACGTGTCATATTCTT	INDEL;IDV=7;IMF=1;DP=7;VDB=6.71664e-05;SGB=-0.636426;MQ0F=0;AC=2;AN=2;DP4=0,0,0,7;MQ=60;RB=1,106115530,106116003,AAA,GCT
7	155803118	NA	CATTATTG	C	225	MASKED;GTTGCATCCATTATTGAT	INDEL;IDV=13;IMF=1;DP=13;VDB=2.26006e-08;SGB=-0.683931;MQ0F=0;AC=2;AN=2;DP4=0,0,13,0;MQ=60;RB=7,155803014,155803436,GAG,GGA
1	182996039	NA	GTTTC	G	205	PASS;ACAAGTGAGTTTCTTTAT	INDEL;IDV=6;IMF=1;DP=6;VDB=0.000411984;SGB=-0.616816;MQ0F=0;AC=2;AN=2;DP4=0,0,0,6;MQ=60;RB=1,182995791,182996127,GAA,CCT
14	43590413	NA	GA	G	56	MASKED;GAAATGGAGAAAAACATG	INDEL;IDV=9;IMF=1;DP=9;VDB=5.52906e-06;SGB=-0.662043;MQ0F=0;AC=2;AN=2;DP4=0,0,0,9;MQ=60;RB=14,43589871,43590509,CCT,AGG
5	111951902	NA	GCCCACTCAGAGAGGTCTAT	G	154	NEI_IND[6/410];GTTTTTTTGCCCACTCAG	INDEL;IDV=4;IMF=1;DP=4;VDB=0.0058656;SGB=-0.556411;MQ0F=0;AC=2;AN=2;DP4=0,0,0,4;MQ=60;RB=5,111951396,111952026,ATG,TTA
4	94589524	NA	CT	C	13.6076	MASKED;GTTGTTCTCTTTTTTTTT	INDEL;IDV=10;IMF=1;DP=10;VDB=6.99472e-07;SGB=-0.670168;MQ0F=0;AC=2;AN=2;DP4=0,0,0,10;MQ=60;RB=4,94589244,94589618,TAA,TTC
4	122814955	NA	CT	C	133	PASS;AAAAAGCCCTTCAAGTAA	INDEL;IDV=10;IMF=1;DP=10;VDB=6.99472e-07;SGB=-0.670168;MQ0F=0;AC=2;AN=2;DP4=0,0,0,10;MQ=60;RB=4,122814403,122815041,TAC,CCC
1	7338685	NA	C	CT	106	PASS;GTCCAGCTCTTTCTCTAA	INDEL;IDV=7;IMF=1;DP=7;VDB=6.71664e-05;SGB=-0.636426;MQ0F=0;AC=2;AN=2;DP4=0,0,7,0;MQ=60;RB=1,7338586,7339089,TTA,GAG
8	4651756	NA	TGTCA	T	225	MASKED;ACACTTTTTGTCAGTAAT	INDEL;IDV=10;IMF=1;DP=10;VDB=6.99472e-07;SGB=-0.670168;MQ0F=0;AC=2;AN=2;DP4=0,0,0,10;MQ=60;RB=8,4651522,4651816,CAA,GTT
7	135561903	NA	A	AC	58	PASS;GATGAAACACCCCCTAGT	INDEL;IDV=10;IMF=1;DP=10;VDB=6.99472e-07;SGB=-0.670168;MQ0F=0;AC=2;AN=2;DP4=0,0,0,10;MQ=60;RB=7,135561594,135562022,GAA,TAA
4	27909276	NA	TACACACACACGC	T	224	MASKED;TGCACACATACACACACA	INDEL;IDV=7;IMF=1;DP=7;VDB=6.71664e-05;SGB=-0.636426;MQ0F=0;AC=2;AN=2;DP4=0,0,7,0;MQ=60;RB=4,27909253,27909852,TTC,GTC
11	80765174	NA	TA	T	53	MASKED;GAACATACTAAAATTGCA	INDEL;IDV=5;IMF=1;DP=5;VDB=0.00187095;SGB=-0.590765;MQ0F=0;AC=2;AN=2;DP4=0,0,0,5;MQ=60;RB=11,80764910,80765287,TAG,CCG
12	42029728	NA	ATGT	A	182	MASKED;TAAATGAGATGTTGTTTT	INDEL;IDV=5;IMF=1;DP=5;VDB=0.00187095;SGB=-0.590765;MQ0F=0;AC=2;AN=2;DP4=0,0,0,5;MQ=60;RB=12,42029410,42029755,ATG,CCG
1	205141086	NA	TATTG	T	205	MASKED;AGCAGGTTTATTGATTGA	INDEL;IDV=6;IMF=1;DP=6;VDB=0.000411984;SGB=-0.616816;MQ0F=0;AC=2;AN=2;DP4=0,0,0,6;MQ=60;RB=1,205140751,205141135,CTG,GGA
5	3326935	NA	ACACACACGCATG	A	154	MASKED;AAAGGCACACACACACGC	INDEL;IDV=4;IMF=1;DP=4;VDB=0.0058656;SGB=-0.556411;MQ0F=0;AC=2;AN=2;DP4=0,0,0,4;MQ=60;RB=5,3326528,3327031,ACA,AAA
2	167980013	NA	TTTTTG	T	225	MASKED;AAAACTTTTTTTTGTTTT	INDEL;IDV=9;IMF=1;DP=9;VDB=5.52906e-06;SGB=-0.662043;MQ0F=0;AC=2;AN=2;DP4=0,0,0,9;MQ=60;RB=2,167979799,167980072,TTT,AAC
4	180897353	NA	TCAAGTCTTG	T	225	NEI_IND[6/222];CAGTCATCTCAAGTCTTG	INDEL;IDV=11;IMF=1;DP=11;VDB=2.26006e-08;SGB=-0.676189;MQ0F=0;AC=2;AN=2;DP4=0,0,11,0;MQ=60;RB=4,180897324,180897921,ACC,CAT
3	74494743	NA	ATATT	A	205	PASS;TTAATAAGATATTTATTT	INDEL;IDV=6;IMF=1;DP=6;VDB=0.000411984;SGB=-0.616816;MQ0F=0;AC=2;AN=2;DP4=0,0,0,6;MQ=60;RB=3,74494495,74494804,GTG,CGG
6	19237210	NA	AC	A	130	PASS;TAAAAAAAACACCTTCAA	INDEL;IDV=8;IMF=1;DP=8;VDB=1.33331e-05;SGB=-0.651104;MQ0F=0;AC=2;AN=2;DP4=0,0,0,8;MQ=60;RB=6,19236943,19237328,GTA,TGA
11	76731633	NA	CA	C	84	MASKED;GTATGCCTCAAATGCAGA	INDEL;IDV=6;IMF=1;DP=6;VDB=0.00187095;SGB=-0.590765;MQ0F=0;AC=2;AN=2;DP4=0,0,0,5;MQ=60;RB=11,76731046,76731720,ACC,GGC
9	102553166	NA	ACAT	A	194	PASS;CATACTCTACATTTTTAG	INDEL;IDV=6;IMF=1;DP=6;VDB=0.000411984;SGB=-0.616816;MQ0F=0;AC=2;AN=2;DP4=0,0,6,0;MQ=60;RB=9,102553040,102553567,GTA,AGC
6	24541169	NA	TTGTA	T	154	NEI_IND[4/248];GCACTCATTTGTATGTGA	INDEL;IDV=4;IMF=1;DP=4;VDB=0.0058656;SGB=-0.556411;MQ0F=0;AC=2;AN=2;DP4=0,0,4,0;MQ=60;RB=6,24541116,24541368,TCA,CGA
8	93992488	NA	TTATC	T	225	PASS;AATTTACTTTATCTAGAG	INDEL;IDV=10;IMF=1;DP=10;VDB=6.99472e-07;SGB=-0.670168;MQ0F=0;AC=2;AN=2;DP4=0,0,0,10;MQ=60;RB=8,93992075,93992565,TGA,CCT
8	136655363	NA	ACTAT	A	225	PASS;CAATACTTACTATATTTG	INDEL;IDV=10;IMF=1;DP=10;VDB=6.99472e-07;SGB=-0.670168;MQ0F=0;AC=2;AN=2;DP4=0,0,0,10;MQ=60;RB=8,136655117,136655424,GCC,GGC
3	97043391	NA	T	TTCTC	154	PASS;TTCTCTCTTTCTTTCTTT	INDEL;IDV=4;IMF=1;DP=4;VDB=0.0058656;SGB=-0.556411;MQ0F=0;AC=2;AN=2;DP4=0,0,0,4;MQ=60;RB=3,97043200,97043433,TCT,CCG
3	162249615	NA	GTCTACTGATGTTGAATA	G	224	NEI_IND[6/267];TTCTTAATGTCTACTGAT	INDEL;IDV=7;IMF=1;DP=7;VDB=6.71664e-05;SGB=-0.636426;MQ0F=0;AC=2;AN=2;DP4=0,0,0,7;MQ=60;RB=3,162249171,162249736,CTG,CGT
1	33889634	NA	TGG	T	225	PASS;GGCGGAGGTGGTGCAGTG	INDEL;IDV=17;IMF=1;DP=17;VDB=1.29641e-11;SGB=-0.690438;MQ0F=0;AC=2;AN=2;DP4=0,0,0,17;MQ=60;RB=1,33889333,33889652,ATA,CTT
2	234418883	NA	CTT	C	221	PASS;CCATGAAACTTTAACAAA	INDEL;IDV=9;IMF=1;DP=9;VDB=5.52906e-06;SGB=-0.662043;MQ0F=0;AC=2;AN=2;DP4=0,0,9,0;MQ=60;RB=2,234418810,234419099,CCT,GGG
11	25799694	NA	TAC	T	140	MASKED;CATACACATACACACACA	INDEL;IDV=6;IMF=1;DP=6;VDB=0.000411984;SGB=-0.616816;MQ0F=0;AC=2;AN=2;DP4=0,0,0,6;MQ=60;RB=11,25799268,25799823,TTT,TGA
10	114546953	NA	CTG	C	225	PASS;GCATAACACTGTTCAGAA	INDEL;IDV=12;IMF=1;DP=12;VDB=2.26006e-08;SGB=-0.680642;MQ0F=0;AC=2;AN=2;DP4=0,0,12,0;MQ=60;RB=10,114546911,114547300,CGA,GAT
17	2417516	NA	TAC	T	204	MASKED;CATATATATACACACACA	INDEL;IDV=12;IMF=1;DP=12;VDB=2.26006e-08;SGB=-0.680642;MQ0F=0;AC=2;AN=2;DP4=0,0,0,12;MQ=60;RB=17,2417197,2417607,AAT,CGA
X	151824314	NA	AG	A	103	PASS;AGAAAAGGAGGGTTTTAA	INDEL;IDV=7;IMF=1;DP=7;VDB=6.71664e-05;SGB=-0.636426;MQ0F=0;AC=2;AN=2;DP4=0,0,0,7;MQ=60;RB=X,151823905,151824340,TCA,ATA
8	63729810	NA	CAGTTT	C	225	PASS;AATGTGCACAGTTTAAAG	INDEL;IDV=11;IMF=1;DP=11;VDB=2.26006e-08;SGB=-0.676189;MQ0F=0;AC=2;AN=2;DP4=0,0,11,0;MQ=60;RB=8,63729771,63730465,CAC,CTC
14	43552956	NA	TGAGAA	T	205	MASKED;TTGAATACTGAGAAGAGA	INDEL;IDV=6;IMF=1;DP=6;VDB=0.000411984;SGB=-0.616816;MQ0F=0;AC=2;AN=2;DP4=0,0,0,6;MQ=60;RB=14,43552512,43553057,CGA,TGT
7	38478133	NA	C	CATG	76	MASKED;TGCAAGTTCTCCATAAAA	INDEL;IDV=8;IMF=1;DP=8;VDB=1.33331e-05;SGB=-0.651104;MQ0F=0;AC=2;AN=2;DP4=0,0,8,0;MQ=60;RB=7,38478107,38478428,TCT,GCG
2	42005614	NA	CT	C	123	PASS;AAAGGTTACTTTGTTAGC	INDEL;IDV=11;IMF=1;DP=11;VDB=2.26006e-08;SGB=-0.676189;MQ0F=0;AC=2;AN=2;DP4=0,0,0,11;MQ=60;RB=2,42005295,42005732,TTG,CCG
11	107961370	NA	A	AG	85	PASS;GCCTATTTAGGGTAATCA	INDEL;IDV=5;IMF=1;DP=5;VDB=0.00187095;SGB=-0.590765;MQ0F=0;AC=2;AN=2;DP4=0,0,5,0;MQ=60;RB=11,107961249,107961830,TTC,GCT
17	2417516	NA	TAC	T	200	MASKED;CATATATATACACACACA	INDEL;IDV=11;IMF=1;DP=11;VDB=2.26006e-08;SGB=-0.676189;MQ0F=0;AC=2;AN=2;DP4=0,0,0,11;MQ=60;RB=17,2417197,2417607,ACT,AAA
3	24788179	NA	AG	A	101	MASKED;ATATAATTAGGTTGCATT	INDEL;IDV=6;IMF=1;DP=6;VDB=0.000411984;SGB=-0.616816;MQ0F=0;AC=2;AN=2;DP4=0,0,0,6;MQ=60;RB=3,24787955,24788192,GGA,AAG
2	119121080	NA	AT	A	7.30725	MASKED;GCTTTGTGATTTTTTTTT	INDEL;IDV=5;IMF=1;DP=5;VDB=0.00187095;SGB=-0.590765;MQ0F=0;AC=2;AN=2;DP4=0,0,0,5;MQ=60;RB=2,119120907,119121134,ATG,TGT
5	40069972	NA	GA	G	113	MASKED;GATGTCTTGACACTGATT	INDEL;IDV=6;IMF=1;DP=6;VDB=0.000411984;SGB=-0.616816;MQ0F=0;AC=2;AN=2;DP4=0,0,0,6;MQ=60;RB=5,40069671,40070094,CAA,GTA
17	2417516	NA	TAC	T	112	MASKED;CATATATATACACACACA	INDEL;IDV=5;IMF=1;DP=5;VDB=0.0058656;SGB=-0.556411;MQ0F=0;AC=2;AN=2;DP4=0,0,0,4;MQ=60;RB=17,2416893,2417626,GGG,AGT
21	23608395	NA	CAAT	C	182	MASKED;AGACACAACAATGATTCC	INDEL;IDV=5;IMF=1;DP=5;VDB=0.00187095;SGB=-0.590765;MQ0F=0;AC=2;AN=2;DP4=0,0,0,5;MQ=60;RB=21,23608159,23608423,TGT,GTT
13	43347956	NA	T	TTTGA	224	NEI_IND[9/492];TGTGTCTATTTGATTCTT	INDEL;IDV=7;IMF=1;DP=7;VDB=6.71664e-05;SGB=-0.636426;MQ0F=0;AC=2;AN=2;DP4=0,0,7,0;MQ=60;RB=13,43347869,43348454,AGG,TTG
13	43348408	NA	TG	T	123	MASKED;TTCTAATTTGTTTGCACT	INDEL;IDV=7;IMF=1;DP=7;VDB=6.71664e-05;SGB=-0.636426;MQ0F=0;AC=2;AN=2;DP4=0,0,0,7;MQ=60;RB=13,43347869,43348454,AGG,TTG
5	74065036	NA	TA	T	145	PASS;CTTCTTGGTAGTATCAAG	INDEL;IDV=11;IMF=1;DP=11;VDB=2.26006e-08;SGB=-0.676189;MQ0F=0;AC=2;AN=2;DP4=0,0,0,11;MQ=60;RB=5,74064634,74065046,GTG,AGT
7	67394101	NA	TA	T	146	MASKED;GCTGGGATTAACATGCAA	INDEL;IDV=13;IMF=1;DP=13;VDB=2.26006e-08;SGB=-0.683931;MQ0F=0;AC=2;AN=2;DP4=0,0,0,13;MQ=60;RB=7,67393903,67394184,CGA,TTT
4	172751869	NA	ATT	A	137	PASS;TCAGACATATTGACCTCT	INDEL;IDV=5;IMF=1;DP=5;VDB=0.0058656;SGB=-0.556411;MQ0F=0;AC=2;AN=2;DP4=0,0,0,4;MQ=60;RB=4,172751027,172752004,CCT,CCA
9	117217286	NA	TA	T	75	PASS;GCTGTCTATAATGCAAAC	INDEL;IDV=10;IMF=1;DP=10;VDB=5.52906e-06;SGB=-0.662043;MQ0F=0;AC=2;AN=2;DP4=0,0,0,9;MQ=60;RB=9,117216886,117217359,TGA,TTA
1	102597173	NA	TCAAA	T	225	MASKED;ACTCCATCTCAAACAAAC	INDEL;IDV=9;IMF=1;DP=9;VDB=3.66709e-05;SGB=-0.662043;MQ0F=0;AC=2;AN=2;DP4=0,0,9,0;MQ=60;RB=1,102597118,102597504,ATG,GCC
X	90563250	NA	AAAT	A	103	MASKED;TCAGCCATAAATAATAAT	INDEL;IDV=5;IMF=1;DP=5;VDB=0.00187095;SGB=-0.590765;MQ0F=0;AC=2;AN=2;DP4=0,0,0,5;MQ=60;RB=X,90562801,90563283,TTA,TCT
21	34131762	NA	TCA	T	216	MASKED;TACAGATTTCACAGTTTT	INDEL;IDV=11;IMF=1;DP=11;VDB=6.99472e-07;SGB=-0.670168;MQ0F=0;AC=2;AN=2;DP4=0,0,10,0;MQ=60;RB=21,34131665,34132428,GGG,GTT
7	44532864	NA	GTGCT	G	205	NEI_IND[4/258];TCACACAAGTGCTTTGCA	INDEL;IDV=6;IMF=1;DP=6;VDB=0.000411984;SGB=-0.616816;MQ0F=0;AC=2;AN=2;DP4=0,0,0,6;MQ=60;RB=7,44532560,44532937,GAC,TAT
3	163123770	NA	TA	T	75	PASS;TTTTATTTTAAATTTTTT	INDEL;IDV=5;IMF=1;DP=5;VDB=0.00187095;SGB=-0.590765;MQ0F=0;AC=2;AN=2;DP4=0,0,0,5;MQ=60;RB=3,163123544,163123799,TAT,TGA
20	51903725	NA	CAAG	C	225	PASS;AACTTTTTCAAGGAGACA	INDEL;IDV=8;IMF=1;DP=8;VDB=1.33331e-05;SGB=-0.651104;MQ0F=0;AC=2;AN=2;DP4=0,0,8,0;MQ=60;RB=20,51903623,51903939,ACT,TTA
4	72183767	NA	TGTCTTTTGAAGAG	T	182	NEI_IND[6/226];CTCATAACTGTCTTTTGA	INDEL;IDV=5;IMF=1;DP=5;VDB=0.00187095;SGB=-0.590765;MQ0F=0;AC=2;AN=2;DP4=0,0,0,5;MQ=60;RB=4,72183551,72183865,TCG,CTT
6	85292204	NA	TGA	T	200	MASKED;TAAATCAGTGAGAGAGAG	INDEL;IDV=13;IMF=1;DP=13;VDB=2.7432e-08;SGB=-0.683931;MQ0F=0;AC=2;AN=2;DP4=0,0,0,13;MQ=60;RB=6,85291762,85292257,ATC,AAT
2	231478823	NA	AC	A	112	PASS;TGGAGCAAACTTTTTCTA	INDEL;IDV=6;IMF=1;DP=6;VDB=0.000411984;SGB=-0.616816;MQ0F=0;AC=2;AN=2;DP4=0,0,0,6;MQ=60;RB=2,231478273,231478863,CTG,CCT
13	87225377	NA	CTA	C	171	MASKED;CTAATTTTCTATATGTTG	INDEL;IDV=6;IMF=1;DP=6;VDB=0.000411984;SGB=-0.616816;MQ0F=0;AC=2;AN=2;DP4=0,0,0,6;MQ=60;RB=13,87224665,87225451,GCG,CTC
1	84356391	NA	AG	A	142	MASKED;AGTAGTCAAGGATGCAGT	INDEL;IDV=12;IMF=1;DP=12;VDB=2.26006e-08;SGB=-0.680642;MQ0F=0;AC=2;AN=2;DP4=0,0,0,12;MQ=60;RB=1,84355892,84356498,TCT,GTT
22	23106401	NA	AAATAGT	A	182	NEI_IND[6/390];TAGTAACAAAATAGTAAT	INDEL;IDV=5;IMF=1;DP=5;VDB=0.00187095;SGB=-0.590765;MQ0F=0;AC=2;AN=2;DP4=0,0,0,5;MQ=60;RB=22,23106223,23106499,GAT,CGG
18	63501817	NA	TAACA	T	225	PASS;AAAAAGACTAACAAACAA	INDEL;IDV=8;IMF=1;DP=8;VDB=1.33331e-05;SGB=-0.651104;MQ0F=0;AC=2;AN=2;DP4=0,0,0,8;MQ=60;RB=18,63501454,63501855,CTC,TTA
3	89552552	NA	TA	T	101	MASKED;AACCCAAATAGCAATTAA	INDEL;IDV=5;IMF=1;DP=5;VDB=0.00187095;SGB=-0.590765;MQ0F=0;AC=2;AN=2;DP4=0,0,0,5;MQ=60;RB=3,89552228,89552642,GGA,CTG
8	12977501	NA	ATTAC	A	136	MASKED;AAGGAACAATTACTTACA	INDEL;IDV=4;IMF=1;DP=4;VDB=0.0058656;SGB=-0.556411;MQ0F=0;AC=2;AN=2;DP4=0,0,0,4;MQ=60;RB=8,12977060,12977528,TTT,GAA
17	5189163	NA	TATC	T	203	MASKED;GACGATCTTATCATATGC	INDEL;IDV=6;IMF=1;DP=6;VDB=0.000411984;SGB=-0.616816;MQ0F=0;AC=2;AN=2;DP4=0,0,0,6;MQ=60;RB=17,5188926,5189274,ACG,TTA
10	87024425	NA	TTTG	T	182	MASKED;TCTGCATTTTTGTTGTTG	INDEL;IDV=5;IMF=1;DP=5;VDB=0.00187095;SGB=-0.590765;MQ0F=0;AC=2;AN=2;DP4=0,0,5,0;MQ=60;RB=10,87024302,87024722,TTA,GCT
2	105623616	NA	GT	G	20.4535	MASKED;TGGACTAAGTTTTTTTGT	INDEL;IDV=6;IMF=1;DP=6;VDB=0.000411984;SGB=-0.616816;MQ0F=0;AC=2;AN=2;DP4=0,0,6,0;MQ=60;RB=2,105623579,105623824,GGG,ATA
X	126954712	NA	CACAA	C	182	PASS;ATAGATGACACAAACAAA	INDEL;IDV=5;IMF=1;DP=5;VDB=0.00187095;SGB=-0.590765;MQ0F=0;AC=2;AN=2;DP4=0,0,0,5;MQ=60;RB=X,126954134,126954803,ATC,TTG
11	133185571	NA	T	TA	173	PASS;CGTGCTTGTAGTTCCAGC	INDEL;IDV=13;IMF=1;DP=13;VDB=2.26006e-08;SGB=-0.683931;MQ0F=0;AC=2;AN=2;DP4=0,0,0,13;MQ=60;RB=11,133185130,133185630,CTG,ACT
6	145587842	NA	ACTCT	A	225	MASKED;TGCACTTTACTCTCTCTC	INDEL;IDV=8;IMF=1;DP=8;VDB=1.33331e-05;SGB=-0.651104;MQ0F=0;AC=2;AN=2;DP4=0,0,8,0;MQ=60;RB=6,145587759,145588120,GGG,TTG
6	145587842	NA	ACTCT	A	182	MASKED;TGCACTTTACTCTCTCTC	INDEL;IDV=5;IMF=1;DP=5;VDB=0.00187095;SGB=-0.590765;MQ0F=0;AC=2;AN=2;DP4=0,0,5,0;MQ=60;RB=6,145587758,145588352,CGA,ACT
3	96991141	NA	CGTGTGTGTGTGTGT	CGT,C	192	MASKED;TTCCATTTCGTGTGTGTG	INDEL;IDV=8;IMF=1;DP=8;VDB=2.48509e-05;SGB=-0.651104;MQ0F=0;AC=1,1;AN=2;DP4=0,0,0,8;MQ=60;RB=3,96990703,96991206,GGG,AAT
1	156443955	NA	TA	T	32.4168	PASS;GTACTTTTTAAAAAATAA	INDEL;IDV=6;IMF=1;DP=6;VDB=0.000411984;SGB=-0.616816;MQ0F=0;AC=2;AN=2;DP4=0,0,6,0;MQ=60;RB=1,156443912,156444177,AAT,GAG
10	86895230	NA	TATA	T	225	NEI_IND[63/189];CATATACATATAATCATA	INDEL;IDV=11;IMF=1;DP=11;VDB=2.26006e-08;SGB=-0.676189;MQ0F=0;AC=2;AN=2;DP4=0,0,11,0;MQ=60;RB=10,86895120,86895522,TAG,TTA
10	86895480	NA	CTCCTGTCGTT	C	225	PASS;TGTCAAAGCTCCTGTCGT	INDEL;IDV=11;IMF=1;DP=11;VDB=2.26006e-08;SGB=-0.676189;MQ0F=0;AC=2;AN=2;DP4=0,0,0,11;MQ=60;RB=10,86895120,86895522,TAG,TTA
14	54544859	NA	TAC	T	137	NEI_IND[98/490];TATGTATATACACACACA	INDEL;IDV=8;IMF=1;DP=8;VDB=2.48509e-05;SGB=-0.651104;MQ0F=0;AC=2;AN=2;DP4=0,0,0,8;MQ=60;RB=14,54544317,54544987,TAA,CCG
14	54544882	NA	AATATATATAT	AAT,A	110	MASKED;ATACTATGAATATATATA	INDEL;IDV=8;IMF=1;DP=8;VDB=0.00231828;SGB=-0.590765;MQ0F=0;AC=1,1;AN=2;DP4=0,0,0,5;MQ=60;RB=14,54544317,54544987,TAA,CCG
7	23976055	NA	ATTTT	A	42.4147	NEI_IND[8/736];TTTTGTTGATTTTTTTTT	INDEL;IDV=4;IMF=1;DP=4;VDB=0.0058656;SGB=-0.556411;MQ0F=0;AC=2;AN=2;DP4=0,0,0,4;MQ=60;RB=7,23975352,23976086,TCT,CTT
5	7481885	NA	TTG	T	178	MASKED;ATGCTGATTTGTGTGTGT	INDEL;IDV=10;IMF=1;DP=10;VDB=6.99472e-07;SGB=-0.670168;MQ0F=0;AC=2;AN=2;DP4=0,0,0,10;MQ=60;RB=5,7481460,7481996,GCT,TCA
9	1025184	NA	GGT	G	159	MASKED;GAGAGGAGGGTGTGTGTG	INDEL;IDV=7;IMF=1;DP=7;VDB=6.71664e-05;SGB=-0.636426;MQ0F=0;AC=2;AN=2;DP4=0,0,0,7;MQ=60;RB=9,1024880,1025212,TAC,GCC
11	80765174	NA	TA	T	56	MASKED;GAACATACTAAAATTGCA	INDEL;IDV=5;IMF=1;DP=5;VDB=0.00187095;SGB=-0.590765;MQ0F=0;AC=2;AN=2;DP4=0,0,0,5;MQ=60;RB=11,80764909,80765288,CCA,TCT
7	101673316	NA	AT	A	86	MASKED;TGAGACAGATTTTCACTC	INDEL;IDV=11;IMF=1;DP=11;VDB=2.26006e-08;SGB=-0.676189;MQ0F=0;AC=2;AN=2;DP4=0,0,0,11;MQ=60;RB=7,101673020,101673343,GCT,TCA
15	72285522	NA	CT	C	109	PASS;AAACCCATCTCAACTAAA	INDEL;IDV=7;IMF=1;DP=7;VDB=6.71664e-05;SGB=-0.636426;MQ0F=0;AC=2;AN=2;DP4=0,0,0,7;MQ=60;RB=15,72285350,72285627,ACC,AAG
12	95795335	NA	CCTT	C	225	MASKED;TATGCACTCCTTATTAAC	INDEL;IDV=9;IMF=1;DP=9;VDB=5.52906e-06;SGB=-0.662043;MQ0F=0;AC=2;AN=2;DP4=0,0,9,0;MQ=60;RB=12,95795319,95795915,GCT,TGA
8	121052904	NA	CAA	C	110	MASKED;ATGTTAACCAAAAATGCA	INDEL;IDV=5;IMF=1;DP=5;VDB=0.00187095;SGB=-0.590765;MQ0F=0;AC=2;AN=2;DP4=0,0,0,5;MQ=60;RB=8,121052434,121052930,CTG,ACC
6	56438957	NA	TA	T	120	MASKED;TGGATGCATAAACATTTG	INDEL;IDV=10;IMF=1;DP=10;VDB=6.99472e-07;SGB=-0.670168;MQ0F=0;AC=2;AN=2;DP4=0,0,10,0;MQ=60;RB=6,56438931,56439243,GTA,TAT
12	81486793	NA	GT	G	14.5685	MASKED;TGTTTAAGGTTTTTTTTT	INDEL;IDV=11;IMF=1;DP=11;VDB=2.26006e-08;SGB=-0.676189;MQ0F=0;AC=2;AN=2;DP4=0,0,0,11;MQ=60;RB=12,81486385,81486874,AAT,GGC
5	160091700	NA	T	TC	114	PASS;GTGGCTAGTCCGCAGATC	INDEL;IDV=6;IMF=1;DP=6;VDB=0.000411984;SGB=-0.616816;MQ0F=0;AC=2;AN=2;DP4=0,0,6,0;MQ=60;RB=5,160091660,160092239,TTT,CGT
7	96135291	NA	TTGTCAA	T	182	MASKED;ATTATGAGTTGTCAATGT	INDEL;IDV=5;IMF=1;DP=5;VDB=0.00187095;SGB=-0.590765;MQ0F=0;AC=2;AN=2;DP4=0,0,0,5;MQ=60;RB=7,96134866,96135357,CCG,TTT
6	145587842	NA	ACTCT	A	182	MASKED;TGCACTTTACTCTCTCTC	INDEL;IDV=5;IMF=1;DP=5;VDB=0.00187095;SGB=-0.590765;MQ0F=0;AC=2;AN=2;DP4=0,0,5,0;MQ=60;RB=6,145587769,145588352,ATG,GTT
7	109890346	NA	TA	T	101	MASKED;TAGATTGTTAACGCTAAA	INDEL;IDV=6;IMF=1;DP=6;VDB=0.000411984;SGB=-0.616816;MQ0F=0;AC=2;AN=2;DP4=0,0,0,6;MQ=60;RB=7,109889672,109890360,CCT,TTC
6	29684408	NA	TTTAATTTTGC	T	154	NEI_IND[6/282];ACAATAATTTTAATTTTG	INDEL;IDV=4;IMF=1;DP=4;VDB=0.0058656;SGB=-0.556411;MQ0F=0;AC=2;AN=2;DP4=0,0,0,4;MQ=60;RB=6,29684227,29684466,AAT,AAT
8	107019617	NA	AATAATATAAAAATGC	A	224	NEI_IND[6/366];TGCTTGTAAATAATATAA	INDEL;IDV=7;IMF=1;DP=7;VDB=6.71664e-05;SGB=-0.636426;MQ0F=0;AC=2;AN=2;DP4=0,0,0,7;MQ=60;RB=8,107019290,107019718,TTT,TAA
1	159143637	NA	ATAGAC	A	154	PASS;AAAAAACTATAGACTAGA	INDEL;IDV=4;IMF=1;DP=4;VDB=0.0058656;SGB=-0.556411;MQ0F=0;AC=2;AN=2;DP4=0,0,4,0;MQ=60;RB=1,159143530,159143963,GAA,CCG
10	72236661	NA	GTAT	G	225	MASKED;GTATGTGTGTATTATGTG	INDEL;IDV=10;IMF=1;DP=10;VDB=6.99472e-07;SGB=-0.670168;MQ0F=0;AC=2;AN=2;DP4=0,0,0,10;MQ=60;RB=10,72236410,72236709,AAT,AAT
7	154045293	NA	ATATACT	A	225	PASS;AAAGTCAAATATACTTAT	INDEL;IDV=8;IMF=1;DP=8;VDB=1.33331e-05;SGB=-0.651104;MQ0F=0;AC=2;AN=2;DP4=0,0,8,0;MQ=60;RB=7,154045216,154045678,GGC,CCG
3	158998905	NA	CT	C	44.4146	PASS;ACATCAGTCTTTTTTGAA	INDEL;IDV=11;IMF=1;DP=11;VDB=2.26006e-08;SGB=-0.676189;MQ0F=0;AC=2;AN=2;DP4=0,0,11,0;MQ=60;RB=3,158998776,158999204,GAC,CCG
12	95795335	NA	CCTT	C	224	MASKED;TATGCACTCCTTATTAAC	INDEL;IDV=7;IMF=1;DP=7;VDB=6.71664e-05;SGB=-0.636426;MQ0F=0;AC=2;AN=2;DP4=0,0,7,0;MQ=60;RB=12,95795319,95795915,GTT,GTA
9	36472047	NA	TTTG	T	225	PASS;AATAACAATTTGTTTTCA	INDEL;IDV=8;IMF=1;DP=8;VDB=1.33331e-05;SGB=-0.651104;MQ0F=0;AC=2;AN=2;DP4=0,0,0,8;MQ=60;RB=9,36471751,36472063,CCA,CTG
12	29824496	NA	TACA	T	224	MASKED;TAAGTGCATACAACAACG	INDEL;IDV=7;IMF=1;DP=7;VDB=6.71664e-05;SGB=-0.636426;MQ0F=0;AC=2;AN=2;DP4=0,0,7,0;MQ=60;RB=12,29824408,29824854,GAG,ATA
18	26287050	NA	AGGTTGAAACTAACT	A	225	MASKED;ACTGCATGAGGTTGAAAC	INDEL;IDV=8;IMF=1;DP=8;VDB=1.33331e-05;SGB=-0.651104;MQ0F=0;AC=2;AN=2;DP4=0,0,8,0;MQ=60;RB=18,26286967,26287789,GAT,TGT
2	231725196	NA	AG	A	110	PASS;AGAAAGAAAGAAAAAGAA	INDEL;IDV=7;IMF=1;DP=7;VDB=7.99767e-05;SGB=-0.636426;MQ0F=0;AC=2;AN=2;DP4=0,0,7,0;MQ=60;RB=2,231725132,231725745,GTG,CCG
2	167980013	NA	TTTTTG	T	225	MASKED;AAAACTTTTTTTTGTTTT	INDEL;IDV=8;IMF=1;DP=8;VDB=1.33331e-05;SGB=-0.651104;MQ0F=0;AC=2;AN=2;DP4=0,0,0,8;MQ=60;RB=2,167979732,167980072,CAC,CCC
4	30051	NA	AC	A	139	PASS;CTCAGGACACAAAATCAA	INDEL;IDV=9;IMF=1;DP=9;VDB=5.52906e-06;SGB=-0.662043;MQ0F=0;AC=2;AN=2;DP4=0,0,9,0;MQ=60;RB=4,29921,30368,CAT,CAC
1	19532269	NA	ATGT	A	225	PASS;TAATGGGAATGTTGTGAC	INDEL;IDV=10;IMF=1;DP=10;VDB=6.99472e-07;SGB=-0.670168;MQ0F=0;AC=2;AN=2;DP4=0,0,10,0;MQ=60;RB=1,19532215,19532475,CCT,AGT
20	6871536	NA	GTATTTATT	G	225	MASKED;TCTTTCTGGTATTTATTT	INDEL;IDV=8;IMF=1;DP=8;VDB=1.33331e-05;SGB=-0.651104;MQ0F=0;AC=2;AN=2;DP4=0,0,0,8;MQ=60;RB=20,6870825,6871618,CAC,AAT
12	81230365	NA	CAG	C	169	MASKED;CTGGGAGGCAGAGTTTGC	INDEL;IDV=6;IMF=1;DP=6;VDB=0.000411984;SGB=-0.616816;MQ0F=0;AC=2;AN=2;DP4=0,0,0,6;MQ=60;RB=12,81229893,81230395,AAT,GCA
10	120516183	NA	CCTCT	C	174	MASKED;TTTCACTCCCTCTCTAAT	INDEL;IDV=5;IMF=1;DP=5;VDB=0.00187095;SGB=-0.590765;MQ0F=0;AC=2;AN=2;DP4=0,0,0,5;MQ=60;RB=10,120515770,120516283,TCT,TGA
13	36326590	NA	G	GT	78	PASS;ATTTTTTTGTTTCAATTT	INDEL;IDV=5;IMF=1;DP=5;VDB=0.00187095;SGB=-0.590765;MQ0F=0;AC=2;AN=2;DP4=0,0,0,5;MQ=60;RB=13,36326433,36326703,GGT,AGA
5	106279863	NA	TAATA	T	182	MASKED;TTCAAAATTAATAAATAA	INDEL;IDV=5;IMF=1;DP=5;VDB=0.00187095;SGB=-0.590765;MQ0F=0;AC=2;AN=2;DP4=0,0,0,5;MQ=60;RB=5,106279020,106279911,GGG,GCT
9	121898745	NA	GAAA	G	85	MASKED;GAAAGAAAGAAAAAAAAA	INDEL;IDV=5;IMF=1;DP=5;VDB=0.00187095;SGB=-0.590765;MQ0F=0;AC=2;AN=2;DP4=0,0,0,5;MQ=60;RB=9,121898474,121898828,GTG,GGC
7	33020337	NA	CCTTT	C	154	MASKED;CCTTCCTTCCTTTCTTTC	INDEL;IDV=4;IMF=1;DP=4;VDB=0.0058656;SGB=-0.556411;MQ0F=0;AC=2;AN=2;DP4=0,0,0,4;MQ=60;RB=7,33020020,33020393,TTT,CTA
X	30077877	NA	CAATGACATT	C	225	PASS;GATGAATCCAATGACATT	INDEL;IDV=10;IMF=1;DP=10;VDB=6.99472e-07;SGB=-0.670168;MQ0F=0;AC=2;AN=2;DP4=0,0,10,0;MQ=60;RB=X,30077822,30078198,TGG,TAA
3	72346138	NA	GTGC	G	205	NEI_IND[3/237];CAAAAAGCGTGCTGCTAT	INDEL;IDV=7;IMF=1;DP=7;VDB=0.000411984;SGB=-0.616816;MQ0F=0;AC=2;AN=2;DP4=0,0,6,0;MQ=60;RB=3,72346062,72346476,CGG,GTT
11	55851379	NA	CAT	C	225	MASKED;CATGCACACATGTGAACA	INDEL;IDV=9;IMF=1;DP=9;VDB=5.52906e-06;SGB=-0.662043;MQ0F=0;AC=2;AN=2;DP4=0,0,9,0;MQ=60;RB=11,55851346,55851680,CCA,GGT
11	55851379	NA	CAT	C	225	MASKED;CATGCACACATGTGAACA	INDEL;IDV=10;IMF=1;DP=10;VDB=6.99472e-07;SGB=-0.670168;MQ0F=0;AC=2;AN=2;DP4=0,0,10,0;MQ=60;RB=11,55851346,55851680,GTA,GAT
7	96135291	NA	TTGTCAA	T	225	MASKED;ATTATGAGTTGTCAATGT	INDEL;IDV=8;IMF=1;DP=8;VDB=5.52933e-05;SGB=-0.651104;MQ0F=0;AC=2;AN=2;DP4=0,0,0,8;MQ=60;RB=7,96134865,96135357,GGA,TAT
3	24788179	NA	AG	A	109	MASKED;ATATAATTAGGTTGCATT	INDEL;IDV=7;IMF=1;DP=7;VDB=6.71664e-05;SGB=-0.636426;MQ0F=0;AC=2;AN=2;DP4=0,0,0,7;MQ=60;RB=3,24787677,24788193,CTA,AGA
7	86354106	NA	TA	T	98	MASKED;ATTCAGTTTAGCACTCAC	INDEL;IDV=5;IMF=1;DP=5;VDB=0.00187095;SGB=-0.590765;MQ0F=0;AC=2;AN=2;DP4=0,0,5,0;MQ=60;RB=7,86354092,86354388,TAG,AGT
8	30148110	NA	GTA	G	146	MASKED;GTAAGACGGTATATCATT	INDEL;IDV=5;IMF=1;DP=5;VDB=0.00187095;SGB=-0.590765;MQ0F=0;AC=2;AN=2;DP4=0,0,0,5;MQ=60;RB=8,30147844,30148131,CCT,AAT
3	193196623	NA	AATGTCCCTG	A	225	NEI_IND[6/547];CACAGACCAATGTCCCTG	INDEL;IDV=9;IMF=1;DP=9;VDB=5.52906e-06;SGB=-0.662043;MQ0F=0;AC=2;AN=2;DP4=0,0,0,9;MQ=60;RB=3,193196296,193196734,TTG,CTG
11	89270334	NA	AATGTAAC	A	154	PASS;AAAGACAGAATGTAACAT	INDEL;IDV=6;IMF=1;DP=6;VDB=0.0058656;SGB=-0.556411;MQ0F=0;AC=2;AN=2;DP4=0,0,4,0;MQ=60;RB=11,89270221,89270742,ATG,TTG
7	103200450	NA	T	TTA	188	PASS;GAGCAATTTTATTGAAAG	INDEL;IDV=8;IMF=1;DP=8;VDB=1.33331e-05;SGB=-0.651104;MQ0F=0;AC=2;AN=2;DP4=0,0,8,0;MQ=60;RB=7,103200371,103200808,ATT,TGT
X	46410135	NA	AATT	A	105	NEI_IND[16/374];CAAAAAAAAATTATTATA	INDEL;IDV=7;IMF=1;DP=7;VDB=6.71664e-05;SGB=-0.636426;MQ0F=0;AC=2;AN=2;DP4=0,0,7,0;MQ=60;RB=X,46410094,46410592,TTT,ACG
19	8502583	NA	TTTGCACGTTCTGG	T	225	PASS;TTTTTTTGTTTGCACGTT	INDEL;IDV=8;IMF=0.888889;DP=8;VDB=1.33331e-05;SGB=-0.651104;MQ0F=0;AC=2;AN=2;DP4=0,0,0,8;MQ=60;RB=19,8502317,8502679,GGC,TCG
6	32455706	NA	CCTTGTGGT	C	162	MASKED;ACATCTGGCCTTGTGGTT	INDEL;IDV=7;IMF=1;DP=7;VDB=6.71664e-05;SGB=-0.636426;MQ0F=0;AC=2;AN=2;DP4=0,0,7,0;MQ=60;RB=6,32455665,32455888,GTT,TGG
21	10836664	NA	TGGAATGGAATCGAAA	T	205	MASKED;GAATAGAATGGAATGGAA	INDEL;IDV=6;IMF=1;DP=6;VDB=0.000411984;SGB=-0.616816;MQ0F=0;AC=2;AN=2;DP4=0,0,6,0;MQ=60;RB=21,10836638,10836992,TCT,GAT
17	2417516	NA	TAC	T	178	MASKED;CATATATATACACACACA	INDEL;IDV=9;IMF=1;DP=9;VDB=5.52906e-06;SGB=-0.662043;MQ0F=0;AC=2;AN=2;DP4=0,0,0,9;MQ=60;RB=17,2417197,2417606,GGA,TCG
18	8486765	NA	AGT	A	185	MASKED;AAATAAATAGTAATAATA	INDEL;IDV=6;IMF=1;DP=6;VDB=0.000411984;SGB=-0.616816;MQ0F=0;AC=2;AN=2;DP4=0,0,6,0;MQ=60;RB=18,8486633,8487302,TAC,AAA
18	8487183	NA	CAT	C	183	NEI_IND[48/528];TCAAATTACATATTTCTA	INDEL;IDV=6;IMF=1;DP=6;VDB=0.000411984;SGB=-0.616816;MQ0F=0;AC=2;AN=2;DP4=0,0,0,6;MQ=60;RB=18,8486633,8487302,TAC,AAA
20	61024288	NA	CACCG	C	225	MASKED;CACAGAGCCACCGACCGG	INDEL;IDV=8;IMF=1;DP=8;VDB=1.33331e-05;SGB=-0.651104;MQ0F=0;AC=2;AN=2;DP4=0,0,0,8;MQ=60;RB=20,61023791,61024328,CAG,TAA
16	8578245	NA	TGC	T	153	MASKED;ACCCAAAATGCGCACACA	INDEL;IDV=5;IMF=1;DP=5;VDB=0.00187095;SGB=-0.590765;MQ0F=0;AC=2;AN=2;DP4=0,0,0,5;MQ=60;RB=16,8577990,8578319,TGT,GGA
