CHROM	POS	ID	REF	ALT	QUAL	FILTER	INFO
11	109799881	NA	TCACACACA	TCA,T	160	NEI_IND[18/316];TCTCTCTCTCACACACAC	INDEL;IDV=5;IMF=1;DP=5;VDB=0.00248765;SGB=-0.590765;MQ0F=0;AC=1,1;AN=2;DP4=0,0,0,5;MQ=60;RB=11,109799719,109800021,GAT,GAT
19	17254056	NA	AAC	A	53	PASS;AAAAAAAAAACAAACAAA	INDEL;IDV=8;IMF=1;DP=8;VDB=1.33331e-05;SGB=-0.651104;MQ0F=0;AC=2;AN=2;DP4=0,0,8,0;MQ=60;RB=19,17253921,17254323,CCT,TGG
18	42386587	NA	CCTTTTTTTTTTTTTTT	CTTT,C	136	NEI_IND[8/164];AATGAGCTCCTTTTTTTT	INDEL;IDV=4;IMF=0.571429;DP=7;VDB=0.0127498;SGB=-0.556411;MQ0F=0;AC=1,1;AN=2;DP4=0,0,0,4;MQ=60;RB=18,42386325,42386684,ACG,TCG
2	11446213	NA	G	GTCA	225	PASS;GAGAGTTGGATGAATATA	INDEL;IDV=8;IMF=1;DP=8;VDB=1.33331e-05;SGB=-0.651104;MQ0F=0;AC=2;AN=2;DP4=0,0,0,8;MQ=60;RB=2,11445972,11446292,TTC,TCC
1	188371296	NA	CA	C	18.4763	MASKED;AACTTTACCAAAAAAAAT	INDEL;IDV=13;IMF=0.928571;DP=14;VDB=2.26006e-08;SGB=-0.683931;MQ0F=0;AC=2;AN=2;DP4=0,0,13,0;MQ=60;RB=1,188371166,188371480,CGC,CAC
1	188371296	NA	CA	C	15.5372	MASKED;AACTTTACCAAAAAAAAT	INDEL;IDV=7;IMF=1;DP=7;VDB=6.71664e-05;SGB=-0.636426;MQ0F=0;AC=2;AN=2;DP4=0,0,7,0;MQ=60;RB=1,188371165,188371481,AAT,TTT
6	44615913	NA	CCTT	C	225	NEI_IND[18/219];ATCTAGATCCTTCTCCTG	INDEL;IDV=8;IMF=1;DP=8;VDB=1.33331e-05;SGB=-0.651104;MQ0F=0;AC=2;AN=2;DP4=0,0,0,8;MQ=60;RB=6,44615613,44615923,TGA,GCC
1	188371296	NA	CA	C	13.6076	MASKED;AACTTTACCAAAAAAAAT	INDEL;IDV=6;IMF=1;DP=6;VDB=0.000411984;SGB=-0.616816;MQ0F=0;AC=2;AN=2;DP4=0,0,6,0;MQ=60;RB=1,188371165,188371481,CAA,TCA
3	174799836	NA	GTA	G	165	NEI_IND[9/199];GTGTATGTGTATGTGTGT	INDEL;IDV=6;IMF=1;DP=6;VDB=0.000411984;SGB=-0.616816;MQ0F=0;AC=2;AN=2;DP4=0,0,0,6;MQ=60;RB=3,174799423,174799970,TCG,CCT
12	19986929	NA	CAT	C	188	MASKED;CACACACACATACACACA	INDEL;IDV=7;IMF=1;DP=7;VDB=6.71664e-05;SGB=-0.636426;MQ0F=0;AC=2;AN=2;DP4=0,0,7,0;MQ=60;RB=12,19986812,19987211,ATT,TTT
2	133824604	NA	TTA	T	129	MASKED;TTTATTTTTTATTTTTTT	INDEL;IDV=12;IMF=1;DP=12;VDB=2.26006e-08;SGB=-0.676189;MQ0F=0;AC=2;AN=2;DP4=0,0,11,0;MQ=60;RB=2,133824474,133824781,ACG,AGA
3	29596956	NA	G	GT	131	PASS;ATGATACAGTATGAAGGC	INDEL;IDV=9;IMF=1;DP=9;VDB=1.33331e-05;SGB=-0.651104;MQ0F=0;AC=2;AN=2;DP4=0,0,0,8;MQ=60;RB=3,29596738,29597073,CTC,ATC
1	188371296	NA	CA	C	9.88465	MASKED;AACTTTACCAAAAAAAAT	INDEL;IDV=5;IMF=1;DP=5;VDB=0.00187095;SGB=-0.590765;MQ0F=0;AC=2;AN=2;DP4=0,0,5,0;MQ=60;RB=1,188371165,188371480,CTA,CTG
3	68555613	NA	C	CAGAG	205	PASS;TCAACACACACACACAGA	INDEL;IDV=6;IMF=1;DP=6;VDB=0.000411984;SGB=-0.616816;MQ0F=0;AC=2;AN=2;DP4=0,0,0,6;MQ=60;RB=3,68555391,68555747,TGG,TCT
6	148131184	NA	AT	A	11.7169	PASS;ATGTAACCATTTTTTTGG	INDEL;IDV=4;IMF=1;DP=4;VDB=0.0058656;SGB=-0.556411;MQ0F=0;AC=2;AN=2;DP4=0,0,4,0;MQ=60;RB=6,148131068,148131344,TTT,GAT
20	7356702	NA	CGT	C	225	MASKED;ATTAATATCGTTTTTTTA	INDEL;IDV=10;IMF=1;DP=10;VDB=6.99472e-07;SGB=-0.670168;MQ0F=0;AC=2;AN=2;DP4=0,0,10,0;MQ=60;RB=20,7356581,7356992,CTG,CCA
13	41291124	NA	CA	C	13.6076	MASKED;AAATAAAACAAAAAAAAG	INDEL;IDV=6;IMF=1;DP=6;VDB=0.000411984;SGB=-0.616816;MQ0F=0;AC=2;AN=2;DP4=0,0,6,0;MQ=60;RB=13,41291047,41291424,TAT,AGA
13	105052085	NA	TTTC	T	154	NEI_IND[26/336];TGAGACTTTTTCTTTTTT	INDEL;IDV=4;IMF=1;DP=4;VDB=0.0058656;SGB=-0.556411;MQ0F=0;AC=2;AN=2;DP4=0,0,4,0;MQ=60;RB=13,105051955,105052320,TTG,TGA
7	125796422	NA	C	CT	132	PASS;TCCTGGGCCTAGGCTGAA	INDEL;IDV=7;IMF=1;DP=7;VDB=6.71664e-05;SGB=-0.636426;MQ0F=0;AC=2;AN=2;DP4=0,0,0,7;MQ=60;RB=7,125796191,125796535,GGA,CAT
9	137661041	NA	TA	T	30.4183	PASS;AACACTGTTAAAAACTAA	INDEL;IDV=4;IMF=1;DP=4;VDB=0.0058656;SGB=-0.556411;MQ0F=0;AC=2;AN=2;DP4=0,0,4,0;MQ=60;RB=9,137661013,137661241,TGA,TCT
1	188371296	NA	CA	C	9.88465	MASKED;AACTTTACCAAAAAAAAT	INDEL;IDV=5;IMF=1;DP=5;VDB=0.00187095;SGB=-0.590765;MQ0F=0;AC=2;AN=2;DP4=0,0,5,0;MQ=60;RB=1,188371166,188371481,AAG,GTA
1	188371296	NA	CA	C	19.4636	MASKED;AACTTTACCAAAAAAAAT	INDEL;IDV=11;IMF=1;DP=11;VDB=2.26006e-08;SGB=-0.676189;MQ0F=0;AC=2;AN=2;DP4=0,0,11,0;MQ=60;RB=1,188371166,188371480,GTC,TAG
18	759610	NA	CT	C	16.5122	PASS;CGTACAGACTTTTTTTCC	INDEL;IDV=5;IMF=1;DP=5;VDB=0.00187095;SGB=-0.590765;MQ0F=0;AC=2;AN=2;DP4=0,0,5,0;MQ=60;RB=18,759544,759752,GGG,TGG
18	759703	NA	A	ATT	121	NEI_IND[14/386];ATTTATTTATTTCTTTTT	INDEL;IDV=5;IMF=1;DP=5;VDB=0.00187095;SGB=-0.590765;MQ0F=0;AC=2;AN=2;DP4=0,0,0,5;MQ=60;RB=18,759544,759752,GGG,TGG
9	37556530	NA	ATTTTTTTT	AT,A	31.7394	NEI_IND[39/365];TGTTCTGGATTTTTTTTT	INDEL;IDV=5;IMF=1;DP=5;VDB=0.00231828;SGB=-0.590765;MQ0F=0;AC=1,1;AN=2;DP4=0,0,0,5;MQ=60;RB=9,37556245,37556592,TCG,TGA
18	42386588	NA	CTTTTTTTTTTTTTTT	C,CTT	41.0978	NEI_IND[9/162];ATGAGCTCCTTTTTTTTT	INDEL;IDV=5;IMF=1;DP=5;VDB=0.00231828;SGB=-0.590765;MQ0F=0;AC=1,1;AN=2;DP4=0,0,0,5;MQ=60;RB=18,42386324,42386685,CCA,TCT
1	188371296	NA	CA	C	13.6076	MASKED;AACTTTACCAAAAAAAAT	INDEL;IDV=6;IMF=1;DP=6;VDB=0.000411984;SGB=-0.616816;MQ0F=0;AC=2;AN=2;DP4=0,0,6,0;MQ=60;RB=1,188371165,188371481,AAT,ACT
1	188371296	NA	CA	C	17.4922	MASKED;AACTTTACCAAAAAAAAT	INDEL;IDV=8;IMF=1;DP=8;VDB=1.33331e-05;SGB=-0.651104;MQ0F=0;AC=2;AN=2;DP4=0,0,8,0;MQ=60;RB=1,188371166,188371481,CCC,GTT
13	102650677	NA	C	CT	127	PASS;TGTTTTCTCTTGGGCCCT	INDEL;IDV=7;IMF=1;DP=7;VDB=6.71664e-05;SGB=-0.636426;MQ0F=0;AC=2;AN=2;DP4=0,0,7,0;MQ=60;RB=13,102650639,102650973,AAT,CAC
2	14389462	NA	TG	T	116	PASS;GTATCTTTTGTAAAGTGT	INDEL;IDV=6;IMF=1;DP=6;VDB=0.000411984;SGB=-0.616816;MQ0F=0;AC=2;AN=2;DP4=0,0,0,6;MQ=60;RB=2,14389263,14389558,AGA,AAA
9	81196298	NA	TA	T	32.4168	MASKED;CAGACCTTTAAAAAATCA	INDEL;IDV=6;IMF=1;DP=6;VDB=0.000411984;SGB=-0.616816;MQ0F=0;AC=2;AN=2;DP4=0,0,0,6;MQ=60;RB=9,81195946,81196312,CTG,GAA
1	170902680	NA	AAAG	A	166	NEI_IND[5/292];AAGAAAGAAAAGAGAAAG	INDEL;IDV=5;IMF=1;DP=5;VDB=0.00187095;SGB=-0.590765;MQ0F=0;AC=2;AN=2;DP4=0,0,5,0;MQ=58;RB=1,170902547,170902997,GGC,CCG
1	115976901	NA	TATCAATATA	T	225	NEI_IND[6/193];TAAACATGTATCAATATA	INDEL;IDV=10;IMF=1;DP=10;VDB=6.99472e-07;SGB=-0.670168;MQ0F=0;AC=2;AN=2;DP4=0,0,0,10;MQ=60;RB=1,115976577,115976961,GCC,TCA
8	90149865	NA	AG	A	122	PASS;ACAGACAGAGTAGATAGA	INDEL;IDV=7;IMF=1;DP=7;VDB=6.71664e-05;SGB=-0.636426;MQ0F=0;AC=2;AN=2;DP4=0,0,7,0;MQ=60;RB=8,90149730,90150015,GCT,TCT
7	4265577	NA	CG	C	85	MASKED;GCAGGCCGCGGGACCCGT	INDEL;IDV=5;IMF=1;DP=5;VDB=0.00187095;SGB=-0.590765;MQ0F=0;AC=2;AN=2;DP4=0,0,5,0;MQ=60;RB=7,4265491,4265830,ACT,GGG
1	99992431	NA	AG	A	116	PASS;TTAGAAAAAGTTACAAAA	INDEL;IDV=6;IMF=1;DP=6;VDB=0.000411984;SGB=-0.616816;MQ0F=0;AC=2;AN=2;DP4=0,0,6,0;MQ=60;RB=1,99992376,99992726,GCC,CTA
1	188371296	NA	CA	C	18.4763	MASKED;AACTTTACCAAAAAAAAT	INDEL;IDV=10;IMF=1;DP=10;VDB=6.99472e-07;SGB=-0.670168;MQ0F=0;AC=2;AN=2;DP4=0,0,10,0;MQ=60;RB=1,188371165,188371481,ATT,CCA
20	7356702	NA	CGT	C	181	MASKED;ATTAATATCGTTTTTTTA	INDEL;IDV=7;IMF=1;DP=7;VDB=0.000411984;SGB=-0.616816;MQ0F=0;AC=2;AN=2;DP4=0,0,6,0;MQ=60;RB=20,7356580,7356992,TAT,CAA
1	72243857	NA	CATAT	C	225	MASKED;TATATATACATATATATA	INDEL;IDV=8;IMF=1;DP=8;VDB=1.33331e-05;SGB=-0.651104;MQ0F=0;AC=2;AN=2;DP4=0,0,8,0;MQ=60;RB=1,72243730,72244171,GTT,GCC
5	37124382	NA	AC	A	146	NEI_IND[36/233];TAATCTAAACTGTAATCT	INDEL;IDV=10;IMF=1;DP=10;VDB=6.99472e-07;SGB=-0.670168;MQ0F=0;AC=2;AN=2;DP4=0,0,10,0;MQ=60;RB=5,37124247,37124705,AAT,TAG
1	170902680	NA	AAAG	A	192	NEI_IND[5/292];AAGAAAGAAAAGAGAAAG	INDEL;IDV=7;IMF=1;DP=7;VDB=0.000411984;SGB=-0.616816;MQ0F=0;AC=2;AN=2;DP4=0,0,6,0;MQ=60;RB=1,170902547,170902998,TAC,AGA
1	170902680	NA	AAAG	A	172	NEI_IND[5/292];AAGAAAGAAAAGAGAAAG	INDEL;IDV=5;IMF=1;DP=5;VDB=0.00187095;SGB=-0.590765;MQ0F=0;AC=2;AN=2;DP4=0,0,5,0;MQ=60;RB=1,170902546,170902998,CTA,GCT
7	13936367	NA	AG	A	5.7555	NEI_IND[7/225];AGAAAGAAAGGAAAGAAA	INDEL;IDV=4;IMF=1;DP=4;SGB=-0.379885;MQ0F=0;AC=2;AN=2;DP4=0,0,0,1;MQ=60;RB=7,13936076,13936497,CCT,GTA
1	188371296	NA	CA	C	6.51141	MASKED;AACTTTACCAAAAAAAAT	INDEL;IDV=4;IMF=1;DP=4;VDB=0.0058656;SGB=-0.556411;MQ0F=0;AC=2;AN=2;DP4=0,0,4,0;MQ=60;RB=1,188371166,188371480,CTG,GGC
9	6397603	NA	AG	A	109	PASS;AGAAAGAAAGAAAGAAAA	INDEL;IDV=6;IMF=1;DP=6;VDB=0.000411984;SGB=-0.616816;MQ0F=0;AC=2;AN=2;DP4=0,0,6,0;MQ=60;RB=9,6397468,6397995,GGG,AGA
8	33127444	NA	TA	T	55	PASS;AAGAAAATTAAATTTCTA	INDEL;IDV=4;IMF=1;DP=4;VDB=0.0058656;SGB=-0.556411;MQ0F=0;AC=2;AN=2;DP4=0,0,4,0;MQ=60;RB=8,33127324,33127747,GCC,GTT
18	42386588	NA	CTTTTTTTTTTTTTTTT	C,CTTT	45.0593	NEI_IND[9/162];ATGAGCTCCTTTTTTTTT	INDEL;IDV=5;IMF=1;DP=5;VDB=0.00541072;SGB=-0.590765;MQ0F=0;AC=1,1;AN=2;DP4=0,0,0,5;MQ=60;RB=18,42386325,42386685,GAG,AGA
2	52282122	NA	AG	A	140	PASS;TGACCTAAAGAAAAGGGA	INDEL;IDV=9;IMF=1;DP=9;VDB=5.52906e-06;SGB=-0.662043;MQ0F=0;AC=2;AN=2;DP4=0,0,9,0;MQ=60;RB=2,52282096,52282375,GGT,CGT
8	90149865	NA	AG	A	103	PASS;ACAGACAGAGTAGATAGA	INDEL;IDV=5;IMF=1;DP=5;VDB=0.00187095;SGB=-0.590765;MQ0F=0;AC=2;AN=2;DP4=0,0,5,0;MQ=60;RB=8,90149730,90150014,AGA,CGG
1	188371296	NA	CA	C	18.4763	MASKED;AACTTTACCAAAAAAAAT	INDEL;IDV=9;IMF=1;DP=9;VDB=5.52906e-06;SGB=-0.662043;MQ0F=0;AC=2;AN=2;DP4=0,0,9,0;MQ=60;RB=1,188371166,188371480,CAG,GGC
8	73346952	NA	GT	G	9.88465	MASKED;TATTTACAGTTTTTTTTT	INDEL;IDV=6;IMF=1;DP=6;VDB=0.000411984;SGB=-0.616816;MQ0F=0;AC=2;AN=2;DP4=0,0,0,6;MQ=60;RB=8,73346616,73347024,GGC,TCT
9	6397603	NA	AG	A	96	PASS;AGAAAGAAAGAAAGAAAA	INDEL;IDV=5;IMF=1;DP=5;VDB=0.00187095;SGB=-0.590765;MQ0F=0;AC=2;AN=2;DP4=0,0,5,0;MQ=60;RB=9,6397468,6397994,GCC,TAG
15	97668551	NA	TA	T	146	PASS;AAATTTATTAAAATGACA	INDEL;IDV=16;IMF=1;DP=16;VDB=0.996996;SGB=-0.686358;MQSB=1;MQ0F=0;AC=2;AN=2;DP4=0,0,8,6;MQ=60;RB=15,97668416,97668660,GGT,TCC
21	17432395	NA	GTACA	G	173	NEI_IND[14/206];ATGAGTGAGTACATGAGT	INDEL;IDV=5;IMF=1;DP=5;VDB=0.00187095;SGB=-0.590765;MQ0F=0;AC=2;AN=2;DP4=0,0,0,5;MQ=60;RB=21,17431994,17432406,TAT,AAC
14	32656646	NA	GGAGGTTGCAGT	G	224	NEI_IND[6/231];CGAGAAGTGGAGGTTGCA	INDEL;IDV=7;IMF=1;DP=7;VDB=6.71664e-05;SGB=-0.636426;MQ0F=0;AC=2;AN=2;DP4=0,0,7,0;MQ=60;RB=14,32656624,32657040,CTT,GTG
12	19986929	NA	CAT	C	195	MASKED;CACACACACATACACACA	INDEL;IDV=8;IMF=0.888889;DP=8;VDB=1.33331e-05;SGB=-0.651104;MQ0F=0;AC=2;AN=2;DP4=0,0,8,0;MQ=60;RB=12,19986813,19987211,GTC,TTT
1	188371296	NA	CA	C	9.88465	MASKED;AACTTTACCAAAAAAAAT	INDEL;IDV=5;IMF=1;DP=5;VDB=0.00187095;SGB=-0.590765;MQ0F=0;AC=2;AN=2;DP4=0,0,5,0;MQ=60;RB=1,188371166,188371481,GGG,ATA
3	163611865	NA	AACAAC	A	67	NEI_IND[18/382];AAAACAACAACAACAAAA	INDEL;IDV=2;IMF=0.5;DP=4;VDB=0.02;SGB=-0.453602;MQ0F=0;AC=2;AN=2;DP4=0,0,0,2;MQ=60;RB=3,163611511,163612004,AGG,AAT
3	163611868	NA	AAC	A	31.4175	NEI_IND[18/382];ACAACAACAACAAAAAAA	INDEL;IDV=2;IMF=0.5;DP=2;VDB=0.02;SGB=-0.453602;MQ0F=0;AC=2;AN=2;DP4=0,0,0,2;MQ=60;RB=3,163611511,163612004,AGG,AAT
6	64810876	NA	CT	C	7.30725	MASKED;ACAAAGATCTTTTTTTTT	INDEL;IDV=7;IMF=1;DP=7;VDB=0.00187095;SGB=-0.590765;MQ0F=0;AC=2;AN=2;DP4=0,0,0,5;MQ=60;RB=6,64810527,64811002,TAT,CCA
1	170902680	NA	AAAG	A	225	NEI_IND[5/292];AAGAAAGAAAAGAGAAAG	INDEL;IDV=8;IMF=1;DP=8;VDB=1.33331e-05;SGB=-0.651104;MQ0F=0;AC=2;AN=2;DP4=0,0,8,0;MQ=60;RB=1,170902546,170902998,GTT,TTA
18	42386588	NA	CTTTTTTTTTTTTTTT	C,CTT	39.4075	NEI_IND[9/162];ATGAGCTCCTTTTTTTTT	INDEL;IDV=8;IMF=1;DP=8;VDB=0.000780428;SGB=-0.616816;MQ0F=0;AC=1,1;AN=2;DP4=0,0,0,6;MQ=60;RB=18,42386324,42386685,TAT,CAA
1	188371296	NA	CA	C	13.6076	MASKED;AACTTTACCAAAAAAAAT	INDEL;IDV=6;IMF=1;DP=6;VDB=0.000411984;SGB=-0.616816;MQ0F=0;AC=2;AN=2;DP4=0,0,6,0;MQ=60;RB=1,188371166,188371481,CCG,AAA
4	74023903	NA	AAGAGAG	A	154	NEI_IND[7/372];AAGAAAGAAAGAGAGAGA	INDEL;IDV=4;IMF=1;DP=4;VDB=0.0058656;SGB=-0.556411;MQ0F=0;AC=2;AN=2;DP4=0,0,4,0;MQ=60;RB=4,74023775,74024157,TAG,AGC
2	171931151	NA	AAAAAG	A	34.4159	NEI_IND[17/197];AAAAAAAAAAAAAGAAAG	INDEL;IDV=3;IMF=0.6;DP=3;VDB=0.0221621;SGB=-0.511536;MQ0F=0;AC=2;AN=2;DP4=0,0,3,0;MQ=60;RB=2,171931103,171931780,CGA,CCT
1	188371296	NA	CA	C	18.4763	MASKED;AACTTTACCAAAAAAAAT	INDEL;IDV=9;IMF=1;DP=9;VDB=5.52906e-06;SGB=-0.662043;MQ0F=0;AC=2;AN=2;DP4=0,0,9,0;MQ=60;RB=1,188371165,188371480,GAA,GGG
1	188371296	NA	CA	C	18.4763	MASKED;AACTTTACCAAAAAAAAT	INDEL;IDV=10;IMF=1;DP=10;VDB=6.99472e-07;SGB=-0.670168;MQ0F=0;AC=2;AN=2;DP4=0,0,10,0;MQ=60;RB=1,188371165,188371481,TTA,TGT
20	7356702	NA	CGT	C	208	MASKED;ATTAATATCGTTTTTTTA	INDEL;IDV=9;IMF=1;DP=9;VDB=1.33331e-05;SGB=-0.651104;MQ0F=0;AC=2;AN=2;DP4=0,0,8,0;MQ=60;RB=20,7356581,7356992,CTG,ATT
1	1832628	NA	GA	G	32.4168	NEI_IND[6/396];GAAGAAAGGAAAGAAAGG	INDEL;IDV=7;IMF=1;DP=7;VDB=6.71664e-05;SGB=-0.636426;MQ0F=0;AC=2;AN=2;DP4=0,0,7,0;MQ=60;RB=1,1832512,1832836,AGG,TTG
1	167512714	NA	TTCCAAAACCGA	T	182	MASKED;ATAATACCTTCCAAAACC	INDEL;IDV=5;IMF=1;DP=5;VDB=0.00187095;SGB=-0.590765;MQ0F=0;AC=2;AN=2;DP4=0,0,5,0;MQ=60;RB=1,167512683,167512992,TCC,ACT
2	25447551	NA	CATT	C	87	NEI_IND[3/235];CACAGGATCATTATTATT	INDEL;IDV=7;IMF=1;DP=7;VDB=6.71664e-05;SGB=-0.636426;MQ0F=0;AC=2;AN=2;DP4=0,0,0,7;MQ=60;RB=2,25447262,25447641,GTG,AAG
11	72814263	NA	TAAGG	T	225	MASKED;TGTACACTTAAGGTAGAT	INDEL;IDV=8;IMF=1;DP=8;VDB=1.33331e-05;SGB=-0.651104;MQ0F=0;AC=2;AN=2;DP4=0,0,0,8;MQ=60;RB=11,72813788,72814285,CGG,CCA
5	27256096	NA	TG	T	130	PASS;TGATTTAATGGCTATACA	INDEL;IDV=9;IMF=1;DP=9;VDB=5.52906e-06;SGB=-0.662043;MQ0F=0;AC=2;AN=2;DP4=0,0,0,9;MQ=60;RB=5,27255812,27256160,CAC,TGG
3	107513439	NA	TA	T	91	PASS;TCTTTTCTTAAGTTTGAA	INDEL;IDV=5;IMF=1;DP=5;VDB=0.00187095;SGB=-0.590765;MQ0F=0;AC=2;AN=2;DP4=0,0,5,0;MQ=60;RB=3,107513346,107513605,TCG,ACA
5	37124382	NA	AC	A	81	NEI_IND[36/233];TAATCTAAACTGTAATCT	INDEL;IDV=5;IMF=1;DP=5;VDB=0.00187095;SGB=-0.590765;MQ0F=0;AC=2;AN=2;DP4=0,0,5,0;MQ=60;RB=5,37124247,37124705,TAA,CAC
1	170902680	NA	AAAG	A	154	NEI_IND[5/292];AAGAAAGAAAAGAGAAAG	INDEL;IDV=4;IMF=1;DP=4;VDB=0.0058656;SGB=-0.556411;MQ0F=0;AC=2;AN=2;DP4=0,0,4,0;MQ=60;RB=1,170902546,170902998,AAT,CCT
4	74023903	NA	AAGAGAG	A	224	NEI_IND[7/372];AAGAAAGAAAGAGAGAGA	INDEL;IDV=7;IMF=1;DP=7;VDB=6.71664e-05;SGB=-0.636426;MQ0F=0;AC=2;AN=2;DP4=0,0,7,0;MQ=60;RB=4,74023774,74024157,TCT,AGC
10	114883952	NA	TA	T	9.88465	MASKED;AGAAACCTTAAAAAAAAT	INDEL;IDV=5;IMF=1;DP=5;VDB=0.00187095;SGB=-0.590765;MQ0F=0;AC=2;AN=2;DP4=0,0,5,0;MQ=60;RB=10,114883930,114884328,TAA,ATG
16	52936683	NA	C	CA	13.6076	PASS;AACACTAGCAAAAAAAAT	INDEL;IDV=6;IMF=1;DP=6;VDB=0.000411984;SGB=-0.616816;MQ0F=0;AC=2;AN=2;DP4=0,0,0,6;MQ=60;RB=16,52936429,52936806,AAG,ATA
5	135340272	NA	AACTCAGCTTAAAGTGT	A	205	NEI_IND[6/266];ACTCACAAAACTCAGCTT	INDEL;IDV=6;IMF=0.857143;DP=6;VDB=0.000560625;SGB=-0.616816;MQ0F=0;AC=2;AN=2;DP4=0,0,0,6;MQ=60;RB=5,135339996,135340394,TGA,TCG
1	115976901	NA	TATCAATATA	T	225	NEI_IND[6/193];TAAACATGTATCAATATA	INDEL;IDV=10;IMF=1;DP=10;VDB=6.99472e-07;SGB=-0.670168;MQ0F=0;AC=2;AN=2;DP4=0,0,0,10;MQ=60;RB=1,115976577,115976961,AGC,TTA
22	31651964	NA	CTTTTTTTTTTTTTTTTTT	C,CTT	78	NEI_IND[6/224];TATTGGGTCTTTTTTTTT	INDEL;IDV=6;IMF=1;DP=6;VDB=0.00266814;SGB=-0.590765;MQ0F=0;AC=1,1;AN=2;DP4=0,0,0,5;MQ=60;RB=22,31651747,31652035,AGG,TAG
18	42386588	NA	CTTTTTTTTTTTTTTTTTT	CTTTTT,C	28.7524	NEI_IND[9/162];ATGAGCTCCTTTTTTTTT	INDEL;IDV=3;IMF=0.75;DP=3;VDB=0.0312982;SGB=-0.511536;MQ0F=0;AC=1,1;AN=2;DP4=0,0,0,3;MQ=60;RB=18,42386325,42386685,CTG,TCT
7	72884574	NA	GAA	G	225	MASKED;GGAAAACTGAAGAGAGAA	INDEL;IDV=11;IMF=1;DP=11;VDB=2.26006e-08;SGB=-0.676189;MQ0F=0;AC=2;AN=2;DP4=0,0,11,0;MQ=60;RB=7,72884506,72885035,AAC,TGT
13	30894286	NA	TA	T	9.88465	MASKED;TTTTAAAATAAAAAAAAC	INDEL;IDV=5;IMF=1;DP=5;VDB=0.00187095;SGB=-0.590765;MQ0F=0;AC=2;AN=2;DP4=0,0,5,0;MQ=60;RB=13,30894250,30894611,TGG,ACG
9	19687289	NA	AC	A	91	PASS;ATCAAAAAACAAAACGGA	INDEL;IDV=5;IMF=1;DP=5;VDB=0.00187095;SGB=-0.590765;MQ0F=0;AC=2;AN=2;DP4=0,0,5,0;MQ=60;RB=9,19687256,19687701,TTT,CCT
1	72243857	NA	CATAT	C	225	MASKED;TATATATACATATATATA	INDEL;IDV=8;IMF=1;DP=8;VDB=1.33331e-05;SGB=-0.651104;MQ0F=0;AC=2;AN=2;DP4=0,0,8,0;MQ=60;RB=1,72243730,72244172,CCT,GTT
15	66781204	NA	AG	A	120	PASS;AGCTTGAAAGGGTCCCTG	INDEL;IDV=9;IMF=1;DP=9;VDB=5.52906e-06;SGB=-0.662043;MQ0F=0;AC=2;AN=2;DP4=0,0,9,0;MQ=60;RB=15,66781114,66781437,TAT,TCA
10	87329944	NA	TA	T	35.4156	PASS;AGTCAGGTTACAGTCTTC	INDEL;IDV=4;IMF=1;DP=4;VDB=0.02;SGB=-0.453602;MQ0F=0;AC=2;AN=2;DP4=0,0,2,0;MQ=60;RB=10,87329856,87330368,GAT,CCT
14	22730758	NA	CT	C	85	MASKED;TACTTTTTCTTTAAGGGG	INDEL;IDV=5;IMF=1;DP=5;VDB=0.00187095;SGB=-0.590765;MQ0F=0;AC=2;AN=2;DP4=0,0,5,0;MQ=60;RB=14,22730727,22731167,ATT,GTC
1	227663903	NA	ATG	A	9.77137	NEI_IND[35/277];CCAAGCAAATGAAAAAAA	INDEL;IDV=4;IMF=0.8;DP=4;VDB=0.0190094;SGB=-0.556411;MQ0F=0;AC=2;AN=2;DP4=0,0,0,4;MQ=60;RB=1,227663676,227664014,TTC,GCA
8	90149865	NA	AG	A	127	MASKED;ACAGACAGAGTAGATAGA	INDEL;IDV=7;IMF=1;DP=7;VDB=6.71664e-05;SGB=-0.636426;MQ0F=0;AC=2;AN=2;DP4=0,0,7,0;MQ=60;RB=8,90149731,90150015,GCG,GGT
20	7356702	NA	CGT	C	223	MASKED;ATTAATATCGTTTTTTTA	INDEL;IDV=9;IMF=1;DP=9;VDB=6.61498e-06;SGB=-0.662043;MQ0F=0;AC=2;AN=2;DP4=0,0,9,0;MQ=60;RB=20,7356580,7356991,GCT,GAC
15	44300093	NA	TG	T	91	PASS;ACCCGCCTTGGCCTCCCA	INDEL;IDV=5;IMF=1;DP=5;VDB=0.00187095;SGB=-0.590765;MQ0F=0;AC=2;AN=2;DP4=0,0,0,5;MQ=60;RB=15,44299901,44300191,GAC,TAT
1	193834773	NA	T	TTCTAGAAGAC	56	NEI_IND[13/379];TGTTTTTGTTATGTTAAT	INDEL;IDV=12;IMF=0.923077;DP=13;VDB=5.52906e-06;SGB=-0.662043;MQ0F=0;AC=2;AN=2;DP4=0,0,9,0;MQ=60;RB=1,193834681,193835042,ATA,GCT
X	78841907	NA	AT	A	6.51141	PASS;ATTTATTTATTTTTTTTG	INDEL;IDV=4;IMF=1;DP=4;VDB=0.0058656;SGB=-0.556411;MQ0F=0;AC=2;AN=2;DP4=0,0,0,4;MQ=60;RB=X,78841644,78841949,TCA,CCT
11	127298670	NA	AT	A	97	PASS;TGAATTTCATTTGTCAAC	INDEL;IDV=6;IMF=1;DP=6;VDB=0.000411984;SGB=-0.616816;MQ0F=0;AC=2;AN=2;DP4=0,0,0,6;MQ=60;RB=11,127298226,127298715,ACA,AGG
20	7356702	NA	CGT	C	214	MASKED;ATTAATATCGTTTTTTTA	INDEL;IDV=8;IMF=1;DP=8;VDB=1.33331e-05;SGB=-0.651104;MQ0F=0;AC=2;AN=2;DP4=0,0,8,0;MQ=60;RB=20,7356581,7356992,TTG,CTA
3	174799836	NA	GTA	G	153	NEI_IND[9/199];GTGTATGTGTATGTGTGT	INDEL;IDV=5;IMF=1;DP=5;VDB=0.00187095;SGB=-0.590765;MQ0F=0;AC=2;AN=2;DP4=0,0,0,5;MQ=60;RB=3,174799422,174799970,GGT,AAT
9	7273594	NA	GATCT	G	225	MASKED;TATCTATCGATCTATCTA	INDEL;IDV=8;IMF=1;DP=8;VDB=1.33331e-05;SGB=-0.651104;MQ0F=0;AC=2;AN=2;DP4=0,0,8,0;MQ=60;RB=9,7273496,7273902,TGA,CTG
4	169696825	NA	GT	G	106	PASS;TGTTATATGTTTAGACCT	INDEL;IDV=7;IMF=1;DP=7;VDB=6.71664e-05;SGB=-0.636426;MQ0F=0;AC=2;AN=2;DP4=0,0,0,7;MQ=60;RB=4,169696623,169696899,TGA,ATG
1	72243857	NA	CATAT	C	182	MASKED;TATATATACATATATATA	INDEL;IDV=5;IMF=1;DP=5;VDB=0.00187095;SGB=-0.590765;MQ0F=0;AC=2;AN=2;DP4=0,0,5,0;MQ=60;RB=1,72243731,72244172,CAG,AAT
20	7356702	NA	CGT	C	198	MASKED;ATTAATATCGTTTTTTTA	INDEL;IDV=7;IMF=1;DP=7;VDB=6.71664e-05;SGB=-0.636426;MQ0F=0;AC=2;AN=2;DP4=0,0,7,0;MQ=60;RB=20,7356580,7356991,GTA,CAG
1	170902680	NA	AAAG	A	182	NEI_IND[5/292];AAGAAAGAAAAGAGAAAG	INDEL;IDV=5;IMF=1;DP=5;VDB=0.00187095;SGB=-0.590765;MQ0F=0;AC=2;AN=2;DP4=0,0,5,0;MQ=60;RB=1,170902547,170902997,CGC,GAG
12	103075877	NA	CTCTT	C	182	MASKED;TCTTTTCTCTCTTTCTTT	INDEL;IDV=5;IMF=1;DP=5;VDB=0.00187095;SGB=-0.590765;MQ0F=0;AC=2;AN=2;DP4=0,0,0,5;MQ=60;RB=12,103075567,103075913,CAC,GGG
15	87606513	NA	TA	T	105	MASKED;ATAAAATTTAACAAATAC	INDEL;IDV=6;IMF=1;DP=6;VDB=0.000411984;SGB=-0.616816;MQ0F=0;AC=2;AN=2;DP4=0,0,0,6;MQ=60;RB=15,87606227,87606546,GAT,GGT
3	174799836	NA	GTA	G	116	NEI_IND[9/199];GTGTATGTGTATGTGTGT	INDEL;IDV=4;IMF=1;DP=4;VDB=0.00766117;SGB=-0.556411;MQ0F=0;AC=2;AN=2;DP4=0,0,0,4;MQ=60;RB=3,174799422,174799969,TTT,TGG
1	188371296	NA	CA	C	15.5372	MASKED;AACTTTACCAAAAAAAAT	INDEL;IDV=7;IMF=1;DP=7;VDB=6.71664e-05;SGB=-0.636426;MQ0F=0;AC=2;AN=2;DP4=0,0,7,0;MQ=60;RB=1,188371166,188371481,TAG,CCT
7	63801395	NA	TTGA	T	225	MASKED;ATTCCGTGTTGATGTTTT	INDEL;IDV=13;IMF=1;DP=13;VDB=3.3258e-08;SGB=-0.683931;MQ0F=0;AC=2;AN=2;DP4=0,0,13,0;MQ=60;RB=7,63801320,63801624,AAG,CTT
1	170902680	NA	AAAG	A	225	NEI_IND[5/292];AAGAAAGAAAAGAGAAAG	INDEL;IDV=9;IMF=1;DP=9;VDB=5.52906e-06;SGB=-0.662043;MQ0F=0;AC=2;AN=2;DP4=0,0,9,0;MQ=60;RB=1,170902546,170902997,AGA,CGC
1	1832628	NA	GA	G	24.4299	NEI_IND[6/396];GAAGAAAGGAAAGAAAGG	INDEL;IDV=6;IMF=1;DP=6;VDB=0.00187095;SGB=-0.590765;MQ0F=0;AC=2;AN=2;DP4=0,0,5,0;MQ=60;RB=1,1832512,1832836,AAC,GAG
10	57295623	NA	G	GA	44.4146	PASS;TCATCTTTGAAAAAAGGT	INDEL;IDV=11;IMF=1;DP=11;VDB=2.26006e-08;SGB=-0.676189;MQ0F=0;AC=2;AN=2;DP4=0,0,0,11;MQ=60;RB=10,57295386,57295699,GAA,TTA
1	203596563	NA	ATT	A	136	PASS;AACAAGTGATTTATCTCT	INDEL;IDV=4;IMF=1;DP=4;VDB=0.0058656;SGB=-0.556411;MQ0F=0;AC=2;AN=2;DP4=0,0,4,0;MQ=60;RB=1,203596500,203596747,TAT,GCT
3	101570587	NA	G	GCTAA	182	PASS;GGTGGTTAGGGCTGAGAA	INDEL;IDV=6;IMF=1;DP=6;VDB=0.00187095;SGB=-0.590765;MQ0F=0;AC=2;AN=2;DP4=0,0,5,0;MQ=60;RB=3,101570484,101570811,GCA,TAT
1	188371296	NA	CA	C	17.4922	MASKED;AACTTTACCAAAAAAAAT	INDEL;IDV=8;IMF=1;DP=8;VDB=1.33331e-05;SGB=-0.651104;MQ0F=0;AC=2;AN=2;DP4=0,0,8,0;MQ=60;RB=1,188371165,188371481,GAA,CGT
19	31681800	NA	TA	T	18.4763	MASKED;TTCTAGAATAAAAAAAAT	INDEL;IDV=10;IMF=1;DP=10;VDB=6.99472e-07;SGB=-0.670168;MQ0F=0;AC=2;AN=2;DP4=0,0,0,10;MQ=60;RB=19,31681571,31681835,GTT,GTG
5	135340272	NA	AACTCAGCTTAAAGTGT	A	205	NEI_IND[6/266];ACTCACAAAACTCAGCTT	INDEL;IDV=6;IMF=1;DP=6;VDB=0.000481013;SGB=-0.616816;MQ0F=0;AC=2;AN=2;DP4=0,0,0,6;MQ=60;RB=5,135339996,135340395,CGT,CTA
3	163611868	NA	AAC	A	69	NEI_IND[18/382];ACAACAACAACAAAAAAA	INDEL;IDV=4;IMF=1;DP=4;VDB=0.0058656;SGB=-0.556411;MQ0F=0;AC=2;AN=2;DP4=0,0,0,4;MQ=60;RB=3,163611511,163612004,AAG,CTA
20	7356702	NA	CGT	C	225	MASKED;ATTAATATCGTTTTTTTA	INDEL;IDV=10;IMF=1;DP=10;VDB=8.4981e-07;SGB=-0.670168;MQ0F=0;AC=2;AN=2;DP4=0,0,10,0;MQ=60;RB=20,7356580,7356992,GAT,GTA
7	134392605	NA	AG	A	109	NEI_IND[8/284];AGATAGATAGATAGATAG	INDEL;IDV=7;IMF=1;DP=7;VDB=6.71664e-05;SGB=-0.636426;MQ0F=0;AC=2;AN=2;DP4=0,0,7,0;MQ=60;RB=7,134392482,134392882,AAA,ACC
4	124053770	NA	TGTGC	T	123	MASKED;TATATATATGTGCATATA	INDEL;IDV=4;IMF=1;DP=4;VDB=0.0058656;SGB=-0.556411;MQ0F=0;AC=2;AN=2;DP4=0,0,0,4;MQ=60;RB=4,124053298,124053785,TCC,AGA
4	189576892	NA	CG	C	100	MASKED;CATGCTCTCGGCTCACTG	INDEL;IDV=6;IMF=1;DP=6;VDB=0.000411984;SGB=-0.616816;MQ0F=0;AC=2;AN=2;DP4=0,0,6,0;MQ=60;RB=4,189576881,189577225,ACC,TTT
7	134392605	NA	AG	A	109	NEI_IND[8/284];AGATAGATAGATAGATAG	INDEL;IDV=8;IMF=1;DP=8;VDB=6.71664e-05;SGB=-0.636426;MQ0F=0;AC=2;AN=2;DP4=0,0,7,0;MQ=60;RB=7,134392482,134392882,TAT,AGG
1	188371296	NA	CA	C	18.4763	MASKED;AACTTTACCAAAAAAAAT	INDEL;IDV=10;IMF=1;DP=10;VDB=6.99472e-07;SGB=-0.670168;MQ0F=0;AC=2;AN=2;DP4=0,0,10,0;MQ=60;RB=1,188371165,188371480,TTT,TTG
12	30304716	NA	A	AAAC	124	NEI_IND[24/310];ACAAAAAAAACAAAAAAA	INDEL;IDV=7;IMF=1;DP=7;VDB=6.71664e-05;SGB=-0.636426;MQ0F=0;AC=2;AN=2;DP4=0,0,7,0;MQ=60;RB=12,30304644,30304954,TAA,GCG
18	42386588	NA	CTTTTTTTTTTTTTTT	C,CTT	34.0812	NEI_IND[9/162];ATGAGCTCCTTTTTTTTT	INDEL;IDV=4;IMF=0.8;DP=4;VDB=0.026713;SGB=-0.556411;MQ0F=0;AC=1,1;AN=2;DP4=0,0,0,4;MQ=60;RB=18,42386324,42386684,CAT,ATG
