CHROM	POS	ID	REF	ALT	QUAL	FILTER	INFO
5	15013595	NA	CAAAAAAAAAAAAAAAAAA	CA,C	48.9519	NEI_IND[12/192];CTCCATCTCAAAAAAAAA	INDEL;IDV=4;IMF=1;DP=4;VDB=0.0058656;SGB=-0.556411;MQ0F=0;AC=1,1;AN=2;DP4=0,0,4,0;MQ=60;RB=5,15013561,15014017,TCG,TTT
X	150540263	NA	T	TA	114	NEI_IND[6/120];AGAAAGGGTAAATATGAA	INDEL;IDV=8;IMF=1;DP=8;VDB=1.33331e-05;SGB=-0.651104;MQ0F=0;AC=2;AN=2;DP4=0,0,0,8;MQ=60;RB=X,150539931,150540318,GTA,GGC
3	110319559	NA	GT	G	89	PASS;ATCTTTAAGTTCTTAATT	INDEL;IDV=6;IMF=1;DP=6;VDB=0.00187095;SGB=-0.590765;MQ0F=0;AC=2;AN=2;DP4=0,0,5,0;MQ=60;RB=3,110319468,110319913,TTT,GTC
20	7356702	NA	CGT	C	225	MASKED;ATTAATATCGTTTTTTTA	INDEL;IDV=14;IMF=1;DP=14;VDB=2.26006e-08;SGB=-0.686358;MQ0F=0;AC=2;AN=2;DP4=0,0,14,0;MQ=60;RB=20,7356580,7356992,TGA,AAT
4	167072242	NA	AAGGCAAAGAAGATGC	A	205	NEI_IND[16/464];AGAAGAAGAAGGCAAAGA	INDEL;IDV=6;IMF=1;DP=6;VDB=0.000411984;SGB=-0.616816;MQ0F=0;AC=2;AN=2;DP4=0,0,0,6;MQ=60;RB=4,167071863,167072277,CCT,GTG
1	188371296	NA	CA	C	18.4763	MASKED;AACTTTACCAAAAAAAAT	INDEL;IDV=10;IMF=1;DP=10;VDB=5.52906e-06;SGB=-0.662043;MQ0F=0;AC=2;AN=2;DP4=0,0,9,0;MQ=60;RB=1,188371165,188371481,CAA,CGA
18	1653634	NA	GCATA	G	172	NEI_IND[15/251];GTGTGTGTGCATATGTGT	INDEL;IDV=5;IMF=1;DP=5;VDB=0.00187095;SGB=-0.590765;MQ0F=0;AC=2;AN=2;DP4=0,0,5,0;MQ=60;RB=18,1653624,1653944,GCC,TGG
1	202856465	NA	GAA	G	95	NEI_IND[6/275];AACATTATGAAAAATTTT	INDEL;IDV=5;IMF=1;DP=5;VDB=0.00187095;SGB=-0.590765;MQ0F=0;AC=2;AN=2;DP4=0,0,0,5;MQ=60;RB=1,202855935,202856481,CAA,GCG
20	7356702	NA	CGT	C	214	MASKED;ATTAATATCGTTTTTTTA	INDEL;IDV=8;IMF=1;DP=8;VDB=1.33331e-05;SGB=-0.651104;MQ0F=0;AC=2;AN=2;DP4=0,0,8,0;MQ=60;RB=20,7356581,7356991,AGG,TAG
20	9360462	NA	GA	G	42.4147	PASS;TTGAAGGGGAAAAAATGT	INDEL;IDV=10;IMF=1;DP=10;VDB=6.99472e-07;SGB=-0.670168;MQ0F=0;AC=2;AN=2;DP4=0,0,10,0;MQ=60;RB=20,9360429,9360761,AAT,CAA
20	7356702	NA	CGT	C	210	MASKED;ATTAATATCGTTTTTTTA	INDEL;IDV=8;IMF=1;DP=8;VDB=1.33331e-05;SGB=-0.651104;MQ0F=0;AC=2;AN=2;DP4=0,0,8,0;MQ=60;RB=20,7356580,7356991,CTT,CCG
9	6397603	NA	AG	A	142	PASS;AGAAAGAAAGAAAGAAAA	INDEL;IDV=10;IMF=0.909091;DP=11;VDB=6.99472e-07;SGB=-0.670168;MQ0F=0;AC=2;AN=2;DP4=0,0,10,0;MQ=60;RB=9,6397468,6397995,GAG,CCA
2	61974997	NA	ACTT	A	210	NEI_IND[3/278];CTATTTATACTTCTTCTT	INDEL;IDV=7;IMF=1;DP=7;VDB=6.71664e-05;SGB=-0.636426;MQ0F=0;AC=2;AN=2;DP4=0,0,7,0;MQ=60;RB=2,61974871,61975163,GTA,AGA
2	53044790	NA	G	GA	29.4193	PASS;AGAATTCTGAAAAAAATC	INDEL;IDV=12;IMF=1;DP=12;VDB=2.26006e-08;SGB=-0.680642;MQ0F=0;AC=2;AN=2;DP4=0,0,12,0;MQ=60;RB=2,53044764,53045088,CTA,ATC
4	167072242	NA	AAGGCAAAGAAGATGC	A	224	NEI_IND[16/464];AGAAGAAGAAGGCAAAGA	INDEL;IDV=7;IMF=1;DP=7;VDB=6.71664e-05;SGB=-0.636426;MQ0F=0;AC=2;AN=2;DP4=0,0,0,7;MQ=60;RB=4,167071864,167072278,TTG,TTT
X	39591881	NA	AAGAG	A	225	MASKED;AAGAAAGAAAGAGAGAAA	INDEL;IDV=13;IMF=0.928571;DP=14;VDB=3.87825e-08;SGB=-0.686358;MQ0F=0;AC=2;AN=2;DP4=0,0,14,0;MQ=60;RB=X,39591748,39592054,GTA,TTT
21	10841753	NA	ACAGACTCAAG	A	213	MASKED;GGAATGGAACAGACTCAA	INDEL;IDV=7;IMF=1;DP=7;VDB=6.71664e-05;SGB=-0.636426;MQ0F=0;AC=2;AN=2;DP4=0,0,7,0;MQ=60;RB=21,10841623,10842122,CCA,TTC
1	52665754	NA	CT	C	106	PASS;TAATAGACCTTTATCAGA	INDEL;IDV=7;IMF=1;DP=7;VDB=6.71664e-05;SGB=-0.636426;MQ0F=0;AC=2;AN=2;DP4=0,0,0,7;MQ=60;RB=1,52665493,52665828,ACT,TGG
2	133824604	NA	TTA	T	130	MASKED;TTTATTTTTTATTTTTTT	INDEL;IDV=13;IMF=1;DP=13;VDB=2.26006e-08;SGB=-0.680642;MQ0F=0;AC=2;AN=2;DP4=0,0,12,0;MQ=60;RB=2,133824474,133824781,CCG,ACT
1	19990174	NA	CTTTTTTTTTT	C	47.5763	NEI_IND[17/235];TTTCTTTCCTTTTTTTTT	INDEL;IDV=5;IMF=1;DP=5;VDB=0.00215942;SGB=-0.590765;MQ0F=0;AC=2;AN=2;DP4=0,0,0,5;MQ=60;RB=1,19989798,19990237,GCC,GAT
19	17989316	NA	AAAAAT	A	225	MASKED;TGTCTCAAAAAAATAAAA	INDEL;IDV=9;IMF=1;DP=9;VDB=6.61498e-06;SGB=-0.662043;MQ0F=0;AC=2;AN=2;DP4=0,0,0,9;MQ=60;RB=19,17989002,17989356,ATA,GCT
7	89630573	NA	T	TA	51	PASS;TATATATATTGTGTATAT	INDEL;IDV=8;IMF=1;DP=8;VDB=1.33331e-05;SGB=-0.651104;MQ0F=0;AC=2;AN=2;DP4=0,0,8,0;MQ=60;RB=7,89630443,89630930,TAT,TAT
14	37085617	NA	GA	G	27.4221	PASS;TGCCAGATGAAAAAATTC	INDEL;IDV=5;IMF=1;DP=5;VDB=0.00187095;SGB=-0.590765;MQ0F=0;AC=2;AN=2;DP4=0,0,5,0;MQ=60;RB=14,37085496,37085803,CCC,GTT
20	7356702	NA	CGT	C	224	MASKED;ATTAATATCGTTTTTTTA	INDEL;IDV=9;IMF=1;DP=9;VDB=6.61498e-06;SGB=-0.662043;MQ0F=0;AC=2;AN=2;DP4=0,0,9,0;MQ=60;RB=20,7356580,7356992,TGA,CAA
21	10841753	NA	ACAGACTCAAG	A	224	MASKED;GGAATGGAACAGACTCAA	INDEL;IDV=7;IMF=1;DP=7;VDB=6.71664e-05;SGB=-0.636426;MQ0F=0;AC=2;AN=2;DP4=0,0,7,0;MQ=60;RB=21,10841623,10841963,GTA,CGA
21	10841904	NA	AGGAAT	A	216	NEI_IND[198/660];GACTCGAAAGGAATGGAA	INDEL;IDV=7;IMF=1;DP=7;VDB=0.000404967;SGB=-0.636426;MQ0F=0;AC=2;AN=2;DP4=0,0,0,7;MQ=60;RB=21,10841623,10841963,GTA,CGA
9	6397603	NA	AG	A	126	PASS;AGAAAGAAAGAAAGAAAA	INDEL;IDV=8;IMF=1;DP=8;VDB=1.33331e-05;SGB=-0.651104;MQ0F=0;AC=2;AN=2;DP4=0,0,8,0;MQ=60;RB=9,6397468,6397995,GAG,GGT
10	121888306	NA	AAAAAG	A	81	NEI_IND[5/281];AAAAAAAAAAAAAGAAAA	INDEL;IDV=9;IMF=0.9;DP=9;VDB=5.52906e-06;SGB=-0.662043;MQ0F=0;AC=2;AN=2;DP4=0,0,9,0;MQ=60;RB=10,121888257,121888555,TTA,AAT
7	143083141	NA	T	TCTG	225	NEI_IND[47/223];GTGAGTGGTGTATGTGTG	INDEL;IDV=8;IMF=1;DP=8;VDB=1.33331e-05;SGB=-0.651104;MQ0F=0;AC=2;AN=2;DP4=0,0,0,8;MQ=60;RB=7,143082795,143083152,GAC,ATT
12	80307902	NA	A	AAT	179	PASS;AATATTTAAAAGTTTTTT	INDEL;IDV=7;IMF=1;DP=7;VDB=6.71664e-05;SGB=-0.636426;MQ0F=0;AC=2;AN=2;DP4=0,0,0,7;MQ=60;RB=12,80307739,80308032,CCT,AGG
1	102788240	NA	GT	G	137	PASS;GAAAAGAGGTTTATTTTG	INDEL;IDV=15;IMF=0.9375;DP=16;VDB=5.54297e-10;SGB=-0.688148;MQ0F=0;AC=2;AN=2;DP4=0,0,15,0;MQ=60;RB=1,102788197,102788569,CCT,GCG
3	163611869	NA	AC	A	121	NEI_IND[12/284];CAACAACAACAAAAAAAA	INDEL;IDV=7;IMF=0.7;DP=8;VDB=1.33331e-05;SGB=-0.651104;MQ0F=0;AC=2;AN=2;DP4=0,0,0,8;MQ=60;RB=3,163611511,163612004,ATG,TTT
6	108768117	NA	T	TA	18.4763	PASS;GGCTATTTTAAAAAAAAC	INDEL;IDV=9;IMF=0.9;DP=10;VDB=5.52906e-06;SGB=-0.662043;MQ0F=0;AC=2;AN=2;DP4=0,0,0,9;MQ=60;RB=6,108767788,108768190,ATA,CAT
19	17989316	NA	AAAAAT	A	225	MASKED;TGTCTCAAAAAAATAAAA	INDEL;IDV=9;IMF=1;DP=9;VDB=5.52906e-06;SGB=-0.662043;MQ0F=0;AC=2;AN=2;DP4=0,0,0,9;MQ=59;RB=19,17989002,17989356,TGT,CCT
2	238575383	NA	G	GTTCTTTCA	225	NEI_IND[18/384];GTTCTTTCGTTCTTTCAT	INDEL;IDV=11;IMF=0.916667;DP=12;VDB=9.97856e-08;SGB=-0.680642;MQ0F=0;AC=2;AN=2;DP4=0,0,12,0;MQ=60;RB=2,238575310,238575701,CTT,AAG
2	238575438	NA	TTC	T	159	NEI_IND[16/366];CTTTCTCTTTCTCTTTCT	INDEL;IDV=11;IMF=1;DP=11;VDB=5.52906e-06;SGB=-0.662043;MQ0F=0;AC=2;AN=2;DP4=0,0,9,0;MQ=60;RB=2,238575310,238575701,CTT,AAG
2	133824604	NA	TTA	T	70	MASKED;TTTATTTTTTATTTTTTT	INDEL;IDV=4;IMF=1;DP=4;VDB=0.0058656;SGB=-0.556411;MQ0F=0;AC=2;AN=2;DP4=0,0,4,0;MQ=60;RB=2,133824473,133824780,ATT,GAG
4	167072242	NA	AAGGCAAAGAAGATGC	A	205	NEI_IND[16/464];AGAAGAAGAAGGCAAAGA	INDEL;IDV=6;IMF=1;DP=6;VDB=0.000411984;SGB=-0.616816;MQ0F=0;AC=2;AN=2;DP4=0,0,0,6;MQ=60;RB=4,167071863,167072277,GAT,CTG
8	137004047	NA	CT	C	66	NEI_IND[4/379];CTATCTATCTATCTATCT	INDEL;IDV=4;IMF=1;DP=4;VDB=0.0058656;SGB=-0.556411;MQ0F=0;AC=2;AN=2;DP4=0,0,4,0;MQ=54;RB=8,137003914,137004445,CCT,GGG
5	37124382	NA	AC	A	99	NEI_IND[59/340];TAATCTAAACTGTAATCT	INDEL;IDV=5;IMF=1;DP=5;VDB=0.00187095;SGB=-0.590765;MQ0F=0;AC=2;AN=2;DP4=0,0,5,0;MQ=60;RB=5,37124247,37124705,GGT,GCC
1	145066440	NA	CT	C	154	PASS;AATCCCAGCTACTCAGGA	INDEL;IDV=12;IMF=1;DP=12;VDB=2.78367e-08;SGB=-0.680642;MQ0F=0;AC=2;AN=2;DP4=0,0,0,12;MQ=60;RB=1,145066120,145066490,CCA,CCT
15	60280518	NA	GC	G	111	PASS;GCCAGCCAGCCCAGCCAG	INDEL;IDV=9;IMF=1;DP=9;VDB=5.52906e-06;SGB=-0.662043;MQ0F=0;AC=2;AN=2;DP4=0,0,9,0;MQ=60;RB=15,60280383,60280696,CTC,AGA
3	85608848	NA	ATC	A	225	MASKED;ATATATATATCACTTTTT	INDEL;IDV=10;IMF=1;DP=10;VDB=6.99472e-07;SGB=-0.670168;MQ0F=0;AC=2;AN=2;DP4=0,0,0,10;MQ=60;RB=3,85608520,85608967,CCT,TCG
1	188371296	NA	CA	C	17.4922	MASKED;AACTTTACCAAAAAAAAT	INDEL;IDV=8;IMF=1;DP=8;VDB=1.33331e-05;SGB=-0.651104;MQ0F=0;AC=2;AN=2;DP4=0,0,8,0;MQ=60;RB=1,188371165,188371480,AAT,CTC
9	119760868	NA	CCATG	C	154	MASKED;CCATACATCCATGCATCC	INDEL;IDV=4;IMF=1;DP=4;VDB=0.0058656;SGB=-0.556411;MQ0F=0;AC=2;AN=2;DP4=0,0,0,4;MQ=60;RB=9,119760243,119760886,AGC,ACT
1	188371296	NA	CA	C	17.4922	MASKED;AACTTTACCAAAAAAAAT	INDEL;IDV=8;IMF=1;DP=8;VDB=1.60207e-05;SGB=-0.651104;MQ0F=0;AC=2;AN=2;DP4=0,0,8,0;MQ=60;RB=1,188371165,188371481,TTT,TAT
2	192314412	NA	CT	C	135	PASS;CTATCTATCTATCTATCT	INDEL;IDV=9;IMF=1;DP=9;VDB=5.52906e-06;SGB=-0.662043;MQ0F=0;AC=2;AN=2;DP4=0,0,0,9;MQ=60;RB=2,192313992,192314423,CCT,AAC
1	188371296	NA	CA	C	18.4763	MASKED;AACTTTACCAAAAAAAAT	INDEL;IDV=14;IMF=1;DP=14;VDB=2.26006e-08;SGB=-0.686358;MQ0F=0;AC=2;AN=2;DP4=0,0,14,0;MQ=60;RB=1,188371165,188371481,AGA,GCA
1	188371296	NA	CA	C	19.4636	MASKED;AACTTTACCAAAAAAAAT	INDEL;IDV=11;IMF=1;DP=11;VDB=2.26006e-08;SGB=-0.676189;MQ0F=0;AC=2;AN=2;DP4=0,0,11,0;MQ=60;RB=1,188371165,188371480,GTT,AAG
12	19986929	NA	CAT	C	225	NEI_IND[3/234];CACACACACATACACACA	INDEL;IDV=10;IMF=1;DP=10;VDB=6.99472e-07;SGB=-0.670168;MQ0F=0;AC=2;AN=2;DP4=0,0,10,0;MQ=60;RB=12,19986813,19987210,GTC,TGC
1	144612948	NA	A	ATGTG	193	PASS;ATATATTCATGTGTGTGT	INDEL;IDV=6;IMF=1;DP=6;VDB=0.000411984;SGB=-0.616816;MQ0F=0;AC=2;AN=2;DP4=0,0,0,6;MQ=60;RB=1,144612804,144613056,GCA,CCG
5	31042954	NA	GATAT	G	225	MASKED;GAAAATGTGATATATATA	INDEL;IDV=8;IMF=1;DP=8;VDB=1.33331e-05;SGB=-0.651104;MQ0F=0;AC=2;AN=2;DP4=0,0,8,0;MQ=60;RB=5,31042834,31043124,CTA,CGG
5	31043032	NA	C	CATAT	216	NEI_IND[7/265];CGCATACACATTTATGTA	INDEL;IDV=8;IMF=1;DP=8;VDB=1.33331e-05;SGB=-0.651104;MQ0F=0;AC=2;AN=2;DP4=0,0,0,8;MQ=60;RB=5,31042834,31043124,CTA,CGG
4	59321615	NA	CA	C	73	PASS;TTAAGATACAATTACTAT	INDEL;IDV=4;IMF=1;DP=4;VDB=0.0058656;SGB=-0.556411;MQ0F=0;AC=2;AN=2;DP4=0,0,0,4;MQ=60;RB=4,59321333,59321644,TGT,CGG
9	9584355	NA	TCAC	T	223	NEI_IND[4/198];TTATTTCATCACCATTAT	INDEL;IDV=8;IMF=1;DP=8;VDB=1.33331e-05;SGB=-0.651104;MQ0F=0;AC=2;AN=2;DP4=0,0,8,0;MQ=60;RB=9,9584228,9584623,CCT,ATT
2	192314412	NA	CT	C	108	PASS;CTATCTATCTATCTATCT	INDEL;IDV=6;IMF=1;DP=6;VDB=0.000411984;SGB=-0.616816;MQ0F=0;AC=2;AN=2;DP4=0,0,0,6;MQ=60;RB=2,192313993,192314424,CCG,CCT
21	10841753	NA	ACAGACTCAAG	A	225	MASKED;GGAATGGAACAGACTCAA	INDEL;IDV=11;IMF=1;DP=11;VDB=2.26006e-08;SGB=-0.676189;MQ0F=0;AC=2;AN=2;DP4=0,0,11,0;MQ=60;RB=21,10841623,10841962,GCT,GCC
21	10841904	NA	AGGAAT	A	225	NEI_IND[198/660];GACTCGAAAGGAATGGAA	INDEL;IDV=11;IMF=1;DP=11;VDB=2.93326e-06;SGB=-0.676189;MQ0F=0.0909091;AC=2;AN=2;DP4=0,0,0,11;MQ=54;RB=21,10841623,10841962,GCT,GCC
X	145557712	NA	CGT	C	135	MASKED;TGTGTGTGCGTGTGTGTG	INDEL;IDV=6;IMF=1;DP=6;VDB=0.000411984;SGB=-0.616816;MQ0F=0;AC=2;AN=2;DP4=0,0,0,6;MQ=60;RB=X,145557295,145557732,AGA,TTG
5	37124382	NA	AC	A	115	NEI_IND[59/340];TAATCTAAACTGTAATCT	INDEL;IDV=6;IMF=1;DP=6;VDB=0.000411984;SGB=-0.616816;MQ0F=0;AC=2;AN=2;DP4=0,0,6,0;MQ=60;RB=5,37124247,37124705,GGA,TAG
20	7356702	NA	CGT	C	211	MASKED;ATTAATATCGTTTTTTTA	INDEL;IDV=8;IMF=1;DP=8;VDB=1.92178e-05;SGB=-0.651104;MQ0F=0;AC=2;AN=2;DP4=0,0,8,0;MQ=60;RB=20,7356581,7356992,GTC,CTA
1	188371296	NA	CA	C	18.4763	MASKED;AACTTTACCAAAAAAAAT	INDEL;IDV=10;IMF=1;DP=10;VDB=6.99472e-07;SGB=-0.670168;MQ0F=0;AC=2;AN=2;DP4=0,0,10,0;MQ=60;RB=1,188371166,188371481,CAC,GGT
4	100432177	NA	TA	T	104	PASS;AAGCTATGTAACATATCT	INDEL;IDV=6;IMF=1;DP=6;VDB=0.000411984;SGB=-0.616816;MQ0F=0;AC=2;AN=2;DP4=0,0,0,6;MQ=60;RB=4,100432022,100432312,CTG,CGT
1	188371296	NA	CA	C	18.4763	MASKED;AACTTTACCAAAAAAAAT	INDEL;IDV=9;IMF=1;DP=9;VDB=5.52906e-06;SGB=-0.662043;MQ0F=0;AC=2;AN=2;DP4=0,0,9,0;MQ=60;RB=1,188371165,188371481,CTA,AAA
3	174799836	NA	GTA	G	153	NEI_IND[12/350];GTGTATGTGTATGTGTGT	INDEL;IDV=5;IMF=1;DP=5;VDB=0.00187095;SGB=-0.590765;MQ0F=0;AC=2;AN=2;DP4=0,0,0,5;MQ=60;RB=3,174799422,174799969,GTT,TTC
1	188371296	NA	CA	C	19.4636	MASKED;AACTTTACCAAAAAAAAT	INDEL;IDV=11;IMF=1;DP=11;VDB=2.26006e-08;SGB=-0.676189;MQ0F=0;AC=2;AN=2;DP4=0,0,11,0;MQ=60;RB=1,188371165,188371481,TCA,GTA
2	192314412	NA	CT	C	109	PASS;CTATCTATCTATCTATCT	INDEL;IDV=6;IMF=1;DP=6;VDB=0.000411984;SGB=-0.616816;MQ0F=0;AC=2;AN=2;DP4=0,0,0,6;MQ=60;RB=2,192313993,192314423,AAC,TAC
X	39591881	NA	AAGAG	A	182	MASKED;AAGAAAGAAAGAGAGAAA	INDEL;IDV=5;IMF=1;DP=5;VDB=0.00187095;SGB=-0.590765;MQ0F=0;AC=2;AN=2;DP4=0,0,5,0;MQ=60;RB=X,39591748,39592053,GCT,CGG
20	7356702	NA	CGT	C	197	MASKED;ATTAATATCGTTTTTTTA	INDEL;IDV=7;IMF=1;DP=7;VDB=6.71664e-05;SGB=-0.636426;MQ0F=0;AC=2;AN=2;DP4=0,0,7,0;MQ=60;RB=20,7356580,7356991,TCT,TAG
1	15437033	NA	GTGCATATGTGTT	G	154	NEI_IND[14/379];TTGTGTGTGTGCATATGT	INDEL;IDV=4;IMF=1;DP=4;VDB=0.0058656;SGB=-0.556411;MQ0F=0;AC=2;AN=2;DP4=0,0,4,0;MQ=60;RB=1,15437018,15437480,GTT,GTC
X	16487774	NA	ACACGCG	A	154	NEI_IND[10/297];GTGCACACACACGCGCAC	INDEL;IDV=4;IMF=1;DP=4;VDB=0.0058656;SGB=-0.556411;MQ0F=0;AC=2;AN=2;DP4=0,0,4,0;MQ=60;RB=X,16487757,16488089,AGA,TTG
3	89684593	NA	AAAC	A	224	PASS;AAATCACTAAACAATAGC	INDEL;IDV=7;IMF=1;DP=7;VDB=6.71664e-05;SGB=-0.636426;MQ0F=0;AC=2;AN=2;DP4=0,0,7,0;MQ=60;RB=3,89684530,89684807,GCC,GCG
16	20390341	NA	ATT	A	27.4221	NEI_IND[12/312];TTTAGGGCATTTTTTTTT	INDEL;IDV=5;IMF=1;DP=5;VDB=0.00187095;SGB=-0.590765;MQ0F=0;AC=2;AN=2;DP4=0,0,0,5;MQ=60;RB=16,20389900,20390386,ATA,GGG
1	188576461	NA	CAT	C	66	PASS;TATACACACATATATATA	INDEL;IDV=5;IMF=1;DP=5;VDB=0.00187095;SGB=-0.590765;MQ0F=0;AC=2;AN=2;DP4=0,0,5,0;MQ=60;RB=1,188576347,188576796,ACG,GGA
20	7356702	NA	CGT	C	225	MASKED;ATTAATATCGTTTTTTTA	INDEL;IDV=11;IMF=1;DP=11;VDB=2.26006e-08;SGB=-0.676189;MQ0F=0;AC=2;AN=2;DP4=0,0,11,0;MQ=60;RB=20,7356580,7356992,TAT,GTT
5	15013595	NA	CAAAAAAAAAAAAAAAAA	C,CA	75	NEI_IND[12/192];CTCCATCTCAAAAAAAAA	INDEL;IDV=4;IMF=1;DP=4;VDB=0.0058656;SGB=-0.556411;MQ0F=0;AC=1,1;AN=2;DP4=0,0,4,0;MQ=60;RB=5,15013561,15014017,GCC,GTT
5	37124382	NA	AC	A	127	NEI_IND[59/340];TAATCTAAACTGTAATCT	INDEL;IDV=7;IMF=1;DP=7;VDB=6.71664e-05;SGB=-0.636426;MQ0F=0;AC=2;AN=2;DP4=0,0,7,0;MQ=60;RB=5,37124247,37124706,TCT,GGT
11	115034808	NA	GAAAA	G	63	NEI_IND[38/240];TATTACCAGAAAAAAAAA	INDEL;IDV=5;IMF=1;DP=5;VDB=0.00187095;SGB=-0.590765;MQ0F=0;AC=2;AN=2;DP4=0,0,5,0;MQ=60;RB=11,115034711,115035177,CTA,CTT
4	167072242	NA	AAGGCAAAGAAGATGC	A	224	NEI_IND[16/464];AGAAGAAGAAGGCAAAGA	INDEL;IDV=7;IMF=1;DP=7;VDB=6.71664e-05;SGB=-0.636426;MQ0F=0;AC=2;AN=2;DP4=0,0,0,7;MQ=60;RB=4,167071864,167072278,GTC,AGA
13	108191998	NA	GTATAAAATACACAAAA	G	205	PASS;CTGAAATAGTATAAAATA	INDEL;IDV=6;IMF=1;DP=6;VDB=0.000411984;SGB=-0.616816;MQ0F=0;AC=2;AN=2;DP4=0,0,0,6;MQ=60;RB=13,108191806,108192072,TGG,CTT
18	40767613	NA	ATG	A	195	MASKED;ACACGCACATGCACACAC	INDEL;IDV=7;IMF=1;DP=7;VDB=6.71664e-05;SGB=-0.636426;MQ0F=0;AC=2;AN=2;DP4=0,0,0,7;MQ=60;RB=18,40767100,40767626,AAG,GGG
3	188104043	NA	AGCATGCGC	A	224	NEI_IND[27/264];TAAGTCATAGCATGCGCG	INDEL;IDV=7;IMF=1;DP=7;VDB=6.71664e-05;SGB=-0.636426;MQ0F=0;AC=2;AN=2;DP4=0,0,7,0;MQ=60;RB=3,188104017,188104302,CAA,TCA
13	83443602	NA	TC	T	102	PASS;GTCTAATCTCCCTCCCCT	INDEL;IDV=7;IMF=1;DP=7;VDB=6.71664e-05;SGB=-0.636426;MQ0F=0;AC=2;AN=2;DP4=0,0,0,7;MQ=60;RB=13,83443368,83443628,GAT,CGT
18	40767613	NA	ATG	A	139	MASKED;ACACGCACATGCACACAC	INDEL;IDV=4;IMF=1;DP=4;VDB=0.0058656;SGB=-0.556411;MQ0F=0;AC=2;AN=2;DP4=0,0,0,4;MQ=60;RB=18,40767100,40767627,CAC,GTT
3	68870477	NA	CTTTTTTTTTT	C	9.83434	MASKED;CCTCCCTGCTTTTTTTTT	INDEL;IDV=5;IMF=1;DP=5;VDB=0.00766117;SGB=-0.556411;MQ0F=0;AC=2;AN=2;DP4=0,0,0,4;MQ=60;RB=3,68870191,68870549,GTA,GTA
1	188371296	NA	CA	C	15.5372	MASKED;AACTTTACCAAAAAAAAT	INDEL;IDV=7;IMF=1;DP=7;VDB=6.71664e-05;SGB=-0.636426;MQ0F=0;AC=2;AN=2;DP4=0,0,7,0;MQ=60;RB=1,188371165,188371480,ACT,GTG
1	99779754	NA	GT	G	112	PASS;ATTTGGAAGTGTTCTGTG	INDEL;IDV=6;IMF=1;DP=6;VDB=0.000411984;SGB=-0.616816;MQ0F=0;AC=2;AN=2;DP4=0,0,0,6;MQ=60;RB=1,99779489,99779875,GGG,CAC
4	167072242	NA	AAGGCAAAGAAGATGC	A	225	NEI_IND[16/464];AGAAGAAGAAGGCAAAGA	INDEL;IDV=8;IMF=1;DP=8;VDB=1.33331e-05;SGB=-0.651104;MQ0F=0;AC=2;AN=2;DP4=0,0,0,8;MQ=60;RB=4,167071863,167072278,CAA,CAA
10	109062814	NA	AGAAAG	A	182	NEI_IND[17/321];AAAGAAAGAGAAAGAAAA	INDEL;IDV=5;IMF=1;DP=5;VDB=0.00187095;SGB=-0.590765;MQ0F=0;AC=2;AN=2;DP4=0,0,5,0;MQ=60;RB=10,109062683,109062967,GCG,CTT
21	10841753	NA	ACAGACTCAAG	A	219	MASKED;GGAATGGAACAGACTCAA	INDEL;IDV=7;IMF=1;DP=7;VDB=6.71664e-05;SGB=-0.636426;MQ0F=0;AC=2;AN=2;DP4=0,0,7,0;MQ=60;RB=21,10841623,10841962,AAA,TTG
21	10841904	NA	AGGAAT	A	189	NEI_IND[198/660];GACTCGAAAGGAATGGAA	INDEL;IDV=7;IMF=1;DP=7;VDB=0.00117455;SGB=-0.616816;MQ0F=0;AC=2;AN=2;DP4=0,0,0,6;MQ=60;RB=21,10841623,10841962,AAA,TTG
4	167072242	NA	AAGGCAAAGAAGATGC	A	224	NEI_IND[16/464];AGAAGAAGAAGGCAAAGA	INDEL;IDV=7;IMF=1;DP=7;VDB=6.71664e-05;SGB=-0.636426;MQ0F=0;AC=2;AN=2;DP4=0,0,0,7;MQ=60;RB=4,167071863,167072278,GGT,AAT
21	10841753	NA	ACAGACTCAAG	A	182	MASKED;GGAATGGAACAGACTCAA	INDEL;IDV=5;IMF=1;DP=5;VDB=0.00187095;SGB=-0.590765;MQ0F=0;AC=2;AN=2;DP4=0,0,5,0;MQ=60;RB=21,10841624,10841962,GAC,AAG
21	10841904	NA	AGGAAT	A	154	NEI_IND[198/660];GACTCGAAAGGAATGGAA	INDEL;IDV=5;IMF=1;DP=5;VDB=0.00992398;SGB=-0.556411;MQ0F=0;AC=2;AN=2;DP4=0,0,0,4;MQ=60;RB=21,10841624,10841962,GAC,AAG
1	193834773	NA	T	TTCTAGAAGAC	63	NEI_IND[13/400];TGTTTTTGTTATGTTAAT	INDEL;IDV=11;IMF=1;DP=11;VDB=6.99472e-07;SGB=-0.670168;MQ0F=0;AC=2;AN=2;DP4=0,0,10,0;MQ=60;RB=1,193834681,193835042,ACT,CGT
X	39591881	NA	AAGAG	A	224	MASKED;AAGAAAGAAAGAGAGAAA	INDEL;IDV=7;IMF=1;DP=7;VDB=6.71664e-05;SGB=-0.636426;MQ0F=0;AC=2;AN=2;DP4=0,0,7,0;MQ=60;RB=X,39591749,39592053,CGC,CAC
3	103560082	NA	TATC	T	225	MASKED;TATCTATCTATCATCTAT	INDEL;IDV=10;IMF=1;DP=10;VDB=5.52906e-06;SGB=-0.662043;MQ0F=0;AC=2;AN=2;DP4=0,0,9,0;MQ=60;RB=3,103559950,103560452,CCT,ACT
2	61974997	NA	ACTT	A	225	NEI_IND[3/278];CTATTTATACTTCTTCTT	INDEL;IDV=10;IMF=0.909091;DP=11;VDB=6.99472e-07;SGB=-0.670168;MQ0F=0;AC=2;AN=2;DP4=0,0,10,0;MQ=60;RB=2,61974871,61975162,GAA,GAG
20	7356702	NA	CGT	C	185	MASKED;ATTAATATCGTTTTTTTA	INDEL;IDV=9;IMF=0.9;DP=10;VDB=9.63613e-06;SGB=-0.662043;MQ0F=0;AC=2;AN=2;DP4=0,0,9,0;MQ=60;RB=20,7356580,7356991,AAA,GCG
1	188371296	NA	CA	C	18.4763	MASKED;AACTTTACCAAAAAAAAT	INDEL;IDV=10;IMF=1;DP=10;VDB=6.99472e-07;SGB=-0.670168;MQ0F=0;AC=2;AN=2;DP4=0,0,10,0;MQ=60;RB=1,188371166,188371480,CCG,CTC
6	169465928	NA	AAG	A	38.415	NEI_IND[9/364];AAGAAAGAAAGAAAGAAA	INDEL;IDV=9;IMF=1;DP=9;VDB=1.33331e-05;SGB=-0.651104;MQ0F=0;AC=2;AN=2;DP4=0,0,0,8;MQ=60;RB=6,169465770,169466057,TTC,GTC
12	48593109	NA	T	TA	103	PASS;CATTGAGATAATACTAGT	INDEL;IDV=6;IMF=1;DP=6;VDB=0.00187095;SGB=-0.590765;MQ0F=0;AC=2;AN=2;DP4=0,0,5,0;MQ=60;RB=12,48593095,48593626,ATT,TAC
9	6397603	NA	AG	A	94	PASS;AGAAAGAAAGAAAGAAAA	INDEL;IDV=5;IMF=1;DP=5;VDB=0.00187095;SGB=-0.590765;MQ0F=0;AC=2;AN=2;DP4=0,0,5,0;MQ=60;RB=9,6397468,6397994,CTG,AAC
5	150776221	NA	AT	A	88	MASKED;TGAATGGGATTAAATATG	INDEL;IDV=5;IMF=1;DP=5;VDB=0.00187095;SGB=-0.590765;MQ0F=0;AC=2;AN=2;DP4=0,0,0,5;MQ=60;RB=5,150775824,150776238,TGA,ATA
1	89363790	NA	GTA	G	193	MASKED;ATATATGTGTATATATGT	INDEL;IDV=9;IMF=1;DP=9;VDB=5.52906e-06;SGB=-0.662043;MQ0F=0;AC=2;AN=2;DP4=0,0,9,0;MQ=60;RB=1,89363667,89364053,CTT,CCG
7	17825719	NA	AAGGAG	A	205	NEI_IND[5/240];GCTTTTACAAGGAGAGGT	INDEL;IDV=6;IMF=1;DP=6;VDB=0.000411984;SGB=-0.616816;MQ0F=0;AC=2;AN=2;DP4=0,0,6,0;MQ=60;RB=7,17825674,17825997,GGC,ACG
7	17825778	NA	TACACAC	T	205	NEI_IND[50/266];CTTATATTTACACACACA	INDEL;IDV=6;IMF=1;DP=6;VDB=0.000411984;SGB=-0.616816;MQ0F=0;AC=2;AN=2;DP4=0,0,6,0;MQ=60;RB=7,17825674,17825997,GGC,ACG
7	143083141	NA	T	TCTG	212	NEI_IND[47/223];GTGAGTGGTGTATGTGTG	INDEL;IDV=7;IMF=1;DP=7;VDB=6.71664e-05;SGB=-0.636426;MQ0F=0;AC=2;AN=2;DP4=0,0,0,7;MQ=60;RB=7,143082794,143083151,TTT,TTC
4	167072242	NA	AAGGCAAAGAAGATGC	A	224	NEI_IND[16/464];AGAAGAAGAAGGCAAAGA	INDEL;IDV=7;IMF=1;DP=7;VDB=6.71664e-05;SGB=-0.636426;MQ0F=0;AC=2;AN=2;DP4=0,0,0,7;MQ=60;RB=4,167071863,167072277,TCA,GGG
X	96764434	NA	TC	T	43.4147	NEI_IND[23/252];CTGTGTGTTCTTTTTTTT	INDEL;IDV=4;IMF=0.8;DP=4;VDB=0.0221621;SGB=-0.511536;MQ0F=0;AC=2;AN=2;DP4=0,0,0,3;MQ=60;RB=X,96764196,96764546,ACT,CCA
18	1653634	NA	GCATA	G	202	NEI_IND[15/251];GTGTGTGTGCATATGTGT	INDEL;IDV=6;IMF=1;DP=6;VDB=0.000411984;SGB=-0.616816;MQ0F=0;AC=2;AN=2;DP4=0,0,6,0;MQ=60;RB=18,1653623,1653945,CGT,AGA
1	188371296	NA	CA	C	18.4763	MASKED;AACTTTACCAAAAAAAAT	INDEL;IDV=9;IMF=1;DP=9;VDB=5.52906e-06;SGB=-0.662043;MQ0F=0;AC=2;AN=2;DP4=0,0,9,0;MQ=60;RB=1,188371166,188371481,CGG,AGT
1	188371296	NA	CA	C	17.4922	MASKED;AACTTTACCAAAAAAAAT	INDEL;IDV=8;IMF=1;DP=8;VDB=1.33331e-05;SGB=-0.651104;MQ0F=0;AC=2;AN=2;DP4=0,0,8,0;MQ=60;RB=1,188371166,188371481,AAG,TTT
6	169465928	NA	AAG	A	30.4183	NEI_IND[9/364];AAGAAAGAAAGAAAGAAA	INDEL;IDV=13;IMF=1;DP=13;VDB=1.33331e-05;SGB=-0.651104;MQ0F=0;AC=2;AN=2;DP4=0,0,0,8;MQ=60;RB=6,169465770,169466058,GCG,ACT
20	7356702	NA	CGT	C	212	MASKED;ATTAATATCGTTTTTTTA	INDEL;IDV=8;IMF=1;DP=8;VDB=1.33331e-05;SGB=-0.651104;MQ0F=0;AC=2;AN=2;DP4=0,0,8,0;MQ=60;RB=20,7356580,7356992,CAT,AAT
1	193834773	NA	T	TTCTAGAAGAC	61	NEI_IND[13/400];TGTTTTTGTTATGTTAAT	INDEL;IDV=10;IMF=1;DP=10;VDB=5.52906e-06;SGB=-0.662043;MQ0F=0;AC=2;AN=2;DP4=0,0,9,0;MQ=60;RB=1,193834681,193835041,TGA,ACC
5	114882440	NA	ACATG	A	224	MASKED;GCACACACACATGCACGC	INDEL;IDV=7;IMF=1;DP=7;VDB=6.71664e-05;SGB=-0.636426;MQ0F=0;AC=2;AN=2;DP4=0,0,0,7;MQ=60;RB=5,114881838,114882458,TGT,AAT
2	174543149	NA	AG	A	91	NEI_IND[10/277];AGGAAGGAAGAAAAGGAA	INDEL;IDV=6;IMF=1;DP=6;VDB=0.000411984;SGB=-0.616816;MQ0F=0;AC=2;AN=2;DP4=0,0,0,6;MQ=60;RB=2,174542778,174543278,CCA,CAC
3	85608848	NA	ATC	A	225	MASKED;ATATATATATCACTTTTT	INDEL;IDV=11;IMF=1;DP=11;VDB=2.26006e-08;SGB=-0.676189;MQ0F=0;AC=2;AN=2;DP4=0,0,0,11;MQ=60;RB=3,85608520,85608967,ATT,ACC
6	32202206	NA	TTTATTTTTATTTTTA	T	154	NEI_IND[24/235];GAAGCTTTTTTATTTTTA	INDEL;IDV=4;IMF=0.8;DP=4;VDB=0.0058656;SGB=-0.556411;MQ0F=0;AC=2;AN=2;DP4=0,0,0,4;MQ=60;RB=6,32201975,32202262,AAT,TAG
7	89630573	NA	T	TA	51	PASS;TATATATATTGTGTATAT	INDEL;IDV=6;IMF=1;DP=6;VDB=0.000411984;SGB=-0.616816;MQ0F=0;AC=2;AN=2;DP4=0,0,6,0;MQ=60;RB=7,89630443,89630929,TCT,GCG
18	40767613	NA	ATG	A	185	MASKED;ACACGCACATGCACACAC	INDEL;IDV=6;IMF=1;DP=6;VDB=0.000411984;SGB=-0.616816;MQ0F=0;AC=2;AN=2;DP4=0,0,0,6;MQ=60;RB=18,40767099,40767627,CGA,CAA
15	60280518	NA	GC	G	94	PASS;GCCAGCCAGCCCAGCCAG	INDEL;IDV=6;IMF=1;DP=6;VDB=0.000411984;SGB=-0.616816;MQ0F=0;AC=2;AN=2;DP4=0,0,6,0;MQ=60;RB=15,60280383,60280696,CTG,CGA
1	188371296	NA	CA	C	6.51141	MASKED;AACTTTACCAAAAAAAAT	INDEL;IDV=4;IMF=1;DP=4;VDB=0.0058656;SGB=-0.556411;MQ0F=0;AC=2;AN=2;DP4=0,0,4,0;MQ=60;RB=1,188371166,188371481,GGG,GTA
X	88258344	NA	AT	A	80	PASS;AAACTAAAATAAAATGTA	INDEL;IDV=7;IMF=1;DP=7;VDB=0.000411984;SGB=-0.616816;MQ0F=0;AC=2;AN=2;DP4=0,0,0,6;MQ=60;RB=X,88258176,88258442,TAG,TCA
12	19986929	NA	CAT	C	206	NEI_IND[3/234];CACACACACATACACACA	INDEL;IDV=8;IMF=1;DP=8;VDB=1.33331e-05;SGB=-0.651104;MQ0F=0;AC=2;AN=2;DP4=0,0,8,0;MQ=60;RB=12,19986813,19987210,CCG,ACG
X	39591881	NA	AAGAG	A	205	MASKED;AAGAAAGAAAGAGAGAAA	INDEL;IDV=6;IMF=1;DP=6;VDB=0.000411984;SGB=-0.616816;MQ0F=0;AC=2;AN=2;DP4=0,0,6,0;MQ=60;RB=X,39591749,39592053,TTG,GCG
2	192314412	NA	CT	C	119	PASS;CTATCTATCTATCTATCT	INDEL;IDV=7;IMF=1;DP=7;VDB=6.71664e-05;SGB=-0.636426;MQ0F=0;AC=2;AN=2;DP4=0,0,0,7;MQ=60;RB=2,192313992,192314423,CCT,CTG
6	42774946	NA	CAG	C	185	PASS;TTTTGAGACAGAGTCTCA	INDEL;IDV=7;IMF=1;DP=7;VDB=6.71664e-05;SGB=-0.636426;MQ0F=0;AC=2;AN=2;DP4=0,0,0,7;MQ=60;RB=6,42774649,42774972,CCT,CTG
7	134392605	NA	AG	A	162	NEI_IND[18/412];AGATAGATAGATAGATAG	INDEL;IDV=16;IMF=1;DP=16;VDB=4.49525e-10;SGB=-0.688148;MQ0F=0;AC=2;AN=2;DP4=0,0,15,0;MQ=60;RB=7,134392483,134392882,ACC,CAG
