CHROM	POS	ID	REF	ALT	QUAL	FILTER	INFO
6	66154501	NA	TTTG	T	201	MASKED;TATTGGGTTTTGTTGTTC	INDEL;IDV=6;IMF=1;DP=6;VDB=0.000411984;SGB=-0.616816;MQ0F=0;AC=2;AN=2;DP4=0,0,0,6;MQ=60;RB=6,66153998,66154627,GTT,AAT
11	30924566	NA	AG	A	71	PASS;GACAGGGAAGGGGACTTG	INDEL;IDV=7;IMF=1;DP=7;VDB=6.71664e-05;SGB=-0.636426;MQ0F=0;AC=2;AN=2;DP4=0,0,7,0;MQ=60;RB=11,30924503,30924792,CAA,AAT
X	155008191	NA	AT	A	13.6076	MASKED;CTAATTCAATTTTTTTTT	INDEL;IDV=9;IMF=1;DP=9;VDB=5.52906e-06;SGB=-0.662043;MQ0F=0;AC=2;AN=2;DP4=0,0,9,0;MQ=60;RB=X,155008076,155008439,AAG,CAC
13	73865075	NA	AC	A	109	MASKED;TTCTGATCACCCTATTTG	INDEL;IDV=8;IMF=1;DP=8;VDB=1.33331e-05;SGB=-0.651104;MQ0F=0;AC=2;AN=2;DP4=0,0,8,0;MQ=60;RB=13,73865060,73865457,CCC,GTG
9	76633775	NA	GT	G	23.434	PASS;AAAAAGTTGTTTTTTTGA	INDEL;IDV=7;IMF=1;DP=7;VDB=6.71664e-05;SGB=-0.636426;MQ0F=0;AC=2;AN=2;DP4=0,0,7,0;MQ=60;RB=9,76633641,76634397,GTT,TGC
3	73390029	NA	T	TC	110	PASS;TTTTTTTTTCTTTTCTTT	INDEL;IDV=6;IMF=1;DP=6;VDB=0.00187095;SGB=-0.590765;MQ0F=0;AC=2;AN=2;DP4=0,0,0,5;MQ=60;RB=3,73389794,73390084,ATT,TAT
8	122084220	NA	CATT	C	138	MASKED;TAATGAGGCATTATTAAG	INDEL;IDV=4;IMF=1;DP=4;VDB=0.0058656;SGB=-0.556411;MQ0F=0;AC=2;AN=2;DP4=0,0,0,4;MQ=60;RB=8,122084069,122084344,GTG,AAT
18	50669337	NA	GT	G	28.4205	MASKED;TATCCAAAGTTTTTTTCA	INDEL;IDV=10;IMF=1;DP=10;VDB=6.99472e-07;SGB=-0.670168;MQ0F=0;AC=2;AN=2;DP4=0,0,10,0;MQ=60;RB=18,50669217,50669600,AGA,AAC
12	13247033	NA	GCTTAT	G	225	MASKED;TTAAATCTGCTTATCTTA	INDEL;IDV=8;IMF=1;DP=8;VDB=1.33331e-05;SGB=-0.651104;MQ0F=0;AC=2;AN=2;DP4=0,0,8,0;MQ=60;RB=12,13246922,13247189,GCT,TTG
13	108328956	NA	TTAATTTAA	T	225	MASKED;TAATTTAATTAATTTAAT	INDEL;IDV=8;IMF=1;DP=8;VDB=1.33331e-05;SGB=-0.651104;MQ0F=0;AC=2;AN=2;DP4=0,0,0,8;MQ=60;RB=13,108328534,108329001,CTG,ATG
20	30314817	NA	AAGAATCCC	A	154	MASKED;AAAAAAAGAAGAATCCCA	INDEL;IDV=4;IMF=1;DP=4;VDB=0.0058656;SGB=-0.556411;MQ0F=0;AC=2;AN=2;DP4=0,0,4,0;MQ=60;RB=20,30314749,30315468,ATG,TAG
20	30315418	NA	CTCTT	C	151	MASKED;CTCTCTCTCTCTTTCTTT	INDEL;IDV=4;IMF=1;DP=4;VDB=0.0058656;SGB=-0.556411;MQ0F=0;AC=2;AN=2;DP4=0,0,0,4;MQ=60;RB=20,30314749,30315468,ATG,TAG
2	220848518	NA	TC	T	116	PASS;TATGTTCTTCGCTCTGTT	INDEL;IDV=7;IMF=1;DP=7;VDB=6.71664e-05;SGB=-0.636426;MQ0F=0;AC=2;AN=2;DP4=0,0,7,0;MQ=60;RB=2,220848506,220848962,TGG,CTC
20	39502437	NA	AAGG	A	205	MASKED;AGTCAGAGAAGGAGATGT	INDEL;IDV=6;IMF=1;DP=6;VDB=0.000411984;SGB=-0.616816;MQ0F=0;AC=2;AN=2;DP4=0,0,0,6;MQ=60;RB=20,39502176,39502532,TTG,GTC
6	6610775	NA	TA	T	80	MASKED;CGGAAGCTTAGGGGGGGG	INDEL;IDV=4;IMF=1;DP=4;VDB=0.0058656;SGB=-0.556411;MQ0F=0;AC=2;AN=2;DP4=0,0,4,0;MQ=60;RB=6,6610643,6610936,TGT,ATG
6	132268799	NA	T	TC	120	PASS;GAAATAGCTCCATTTAAA	INDEL;IDV=7;IMF=1;DP=7;VDB=6.71664e-05;SGB=-0.636426;MQ0F=0;AC=2;AN=2;DP4=0,0,0,7;MQ=60;RB=6,132268611,132268909,ATT,TGG
12	131198680	NA	AG	A	59	PASS;AACGTGGCAGGGGGTGGA	INDEL;IDV=11;IMF=1;DP=11;VDB=2.26006e-08;SGB=-0.676189;MQ0F=0;AC=2;AN=2;DP4=0,0,0,11;MQ=60;RB=12,131198375,131198784,TTT,CCC
8	78750030	NA	CAATT	C	205	MASKED;AATCAACTCAATTAATTA	INDEL;IDV=6;IMF=1;DP=6;VDB=0.000411984;SGB=-0.616816;MQ0F=0;AC=2;AN=2;DP4=0,0,6,0;MQ=60;RB=8,78749925,78750351,CTA,AAT
4	25738478	NA	CCCTTTT	C	154	MASKED;TCCTACTGCCCTTTTCCT	INDEL;IDV=4;IMF=1;DP=4;VDB=0.0058656;SGB=-0.556411;MQ0F=0;AC=2;AN=2;DP4=0,0,4,0;MQ=60;RB=4,25738366,25738658,CGT,GAT
8	49303585	NA	CT	C	96	MASKED;ATAGAAACCTTTGCGAGG	INDEL;IDV=7;IMF=1;DP=7;VDB=6.71664e-05;SGB=-0.636426;MQ0F=0;AC=2;AN=2;DP4=0,0,0,7;MQ=60;RB=8,49303298,49303703,ATT,TCC
13	70845659	NA	TAGTA	T	205	MASKED;TAATAACTTAGTAAGTTA	INDEL;IDV=6;IMF=1;DP=6;VDB=0.000411984;SGB=-0.616816;MQ0F=0;AC=2;AN=2;DP4=0,0,0,6;MQ=60;RB=13,70845430,70845720,ACT,AAT
14	69253798	NA	CA	C	71	MASKED;CAAGCAGGCAGTGCTTCC	INDEL;IDV=4;IMF=1;DP=4;VDB=0.0058656;SGB=-0.556411;MQ0F=0;AC=2;AN=2;DP4=0,0,0,4;MQ=60;RB=14,69253611,69253922,GTA,GAT
6	55004952	NA	TCTGA	T	154	MASKED;GAATTTAATCTGACCCTT	INDEL;IDV=4;IMF=1;DP=4;VDB=0.0058656;SGB=-0.556411;MQ0F=0;AC=2;AN=2;DP4=0,0,4,0;MQ=60;RB=6,55004863,55005503,TAG,TCC
13	110637911	NA	TA	T	17.4922	MASKED;TGTCAAGATAAAAAAAAT	INDEL;IDV=8;IMF=1;DP=8;VDB=1.33331e-05;SGB=-0.651104;MQ0F=0;AC=2;AN=2;DP4=0,0,8,0;MQ=60;RB=13,110637838,110638137,GCC,CTG
13	38768336	NA	AT	A	13.6076	MASKED;ATACATTTATTTTTTTTT	INDEL;IDV=9;IMF=1;DP=9;VDB=5.52906e-06;SGB=-0.662043;MQ0F=0;AC=2;AN=2;DP4=0,0,0,9;MQ=60;RB=13,38768019,38768422,TTC,ATT
2	232326873	NA	TTC	T	177	MASKED;CTCCAGGCTTCTGTTATG	INDEL;IDV=6;IMF=1;DP=6;VDB=0.000411984;SGB=-0.616816;MQ0F=0;AC=2;AN=2;DP4=0,0,6,0;MQ=60;RB=2,232326844,232327251,TCC,TAC
18	57355901	NA	CT	C	136	PASS;AAAGTCAGCTTCTTAGAA	INDEL;IDV=11;IMF=0.916667;DP=11;VDB=2.26006e-08;SGB=-0.676189;MQ0F=0;AC=2;AN=2;DP4=0,0,11,0;MQ=60;RB=18,57355892,57356282,CTG,TTG
18	19704377	NA	CA	C	26.4242	MASKED;TAAAAATACAAAAAAATT	INDEL;IDV=8;IMF=1;DP=8;VDB=1.33331e-05;SGB=-0.651104;MQ0F=0;AC=2;AN=2;DP4=0,0,0,8;MQ=60;RB=18,19704105,19704403,GGA,GTA
6	122901353	NA	ATTC	A	182	MASKED;GCTTGAGGATTCTTCTTT	INDEL;IDV=5;IMF=1;DP=5;VDB=0.00187095;SGB=-0.590765;MQ0F=0;AC=2;AN=2;DP4=0,0,0,5;MQ=60;RB=6,122901061,122901393,CTC,AGT
3	184698199	NA	TC	T	110	MASKED;GTTGCTTGTCCTCTCTCC	INDEL;IDV=7;IMF=1;DP=7;VDB=6.71664e-05;SGB=-0.636426;MQ0F=0;AC=2;AN=2;DP4=0,0,7,0;MQ=60;RB=3,184698100,184698430,AGG,AAT
18	73189570	NA	CGTCT	C	182	MASKED;GAAATATACGTCTGTCTG	INDEL;IDV=5;IMF=1;DP=5;VDB=0.00187095;SGB=-0.590765;MQ0F=0;AC=2;AN=2;DP4=0,0,0,5;MQ=60;RB=18,73189205,73189634,GCG,GCC
8	95328759	NA	CT	C	97	PASS;TATAGTTTCTGTCCTGAA	INDEL;IDV=5;IMF=1;DP=5;VDB=0.00187095;SGB=-0.590765;MQ0F=0;AC=2;AN=2;DP4=0,0,5,0;MQ=60;RB=8,95328684,95329193,AAC,ACT
4	18759707	NA	TG	T	124	MASKED;TTGGAAAATGTTGATTTT	INDEL;IDV=7;IMF=1;DP=7;VDB=6.71664e-05;SGB=-0.636426;MQ0F=0;AC=2;AN=2;DP4=0,0,7,0;MQ=60;RB=4,18759693,18760110,CAC,GGG
1	195338985	NA	TAA	T	204	MASKED;CAGTCAGGTAAAGTCAGT	INDEL;IDV=8;IMF=1;DP=8;VDB=1.33331e-05;SGB=-0.651104;MQ0F=0;AC=2;AN=2;DP4=0,0,8,0;MQ=60;RB=1,195338878,195339551,CTA,GAT
13	105745844	NA	GTC	G	195	PASS;TTTCTTGTGTCTCTGCTA	INDEL;IDV=8;IMF=1;DP=8;VDB=1.33331e-05;SGB=-0.651104;MQ0F=0;AC=2;AN=2;DP4=0,0,8,0;MQ=60;RB=13,105745798,105746148,AAA,AAA
20	17317738	NA	GT	G	121	MASKED;AGCCAGGGGTTCCCTCAG	INDEL;IDV=10;IMF=1;DP=10;VDB=5.52906e-06;SGB=-0.662043;MQ0F=0;AC=2;AN=2;DP4=0,0,9,0;MQ=60;RB=20,17317666,17318144,ACA,TAT
6	95126930	NA	CAAA	C	154	MASKED;ACAAATGACAAAGAATTG	INDEL;IDV=4;IMF=1;DP=4;VDB=0.0058656;SGB=-0.556411;MQ0F=0;AC=2;AN=2;DP4=0,0,4,0;MQ=60;RB=6,95126804,95127272,CGA,AAT
8	64345032	NA	GA	G	117	MASKED;AGGTGGGGGAGAAAGTCT	INDEL;IDV=6;IMF=1;DP=6;VDB=0.000411984;SGB=-0.616816;MQ0F=0;AC=2;AN=2;DP4=0,0,0,6;MQ=60;RB=8,64344824,64345095,GCT,ATT
13	89926927	NA	AGTAC	A	225	PASS;CAGGTACTAGTACATTAA	INDEL;IDV=10;IMF=1;DP=10;VDB=6.99472e-07;SGB=-0.670168;MQ0F=0;AC=2;AN=2;DP4=0,0,0,10;MQ=60;RB=13,89926316,89926962,CCC,GTT
6	95541653	NA	GTGGA	G	222	MASKED;TTTACCATGTGGATGGAT	INDEL;IDV=7;IMF=1;DP=7;VDB=6.71664e-05;SGB=-0.636426;MQ0F=0;AC=2;AN=2;DP4=0,0,7,0;MQ=60;RB=6,95541593,95541905,CAC,TCT
12	53770920	NA	T	TG	124	PASS;TAAACAGCTATTAGAATC	INDEL;IDV=7;IMF=1;DP=7;VDB=6.71664e-05;SGB=-0.636426;MQ0F=0;AC=2;AN=2;DP4=0,0,0,7;MQ=60;RB=12,53770366,53770958,CCG,TGA
13	55798566	NA	CTCTCT	C	182	NEI_IND[25/332];CTCTCTCTCTCTCTTTTT	INDEL;IDV=5;IMF=0.833333;DP=5;VDB=0.00187095;SGB=-0.590765;MQ0F=0;AC=2;AN=2;DP4=0,0,0,5;MQ=60;RB=13,55798218,55798680,AAA,CGA
8	133876861	NA	G	GAA	173	PASS;ACAGAATGGAAACAGTGT	INDEL;IDV=5;IMF=1;DP=5;VDB=0.00187095;SGB=-0.590765;MQ0F=0;AC=2;AN=2;DP4=0,0,0,5;MQ=60;RB=8,133876542,133876950,ACT,TCA
5	95626185	NA	AG	A	95	MASKED;TAAAACTCAGACTCATCC	INDEL;IDV=5;IMF=1;DP=5;VDB=0.00187095;SGB=-0.590765;MQ0F=0;AC=2;AN=2;DP4=0,0,0,5;MQ=60;RB=5,95625853,95626207,CAA,AGG
8	13660898	NA	TC	T	98	MASKED;AGGTATTCTCCTTGAGCC	INDEL;IDV=6;IMF=1;DP=6;VDB=0.000411984;SGB=-0.616816;MQ0F=0;AC=2;AN=2;DP4=0,0,6,0;MQ=60;RB=8,13660870,13661375,GTT,CCG
14	43590413	NA	GA	G	30.4183	NEI_IND[8/225];GAAATGGAGAAAAACATG	INDEL;IDV=4;IMF=1;DP=4;VDB=0.0058656;SGB=-0.556411;MQ0F=0;AC=2;AN=2;DP4=0,0,0,4;MQ=60;RB=14,43589872,43590509,GGG,GCC
2	171236792	NA	GTA	G	225	NEI_IND[32/273];TAATGTGTGTAGTTATGC	INDEL;IDV=11;IMF=1;DP=11;VDB=2.26006e-08;SGB=-0.676189;MQ0F=0;AC=2;AN=2;DP4=0,0,0,11;MQ=60;RB=2,171236533,171236866,ATA,CTG
14	21698233	NA	ATT	A	78	MASKED;CTCAGCGAATTTTTTTGT	INDEL;IDV=6;IMF=1;DP=6;VDB=0.000411984;SGB=-0.616816;MQ0F=0;AC=2;AN=2;DP4=0,0,0,6;MQ=60;RB=14,21698039,21698292,CTG,GTA
5	58988963	NA	GTA	G	184	MASKED;CTGAAATTGTATATGTTT	INDEL;IDV=7;IMF=1;DP=7;VDB=6.71664e-05;SGB=-0.636426;MQ0F=0;AC=2;AN=2;DP4=0,0,7,0;MQ=60;RB=5,58988855,58989179,CGA,TTA
16	20644133	NA	GA	G	105	MASKED;CAAATCCAGAAACACTTT	INDEL;IDV=7;IMF=1;DP=7;VDB=6.71664e-05;SGB=-0.636426;MQ0F=0;AC=2;AN=2;DP4=0,0,7,0;MQ=60;RB=16,20644099,20644551,AGT,TGG
16	77904904	NA	AG	A	92	MASKED;TCCAGTTCAGTACAGTCT	INDEL;IDV=6;IMF=1;DP=6;VDB=0.00187095;SGB=-0.590765;MQ0F=0;AC=2;AN=2;DP4=0,0,5,0;MQ=60;RB=16,77904810,77905163,CCG,TCT
7	21653137	NA	AAATG	A	149	MASKED;ACTTGTAAAAATGAAAGC	INDEL;IDV=4;IMF=1;DP=4;VDB=0.0058656;SGB=-0.556411;MQ0F=0;AC=2;AN=2;DP4=0,0,4,0;MQ=60;RB=7,21653108,21653340,TTT,ATG
X	86685566	NA	TTATA	T	154	MASKED;AAAATTGTTTATATAAGA	INDEL;IDV=4;IMF=1;DP=4;VDB=0.0058656;SGB=-0.556411;MQ0F=0;AC=2;AN=2;DP4=0,0,0,4;MQ=60;RB=X,86685406,86685680,ACC,CTG
4	30785564	NA	ATG	A	104	NEI_IND[4/387];GTTTGTGTATGTGTGTGT	INDEL;IDV=4;IMF=1;DP=4;VDB=0.0058656;SGB=-0.556411;MQ0F=0;AC=2;AN=2;DP4=0,0,4,0;MQ=60;RB=4,30785553,30785989,GAA,ATG
19	20940496	NA	CAA	C	170	MASKED;AAGAGATACAAAAATGTT	INDEL;IDV=12;IMF=1;DP=12;VDB=2.26006e-08;SGB=-0.680642;MQ0F=0;AC=2;AN=2;DP4=0,0,12,0;MQ=60;RB=19,20940447,20940991,AGA,AGG
8	24485581	NA	CTTTTTTTTTTTTTTTTT	CT,C	107	NEI_IND[6/204];CCGGTGATCTTTTTTTTT	INDEL;IDV=5;IMF=1;DP=5;VDB=0.00215942;SGB=-0.590765;MQ0F=0;AC=1,1;AN=2;DP4=0,0,0,5;MQ=60;RB=8,24485247,24485644,AAA,GGG
1	176611263	NA	TC	T	112	PASS;CCCTTCCTTCTATAGGAA	INDEL;IDV=6;IMF=1;DP=6;VDB=0.000411984;SGB=-0.616816;MQ0F=0;AC=2;AN=2;DP4=0,0,0,6;MQ=60;RB=1,176611062,176611376,TCA,TGG
17	2417516	NA	TAC	T	198	NEI_IND[32/183];CATATATATACACACACA	INDEL;IDV=11;IMF=1;DP=11;VDB=2.26006e-08;SGB=-0.676189;MQ0F=0;AC=2;AN=2;DP4=0,0,0,11;MQ=60;RB=17,2417198,2417606,TGC,CCC
X	67875303	NA	AC	A	118	PASS;CTCAAATAACCTGTCAGC	INDEL;IDV=8;IMF=1;DP=8;VDB=1.33331e-05;SGB=-0.651104;MQ0F=0;AC=2;AN=2;DP4=0,0,8,0;MQ=60;RB=X,67875281,67875955,TTC,TGA
3	62071006	NA	CTG	C	214	MASKED;CATGAAGACTGTGTAACG	INDEL;IDV=10;IMF=1;DP=10;VDB=6.99472e-07;SGB=-0.670168;MQ0F=0;AC=2;AN=2;DP4=0,0,0,10;MQ=60;RB=3,62070807,62071075,CGG,CAC
5	25108386	NA	CCT	C	225	PASS;TCTTCTATCCTTTTTATC	INDEL;IDV=11;IMF=1;DP=11;VDB=2.8314e-08;SGB=-0.676189;MQ0F=0;AC=2;AN=2;DP4=0,0,11,0;MQ=60;RB=5,25108307,25108663,CTG,CCT
12	28215917	NA	TC	T	126	MASKED;GGTAGCTCTCTGACCACT	INDEL;IDV=8;IMF=1;DP=8;VDB=1.33331e-05;SGB=-0.651104;MQ0F=0;AC=2;AN=2;DP4=0,0,8,0;MQ=60;RB=12,28215800,28216224,CTT,GAC
19	28459577	NA	TTAAAATAAA	T	224	NEI_IND[40/260];CAAACTACTTAAAATAAA	INDEL;IDV=7;IMF=1;DP=7;VDB=6.71664e-05;SGB=-0.636426;MQ0F=0;AC=2;AN=2;DP4=0,0,7,0;MQ=60;RB=19,28459462,28459821,ATG,CTC
4	46946353	NA	CA	C	102	MASKED;TTGTCAGCCAGGGGGCAG	INDEL;IDV=5;IMF=1;DP=5;VDB=0.00187095;SGB=-0.590765;MQ0F=0;AC=2;AN=2;DP4=0,0,5,0;MQ=60;RB=4,46946255,46946517,TGA,ACG
17	14528124	NA	TG	T	23.434	MASKED;TAGTTATTTGGGGGGGTA	INDEL;IDV=8;IMF=1;DP=8;VDB=6.71664e-05;SGB=-0.636426;MQ0F=0;AC=2;AN=2;DP4=0,0,0,7;MQ=60;RB=17,14527900,14528255,CCG,TTG
20	49502626	NA	AGT	A	178	PASS;GGTGGTGGAGTGTGAGTC	INDEL;IDV=8;IMF=1;DP=8;VDB=0.989019;SGB=-0.651104;MQSB=0.992367;MQ0F=0;AC=2;AN=2;DP4=0,0,4,4;MQ=60;RB=20,49502506,49502749,GTT,ATG
4	60948432	NA	TAAGACATG	T	208	MASKED;TACTGAGATAAGACATGA	INDEL;IDV=7;IMF=1;DP=7;VDB=6.71664e-05;SGB=-0.636426;MQ0F=0;AC=2;AN=2;DP4=0,0,7,0;MQ=60;RB=4,60948366,60948809,GGG,TAT
3	146391117	NA	AT	A	30.4183	NEI_IND[31/347];ACAAATATATTTTTCTCA	INDEL;IDV=4;IMF=1;DP=4;VDB=0.0058656;SGB=-0.556411;MQ0F=0;AC=2;AN=2;DP4=0,0,4,0;MQ=60;RB=3,146391085,146391579,ACT,AGG
3	146391565	NA	T	TAAAC	154	NEI_IND[15/207];AGTTATGATAAGTTTCAA	INDEL;IDV=4;IMF=1;DP=4;VDB=0.0058656;SGB=-0.556411;MQ0F=0;AC=2;AN=2;DP4=0,0,0,4;MQ=60;RB=3,146391085,146391579,ACT,AGG
11	19181925	NA	ATAT	A	205	MASKED;CTTGGATGATATTATTAT	INDEL;IDV=6;IMF=1;DP=6;VDB=0.000411984;SGB=-0.616816;MQ0F=0;AC=2;AN=2;DP4=0,0,0,6;MQ=60;RB=11,19181621,19181972,TGC,GAG
4	35215573	NA	AT	A	112	MASKED;CCTAGAAAATTCTATCTA	INDEL;IDV=7;IMF=1;DP=7;VDB=6.71664e-05;SGB=-0.636426;MQ0F=0;AC=2;AN=2;DP4=0,0,0,7;MQ=60;RB=4,35214968,35215668,GCT,CCA
4	124703338	NA	CTTAA	C	182	MASKED;AGCAACTGCTTAATTAAT	INDEL;IDV=5;IMF=1;DP=5;VDB=0.00187095;SGB=-0.590765;MQ0F=0;AC=2;AN=2;DP4=0,0,5,0;MQ=60;RB=4,124703293,124703591,TGC,ATA
1	95693767	NA	CT	C	99	PASS;TTTAAGACCTGTCTCTCC	INDEL;IDV=5;IMF=1;DP=5;VDB=0.00187095;SGB=-0.590765;MQ0F=0;AC=2;AN=2;DP4=0,0,0,5;MQ=60;RB=1,95693516,95693806,CTC,TTT
