CHROM	POS	ID	REF	ALT	QUAL	FILTER	INFO
11	16279695	NA	CTT	C	218	NEI_IND[28/212];ACAGGACACTTTGGCAGT	INDEL;IDV=9;IMF=1;DP=9;VDB=5.52906e-06;SGB=-0.662043;MQ0F=0;AC=2;AN=2;DP4=0,0,9,0;MQ=60;RB=11,16279669,16279971,ATG,AAC
11	16279910	NA	CATT	C	225	NEI_IND[3/225];CAATGAAACATTATTCTG	INDEL;IDV=9;IMF=1;DP=9;VDB=5.52906e-06;SGB=-0.662043;MQ0F=0;AC=2;AN=2;DP4=0,0,0,9;MQ=60;RB=11,16279669,16279971,ATG,AAC
15	32048105	NA	AG	A	56	MASKED;AGGCAAACAGGGGGTGTG	INDEL;IDV=9;IMF=1;DP=9;VDB=5.52906e-06;SGB=-0.662043;MQ0F=0;AC=2;AN=2;DP4=0,0,0,9;MQ=60;RB=15,32047891,32048172,CGT,ATC
6	162368955	NA	CTGAGAA	C	205	PASS;ATTTCAGGCTGAGAATAT	INDEL;IDV=6;IMF=1;DP=6;VDB=0.000411984;SGB=-0.616816;MQ0F=0;AC=2;AN=2;DP4=0,0,0,6;MQ=60;RB=6,162368460,162368997,AGA,TGA
16	85593259	NA	GCTCTGCCTC	G	225	NEI_IND[6/180];GAAGTCAGGCTCTGCCTC	INDEL;IDV=9;IMF=1;DP=9;VDB=5.52906e-06;SGB=-0.662043;MQ0F=0;AC=2;AN=2;DP4=0,0,9,0;MQ=60;RB=16,85593127,85593566,TAC,ATG
12	51229835	NA	AAACAAC	A	182	MASKED;TTATAAGAAAACAACAAC	INDEL;IDV=5;IMF=1;DP=5;VDB=0.00187095;SGB=-0.590765;MQ0F=0;AC=2;AN=2;DP4=0,0,0,5;MQ=60;RB=12,51229338,51229884,TAC,ATG
2	80745212	NA	CAA	C	225	PASS;CCTTCACTCAAAGACATT	INDEL;IDV=10;IMF=1;DP=10;VDB=6.99472e-07;SGB=-0.670168;MQ0F=0;AC=2;AN=2;DP4=0,0,10,0;MQ=60;RB=2,80745141,80745617,ATA,CGC
5	53007133	NA	TAGG	T	225	PASS;CACCTCCTTAGGTAGCCC	INDEL;IDV=8;IMF=1;DP=8;VDB=1.33331e-05;SGB=-0.651104;MQ0F=0;AC=2;AN=2;DP4=0,0,8,0;MQ=60;RB=5,53007039,53007314,CCA,ATA
18	60078260	NA	GAACCCAC	G	225	MASKED;AGAACCCAGAACCCACAA	INDEL;IDV=12;IMF=1;DP=12;VDB=2.26006e-08;SGB=-0.680642;MQ0F=0;AC=2;AN=2;DP4=0,0,12,0;MQ=60;RB=18,60078140,60078590,ATT,AAT
7	9916253	NA	AC	A	56	PASS;TGGTGAAAACCTTTCATA	INDEL;IDV=4;IMF=1;DP=4;VDB=0.0389723;SGB=-0.511536;MQ0F=0;AC=2;AN=2;DP4=0,0,3,0;MQ=60;RB=7,9916180,9916736,ACT,TAT
22	35059125	NA	CCGCCCGTGT	C	225	NEI_IND[6/237];TAAGGTTGCCGCCCGTGT	INDEL;IDV=11;IMF=1;DP=11;VDB=2.26006e-08;SGB=-0.676189;MQ0F=0;AC=2;AN=2;DP4=0,0,11,0;MQ=60;RB=22,35059029,35059485,GAG,CTG
4	29217557	NA	ATTAAT	A	205	MASKED;TGCAATAAATTAATTTTT	INDEL;IDV=6;IMF=1;DP=6;VDB=0.000411984;SGB=-0.616816;MQ0F=0;AC=2;AN=2;DP4=0,0,6,0;MQ=60;RB=4,29217481,29217751,GAG,TTG
18	25771453	NA	AT	A	20.4535	MASKED;TTTATTCTATTTTTTTAA	INDEL;IDV=6;IMF=1;DP=6;VDB=0.000411984;SGB=-0.616816;MQ0F=0;AC=2;AN=2;DP4=0,0,0,6;MQ=60;RB=18,25771214,25771563,CCT,GAC
20	57863304	NA	CCTT	C	225	NEI_IND[3/233];GAAGACCTCCTTCTTTGC	INDEL;IDV=14;IMF=1;DP=14;VDB=2.26006e-08;SGB=-0.686358;MQ0F=0;AC=2;AN=2;DP4=0,0,0,14;MQ=60;RB=20,57862954,57863429,TCG,GTA
16	65401440	NA	CA	C	15.5372	MASKED;GTTTGCACCAAAAAAAAC	INDEL;IDV=7;IMF=1;DP=7;VDB=6.71664e-05;SGB=-0.636426;MQ0F=0;AC=2;AN=2;DP4=0,0,7,0;MQ=60;RB=16,65401418,65401864,GGA,CCG
1	102273920	NA	AAAGATG	A	225	NEI_IND[6/390];TGGTCATTAAAGATGAAG	INDEL;IDV=15;IMF=1;DP=15;VDB=4.49525e-10;SGB=-0.688148;MQ0F=0;AC=2;AN=2;DP4=0,0,0,15;MQ=60;RB=1,102273550,102273953,ATA,CTG
6	29351485	NA	CTG	C	202	MASKED;TTGTGAAACTGTGCTGCA	INDEL;IDV=8;IMF=1;DP=8;VDB=1.33331e-05;SGB=-0.651104;MQ0F=0;AC=2;AN=2;DP4=0,0,0,8;MQ=60;RB=6,29350922,29351560,CTG,CTT
3	58568198	NA	GT	G	116	MASKED;GGATGCAGGTTAACGCCC	INDEL;IDV=7;IMF=1;DP=7;VDB=6.71664e-05;SGB=-0.636426;MQ0F=0;AC=2;AN=2;DP4=0,0,7,0;MQ=60;RB=3,58568143,58568914,TAA,TGA
15	29755740	NA	TGA	T	208	MASKED;TGCACAGATGAGAGAGAG	INDEL;IDV=13;IMF=1;DP=13;VDB=2.26006e-08;SGB=-0.683931;MQ0F=0;AC=2;AN=2;DP4=0,0,13,0;MQ=60;RB=15,29755638,29755953,ATT,CAG
X	99527700	NA	T	TA	137	PASS;TACATAGATACAGTAATC	INDEL;IDV=7;IMF=1;DP=7;VDB=6.71664e-05;SGB=-0.636426;MQ0F=0;AC=2;AN=2;DP4=0,0,0,7;MQ=60;RB=X,99527326,99527813,GGA,TGA
10	1479444	NA	TATACAC	T	224	NEI_IND[6/450];CACATATATATACACACA	INDEL;IDV=7;IMF=1;DP=7;VDB=0.000157941;SGB=-0.636426;MQ0F=0;AC=2;AN=2;DP4=0,0,0,7;MQ=60;RB=10,1479239,1479563,AAG,AAG
1	203056558	NA	CTCTA	C	225	PASS;TCTGCTCCCTCTATCTTT	INDEL;IDV=12;IMF=1;DP=12;VDB=2.26006e-08;SGB=-0.680642;MQ0F=0;AC=2;AN=2;DP4=0,0,12,0;MQ=60;RB=1,203056550,203057147,CCC,GTT
1	220839837	NA	CA	C	156	PASS;TAAGAAGTCAGAACTGAG	INDEL;IDV=13;IMF=1;DP=13;VDB=2.26006e-08;SGB=-0.683931;MQ0F=0;AC=2;AN=2;DP4=0,0,0,13;MQ=60;RB=1,220839564,220839875,CCT,AAA
9	12544590	NA	TGCGC	T	219	NEI_IND[4/288];CTAATTTGTGCGCGCACA	INDEL;IDV=7;IMF=1;DP=7;VDB=6.71664e-05;SGB=-0.636426;MQ0F=0;AC=2;AN=2;DP4=0,0,7,0;MQ=60;RB=9,12544471,12544946,CTG,TCG
22	35059125	NA	CCGCCCGTGT	C	225	NEI_IND[6/237];TAAGGTTGCCGCCCGTGT	INDEL;IDV=8;IMF=1;DP=8;VDB=1.33331e-05;SGB=-0.651104;MQ0F=0;AC=2;AN=2;DP4=0,0,8,0;MQ=60;RB=22,35059028,35059485,CGT,TAG
15	33265322	NA	AAAAT	A	182	MASKED;ATTTTGAAAAAATAAATA	INDEL;IDV=5;IMF=1;DP=5;VDB=0.00187095;SGB=-0.590765;MQ0F=0;AC=2;AN=2;DP4=0,0,0,5;MQ=60;RB=15,33264690,33265381,CGT,CTG
6	63643800	NA	CACTT	C	154	PASS;CTAGCAAACACTTACAAT	INDEL;IDV=4;IMF=1;DP=4;VDB=0.0058656;SGB=-0.556411;MQ0F=0;AC=2;AN=2;DP4=0,0,4,0;MQ=60;RB=6,63643724,63644105,TTG,GTT
5	105886504	NA	C	CA	130	PASS;GAGAAAGTCAAAGTATCT	INDEL;IDV=12;IMF=1;DP=12;VDB=2.26006e-08;SGB=-0.680642;MQ0F=0;AC=2;AN=2;DP4=0,0,0,12;MQ=60;RB=5,105885899,105886518,ATC,ATA
8	109538823	NA	TC	T	92	MASKED;TTCATAGATCCTGCAACA	INDEL;IDV=5;IMF=1;DP=5;VDB=0.00187095;SGB=-0.590765;MQ0F=0;AC=2;AN=2;DP4=0,0,0,5;MQ=60;RB=8,109538207,109538853,CTC,GTA
3	56490985	NA	GAAGTA	G	182	MASKED;ATCATATCGAAGTAAAGT	INDEL;IDV=5;IMF=1;DP=5;VDB=0.00187095;SGB=-0.590765;MQ0F=0;AC=2;AN=2;DP4=0,0,0,5;MQ=60;RB=3,56490814,56491009,GTG,GAA
10	98062998	NA	CTAG	C	225	MASKED;ACTGCACTCTAGCCTGGG	INDEL;IDV=11;IMF=1;DP=11;VDB=2.26006e-08;SGB=-0.676189;MQ0F=0;AC=2;AN=2;DP4=0,0,11,0;MQ=60;RB=10,98062972,98063504,CTT,TTT
7	110266639	NA	GCAAA	G	225	PASS;ATACTCAGGCAAACAGTC	INDEL;IDV=14;IMF=1;DP=14;VDB=2.26006e-08;SGB=-0.686358;MQ0F=0;AC=2;AN=2;DP4=0,0,0,14;MQ=60;RB=7,110266380,110266689,CGA,CAC
9	12544590	NA	TGCGC	T	205	NEI_IND[4/288];CTAATTTGTGCGCGCACA	INDEL;IDV=6;IMF=1;DP=6;VDB=0.000411984;SGB=-0.616816;MQ0F=0;AC=2;AN=2;DP4=0,0,6,0;MQ=60;RB=9,12544471,12544947,CCC,GGA
11	55851379	NA	CAT	C	225	MASKED;CATGCACACATGTGAACA	INDEL;IDV=12;IMF=1;DP=12;VDB=2.26006e-08;SGB=-0.680642;MQ0F=0;AC=2;AN=2;DP4=0,0,12,0;MQ=60;RB=11,55851346,55851679,GTT,GGG
X	94398624	NA	GC	G	118	MASKED;GTGATGTTGCCATCCTTG	INDEL;IDV=8;IMF=1;DP=8;VDB=1.33331e-05;SGB=-0.651104;MQ0F=0;AC=2;AN=2;DP4=0,0,0,8;MQ=60;RB=X,94398400,94398742,AAT,TTT
1	212635275	NA	T	TG	140	PASS;ACAATGTTTGGTTTTCCA	INDEL;IDV=8;IMF=1;DP=8;VDB=1.33331e-05;SGB=-0.651104;MQ0F=0;AC=2;AN=2;DP4=0,0,8,0;MQ=60;RB=1,212635230,212635559,GCA,GCC
9	10541531	NA	CCTTAT	C	225	MASKED;TCTTATCTCCTTATATAT	INDEL;IDV=9;IMF=1;DP=9;VDB=5.52906e-06;SGB=-0.662043;MQ0F=0;AC=2;AN=2;DP4=0,0,9,0;MQ=60;RB=9,10541505,10541794,AAA,CTG
1	190825832	NA	ATAAG	A	225	MASKED;TCCCACTTATAAGTAAGA	INDEL;IDV=10;IMF=1;DP=10;VDB=6.99472e-07;SGB=-0.670168;MQ0F=0;AC=2;AN=2;DP4=0,0,0,10;MQ=60;RB=1,190825401,190825876,CTG,TGG
21	46206002	NA	TA	T	129	MASKED;CCCACAAATAACTGCAGA	INDEL;IDV=9;IMF=1;DP=9;VDB=5.52906e-06;SGB=-0.662043;MQ0F=0;AC=2;AN=2;DP4=0,0,0,9;MQ=60;RB=21,46205773,46206068,TGA,TGT
21	46206002	NA	TA	T	118	MASKED;CCCACAAATAACTGCAGA	INDEL;IDV=8;IMF=1;DP=8;VDB=1.33331e-05;SGB=-0.651104;MQ0F=0;AC=2;AN=2;DP4=0,0,0,8;MQ=60;RB=21,46205774,46206067,CTG,GTC
6	93111740	NA	A	AT	27.4221	PASS;CAGAGTGTATTTTTTTCT	INDEL;IDV=9;IMF=1;DP=9;VDB=5.52906e-06;SGB=-0.662043;MQ0F=0;AC=2;AN=2;DP4=0,0,0,9;MQ=60;RB=6,93111451,93111832,TTT,CTC
13	41029512	NA	TCAAA	T	217	MASKED;ATACAATATCAAACAAAC	INDEL;IDV=7;IMF=1;DP=7;VDB=6.71664e-05;SGB=-0.636426;MQ0F=0;AC=2;AN=2;DP4=0,0,0,7;MQ=60;RB=13,41029301,41029612,AAC,GTT
17	8828262	NA	AG	A	93	PASS;ATGACATTAGGGCATCAG	INDEL;IDV=6;IMF=1;DP=6;VDB=0.000411984;SGB=-0.616816;MQ0F=0;AC=2;AN=2;DP4=0,0,0,6;MQ=60;RB=17,8828019,8828278,GGT,GGA
17	30038416	NA	AG	A	136	PASS;TTGAACCTAGGAAGTGGA	INDEL;IDV=9;IMF=1;DP=9;VDB=5.52906e-06;SGB=-0.662043;MQ0F=0;AC=2;AN=2;DP4=0,0,0,9;MQ=60;RB=17,30037745,30038452,CAT,GTT
2	62908493	NA	ATAATGTGTATATATG	A	208	NEI_IND[6/294];ATATATATATAATGTGTA	INDEL;IDV=6;IMF=0.75;DP=8;VDB=6.71664e-05;SGB=-0.636426;MQ0F=0;AC=2;AN=2;DP4=0,0,7,0;MQ=60;RB=2,62908384,62908690,ACG,CCA
7	67394101	NA	TA	T	112	MASKED;GCTGGGATTAACATGCAA	INDEL;IDV=7;IMF=1;DP=7;VDB=6.71664e-05;SGB=-0.636426;MQ0F=0;AC=2;AN=2;DP4=0,0,0,7;MQ=60;RB=7,67393903,67394184,GTA,CGT
8	128108929	NA	TTATTGCTCTTGCATACCA	T	205	MASKED;ACATACCATTATTGCTCT	INDEL;IDV=6;IMF=1;DP=6;VDB=0.000411984;SGB=-0.616816;MQ0F=0;AC=2;AN=2;DP4=0,0,0,6;MQ=60;RB=8,128108507,128109047,AAC,ACT
7	37951252	NA	AGT	A	197	MASKED;CACCTTAAAGTGTGTGTG	INDEL;IDV=12;IMF=1;DP=12;VDB=2.26006e-08;SGB=-0.680642;MQ0F=0;AC=2;AN=2;DP4=0,0,0,12;MQ=60;RB=7,37951017,37951279,ATG,CAT
8	9640596	NA	ATTAG	A	225	PASS;GTGGTTAAATTAGTTATG	INDEL;IDV=8;IMF=1;DP=8;VDB=1.33331e-05;SGB=-0.651104;MQ0F=0;AC=2;AN=2;DP4=0,0,8,0;MQ=60;RB=8,9640540,9640866,TAT,TTG
17	2417516	NA	TAC	T	125	MASKED;CATATATATACACACACA	INDEL;IDV=5;IMF=1;DP=5;VDB=0.00187095;SGB=-0.590765;MQ0F=0;AC=2;AN=2;DP4=0,0,0,5;MQ=60;RB=17,2417197,2417606,ACA,ATG
4	62343086	NA	TAC	T	93	MASKED;AGTGATGTTACACACACA	INDEL;IDV=6;IMF=1;DP=6;VDB=0.000411984;SGB=-0.616816;MQ0F=0;AC=2;AN=2;DP4=0,0,0,6;MQ=60;RB=4,62342918,62343127,GGG,ATT
2	154050480	NA	CT	C	102	MASKED;GTCTGCTGCTAGTCTGGC	INDEL;IDV=6;IMF=1;DP=6;VDB=0.00187095;SGB=-0.590765;MQ0F=0;AC=2;AN=2;DP4=0,0,0,5;MQ=60;RB=2,154050223,154050574,CTA,ACT
17	68569969	NA	GTCTATCTATCTATCTA	G	154	NEI_IND[108/108];ATCTGTCTGTCTATCTAT	INDEL;IDV=4;IMF=1;DP=4;VDB=0.0058656;SGB=-0.556411;MQ0F=0;AC=2;AN=2;DP4=0,0,4,0;MQ=60;RB=17,68569944,68570161,GAT,CCT
11	110092735	NA	GTATAT	G	205	MASKED;ATGCAAATGTATATTATG	INDEL;IDV=6;IMF=1;DP=6;VDB=0.000411984;SGB=-0.616816;MQ0F=0;AC=2;AN=2;DP4=0,0,6,0;MQ=60;RB=11,110092641,110093219,GAT,GTT
4	188010890	NA	TTG	T	184	NEI_IND[2/190];GATATTGTTTGTGTTTCT	INDEL;IDV=7;IMF=1;DP=7;VDB=6.71664e-05;SGB=-0.636426;MQ0F=0;AC=2;AN=2;DP4=0,0,7,0;MQ=60;RB=4,188010833,188011323,CTT,TTC
6	32577157	NA	G	GCTCT	225	MASKED;AGATTGGAGCTATGTGTA	INDEL;IDV=15;IMF=0.9375;DP=16;VDB=1.33331e-05;SGB=-0.651104;MQ0F=0;AC=2;AN=2;DP4=0,0,8,0;MQ=60;RB=6,32577056,32577273,GGT,GGG
2	223435122	NA	TAC	T	159	PASS;ACAAATCTTACAGAGTTA	INDEL;IDV=5;IMF=1;DP=5;VDB=0.00187095;SGB=-0.590765;MQ0F=0;AC=2;AN=2;DP4=0,0,5,0;MQ=60;RB=2,223435023,223435318,TCT,GTT
2	71367172	NA	AAAGACGAGTATTGT	A	225	PASS;TATCCAGGAAAGACGAGT	INDEL;IDV=11;IMF=1;DP=11;VDB=2.26006e-08;SGB=-0.676189;MQ0F=0;AC=2;AN=2;DP4=0,0,0,11;MQ=60;RB=2,71366869,71367280,CTC,AAA
7	35513061	NA	TG	T	127	MASKED;CCCAGCATTGGTGCAGTC	INDEL;IDV=10;IMF=1;DP=10;VDB=6.99472e-07;SGB=-0.670168;MQ0F=0;AC=2;AN=2;DP4=0,0,0,10;MQ=60;RB=7,35512684,35513183,GTG,AAA
6	69518967	NA	TA	T	15.5372	MASKED;TGCTGGTTTAAAAAAAAT	INDEL;IDV=7;IMF=1;DP=7;VDB=6.71664e-05;SGB=-0.636426;MQ0F=0;AC=2;AN=2;DP4=0,0,0,7;MQ=60;RB=6,69518797,69519079,CCT,CCT
11	110092735	NA	GTATAT	G	225	MASKED;ATGCAAATGTATATTATG	INDEL;IDV=12;IMF=1;DP=12;VDB=2.26006e-08;SGB=-0.680642;MQ0F=0;AC=2;AN=2;DP4=0,0,12,0;MQ=60;RB=11,110092684,110093019,ATA,AAA
5	61633606	NA	TC	T	115	MASKED;ACCGTACTTCAGCCTGGG	INDEL;IDV=12;IMF=1;DP=12;VDB=0.000411984;SGB=-0.616816;MQ0F=0;AC=2;AN=2;DP4=0,0,6,0;MQ=60;RB=5,61633525,61633732,TGC,AGT
1	214029708	NA	TAC	T	84	MASKED;CATGCACATACACACACA	INDEL;IDV=4;IMF=1;DP=4;VDB=0.0279572;SGB=-0.511536;MQ0F=0;AC=2;AN=2;DP4=0,0,3,0;MQ=60;RB=1,214029692,214029964,TAT,AGA
2	197320440	NA	T	TTAA	225	PASS;ACATACTTTTAATAAAGA	INDEL;IDV=8;IMF=1;DP=8;VDB=1.33331e-05;SGB=-0.651104;MQ0F=0;AC=2;AN=2;DP4=0,0,0,8;MQ=60;RB=2,197319933,197320506,TTA,GGG
15	91958639	NA	TTTTC	T	154	MASKED;TTCTTTTCTTTTCTTTCT	INDEL;IDV=4;IMF=1;DP=4;VDB=0.0058656;SGB=-0.556411;MQ0F=0;AC=2;AN=2;DP4=0,0,0,4;MQ=60;RB=15,91958393,91958740,GCA,ACA
14	57259482	NA	AATTT	A	225	PASS;TGGGGATTAATTTATTTA	INDEL;IDV=11;IMF=0.5;DP=22;VDB=2.26006e-08;SGB=-0.676189;MQ0F=0;AC=2;AN=2;DP4=0,0,0,11;MQ=60;RB=14,57259339,57259615,GTA,TCG
22	26783679	NA	TGTGTGTGTGTGTG	T	225	MASKED;TGTGTGTGTGTGTGTGTG	INDEL;IDV=13;IMF=1;DP=13;VDB=2.26006e-08;SGB=-0.683931;MQ0F=0;AC=2;AN=2;DP4=0,0,13,0;MQ=60;RB=22,26783590,26784223,CAT,CCA
19	37723276	NA	G	GT	20.4535	PASS;CCAAAAATGTTTTTTTCA	INDEL;IDV=6;IMF=1;DP=6;VDB=0.000411984;SGB=-0.616816;MQ0F=0;AC=2;AN=2;DP4=0,0,0,6;MQ=60;RB=19,37723058,37723411,GTT,ACA
1	214029708	NA	TAC	T	143	MASKED;CATGCACATACACACACA	INDEL;IDV=6;IMF=1;DP=6;VDB=0.000560625;SGB=-0.616816;MQ0F=0;AC=2;AN=2;DP4=0,0,6,0;MQ=60;RB=1,214029693,214029964,GTC,TGA
3	8113435	NA	GA	G	71	MASKED;GCTTGCAGGAAAAGGGTA	INDEL;IDV=7;IMF=1;DP=7;VDB=6.71664e-05;SGB=-0.636426;MQ0F=0;AC=2;AN=2;DP4=0,0,7,0;MQ=60;RB=3,8113322,8113763,AGG,AGT
4	164824388	NA	TTG	T	107	MASKED;TCCTTCCCTTGTGTGTGT	INDEL;IDV=4;IMF=1;DP=4;VDB=0.0058656;SGB=-0.556411;MQ0F=0;AC=2;AN=2;DP4=0,0,0,4;MQ=60;RB=4,164824137,164824457,CTC,GGA
14	49791003	NA	T	TA	122	PASS;TTTTATATTACAATTATT	INDEL;IDV=6;IMF=1;DP=6;VDB=0.000411984;SGB=-0.616816;MQ0F=0;AC=2;AN=2;DP4=0,0,6,0;MQ=60;RB=14,49790956,49791393,GGG,GCG
11	110092735	NA	GTATAT	G	225	MASKED;ATGCAAATGTATATTATG	INDEL;IDV=8;IMF=1;DP=8;VDB=1.33331e-05;SGB=-0.651104;MQ0F=0;AC=2;AN=2;DP4=0,0,8,0;MQ=60;RB=11,110092684,110093218,AAT,AAC
7	20656887	NA	AT	A	138	PASS;ATCATCTAATGAGCTTGT	INDEL;IDV=9;IMF=1;DP=9;VDB=5.52906e-06;SGB=-0.662043;MQ0F=0;AC=2;AN=2;DP4=0,0,0,9;MQ=60;RB=7,20656611,20656919,CTC,CAT
10	11752980	NA	GT	G	81	MASKED;AAGTTTCAGTTTTGCAAC	INDEL;IDV=9;IMF=1;DP=9;VDB=5.52906e-06;SGB=-0.662043;MQ0F=0;AC=2;AN=2;DP4=0,0,0,9;MQ=60;RB=10,11752568,11753024,AAA,TAC
16	65401440	NA	CA	C	18.4763	MASKED;GTTTGCACCAAAAAAAAC	INDEL;IDV=9;IMF=1;DP=9;VDB=5.52906e-06;SGB=-0.662043;MQ0F=0;AC=2;AN=2;DP4=0,0,9,0;MQ=60;RB=16,65401419,65401865,GTC,CTT
7	44806203	NA	G	GGCGT	225	PASS;CTGCCACAGGCGTGATGG	INDEL;IDV=10;IMF=1;DP=10;VDB=6.99472e-07;SGB=-0.670168;MQ0F=0;AC=2;AN=2;DP4=0,0,10,0;MQ=60;RB=7,44806116,44806390,ATG,GGA
3	13442695	NA	GC	G	125	MASKED;AGGCGGAGGCCTGCAGTG	INDEL;IDV=9;IMF=1;DP=9;VDB=5.52906e-06;SGB=-0.662043;MQ0F=0;AC=2;AN=2;DP4=0,0,0,9;MQ=60;RB=3,13442375,13442721,TAA,ACT
15	34951578	NA	AT	A	138	MASKED;GAGGAAGCATTGTGCACA	INDEL;IDV=11;IMF=1;DP=11;VDB=2.26006e-08;SGB=-0.676189;MQ0F=0;AC=2;AN=2;DP4=0,0,0,11;MQ=60;RB=15,34951267,34951630,TTG,ATT
1	106115946	NA	TCATATTCTTTCAGA	T	225	PASS;GAAACGTGTCATATTCTT	INDEL;IDV=8;IMF=1;DP=8;VDB=1.33331e-05;SGB=-0.651104;MQ0F=0;AC=2;AN=2;DP4=0,0,0,8;MQ=60;RB=1,106115656,106116002,GAC,CGC
13	89074990	NA	AT	A	116	MASKED;CTCAGTCTATTTGCAAAA	INDEL;IDV=9;IMF=1;DP=9;VDB=5.52906e-06;SGB=-0.662043;MQ0F=0;AC=2;AN=2;DP4=0,0,0,9;MQ=60;RB=13,89074538,89075077,CCC,TTC
X	128438692	NA	TC	T	135	PASS;TGGAGACTTCCTGAGATA	INDEL;IDV=10;IMF=1;DP=10;VDB=6.99472e-07;SGB=-0.670168;MQ0F=0;AC=2;AN=2;DP4=0,0,0,10;MQ=60;RB=X,128438379,128438725,TGG,CCT
1	180388085	NA	GT	G	130	PASS;GTTGTGCTGTTCTTAAAA	INDEL;IDV=11;IMF=1;DP=11;VDB=2.26006e-08;SGB=-0.676189;MQ0F=0;AC=2;AN=2;DP4=0,0,11,0;MQ=60;RB=1,180387951,180388323,CGG,TAT
3	58568198	NA	GT	G	130	MASKED;GGATGCAGGTTAACGCCC	INDEL;IDV=10;IMF=1;DP=10;VDB=6.99472e-07;SGB=-0.670168;MQ0F=0;AC=2;AN=2;DP4=0,0,10,0;MQ=60;RB=3,58568144,58568914,AAG,CCT
1	106115946	NA	TCATATTCTTTCAGA	T	225	PASS;GAAACGTGTCATATTCTT	INDEL;IDV=8;IMF=1;DP=8;VDB=1.33331e-05;SGB=-0.651104;MQ0F=0;AC=2;AN=2;DP4=0,0,0,8;MQ=60;RB=1,106115656,106116003,CCG,ACT
8	50360495	NA	GAGCTCCGGTCTAC	G	225	MASKED;AATAGGAAGAGCTCCGGT	INDEL;IDV=14;IMF=1;DP=14;VDB=0.495162;SGB=-0.686358;MQSB=0.966012;MQ0F=0;AC=2;AN=2;DP4=0,0,7,7;MQ=60;RB=8,50360380,50360601,AGC,ATA
X	43932978	NA	TC	T	145	MASKED;TCTTTCTTTCTTTCTTTC	INDEL;IDV=17;IMF=1;DP=17;VDB=4.49525e-10;SGB=-0.688148;MQ0F=0;AC=2;AN=2;DP4=0,0,15,0;MQ=60;RB=X,43932851,43933148,AGG,ATG
11	10094437	NA	AATT	A	225	MASKED;ATATGGCTAATTATTATT	INDEL;IDV=14;IMF=0.933333;DP=14;VDB=2.26006e-08;SGB=-0.686358;MQ0F=0;AC=2;AN=2;DP4=0,0,14,0;MQ=60;RB=11,10094336,10094672,CAG,TCA
7	82148302	NA	AT	A	124	PASS;TTCAAATAATGTTAAATT	INDEL;IDV=9;IMF=1;DP=9;VDB=1.33331e-05;SGB=-0.651104;MQ0F=0;AC=2;AN=2;DP4=0,0,8,0;MQ=60;RB=7,82148171,82148586,ATG,TAA
18	35997808	NA	AT	A	30.4183	MASKED;AATTCCCTATTTTTAAAA	INDEL;IDV=4;IMF=1;DP=4;VDB=0.0058656;SGB=-0.556411;MQ0F=0;AC=2;AN=2;DP4=0,0,0,4;MQ=60;RB=18,35997463,35997866,GCA,CCT
8	103836496	NA	TAC	T	173	PASS;AAACTTTTTACAGTCTGT	INDEL;IDV=6;IMF=0.857143;DP=6;VDB=0.000411984;SGB=-0.616816;MQ0F=0;AC=2;AN=2;DP4=0,0,0,6;MQ=60;RB=8,103836268,103836604,ACT,AAC
1	245406737	NA	CATAT	C	225	NEI_IND[4/260];TATACATACATATATATA	INDEL;IDV=16;IMF=1;DP=16;VDB=1.29641e-11;SGB=-0.689466;MQ0F=0;AC=2;AN=2;DP4=0,0,16,0;MQ=60;RB=1,245406620,245407089,GTT,TGC
1	184939722	NA	ATTT	A	224	PASS;CATTTCTTATTTTATAAG	INDEL;IDV=7;IMF=1;DP=7;VDB=6.71664e-05;SGB=-0.636426;MQ0F=0;AC=2;AN=2;DP4=0,0,0,7;MQ=60;RB=1,184939378,184939795,ATT,TTG
16	65401440	NA	CA	C	18.4763	MASKED;GTTTGCACCAAAAAAAAC	INDEL;IDV=9;IMF=1;DP=9;VDB=5.52906e-06;SGB=-0.662043;MQ0F=0;AC=2;AN=2;DP4=0,0,9,0;MQ=60;RB=16,65401418,65401865,ATA,GTT
1	239765206	NA	TC	T	104	PASS;ATACTGCCTCCGTCTTTC	INDEL;IDV=6;IMF=1;DP=6;VDB=0.000411984;SGB=-0.616816;MQ0F=0;AC=2;AN=2;DP4=0,0,6,0;MQ=60;RB=1,239765157,239765360,CCG,CTA
1	102273920	NA	AAAGATG	A	205	NEI_IND[6/390];TGGTCATTAAAGATGAAG	INDEL;IDV=6;IMF=1;DP=6;VDB=0.000411984;SGB=-0.616816;MQ0F=0;AC=2;AN=2;DP4=0,0,0,6;MQ=60;RB=1,102273551,102273954,TGC,TCA
12	39537726	NA	GTTA	G	225	NEI_IND[3/223];GATGCAAAGTTATTGTTG	INDEL;IDV=8;IMF=1;DP=8;VDB=1.33331e-05;SGB=-0.651104;MQ0F=0;AC=2;AN=2;DP4=0,0,8,0;MQ=60;RB=12,39537704,39538031,TTA,GGT
X	122491704	NA	GCCA	G	205	PASS;TTTGAGCTGCCACCCTTT	INDEL;IDV=6;IMF=1;DP=6;VDB=0.000411984;SGB=-0.616816;MQ0F=0;AC=2;AN=2;DP4=0,0,0,6;MQ=60;RB=X,122491453,122491779,CGA,AAC
8	119425436	NA	CA	C	140	PASS;TAAATCACCAGGAGACAA	INDEL;IDV=10;IMF=1;DP=10;VDB=5.52906e-06;SGB=-0.662043;MQ0F=0;AC=2;AN=2;DP4=0,0,0,9;MQ=60;RB=8,119425072,119425549,CAC,GCT
1	39399830	NA	CCAAT	C	182	MASKED;CCAGCCTGCCAATATGGC	INDEL;IDV=5;IMF=1;DP=5;VDB=0.00187095;SGB=-0.590765;MQ0F=0;AC=2;AN=2;DP4=0,0,0,5;MQ=60;RB=1,39399482,39399860,CAC,CCC
12	78423015	NA	ATCAAAGAAAT	A	182	PASS;AAGTGGATATCAAAGAAA	INDEL;IDV=5;IMF=1;DP=5;VDB=0.00187095;SGB=-0.590765;MQ0F=0;AC=2;AN=2;DP4=0,0,0,5;MQ=60;RB=12,78422866,78423145,GGA,GGT
16	6751136	NA	ATGTG	A	192	NEI_IND[28/574];GTGTGTGTATGTGTGTGT	INDEL;IDV=8;IMF=1;DP=8;VDB=1.60207e-05;SGB=-0.651104;MQ0F=0;AC=2;AN=2;DP4=0,0,0,8;MQ=60;RB=16,6750626,6751214,ATG,GCT
4	158160435	NA	TTTAA	T	220	PASS;AAAACGTATTTAATTCTT	INDEL;IDV=7;IMF=1;DP=7;VDB=6.71664e-05;SGB=-0.636426;MQ0F=0;AC=2;AN=2;DP4=0,0,0,7;MQ=60;RB=4,158160236,158160510,CTT,CTT
14	59966844	NA	ATAAGT	A	225	MASKED;AGCTACTTATAAGTTAAG	INDEL;IDV=13;IMF=1;DP=13;VDB=2.26006e-08;SGB=-0.683931;MQ0F=0;AC=2;AN=2;DP4=0,0,13,0;MQ=60;RB=14,59966737,59967043,CGT,TTG
6	269347	NA	TTTAGAG	T	224	NEI_IND[6/345];TTGATTCATTTAGAGTTA	INDEL;IDV=7;IMF=1;DP=7;VDB=6.71664e-05;SGB=-0.636426;MQ0F=0;AC=2;AN=2;DP4=0,0,0,7;MQ=60;RB=6,269119,269383,GGA,ATA
3	70440616	NA	GC	G	127	MASKED;AGCCAGGTGCCAGTAATA	INDEL;IDV=10;IMF=1;DP=10;VDB=6.99472e-07;SGB=-0.670168;MQ0F=0;AC=2;AN=2;DP4=0,0,10,0;MQ=60;RB=3,70440492,70441053,TGA,ACT
11	110092735	NA	GTATAT	G	225	MASKED;ATGCAAATGTATATTATG	INDEL;IDV=13;IMF=1;DP=13;VDB=2.26006e-08;SGB=-0.683931;MQ0F=0;AC=2;AN=2;DP4=0,0,13,0;MQ=60;RB=11,110092641,110093219,GCA,GTT
1	214029708	NA	TAC	T	162	MASKED;CATGCACATACACACACA	INDEL;IDV=8;IMF=1;DP=8;VDB=1.64442e-05;SGB=-0.651104;MQ0F=0;AC=2;AN=2;DP4=0,0,8,0;MQ=60;RB=1,214029693,214029964,CTG,CTT
8	105423490	NA	AG	A	113	PASS;ATGTTTTCAGATAACTGA	INDEL;IDV=6;IMF=1;DP=6;VDB=0.000411984;SGB=-0.616816;MQ0F=0;AC=2;AN=2;DP4=0,0,6,0;MQ=60;RB=8,105423475,105423813,CAG,CGA
2	51355370	NA	C	CAATT	225	PASS;TCTTTGTGCAATTCCTCA	INDEL;IDV=11;IMF=1;DP=11;VDB=2.26006e-08;SGB=-0.676189;MQ0F=0;AC=2;AN=2;DP4=0,0,0,11;MQ=60;RB=2,51355093,51355438,TAG,GAC
6	154332613	NA	CATAA	C	182	PASS;AGTGTAAACATAAACTGC	INDEL;IDV=5;IMF=1;DP=5;VDB=0.00187095;SGB=-0.590765;MQ0F=0;AC=2;AN=2;DP4=0,0,0,5;MQ=60;RB=6,154332361,154332630,GTT,ATT
5	130258356	NA	AATAC	A	225	PASS;GAGATAAAAATACATACA	INDEL;IDV=17;IMF=0.944444;DP=18;VDB=0.796389;SGB=-0.688148;MQSB=1;MQ0F=0;AC=2;AN=2;DP4=0,0,8,7;MQ=60;RB=5,130258232,130258454,CTA,GAT
13	80561857	NA	TC	T	91	PASS;TATTTCCTTCCTCTACAG	INDEL;IDV=5;IMF=1;DP=5;VDB=0.00187095;SGB=-0.590765;MQ0F=0;AC=2;AN=2;DP4=0,0,0,5;MQ=60;RB=13,80561648,80561891,CCT,GCC
13	77433120	NA	ATGTATATGTATATGTATG	A	225	MASKED;ATATGTATATGTATATGT	INDEL;IDV=10;IMF=1;DP=10;VDB=6.99472e-07;SGB=-0.670168;MQ0F=0;AC=2;AN=2;DP4=0,0,0,10;MQ=60;RB=13,77432768,77433189,CCT,ATG
1	245406737	NA	CATAT	C	225	NEI_IND[4/260];TATACATACATATATATA	INDEL;IDV=11;IMF=1;DP=11;VDB=2.26006e-08;SGB=-0.676189;MQ0F=0;AC=2;AN=2;DP4=0,0,11,0;MQ=60;RB=1,245406621,245407090,CTG,GTA
9	72670550	NA	G	GTC	205	PASS;ACTAGTGTGTCTCCCGGG	INDEL;IDV=6;IMF=1;DP=6;VDB=0.000411984;SGB=-0.616816;MQ0F=0;AC=2;AN=2;DP4=0,0,6,0;MQ=60;RB=9,72670455,72670825,AGA,AAT
19	18998744	NA	A	AC	32.4168	PASS;GCCCTGGCACCCCCCATC	INDEL;IDV=6;IMF=1;DP=6;VDB=0.000852857;SGB=-0.616816;MQ0F=0;AC=2;AN=2;DP4=0,0,6,0;MQ=60;RB=19,18998640,18999105,GAC,TCT
6	130491143	NA	CTT	C	225	MASKED;AAAAGTAACTTATGCATA	INDEL;IDV=10;IMF=1;DP=10;VDB=6.99472e-07;SGB=-0.670168;MQ0F=0;AC=2;AN=2;DP4=0,0,0,10;MQ=60;RB=6,130490570,130491216,CAG,CCT
3	148172662	NA	TC	T	131	PASS;AGATAAAGTCATAATTGA	INDEL;IDV=10;IMF=1;DP=10;VDB=5.52906e-06;SGB=-0.662043;MQ0F=0;AC=2;AN=2;DP4=0,0,0,9;MQ=60;RB=3,148172218,148172748,AAA,AAA
13	56291466	NA	AT	A	28.4205	MASKED;TCTAGGTTATTTTTTTAT	INDEL;IDV=10;IMF=1;DP=10;VDB=6.99472e-07;SGB=-0.670168;MQ0F=0;AC=2;AN=2;DP4=0,0,0,10;MQ=60;RB=13,56291002,56291527,CCT,TCA
17	2417516	NA	TAC	T	198	MASKED;CATATATATACACACACA	INDEL;IDV=11;IMF=1;DP=11;VDB=2.26006e-08;SGB=-0.676189;MQ0F=0;AC=2;AN=2;DP4=0,0,0,11;MQ=60;RB=17,2417197,2417625,CGA,CTC
3	37512679	NA	CTCT	C	224	PASS;ATACCTTGCTCTTCTTCT	INDEL;IDV=7;IMF=1;DP=7;VDB=6.71664e-05;SGB=-0.636426;MQ0F=0;AC=2;AN=2;DP4=0,0,7,0;MQ=60;RB=3,37512605,37512999,CTT,CTA
13	106387584	NA	CT	C	19.4636	MASKED;ACCTTAGTCTTTTTTTTG	INDEL;IDV=11;IMF=1;DP=11;VDB=2.26006e-08;SGB=-0.676189;MQ0F=0;AC=2;AN=2;DP4=0,0,0,11;MQ=59;RB=13,106387332,106387624,GTA,AAA
1	105890958	NA	GA	G	156	MASKED;CCATCTATGACAATCCCA	INDEL;IDV=11;IMF=1;DP=11;VDB=2.26006e-08;SGB=-0.676189;MQ0F=0;AC=2;AN=2;DP4=0,0,11,0;MQ=60;RB=1,105890872,105891151,ACT,GAC
21	21195925	NA	TG	T	109	MASKED;CATACATGTGGCACACAC	INDEL;IDV=11;IMF=1;DP=11;VDB=0.068574;SGB=-0.616816;MQSB=1;MQ0F=0;AC=2;AN=2;DP4=0,0,5,1;MQ=60;RB=21,21195806,21196013,CTC,AAA
4	11319046	NA	TCAATTCTTGACTTCTATG	T	225	NEI_IND[6/255];CCCAAACCTCAATTCTTG	INDEL;IDV=8;IMF=1;DP=8;VDB=1.33331e-05;SGB=-0.651104;MQ0F=0;AC=2;AN=2;DP4=0,0,0,8;MQ=60;RB=4,11318813,11319110,TAT,TAA
8	130880772	NA	CACTT	C	217	PASS;CTTGGAGACACTTACTTA	INDEL;IDV=7;IMF=1;DP=7;VDB=6.71664e-05;SGB=-0.636426;MQ0F=0;AC=2;AN=2;DP4=0,0,0,7;MQ=60;RB=8,130880562,130880885,ATA,CCA
7	37951252	NA	AGT	A	145	MASKED;CACCTTAAAGTGTGTGTG	INDEL;IDV=6;IMF=1;DP=6;VDB=0.000411984;SGB=-0.616816;MQ0F=0;AC=2;AN=2;DP4=0,0,0,6;MQ=60;RB=7,37951016,37951279,AAA,AGA
9	3436439	NA	AG	A	117	PASS;GCAATCAAAGGTATGATT	INDEL;IDV=8;IMF=1;DP=8;VDB=1.33331e-05;SGB=-0.651104;MQ0F=0;AC=2;AN=2;DP4=0,0,8,0;MQ=60;RB=9,3436382,3436733,GTT,GAT
9	79318375	NA	GGTGACAGCCTGCAAC	G	225	NEI_IND[6/238];TTGTCATGGGTGACAGCC	INDEL;IDV=9;IMF=1;DP=9;VDB=5.52906e-06;SGB=-0.662043;MQ0F=0;AC=2;AN=2;DP4=0,0,0,9;MQ=60;RB=9,79318131,79318504,TCA,AAT
4	141710859	NA	GA	G	30.4183	NEI_IND[19/323];AAAAGGAAGAAAAAGAAA	INDEL;IDV=4;IMF=1;DP=4;VDB=0.0058656;SGB=-0.556411;MQ0F=0;AC=2;AN=2;DP4=0,0,0,4;MQ=60;RB=4,141710276,141710994,CGG,AGA
13	46870586	NA	TAA	T	203	PASS;CAGTGGCTTAAAACAAAA	INDEL;IDV=9;IMF=1;DP=9;VDB=5.52906e-06;SGB=-0.662043;MQ0F=0;AC=2;AN=2;DP4=0,0,0,9;MQ=60;RB=13,46870307,46870606,GAA,TTG
2	3656002	NA	AC	A	145	PASS;TCTACATTACAAAATGCA	INDEL;IDV=9;IMF=1;DP=9;VDB=5.52906e-06;SGB=-0.662043;MQ0F=0;AC=2;AN=2;DP4=0,0,0,9;MQ=60;RB=2,3655790,3656062,TGA,TTT
8	88194582	NA	CAT	C	211	MASKED;GTGATAGACATATGTGTG	INDEL;IDV=9;IMF=1;DP=9;VDB=5.52906e-06;SGB=-0.662043;MQ0F=0;AC=2;AN=2;DP4=0,0,9,0;MQ=60;RB=8,88194475,88194852,AGT,CCT
10	63248353	NA	GC	G	108	PASS;AAGCAAGAGCCAAGGCTT	INDEL;IDV=7;IMF=1;DP=7;VDB=6.71664e-05;SGB=-0.636426;MQ0F=0;AC=2;AN=2;DP4=0,0,7,0;MQ=60;RB=10,63248226,63248697,TAA,GTT
16	64205955	NA	GA	G	44.4146	PASS;CATTTTAAGAAAAAGCAA	INDEL;IDV=6;IMF=1;DP=6;VDB=0.000411984;SGB=-0.616816;MQ0F=0;AC=2;AN=2;DP4=0,0,0,6;MQ=60;RB=16,64205709,64205977,CGT,ATT
7	146876971	NA	AG	A	140	MASKED;TTTTGAGAAGAAAATGTT	INDEL;IDV=10;IMF=1;DP=10;VDB=6.99472e-07;SGB=-0.670168;MQ0F=0;AC=2;AN=2;DP4=0,0,0,10;MQ=60;RB=7,146876126,146876990,TTG,TGG
5	66129844	NA	G	GTGCC	205	PASS;TTAGCACAGTGCCTGGCA	INDEL;IDV=6;IMF=1;DP=6;VDB=0.000411984;SGB=-0.616816;MQ0F=0;AC=2;AN=2;DP4=0,0,0,6;MQ=60;RB=5,66129612,66129902,GGT,ACG
13	106641144	NA	TAACTG	T	205	PASS;ACTGTAGTTAACTGCAGC	INDEL;IDV=6;IMF=1;DP=6;VDB=0.000411984;SGB=-0.616816;MQ0F=0;AC=2;AN=2;DP4=0,0,0,6;MQ=60;RB=13,106640651,106641204,TAG,CGT
4	69339688	NA	CTAA	C	225	MASKED;AATTAACACTAATAATAT	INDEL;IDV=10;IMF=1;DP=10;VDB=6.99472e-07;SGB=-0.670168;MQ0F=0;AC=2;AN=2;DP4=0,0,0,10;MQ=60;RB=4,69339410,69339815,TGT,GTT
21	24325002	NA	ATGTG	A	224	MASKED;CTTAACCTATGTGTGTGT	INDEL;IDV=7;IMF=1;DP=7;VDB=6.71664e-05;SGB=-0.636426;MQ0F=0;AC=2;AN=2;DP4=0,0,0,7;MQ=60;RB=21,24324754,24325041,ACC,ATA
11	63181795	NA	GT	G	94	MASKED;GCCAAAATGTTTCTGCAC	INDEL;IDV=6;IMF=1;DP=6;VDB=0.000411984;SGB=-0.616816;MQ0F=0;AC=2;AN=2;DP4=0,0,0,6;MQ=60;RB=11,63181414,63181853,AAG,GAT
5	106650984	NA	TA	T	116	PASS;GCATCGTATATTTTTTTT	INDEL;IDV=10;IMF=1;DP=10;VDB=6.99472e-07;SGB=-0.670168;MQ0F=0;AC=2;AN=2;DP4=0,0,0,10;MQ=60;RB=5,106650817,106651087,ATT,TGA
20	17468917	NA	GT	G	118	MASKED;GGCAGACTGTTGGTGCAT	INDEL;IDV=8;IMF=1;DP=8;VDB=1.33331e-05;SGB=-0.651104;MQ0F=0;AC=2;AN=2;DP4=0,0,0,8;MQ=60;RB=20,17468559,17468944,GAT,CCA
2	104962793	NA	GTGTT	G	224	PASS;CTGAAAAAGTGTTTGACA	INDEL;IDV=7;IMF=1;DP=7;VDB=6.71664e-05;SGB=-0.636426;MQ0F=0;AC=2;AN=2;DP4=0,0,7,0;MQ=60;RB=2,104962765,104963038,GGA,ATT
2	53276949	NA	AAAAAAATAAATAAAT	A	182	NEI_IND[6/198];AGTATAATAAAAAAATAA	INDEL;IDV=5;IMF=1;DP=5;VDB=0.00187095;SGB=-0.590765;MQ0F=0;AC=2;AN=2;DP4=0,0,0,5;MQ=60;RB=2,53276615,53277073,TTT,TAC
7	24645270	NA	AC	A	96	PASS;ACATAAAAACAAAGTATA	INDEL;IDV=5;IMF=1;DP=5;VDB=0.00187095;SGB=-0.590765;MQ0F=0;AC=2;AN=2;DP4=0,0,0,5;MQ=60;RB=7,24644985,24645282,GAT,CGT
20	32566905	NA	TAAC	T	205	PASS;TTCTTCATTAACAACAAC	INDEL;IDV=6;IMF=1;DP=6;VDB=0.000411984;SGB=-0.616816;MQ0F=0;AC=2;AN=2;DP4=0,0,0,6;MQ=60;RB=20,32566552,32566985,ATA,GAG
20	3190549	NA	TAAC	T	225	PASS;GGGGCTCTTAACAACCGC	INDEL;IDV=11;IMF=1;DP=11;VDB=2.26006e-08;SGB=-0.676189;MQ0F=0;AC=2;AN=2;DP4=0,0,11,0;MQ=60;RB=20,3190443,3190754,ATA,AGA
13	38851160	NA	A	AT	16.5122	PASS;AGAAAAAAAATAAAATAA	INDEL;IDV=17;IMF=1;DP=17;VDB=1.29641e-11;SGB=-0.690438;MQ0F=0;AC=2;AN=2;DP4=0,0,17,0;MQ=60;RB=13,38851073,38851620,GGG,CCC
1	39598485	NA	G	GAATTCAAAGCACATACAT	225	PASS;CATTTGAGGAATTCAAAG	INDEL;IDV=10;IMF=1;DP=10;VDB=6.99472e-07;SGB=-0.670168;MQ0F=0;AC=2;AN=2;DP4=0,0,0,10;MQ=60;RB=1,39598227,39598591,TTT,CAT
19	58615540	NA	GT	G	151	PASS;GGTCAGCAGTTCAAGACC	INDEL;IDV=32;IMF=1;DP=32;VDB=1.29641e-11;SGB=-0.689466;MQ0F=0;AC=2;AN=2;DP4=0,0,16,0;MQ=60;RB=19,58615447,58615682,GTT,ACC
6	32577157	NA	G	GCTCT	154	PASS;AGATTGGAGCTATGTGTA	INDEL;IDV=7;IMF=0.875;DP=8;VDB=0.0058656;SGB=-0.556411;MQ0F=0;AC=2;AN=2;DP4=0,0,4,0;MQ=60;RB=6,32577057,32577273,GCG,GGG
X	112088721	NA	CACACACAA	C	225	MASKED;CACACACACACACACAAA	INDEL;IDV=10;IMF=1;DP=10;VDB=5.52906e-06;SGB=-0.662043;MQ0F=0;AC=2;AN=2;DP4=0,0,0,9;MQ=60;RB=X,112088341,112088801,CAC,CGA
15	34950757	NA	TG	T	68	NEI_IND[15/161];GCAAGAGCTGGGACTTAA	INDEL;IDV=5;IMF=1;DP=5;VDB=0.0058656;SGB=-0.556411;MQ0F=0;AC=2;AN=2;DP4=0,0,4,0;MQ=60;RB=15,34950752,34951640,GAT,GGC
15	34951578	NA	AT	A	85	MASKED;GAGGAAGCATTGTGCACA	INDEL;IDV=5;IMF=1;DP=5;VDB=0.00187095;SGB=-0.590765;MQ0F=0;AC=2;AN=2;DP4=0,0,0,5;MQ=60;RB=15,34950752,34951640,GAT,GGC
14	64991688	NA	AC	A	99	MASKED;TGTGAATTACTTGCAATG	INDEL;IDV=5;IMF=1;DP=5;VDB=0.00187095;SGB=-0.590765;MQ0F=0;AC=2;AN=2;DP4=0,0,0,5;MQ=60;RB=14,64991452,64991812,AGA,TTA
X	99615859	NA	TAAG	T	225	PASS;ACAAGCAATAAGAAGATG	INDEL;IDV=8;IMF=1;DP=8;VDB=1.33331e-05;SGB=-0.651104;MQ0F=0;AC=2;AN=2;DP4=0,0,8,0;MQ=60;RB=X,99615788,99616066,ACT,CGA
14	92140579	NA	TA	T	126	PASS;GAAATAAATACAAGGGTA	INDEL;IDV=7;IMF=1;DP=7;VDB=6.71664e-05;SGB=-0.636426;MQ0F=0;AC=2;AN=2;DP4=0,0,0,7;MQ=60;RB=14,92140299,92140669,GCC,TGG
4	62343086	NA	TAC	T	109	MASKED;AGTGATGTTACACACACA	INDEL;IDV=7;IMF=1;DP=7;VDB=0.000411984;SGB=-0.616816;MQ0F=0;AC=2;AN=2;DP4=0,0,0,6;MQ=60;RB=4,62342918,62343187,GTG,CAA
2	188549706	NA	TG	T	56	MASKED;GCGGGATGTGGGGGCATG	INDEL;IDV=9;IMF=1;DP=9;VDB=5.52906e-06;SGB=-0.662043;MQ0F=0;AC=2;AN=2;DP4=0,0,0,9;MQ=60;RB=2,188549346,188549781,ATA,AAT
4	87162912	NA	CATTGGGTTAGAATATG	C	225	PASS;CTTCTTTGCATTGGGTTA	INDEL;IDV=12;IMF=0.923077;DP=12;VDB=2.26006e-08;SGB=-0.680642;MQ0F=0;AC=2;AN=2;DP4=0,0,12,0;MQ=60;RB=4,87162796,87163274,GAC,ATA
11	55851379	NA	CAT	C	221	MASKED;CATGCACACATGTGAACA	INDEL;IDV=8;IMF=1;DP=8;VDB=1.33331e-05;SGB=-0.651104;MQ0F=0;AC=2;AN=2;DP4=0,0,8,0;MQ=60;RB=11,55851347,55851680,CGG,TAA
X	1777433	NA	G	GT	131	NEI_IND[60/720];CAGTTGTGGTATCCAAGC	INDEL;IDV=7;IMF=1;DP=7;VDB=6.71664e-05;SGB=-0.636426;MQ0F=0;AC=2;AN=2;DP4=0,0,0,7;MQ=60;RB=X,1777211,1777488,AAG,CAG
X	1777455	NA	TTTTG	T	79	MASKED;GCACACTTTTTTGTTTGT	INDEL;IDV=7;IMF=1;DP=7;VDB=0.00187095;SGB=-0.590765;MQ0F=0;AC=2;AN=2;DP4=0,0,0,5;MQ=60;RB=X,1777211,1777488,AAG,CAG
1	212904496	NA	AATCT	A	62	NEI_IND[4/179];CATAATATAATCTATTTG	INDEL;IDV=5;IMF=1;DP=5;VDB=0.0221621;SGB=-0.511536;MQ0F=0;AC=2;AN=2;DP4=0,0,0,3;MQ=60;RB=1,212904279,212904622,ATG,CTA
X	22508601	NA	AAAAT	A	182	NEI_IND[4/359];TAGAATAAAAAATAAATG	INDEL;IDV=5;IMF=1;DP=5;VDB=0.00187095;SGB=-0.590765;MQ0F=0;AC=2;AN=2;DP4=0,0,0,5;MQ=60;RB=X,22508423,22508673,GCC,TAT
11	98250573	NA	GTTAGTTAAAATATGCT	G	205	MASKED;CACCTGCTGTTAGTTAAA	INDEL;IDV=6;IMF=1;DP=6;VDB=0.000411984;SGB=-0.616816;MQ0F=0;AC=2;AN=2;DP4=0,0,0,6;MQ=60;RB=11,98250380,98250661,CTG,GAT
2	1560192	NA	GCT	G	225	MASKED;AAAAGGCCGCTCTGAGTC	INDEL;IDV=11;IMF=1;DP=11;VDB=2.26006e-08;SGB=-0.676189;MQ0F=0;AC=2;AN=2;DP4=0,0,0,11;MQ=60;RB=2,1559981,1560311,TCT,TTA
3	13442429	NA	AAGG	A	225	NEI_IND[63/393];GTATTCTGAAGGAGACTT	INDEL;IDV=8;IMF=1;DP=8;VDB=1.33331e-05;SGB=-0.651104;MQ0F=0;AC=2;AN=2;DP4=0,0,8,0;MQ=60;RB=3,13442376,13442721,GTG,CCT
3	13442695	NA	GC	G	118	MASKED;AGGCGGAGGCCTGCAGTG	INDEL;IDV=8;IMF=1;DP=8;VDB=1.33331e-05;SGB=-0.651104;MQ0F=0;AC=2;AN=2;DP4=0,0,0,8;MQ=60;RB=3,13442376,13442721,GTG,CCT
9	122581140	NA	CAGACTGA	C	225	MASKED;TTTGGCCACAGACTGAAG	INDEL;IDV=12;IMF=1;DP=12;VDB=2.26006e-08;SGB=-0.680642;MQ0F=0;AC=2;AN=2;DP4=0,0,0,12;MQ=60;RB=9,122580569,122581226,TTA,GAA
X	1947637	NA	A	AGAT	118	NEI_IND[68/770];ATCCTCATAGACTCAAAG	INDEL;IDV=7;IMF=1;DP=7;VDB=6.71664e-05;SGB=-0.636426;MQ0F=0;AC=2;AN=2;DP4=0,0,7,0;MQ=60;RB=X,1947606,1947919,TAT,TAG
X	1947811	NA	GTA	G	166	MASKED;CACAATGTGTATATATAT	INDEL;IDV=7;IMF=1;DP=7;VDB=6.71664e-05;SGB=-0.636426;MQ0F=0;AC=2;AN=2;DP4=0,0,0,7;MQ=60;RB=X,1947606,1947919,TAT,TAG
18	66912826	NA	GC	G	99	MASKED;TTGGATCAGCATTTTGCA	INDEL;IDV=5;IMF=1;DP=5;VDB=0.00187095;SGB=-0.590765;MQ0F=0;AC=2;AN=2;DP4=0,0,0,5;MQ=60;RB=18,66912397,66912840,GAA,ATT
15	93102140	NA	GC	G	115	MASKED;ATGTTCTTGCCACAAAGA	INDEL;IDV=7;IMF=1;DP=7;VDB=6.71664e-05;SGB=-0.636426;MQ0F=0;AC=2;AN=2;DP4=0,0,7,0;MQ=60;RB=15,93102027,93102354,TTT,CTG
1	202744655	NA	ACT	A	128	MASKED;AGTGCAAGACTCTGTCTC	INDEL;IDV=4;IMF=1;DP=4;VDB=0.0058656;SGB=-0.556411;MQ0F=0;AC=2;AN=2;DP4=0,0,4,0;MQ=60;RB=1,202744631,202744921,GTT,TTT
9	94852996	NA	TA	T	115	PASS;AAGCAGACTAAAGGCAAG	INDEL;IDV=8;IMF=1;DP=8;VDB=0.683425;SGB=-0.651104;MQSB=0.992367;MQ0F=0;AC=2;AN=2;DP4=0,0,4,4;MQ=60;RB=9,94852861,94853076,GAG,AAT
14	92632617	NA	TC	T	76	MASKED;ATTTACACTCTTTTTTTT	INDEL;IDV=5;IMF=1;DP=5;VDB=0.0058656;SGB=-0.556411;MQ0F=0;AC=2;AN=2;DP4=0,0,0,4;MQ=60;RB=14,92632286,92632742,TTT,TCT
16	28323186	NA	GGCAACTCT	G	225	PASS;CTTCCCAGGGCAACTCTG	INDEL;IDV=11;IMF=1;DP=11;VDB=0.999997;SGB=-0.676189;MQSB=0.950952;MQ0F=0;AC=2;AN=2;DP4=0,0,6,5;MQ=60;RB=16,28323054,28323325,GGT,GTT
10	98062998	NA	CTAG	C	209	MASKED;ACTGCACTCTAGCCTGGG	INDEL;IDV=8;IMF=1;DP=8;VDB=0.000328757;SGB=-0.651104;MQ0F=0;AC=2;AN=2;DP4=0,0,8,0;MQ=60;RB=10,98062972,98063363,GTT,GTT
X	71580227	NA	A	AAGAGCTTC	182	PASS;AAGAAAGAAAGAGCTTCT	INDEL;IDV=5;IMF=1;DP=5;VDB=0.00187095;SGB=-0.590765;MQ0F=0;AC=2;AN=2;DP4=0,0,5,0;MQ=60;RB=X,71580172,71580364,GTG,TCA
9	2324064	NA	GT	G	116	MASKED;CTCTGTTTGTCATTTGTC	INDEL;IDV=6;IMF=1;DP=6;VDB=0.000411984;SGB=-0.616816;MQ0F=0;AC=2;AN=2;DP4=0,0,0,6;MQ=60;RB=9,2323868,2324128,AAG,GTG
2	204207285	NA	T	TTATTTATG	182	PASS;TTATTTATTTATTTATTT	INDEL;IDV=5;IMF=1;DP=5;VDB=0.00187095;SGB=-0.590765;MQ0F=0;AC=2;AN=2;DP4=0,0,0,5;MQ=60;RB=2,204207049,204207354,ACT,AGA
9	24655261	NA	ATTTTTCATACTTGT	A	182	NEI_IND[6/275];AAATCAGTATTTTTCATA	INDEL;IDV=5;IMF=1;DP=5;VDB=0.00187095;SGB=-0.590765;MQ0F=0;AC=2;AN=2;DP4=0,0,5,0;MQ=60;RB=9,24655169,24655477,AGA,TTT
1	44108464	NA	CAGA	C	204	PASS;GCAAGCCACAGAAGGAGA	INDEL;IDV=6;IMF=1;DP=6;VDB=0.000411984;SGB=-0.616816;MQ0F=0;AC=2;AN=2;DP4=0,0,6,0;MQ=60;RB=1,44108364,44109058,GTA,TTT
14	93973378	NA	CCATT	C	225	PASS;TTCTGAATCCATTCAGTC	INDEL;IDV=9;IMF=1;DP=9;VDB=5.52906e-06;SGB=-0.662043;MQ0F=0;AC=2;AN=2;DP4=0,0,0,9;MQ=60;RB=14,93973133,93973456,CCG,TCG
4	75224870	NA	CATTAAT	C	225	MASKED;AACATTAACATTAATATT	INDEL;IDV=8;IMF=1;DP=8;VDB=1.33331e-05;SGB=-0.651104;MQ0F=0;AC=2;AN=2;DP4=0,0,0,8;MQ=60;RB=4,75224694,75224943,GTG,ATT
3	76823976	NA	T	TTC,TTTC	137	PASS;TTTTTTTTTCCCGAGAGG	INDEL;IDV=5;IMF=1;DP=5;VDB=0.00215942;SGB=-0.590765;MQ0F=0;AC=1,1;AN=2;DP4=0,0,0,5;MQ=60;RB=3,76823425,76824049,ATT,CAG
13	41029512	NA	TCAAA	T	225	MASKED;ATACAATATCAAACAAAC	INDEL;IDV=9;IMF=1;DP=9;VDB=5.52906e-06;SGB=-0.662043;MQ0F=0;AC=2;AN=2;DP4=0,0,0,9;MQ=60;RB=13,41029219,41029611,GCG,CCG
20	57863304	NA	CCTT	C	129	NEI_IND[3/233];GAAGACCTCCTTCTTTGC	INDEL;IDV=5;IMF=1;DP=5;VDB=0.0058656;SGB=-0.556411;MQ0F=0;AC=2;AN=2;DP4=0,0,0,4;MQ=60;RB=20,57862426,57863429,GTC,CTT
15	94455137	NA	TTTCCTTCC	T	224	MASKED;CTTCCTGTTTTCCTTCCT	INDEL;IDV=7;IMF=1;DP=7;VDB=6.71664e-05;SGB=-0.636426;MQ0F=0;AC=2;AN=2;DP4=0,0,0,7;MQ=60;RB=15,94454904,94455202,GAT,GAT
17	2417516	NA	TAC	T	172	MASKED;CATATATATACACACACA	INDEL;IDV=8;IMF=1;DP=8;VDB=1.33331e-05;SGB=-0.651104;MQ0F=0;AC=2;AN=2;DP4=0,0,0,8;MQ=60;RB=17,2417198,2417625,CTG,TTG
X	84727215	NA	T	TA	144	PASS;TTTCCTCTTACTGCTGTT	INDEL;IDV=8;IMF=1;DP=8;VDB=1.33331e-05;SGB=-0.651104;MQ0F=0;AC=2;AN=2;DP4=0,0,8,0;MQ=60;RB=X,84727146,84727450,TAG,GTT
21	46206002	NA	TA	T	101	MASKED;CCCACAAATAACTGCAGA	INDEL;IDV=6;IMF=1;DP=6;VDB=0.000411984;SGB=-0.616816;MQ0F=0;AC=2;AN=2;DP4=0,0,0,6;MQ=60;RB=21,46205774,46206068,ATG,CAT
22	26743253	NA	TTTTAAA	T	225	PASS;ACAAAAATTTTTAAAAGA	INDEL;IDV=10;IMF=1;DP=10;VDB=0.986344;SGB=-0.670168;MQSB=0.952347;MQ0F=0;AC=2;AN=2;DP4=0,0,5,5;MQ=60;RB=22,26743129,26743372,TCC,ATA
9	12544590	NA	TGCGC	T	225	NEI_IND[4/288];CTAATTTGTGCGCGCACA	INDEL;IDV=13;IMF=1;DP=13;VDB=2.26006e-08;SGB=-0.683931;MQ0F=0;AC=2;AN=2;DP4=0,0,13,0;MQ=60;RB=9,12544470,12544947,TAT,GCT
8	88194582	NA	CAT	C	198	MASKED;GTGATAGACATATGTGTG	INDEL;IDV=8;IMF=1;DP=8;VDB=1.33331e-05;SGB=-0.651104;MQ0F=0;AC=2;AN=2;DP4=0,0,8,0;MQ=60;RB=8,88194475,88194742,ACT,TCG
8	128274050	NA	GC	G	116	PASS;GAGGTATGGCTTGCAAAT	INDEL;IDV=10;IMF=1;DP=10;VDB=6.99472e-07;SGB=-0.670168;MQ0F=0;AC=2;AN=2;DP4=0,0,0,10;MQ=60;RB=8,128273874,128274135,ATT,TGT
11	33055712	NA	TATCA	T	225	NEI_IND[4/224];CTCCTTAATATCAATCAG	INDEL;IDV=9;IMF=1;DP=9;VDB=5.52906e-06;SGB=-0.662043;MQ0F=0;AC=2;AN=2;DP4=0,0,0,9;MQ=60;RB=11,33055246,33055807,AAT,TCA
5	8855169	NA	TAATAATAATATAAC	T	225	PASS;TATAGTGTTAATAATAAT	INDEL;IDV=11;IMF=1;DP=11;VDB=2.26006e-08;SGB=-0.676189;MQ0F=0;AC=2;AN=2;DP4=0,0,0,11;MQ=60;RB=5,8854933,8855283,GCT,CCG
10	98062998	NA	CTAG	C	225	MASKED;ACTGCACTCTAGCCTGGG	INDEL;IDV=9;IMF=1;DP=9;VDB=3.66709e-05;SGB=-0.662043;MQ0F=0;AC=2;AN=2;DP4=0,0,9,0;MQ=60;RB=10,98062972,98063504,GTA,TAA
12	69180907	NA	ATTTTCTGGTC	A	225	MASKED;ACTGTGTCATTTTCTGGT	INDEL;IDV=11;IMF=1;DP=11;VDB=2.26006e-08;SGB=-0.676189;MQ0F=0;AC=2;AN=2;DP4=0,0,11,0;MQ=60;RB=12,69180807,69181295,GAT,CCT
11	33055712	NA	TATCA	T	154	NEI_IND[4/224];CTCCTTAATATCAATCAG	INDEL;IDV=4;IMF=1;DP=4;VDB=0.0058656;SGB=-0.556411;MQ0F=0;AC=2;AN=2;DP4=0,0,0,4;MQ=60;RB=11,33055344,33055806,GAG,CTC
8	109208283	NA	TAC	T	155	PASS;CAAACACTTACAGACATG	INDEL;IDV=5;IMF=1;DP=5;VDB=0.00187095;SGB=-0.590765;MQ0F=0;AC=2;AN=2;DP4=0,0,0,5;MQ=60;RB=8,109207540,109208333,AAC,AAA
2	232556965	NA	ACTT	A	225	MASKED;CCAAAATGACTTCTTCTT	INDEL;IDV=8;IMF=1;DP=8;VDB=1.33331e-05;SGB=-0.651104;MQ0F=0;AC=2;AN=2;DP4=0,0,0,8;MQ=60;RB=2,232556740,232557015,TGT,CGT
7	123669258	NA	ATATC	A	154	PASS;TAAAATATATATCTATTC	INDEL;IDV=4;IMF=1;DP=4;VDB=0.0058656;SGB=-0.556411;MQ0F=0;AC=2;AN=2;DP4=0,0,4,0;MQ=60;RB=7,123669210,123669549,GCC,CTG
1	102273920	NA	AAAGATG	A	205	NEI_IND[6/390];TGGTCATTAAAGATGAAG	INDEL;IDV=6;IMF=1;DP=6;VDB=0.000411984;SGB=-0.616816;MQ0F=0;AC=2;AN=2;DP4=0,0,0,6;MQ=60;RB=1,102273550,102273953,AGA,CCC
11	75470122	NA	TTTTG	T	225	NEI_IND[4/188];GTTAAAGTTTTTGTTTGT	INDEL;IDV=13;IMF=1;DP=13;VDB=2.26006e-08;SGB=-0.683931;MQ0F=0;AC=2;AN=2;DP4=0,0,0,13;MQ=60;RB=11,75469938,75470235,ATT,GGT
5	25457693	NA	TAA	T	193	MASKED;TATGCAAATAAAAGTCAC	INDEL;IDV=8;IMF=1;DP=8;VDB=1.33331e-05;SGB=-0.651104;MQ0F=0;AC=2;AN=2;DP4=0,0,8,0;MQ=60;RB=5,25457650,25458032,GTA,GAT
10	77604968	NA	GT	G	8.13795	MASKED;AGCCACAGGTTTTTTTTT	INDEL;IDV=15;IMF=1;DP=15;VDB=6.82743e-10;SGB=-0.688148;MQ0F=0;AC=2;AN=2;DP4=0,0,0,15;MQ=60;RB=10,77604536,77604995,ACT,ATA
6	112955418	NA	TATA	T	224	PASS;ACTTAAAGTATAATAATA	INDEL;IDV=7;IMF=1;DP=7;VDB=6.71664e-05;SGB=-0.636426;MQ0F=0;AC=2;AN=2;DP4=0,0,7,0;MQ=60;RB=6,112955397,112955784,CGT,GAG
9	76715603	NA	GATT	G	225	MASKED;TCTGCATGGATTATTGTT	INDEL;IDV=13;IMF=1;DP=13;VDB=2.26006e-08;SGB=-0.683931;MQ0F=0;AC=2;AN=2;DP4=0,0,13,0;MQ=60;RB=9,76715504,76715892,CAG,AAA
11	2373750	NA	CT	C	84	MASKED;ATTTCTCTCTTTCTTGCA	INDEL;IDV=5;IMF=1;DP=5;VDB=0.00187095;SGB=-0.590765;MQ0F=0;AC=2;AN=2;DP4=0,0,0,5;MQ=60;RB=11,2373393,2373787,TGA,TTT
11	10341500	NA	ACTC	A	192	PASS;AAAACAAAACTCCTAATT	INDEL;IDV=6;IMF=1;DP=6;VDB=0.000481013;SGB=-0.616816;MQ0F=0;AC=2;AN=2;DP4=0,0,6,0;MQ=60;RB=11,10341439,10341680,TAA,CAC
5	157914667	NA	GGA	G	191	MASKED;GCAGAAGAGGAGAGAGAA	INDEL;IDV=9;IMF=1;DP=9;VDB=5.52906e-06;SGB=-0.662043;MQ0F=0;AC=2;AN=2;DP4=0,0,9,0;MQ=60;RB=5,157914543,157915099,ATT,ACT
3	73122344	NA	C	CA	85	PASS;AGTCTTAACAGTGGGGCA	INDEL;IDV=6;IMF=1;DP=6;VDB=0.000411984;SGB=-0.616816;MQ0F=0;AC=2;AN=2;DP4=0,0,0,6;MQ=60;RB=3,73122177,73122429,GTA,AAT
13	74636645	NA	CAATT	C	224	MASKED;TAGTCAGACAATTAAAAT	INDEL;IDV=7;IMF=1;DP=7;VDB=6.71664e-05;SGB=-0.636426;MQ0F=0;AC=2;AN=2;DP4=0,0,0,7;MQ=60;RB=13,74636294,74636719,TCC,TGA
12	127879738	NA	TCTACACATGTGTA	T	205	NEI_IND[8/322];TACATGAGTCTACACATG	INDEL;IDV=6;IMF=1;DP=6;VDB=0.000411984;SGB=-0.616816;MQ0F=0;AC=2;AN=2;DP4=0,0,0,6;MQ=60;RB=12,127879330,127879783,AGA,CTT
12	117892684	NA	GA	G	60	MASKED;ACAGGAATGAAAAATGCA	INDEL;IDV=11;IMF=1;DP=11;VDB=2.26006e-08;SGB=-0.676189;MQ0F=0;AC=2;AN=2;DP4=0,0,0,11;MQ=60;RB=12,117892358,117892756,ACC,TCG
9	114468618	NA	TTAGA	T	154	PASS;TTTAGAAGTTAGATAAAG	INDEL;IDV=4;IMF=1;DP=4;VDB=0.0058656;SGB=-0.556411;MQ0F=0;AC=2;AN=2;DP4=0,0,4,0;MQ=60;RB=9,114468550,114468907,TTG,GTA
4	21035824	NA	A	AAT	205	PASS;CTTATAGAAGAGTTCCTT	INDEL;IDV=6;IMF=1;DP=6;VDB=0.000411984;SGB=-0.616816;MQ0F=0;AC=2;AN=2;DP4=0,0,6,0;MQ=60;RB=4,21035814,21036068,GCT,TTT
2	137303486	NA	CACCTGTGTATGTGTAT	C	225	MASKED;CTTGCACACACCTGTGTA	INDEL;IDV=9;IMF=1;DP=9;VDB=5.52906e-06;SGB=-0.662043;MQ0F=0;AC=2;AN=2;DP4=0,0,9,0;MQ=60;RB=2,137303467,137304096,TGC,TGT
20	57863304	NA	CCTT	C	182	NEI_IND[3/233];GAAGACCTCCTTCTTTGC	INDEL;IDV=5;IMF=1;DP=5;VDB=0.00187095;SGB=-0.590765;MQ0F=0;AC=2;AN=2;DP4=0,0,0,5;MQ=60;RB=20,57862954,57863429,ACC,ATA
1	229626760	NA	CTATA	C,CATA	192	PASS;GTTTTACTCTATATAAAT	INDEL;IDV=8;IMF=0.888889;DP=8;VDB=1.33331e-05;SGB=-0.651104;MQ0F=0;AC=1,1;AN=2;DP4=0,0,8,0;MQ=60;RB=1,229626664,229626964,TTA,CCT
10	98062998	NA	CTAG	C	216	MASKED;ACTGCACTCTAGCCTGGG	INDEL;IDV=7;IMF=1;DP=7;VDB=6.71664e-05;SGB=-0.636426;MQ0F=0;AC=2;AN=2;DP4=0,0,7,0;MQ=60;RB=10,98062972,98063363,TTT,GAA
5	156634433	NA	CCAGG	C	178	MASKED;TCTGTCGCCCAGGCTGGA	INDEL;IDV=7;IMF=1;DP=7;VDB=0.00248765;SGB=-0.590765;MQ0F=0;AC=2;AN=2;DP4=0,0,0,5;MQ=60;RB=5,156634066,156634467,CGC,ACT
13	110453121	NA	TATA	T	225	PASS;TTTTTTAGTATAATCACA	INDEL;IDV=13;IMF=1;DP=13;VDB=2.26006e-08;SGB=-0.683931;MQ0F=0;AC=2;AN=2;DP4=0,0,13,0;MQ=60;RB=13,110453046,110453500,CCG,TCC
2	78698463	NA	GAT	G	68	NEI_IND[2/191];ACTCCTGGGATATATATA	INDEL;IDV=6;IMF=1;DP=6;VDB=0.000481013;SGB=-0.616816;MQ0F=0;AC=2;AN=2;DP4=0,0,0,6;MQ=60;RB=2,78698313,78698517,GAA,AGA
13	114861111	NA	ACACT	A	205	PASS;GTCCACTCACACTCACAA	INDEL;IDV=7;IMF=1;DP=7;VDB=0.000411984;SGB=-0.616816;MQ0F=0;AC=2;AN=2;DP4=0,0,6,0;MQ=60;RB=13,114861088,114861734,TGA,GAG
1	80857686	NA	CTAAA	C	225	MASKED;AGTAATGACTAAATACGT	INDEL;IDV=9;IMF=1;DP=9;VDB=5.52906e-06;SGB=-0.662043;MQ0F=0;AC=2;AN=2;DP4=0,0,9,0;MQ=60;RB=1,80857592,80858047,TGA,CGT
7	67220899	NA	TTA	T	93	MASKED;CATAAATATTATATATAT	INDEL;IDV=4;IMF=1;DP=4;VDB=0.0257451;SGB=-0.556411;MQ0F=0;AC=2;AN=2;DP4=0,0,0,4;MQ=60;RB=7,67220487,67220971,ATG,GGC
6	28208322	NA	TTGAA	T	225	PASS;GGGGGTTGTTGAATGAAT	INDEL;IDV=10;IMF=1;DP=10;VDB=6.99472e-07;SGB=-0.670168;MQ0F=0;AC=2;AN=2;DP4=0,0,0,10;MQ=60;RB=6,28208022,28208391,GAT,TTT
8	88611792	NA	ATTTG	A	225	PASS;TTTTGTTTATTTGTTTGT	INDEL;IDV=9;IMF=1;DP=9;VDB=5.52906e-06;SGB=-0.662043;MQ0F=0;AC=2;AN=2;DP4=0,0,0,9;MQ=60;RB=8,88611468,88611842,TAT,CAT
10	59199405	NA	AT	A	110	PASS;TATATTGAATTTGACAAT	INDEL;IDV=8;IMF=1;DP=8;VDB=1.33331e-05;SGB=-0.651104;MQ0F=0;AC=2;AN=2;DP4=0,0,8,0;MQ=60;RB=10,59199273,59199552,CTG,TTT
15	39639823	NA	CA	C	149	PASS;ATGTCTAACATTTTTTTT	INDEL;IDV=11;IMF=1;DP=11;VDB=2.26006e-08;SGB=-0.676189;MQ0F=0;AC=2;AN=2;DP4=0,0,11,0;MQ=60;RB=15,39639712,39640079,CAG,TTT
X	65527816	NA	TTTA	T	182	MASKED;CAAATAGTTTTATTATTT	INDEL;IDV=5;IMF=1;DP=5;VDB=0.00187095;SGB=-0.590765;MQ0F=0;AC=2;AN=2;DP4=0,0,0,5;MQ=60;RB=X,65527610,65527892,TGT,GTC
3	8113435	NA	GA	G	79	MASKED;GCTTGCAGGAAAAGGGTA	INDEL;IDV=9;IMF=1;DP=9;VDB=5.52906e-06;SGB=-0.662043;MQ0F=0;AC=2;AN=2;DP4=0,0,9,0;MQ=60;RB=3,8113408,8113716,TTA,GGC
15	25785623	NA	CAGAGAGAGAGAGAGAGAG	C	154	NEI_IND[14/180];GGCAGCACCAGAGAGAGA	INDEL;IDV=4;IMF=1;DP=4;VDB=0.0058656;SGB=-0.556411;MQ0F=0;AC=2;AN=2;DP4=0,0,4,0;MQ=60;RB=15,25785542,25786027,CTT,AAT
1	3595517	NA	CA	C	178	PASS;CCCTTTCCCACCCCACAT	INDEL;IDV=12;IMF=1;DP=12;VDB=0.999911;SGB=-0.680642;MQSB=0.982603;MQ0F=0;AC=2;AN=2;DP4=0,0,6,6;MQ=60;RB=1,3595396,3595649,CAC,CCT
5	19960915	NA	TAC	T	159	MASKED;TGTATATATACACACACA	INDEL;IDV=7;IMF=1;DP=7;VDB=6.71664e-05;SGB=-0.636426;MQ0F=0;AC=2;AN=2;DP4=0,0,0,7;MQ=60;RB=5,19960535,19960988,CGG,CAT
20	48040915	NA	TACTC	T	221	PASS;TTCCGTCATACTCACATC	INDEL;IDV=7;IMF=1;DP=7;VDB=6.71664e-05;SGB=-0.636426;MQ0F=0;AC=2;AN=2;DP4=0,0,7,0;MQ=60;RB=20,48040885,48041274,TCC,CCA
14	28209169	NA	GATGTTTGCACTCT	G	224	MASKED;ATAGACTAGATGTTTGCA	INDEL;IDV=7;IMF=1;DP=7;VDB=6.71664e-05;SGB=-0.636426;MQ0F=0;AC=2;AN=2;DP4=0,0,0,7;MQ=60;RB=14,28208901,28209207,CCG,CCC
4	149754387	NA	GGTGTGT	G	225	MASKED;CTTTCAGGGGTGTGTGTG	INDEL;IDV=10;IMF=1;DP=10;VDB=6.99472e-07;SGB=-0.670168;MQ0F=0;AC=2;AN=2;DP4=0,0,0,10;MQ=60;RB=4,149754164,149754426,TCT,AAT
6	63711071	NA	AC	A	117	MASKED;TTATGCATACTTTAAATA	INDEL;IDV=6;IMF=1;DP=6;VDB=0.000411984;SGB=-0.616816;MQ0F=0;AC=2;AN=2;DP4=0,0,6,0;MQ=60;RB=6,63711026,63711258,CCC,GTT
3	193703245	NA	TA	T	44.4146	MASKED;CACTGACTTAAAAGAATA	INDEL;IDV=6;IMF=1;DP=6;VDB=0.000411984;SGB=-0.616816;MQ0F=0;AC=2;AN=2;DP4=0,0,0,6;MQ=60;RB=3,193703093,193703318,ACT,ATA
19	37840000	NA	GT	G	109	PASS;GAGTCCCAGTCTCTGCCT	INDEL;IDV=7;IMF=1;DP=7;VDB=0.000411984;SGB=-0.616816;MQ0F=0;AC=2;AN=2;DP4=0,0,0,6;MQ=60;RB=19,37839735,37840131,GGA,CGC
5	156394949	NA	CACGCTGTGAGTA	C	205	PASS;AGCATAAACACGCTGTGA	INDEL;IDV=6;IMF=1;DP=6;VDB=0.000411984;SGB=-0.616816;MQ0F=0;AC=2;AN=2;DP4=0,0,0,6;MQ=60;RB=5,156394653,156395003,TAT,TGG
15	34951578	NA	AT	A	128	MASKED;GAGGAAGCATTGTGCACA	INDEL;IDV=10;IMF=1;DP=10;VDB=5.52906e-06;SGB=-0.662043;MQ0F=0;AC=2;AN=2;DP4=0,0,0,9;MQ=60;RB=15,34951215,34951640,TCA,AAC
3	39715474	NA	A	AAAG	150	NEI_IND[27/322];AAAGAAAGAAAAGAAAGA	INDEL;IDV=8;IMF=1;DP=8;VDB=1.33331e-05;SGB=-0.651104;MQ0F=0;AC=2;AN=2;DP4=0,0,8,0;MQ=60;RB=3,39715361,39715837,TCG,GCA
9	24655261	NA	ATTTTTCATACTTGT	A	225	NEI_IND[6/275];AAATCAGTATTTTTCATA	INDEL;IDV=8;IMF=1;DP=8;VDB=1.33331e-05;SGB=-0.651104;MQ0F=0;AC=2;AN=2;DP4=0,0,8,0;MQ=60;RB=9,24655170,24655477,GCC,TTT
15	93102140	NA	GC	G	104	MASKED;ATGTTCTTGCCACAAAGA	INDEL;IDV=6;IMF=1;DP=6;VDB=0.000411984;SGB=-0.616816;MQ0F=0;AC=2;AN=2;DP4=0,0,6,0;MQ=60;RB=15,93102064,93102355,CTA,CGA
2	97248906	NA	CTCTA	C	225	PASS;CTGTTTTACTCTATCTAA	INDEL;IDV=14;IMF=1;DP=14;VDB=2.26006e-08;SGB=-0.686358;MQ0F=0;AC=2;AN=2;DP4=0,0,14,0;MQ=60;RB=2,97248847,97249316,CCC,AAT
11	99485810	NA	ATATATAT	A	182	MASKED;ATATAAAAATATATATTA	INDEL;IDV=5;IMF=1;DP=5;VDB=0.00187095;SGB=-0.590765;MQ0F=0;AC=2;AN=2;DP4=0,0,5,0;MQ=60;RB=11,99485695,99485957,AGA,ACG
8	113811477	NA	GACA	G	182	MASKED;GTCTCTCTGACAACATCA	INDEL;IDV=5;IMF=1;DP=5;VDB=0.00187095;SGB=-0.590765;MQ0F=0;AC=2;AN=2;DP4=0,0,0,5;MQ=60;RB=8,113811216,113811560,CTT,GTG
5	3170315	NA	TA	T	125	PASS;GCTAAAACTAAGTAATAG	INDEL;IDV=10;IMF=1;DP=10;VDB=6.99472e-07;SGB=-0.670168;MQ0F=0;AC=2;AN=2;DP4=0,0,0,10;MQ=60;RB=5,3170062,3170432,GTG,CCC
3	22671565	NA	AGC	A	225	PASS;TTTTCTCAAGCCTCAAGC	INDEL;IDV=11;IMF=1;DP=11;VDB=2.26006e-08;SGB=-0.676189;MQ0F=0;AC=2;AN=2;DP4=0,0,0,11;MQ=60;RB=3,22671190,22671659,CGA,TCC
