CHROM	POS	ID	REF	ALT	QUAL	FILTER	INFO
22	49334506	NA	TTTTC	T	205	MASKED;TTTTCTGTTTTTCTTTAT	INDEL;IDV=6;IMF=1;DP=6;VDB=0.000411984;SGB=-0.616816;MQ0F=0;AC=2;AN=2;DP4=0,0,0,6;MQ=60;RB=22,49333962,49334640,GTT,AAT
22	49334556	NA	A	ATCAG	224	MISSINGBULK[0/0];TCTCTATAATCAGAGTAA	INDEL;IDV=7;IMF=1;DP=7;VDB=0.000157941;SGB=-0.636426;MQ0F=0;AC=2;AN=2;DP4=0,0,0,7;MQ=60;RB=22,49333962,49334640,GTT,AAT
22	49334607	NA	A	AACAC	224	MISSINGBULK[0/0];AGAGCTTTAACAAAGCAC	INDEL;IDV=7;IMF=1;DP=7;VDB=9.50611e-05;SGB=-0.636426;MQ0F=0;AC=2;AN=2;DP4=0,0,0,7;MQ=60;RB=22,49333962,49334640,GTT,AAT
2	88496070	NA	C	CAT	225	PASS;CACACACACACACACACA	INDEL;IDV=9;IMF=1;DP=9;VDB=5.52906e-06;SGB=-0.662043;MQ0F=0;AC=2;AN=2;DP4=0,0,0,9;MQ=60;RB=2,88495778,88496125,CTT,GTG
10	77604968	NA	GT	G	6.51141	MASKED;AGCCACAGGTTTTTTTTT	INDEL;IDV=6;IMF=1;DP=6;VDB=0.000411984;SGB=-0.616816;MQ0F=0;AC=2;AN=2;DP4=0,0,0,6;MQ=60;RB=10,77604697,77604995,TAC,GCT
11	824987	NA	CTGCA	C	225	NEI_IND[4/173];CTCACCAGCTGCATGCAC	INDEL;IDV=15;IMF=1;DP=15;VDB=4.49525e-10;SGB=-0.688148;MQ0F=0;AC=2;AN=2;DP4=0,0,0,15;MQ=60;RB=11,824697,825115,TGC,TGC
4	115590537	NA	CATATATATATAT	C	224	MASKED;TTCATATACATATATATA	INDEL;IDV=7;IMF=1;DP=7;VDB=6.71664e-05;SGB=-0.636426;MQ0F=0;AC=2;AN=2;DP4=0,0,0,7;MQ=60;RB=4,115590317,115590583,AAA,ATA
20	13046354	NA	TCTC	T	154	MASKED;TAAATACTTCTCCTTTTA	INDEL;IDV=4;IMF=1;DP=4;VDB=0.0058656;SGB=-0.556411;MQ0F=0;AC=2;AN=2;DP4=0,0,4,0;MQ=60;RB=20,13046319,13046679,CCG,GTT
2	195712344	NA	CA	C	99	MASKED;TCAAAAAGCATGTGCAAG	INDEL;IDV=5;IMF=1;DP=5;VDB=0.00187095;SGB=-0.590765;MQ0F=0;AC=2;AN=2;DP4=0,0,0,5;MQ=60;RB=2,195711867,195712370,TCA,GTG
17	14115685	NA	AGC	A	197	MASKED;TGTCGGGGAGCGAGATGC	INDEL;IDV=7;IMF=1;DP=7;VDB=6.71664e-05;SGB=-0.636426;MQ0F=0;AC=2;AN=2;DP4=0,0,0,7;MQ=60;RB=17,14115305,14115749,TAT,GTT
2	198884011	NA	TA	T	38.415	MASKED;ATCCAGCATAAAAAGGGT	INDEL;IDV=5;IMF=1;DP=5;VDB=0.00187095;SGB=-0.590765;MQ0F=0;AC=2;AN=2;DP4=0,0,5,0;MQ=60;RB=2,198883938,198884188,ATG,TAC
21	23608395	NA	CAAT	C	205	NEI_IND[3/261];AGACACAACAATGATTCC	INDEL;IDV=6;IMF=1;DP=6;VDB=0.000411984;SGB=-0.616816;MQ0F=0;AC=2;AN=2;DP4=0,0,0,6;MQ=60;RB=21,23608159,23608422,ATT,CTG
10	77604968	NA	GT	G	8.99861	MASKED;AGCCACAGGTTTTTTTTT	INDEL;IDV=8;IMF=1;DP=8;VDB=1.33331e-05;SGB=-0.651104;MQ0F=0;AC=2;AN=2;DP4=0,0,0,8;MQ=60;RB=10,77604696,77604995,ATA,GTT
18	59332304	NA	GT	G	11.7169	MASKED;TTTTGTTTGTTTTTTTGC	INDEL;IDV=4;IMF=1;DP=4;VDB=0.0058656;SGB=-0.556411;MQ0F=0;AC=2;AN=2;DP4=0,0,0,4;MQ=60;RB=18,59332009,59332350,ATT,TAT
11	24740110	NA	TTTCTTAACCATTGG	T	205	MASKED;TTGGGGAATTTCTTAACC	INDEL;IDV=6;IMF=1;DP=6;VDB=0.000411984;SGB=-0.616816;MQ0F=0;AC=2;AN=2;DP4=0,0,6,0;MQ=60;RB=11,24740076,24740744,CCT,GGC
18	6109932	NA	TG	T	77	MASKED;ACGTGCACTGGGGCTGAT	INDEL;IDV=8;IMF=1;DP=8;VDB=1.33331e-05;SGB=-0.651104;MQ0F=0;AC=2;AN=2;DP4=0,0,8,0;MQ=60;RB=18,6109895,6110231,TGG,TCC
X	133654891	NA	AG	A	70	PASS;TTAGAGACAGGGTCTCGC	INDEL;IDV=4;IMF=1;DP=4;VDB=0.0058656;SGB=-0.556411;MQ0F=0;AC=2;AN=2;DP4=0,0,4,0;MQ=60;RB=X,133654850,133655516,ATT,TAG
2	205476573	NA	CTA	C	132	MASKED;ATCTATATCTATATATAT	INDEL;IDV=5;IMF=1;DP=5;VDB=0.00187095;SGB=-0.590765;MQ0F=0;AC=2;AN=2;DP4=0,0,0,5;MQ=60;RB=2,205475685,205476590,GTG,CAC
2	150202773	NA	TA	T	23.434	MASKED;TTTCTATTTAAAAAAATG	INDEL;IDV=8;IMF=1;DP=8;VDB=6.71664e-05;SGB=-0.636426;MQ0F=0;AC=2;AN=2;DP4=0,0,0,7;MQ=60;RB=2,150202430,150202850,GAT,CTA
11	111086376	NA	CTTGT	C	225	MASKED;TCTTTTTGCTTGTTTGTT	INDEL;IDV=10;IMF=1;DP=10;VDB=5.52906e-06;SGB=-0.662043;MQ0F=0;AC=2;AN=2;DP4=0,0,0,9;MQ=60;RB=11,111085632,111086442,GCT,GGA
11	124118448	NA	CAGAG	C	224	NEI_IND[4/250];ATATAAGACAGAGAGAGA	INDEL;IDV=7;IMF=1;DP=7;VDB=6.71664e-05;SGB=-0.636426;MQ0F=0;AC=2;AN=2;DP4=0,0,7,0;MQ=60;RB=11,124118386,124118817,GCG,TAT
19	15727750	NA	AG	A	115	MASKED;TGTGCAAAAGGTGCTCCC	INDEL;IDV=7;IMF=1;DP=7;VDB=6.71664e-05;SGB=-0.636426;MQ0F=0;AC=2;AN=2;DP4=0,0,7,0;MQ=60;RB=19,15727704,15728183,AAA,GAC
4	178104640	NA	TA	T	23.434	MASKED;TAGATGAATAAAAAAATG	INDEL;IDV=7;IMF=1;DP=7;VDB=6.71664e-05;SGB=-0.636426;MQ0F=0;AC=2;AN=2;DP4=0,0,0,7;MQ=60;RB=4,178104390,178104700,TAC,AGC
3	133756643	NA	CACTTTTCTCTACA	C	154	PASS;TTGTTCCTCACTTTTCTC	INDEL;IDV=4;IMF=0.5;DP=8;VDB=0.0058656;SGB=-0.556411;MQ0F=0;AC=2;AN=2;DP4=0,0,0,4;MQ=60;RB=3,133756502,133756772,ACC,AAT
3	14911632	NA	GGAATGGCATGAGGGAGCCC	G	225	MASKED;GAGGGAACGGAATGGCAT	INDEL;IDV=8;IMF=1;DP=8;VDB=1.33331e-05;SGB=-0.651104;MQ0F=0;AC=2;AN=2;DP4=0,0,8,0;MQ=60;RB=3,14911572,14912073,TCA,GCG
3	111135886	NA	CTATT	C	205	MASKED;GCTCTAAACTATTTATTC	INDEL;IDV=6;IMF=1;DP=6;VDB=0.000411984;SGB=-0.616816;MQ0F=0;AC=2;AN=2;DP4=0,0,0,6;MQ=60;RB=3,111135399,111135909,CTC,CCT
12	47115946	NA	GA	G	49.4146	MASKED;AATTGAAAGAAAAAGTGC	INDEL;IDV=7;IMF=1;DP=7;VDB=6.71664e-05;SGB=-0.636426;MQ0F=0;AC=2;AN=2;DP4=0,0,0,7;MQ=60;RB=12,47115739,47116046,TAG,CAG
17	65372730	NA	AAAATG	A	225	PASS;TTGTGGTTAAAATGAGAG	INDEL;IDV=10;IMF=1;DP=10;VDB=6.99472e-07;SGB=-0.670168;MQ0F=0;AC=2;AN=2;DP4=0,0,0,10;MQ=60;RB=17,65372517,65372860,GGC,TCA
9	121898745	NA	GAAA	G	125	MASKED;GAAAGAAAGAAAAAAAAA	INDEL;IDV=10;IMF=1;DP=10;VDB=6.99472e-07;SGB=-0.670168;MQ0F=0;AC=2;AN=2;DP4=0,0,0,10;MQ=60;RB=9,121898474,121898829,GCG,GAT
8	108986270	NA	CA	C	89	MASKED;TCCTCAAACAAACATGCA	INDEL;IDV=6;IMF=1;DP=6;VDB=0.000411984;SGB=-0.616816;MQ0F=0;AC=2;AN=2;DP4=0,0,0,6;MQ=60;RB=8,108985626,108986387,AGA,AAT
2	237916725	NA	AT	A	97	PASS;TTACTTTCATTTGCTTAA	INDEL;IDV=12;IMF=1;DP=12;VDB=0.000411984;SGB=-0.616816;MQ0F=0;AC=2;AN=2;DP4=0,0,6,0;MQ=60;RB=2,237916639,237916859,GGT,TGT
1	172819625	NA	TC	T	133	PASS;ATAAGACCTCCTTTTTCC	INDEL;IDV=10;IMF=1;DP=10;VDB=6.99472e-07;SGB=-0.670168;MQ0F=0;AC=2;AN=2;DP4=0,0,10,0;MQ=60;RB=1,172819561,172819947,CGA,GTT
5	96788295	NA	ACTAT	A	225	PASS;ACTACATAACTATCAGGC	INDEL;IDV=8;IMF=1;DP=8;VDB=1.33331e-05;SGB=-0.651104;MQ0F=0;AC=2;AN=2;DP4=0,0,0,8;MQ=60;RB=5,96787960,96788329,ACT,GAG
11	110092735	NA	GTATAT	G	224	MASKED;ATGCAAATGTATATTATG	INDEL;IDV=7;IMF=1;DP=7;VDB=6.71664e-05;SGB=-0.636426;MQ0F=0;AC=2;AN=2;DP4=0,0,7,0;MQ=60;RB=11,110092641,110093218,CCT,GTG
3	58568198	NA	GT	G	135	MASKED;GGATGCAGGTTAACGCCC	INDEL;IDV=11;IMF=1;DP=11;VDB=2.26006e-08;SGB=-0.676189;MQ0F=0;AC=2;AN=2;DP4=0,0,11,0;MQ=60;RB=3,58568144,58568914,GAC,AAT
5	7481885	NA	TTG	T	162	MASKED;ATGCTGATTTGTGTGTGT	INDEL;IDV=8;IMF=1;DP=8;VDB=1.33331e-05;SGB=-0.651104;MQ0F=0;AC=2;AN=2;DP4=0,0,0,8;MQ=60;RB=5,7481461,7481996,GGG,AAA
20	5982833	NA	CTT	C	203	MASKED;AATGCACTCTTTTGCTTA	INDEL;IDV=9;IMF=1;DP=9;VDB=5.52906e-06;SGB=-0.662043;MQ0F=0;AC=2;AN=2;DP4=0,0,9,0;MQ=60;RB=20,5982784,5983078,GCT,TGC
7	40156724	NA	TTTTTTTAG	T	64	MASKED;TTGGTTTGTTTTTTTAGT	INDEL;IDV=9;IMF=1;DP=9;VDB=0.000411984;SGB=-0.616816;MQ0F=0;AC=2;AN=2;DP4=0,0,0,6;MQ=60;RB=7,40156491,40156787,AAC,CCT
21	15737432	NA	TATATATACAG	T	182	NEI_IND[6/284];TTTCTGCATATATATACA	INDEL;IDV=5;IMF=1;DP=5;VDB=0.00187095;SGB=-0.590765;MQ0F=0;AC=2;AN=2;DP4=0,0,5,0;MQ=60;RB=21,15737406,15737868,CGG,ATT
8	13927509	NA	AAAGGAAG	A	182	NEI_IND[6/126];GAAGGAAAAAAGGAAGAA	INDEL;IDV=5;IMF=1;DP=5;VDB=0.00187095;SGB=-0.590765;MQ0F=0;AC=2;AN=2;DP4=0,0,5,0;MQ=60;RB=8,13927432,13927742,ACG,ATG
11	80765174	NA	TA	T	77	MASKED;GAACATACTAAAATTGCA	INDEL;IDV=8;IMF=1;DP=8;VDB=1.33331e-05;SGB=-0.651104;MQ0F=0;AC=2;AN=2;DP4=0,0,0,8;MQ=60;RB=11,80764909,80765288,TCA,ACT
10	20429316	NA	C	CAT	224	NEI_IND[43/555];AAAAATAACATATATATA	INDEL;IDV=8;IMF=1;DP=8;VDB=1.33331e-05;SGB=-0.651104;MQ0F=0;AC=2;AN=2;DP4=0,0,8,0;MQ=60;RB=10,20429224,20429483,GGA,TCC
10	20429368	NA	ATCCG	A	142	MASKED;ATCTATCTATCCGTCTAA	INDEL;IDV=8;IMF=1;DP=8;VDB=1.33331e-05;SGB=-0.651104;MQ0F=0;AC=2;AN=2;DP4=0,0,0,8;MQ=60;RB=10,20429224,20429483,GGA,TCC
10	92100908	NA	AG	A	150	PASS;AAAGTAAAAGAATCCTAA	INDEL;IDV=10;IMF=1;DP=10;VDB=6.99472e-07;SGB=-0.670168;MQ0F=0;AC=2;AN=2;DP4=0,0,0,10;MQ=60;RB=10,92100540,92100966,CTG,GTT
21	23608395	NA	CAAT	C	216	NEI_IND[3/261];AGACACAACAATGATTCC	INDEL;IDV=7;IMF=1;DP=7;VDB=6.71664e-05;SGB=-0.636426;MQ0F=0;AC=2;AN=2;DP4=0,0,7,0;MQ=60;RB=21,23608316,23609064,AGT,GGA
X	1777433	NA	G	GT	137	NEI_IND[55/660];CAGTTGTGGTATCCAAGC	INDEL;IDV=7;IMF=1;DP=7;VDB=6.71664e-05;SGB=-0.636426;MQ0F=0;AC=2;AN=2;DP4=0,0,0,7;MQ=60;RB=X,1777210,1777489,CCT,TCA
X	1777455	NA	TTTTG	T	106	MASKED;GCACACTTTTTTGTTTGT	INDEL;IDV=7;IMF=1;DP=7;VDB=6.71664e-05;SGB=-0.636426;MQ0F=0;AC=2;AN=2;DP4=0,0,0,7;MQ=60;RB=X,1777210,1777489,CCT,TCA
3	8113435	NA	GA	G	45.4146	MASKED;GCTTGCAGGAAAAGGGTA	INDEL;IDV=4;IMF=1;DP=4;VDB=0.0058656;SGB=-0.556411;MQ0F=0;AC=2;AN=2;DP4=0,0,4,0;MQ=60;RB=3,8113408,8113716,ACT,GTG
7	48753171	NA	CT	C	77	MASKED;GAATACGCCTTTTGTTGC	INDEL;IDV=8;IMF=1;DP=8;VDB=1.33331e-05;SGB=-0.651104;MQ0F=0;AC=2;AN=2;DP4=0,0,0,8;MQ=60;RB=7,48752678,48753183,ACG,TTC
3	180996073	NA	ATG	A	179	MASKED;TTACACTGATGTGTGTGT	INDEL;IDV=9;IMF=1;DP=9;VDB=5.52906e-06;SGB=-0.662043;MQ0F=0;AC=2;AN=2;DP4=0,0,0,9;MQ=60;RB=3,180995719,180996110,GGG,CCT
8	107019617	NA	AATAATATAAAAATGC	A	225	MASKED;TGCTTGTAAATAATATAA	INDEL;IDV=10;IMF=1;DP=10;VDB=6.99472e-07;SGB=-0.670168;MQ0F=0;AC=2;AN=2;DP4=0,0,0,10;MQ=60;RB=8,107019290,107019718,GTT,TAT
9	74164136	NA	TA	T	139	PASS;CCTTTTTTTATATAGACT	INDEL;IDV=9;IMF=0.9;DP=10;VDB=5.52906e-06;SGB=-0.662043;MQ0F=0;AC=2;AN=2;DP4=0,0,9,0;MQ=60;RB=9,74164009,74164733,TGA,GAT
7	29378952	NA	TCTC	T	205	MASKED;CACCCAGATCTCCTCTGC	INDEL;IDV=6;IMF=1;DP=6;VDB=0.000411984;SGB=-0.616816;MQ0F=0;AC=2;AN=2;DP4=0,0,0,6;MQ=60;RB=7,29378527,29379009,AGC,CAT
1	91918480	NA	CACACACACACA	C	154	NEI_IND[6/386];CACACACACACACACACA	INDEL;IDV=4;IMF=1;DP=4;VDB=0.0058656;SGB=-0.556411;MQ0F=0;AC=2;AN=2;DP4=0,0,4,0;MQ=60;RB=1,91918414,91918692,ACG,CAA
3	193196623	NA	AATGTCCCTG	A	224	MASKED;CACAGACCAATGTCCCTG	INDEL;IDV=7;IMF=1;DP=7;VDB=6.71664e-05;SGB=-0.636426;MQ0F=0;AC=2;AN=2;DP4=0,0,0,7;MQ=60;RB=3,193196295,193196735,AGA,CGA
1	79657737	NA	TCTTA	T	224	PASS;GAAAAGGTTCTTACTTGT	INDEL;IDV=7;IMF=1;DP=7;VDB=6.71664e-05;SGB=-0.636426;MQ0F=0;AC=2;AN=2;DP4=0,0,0,7;MQ=60;RB=1,79657522,79657798,GAT,GTT
18	26348482	NA	CTCCTA	C	225	NEI_IND[5/326];TTGATGAACTCCTATTTT	INDEL;IDV=9;IMF=1;DP=9;VDB=5.52906e-06;SGB=-0.662043;MQ0F=0;AC=2;AN=2;DP4=0,0,0,9;MQ=60;RB=18,26348245,26348549,ATA,CCG
15	59941133	NA	AAAAAAC	A	225	MASKED;TCTGTCTCAAAAAACAAA	INDEL;IDV=8;IMF=1;DP=8;VDB=1.33331e-05;SGB=-0.651104;MQ0F=0;AC=2;AN=2;DP4=0,0,8,0;MQ=60;RB=15,59941075,59941360,CTA,TTC
10	71709746	NA	TTGTGTGTGCGTGTG	T	225	NEI_IND[6/351];GCATGTGTTTGTGTGTGC	INDEL;IDV=8;IMF=1;DP=8;VDB=1.60207e-05;SGB=-0.651104;MQ0F=0;AC=2;AN=2;DP4=0,0,8,0;MQ=60;RB=10,71709708,71710030,CTG,TTT
2	169326722	NA	CAAAAAAAA	C	82	NEI_IND[22/404];AACTCTACCAAAAAAAAA	INDEL;IDV=5;IMF=1;DP=5;VDB=0.00215942;SGB=-0.590765;MQ0F=0;AC=2;AN=2;DP4=0,0,0,5;MQ=60;RB=2,169326296,169326762,CGT,GTT
8	65128457	NA	TATAATA	T	225	NEI_IND[6/246];CAAATATATATAATAATG	INDEL;IDV=12;IMF=1;DP=12;VDB=2.26006e-08;SGB=-0.680642;MQ0F=0;AC=2;AN=2;DP4=0,0,12,0;MQ=60;RB=8,65128423,65128735,GTA,CTT
5	129261584	NA	ATG	A	194	MASKED;GTGTATATATGTGTGTGT	INDEL;IDV=11;IMF=1;DP=11;VDB=2.26006e-08;SGB=-0.676189;MQ0F=0;AC=2;AN=2;DP4=0,0,0,11;MQ=60;RB=5,129261247,129261607,CTC,CCC
4	75325365	NA	CCCA	C	182	MASKED;TTTACATTCCCACCGAGA	INDEL;IDV=5;IMF=1;DP=5;VDB=0.00187095;SGB=-0.590765;MQ0F=0;AC=2;AN=2;DP4=0,0,0,5;MQ=60;RB=4,75325170,75325485,AGC,GTT
5	100596473	NA	CAG	C	225	MASKED;TTAAAAGGCAGAGTTTCC	INDEL;IDV=13;IMF=1;DP=13;VDB=2.26006e-08;SGB=-0.683931;MQ0F=0;AC=2;AN=2;DP4=0,0,0,13;MQ=60;RB=5,100596098,100596569,GCT,ACT
5	3288208	NA	CAT	C	215	MASKED;ATGGCAAACATACACACA	INDEL;IDV=9;IMF=1;DP=9;VDB=5.52906e-06;SGB=-0.662043;MQ0F=0;AC=2;AN=2;DP4=0,0,0,9;MQ=60;RB=5,3287710,3288233,TTG,AAT
5	113037125	NA	CTT	C	166	PASS;TCATCTCTCTTTGCATTA	INDEL;IDV=6;IMF=1;DP=6;VDB=0.000411984;SGB=-0.616816;MQ0F=0;AC=2;AN=2;DP4=0,0,0,6;MQ=60;RB=5,113036339,113037244,AAA,CAC
5	93132320	NA	CT	C	124	MASKED;AACTTATGCTAAATACCT	INDEL;IDV=7;IMF=1;DP=7;VDB=6.71664e-05;SGB=-0.636426;MQ0F=0;AC=2;AN=2;DP4=0,0,0,7;MQ=60;RB=5,93131735,93132344,ATT,TTT
15	56966316	NA	A	AT	110	PASS;CTCAGTAAATATTTCTTA	INDEL;IDV=5;IMF=1;DP=5;VDB=0.00187095;SGB=-0.590765;MQ0F=0;AC=2;AN=2;DP4=0,0,0,5;MQ=60;RB=15,56965877,56966366,AAG,GTA
11	80765174	NA	TA	T	56	MASKED;GAACATACTAAAATTGCA	INDEL;IDV=6;IMF=1;DP=6;VDB=0.000411984;SGB=-0.616816;MQ0F=0;AC=2;AN=2;DP4=0,0,0,6;MQ=60;RB=11,80764910,80765287,TCC,CGG
8	73091758	NA	CAAT	C	182	NEI_IND[12/204];CTCCATCTCAATAATAAT	INDEL;IDV=5;IMF=1;DP=5;VDB=0.00187095;SGB=-0.590765;MQ0F=0;AC=2;AN=2;DP4=0,0,5,0;MQ=60;RB=8,73091725,73091945,GTT,GAG
16	63036307	NA	GGAAAGC	G	225	PASS;CTTACATGGGAAAGCTGC	INDEL;IDV=9;IMF=1;DP=9;VDB=5.52906e-06;SGB=-0.662043;MQ0F=0;AC=2;AN=2;DP4=0,0,0,9;MQ=60;RB=16,63035935,63036366,AAT,TCG
11	24740110	NA	TTTCTTAACCATTGG	T	154	MASKED;TTGGGGAATTTCTTAACC	INDEL;IDV=4;IMF=1;DP=4;VDB=0.0058656;SGB=-0.556411;MQ0F=0;AC=2;AN=2;DP4=0,0,4,0;MQ=60;RB=11,24740077,24740745,ACC,AAT
8	53360437	NA	AATCT	A	225	PASS;CCTAATAAAATCTATCTA	INDEL;IDV=10;IMF=1;DP=10;VDB=6.99472e-07;SGB=-0.670168;MQ0F=0;AC=2;AN=2;DP4=0,0,10,0;MQ=60;RB=8,53360350,53360818,CCT,TTT
21	35506607	NA	AATGTGCAAG	A	225	PASS;AGTGAGCAAATGTGCAAG	INDEL;IDV=8;IMF=1;DP=8;VDB=1.33331e-05;SGB=-0.651104;MQ0F=0;AC=2;AN=2;DP4=0,0,8,0;MQ=60;RB=21,35506489,35506824,CTA,TAC
2	236384830	NA	AATGACAC	A	225	PASS;TCTACCAGAATGACACAT	INDEL;IDV=8;IMF=1;DP=8;VDB=1.33331e-05;SGB=-0.651104;MQ0F=0;AC=2;AN=2;DP4=0,0,0,8;MQ=60;RB=2,236384579,236384957,GGG,TTT
4	10319451	NA	CG	C	113	MASKED;GATAGATGCGACAGCTTA	INDEL;IDV=6;IMF=1;DP=6;VDB=0.000411984;SGB=-0.616816;MQ0F=0;AC=2;AN=2;DP4=0,0,0,6;MQ=60;RB=4,10319000,10319571,ACA,GAC
18	64945032	NA	AG	A	124	MASKED;GAATGCAAAGAAAATGAC	INDEL;IDV=7;IMF=1;DP=7;VDB=6.71664e-05;SGB=-0.636426;MQ0F=0;AC=2;AN=2;DP4=0,0,7,0;MQ=60;RB=18,64945017,64945511,TAT,TGA
19	36661037	NA	CAG	C	192	PASS;AATAAAAACAGAATTTAC	INDEL;IDV=7;IMF=1;DP=7;VDB=6.71664e-05;SGB=-0.636426;MQ0F=0;AC=2;AN=2;DP4=0,0,7,0;MQ=60;RB=19,36660981,36661382,TTA,CTG
7	103393004	NA	CA	C	123	MASKED;CAGGTGCACAACCACCAC	INDEL;IDV=8;IMF=1;DP=8;VDB=1.33331e-05;SGB=-0.651104;MQ0F=0;AC=2;AN=2;DP4=0,0,8,0;MQ=60;RB=7,103392938,103393358,AAG,TAA
15	20499599	NA	CTA	C	211	PASS;CATCTCTACTAAAAATAC	INDEL;IDV=7;IMF=1;DP=7;VDB=6.71664e-05;SGB=-0.636426;MQ0F=0;AC=2;AN=2;DP4=0,0,0,7;MQ=60;RB=15,20499248,20499699,TGT,GGA
11	63181795	NA	GT	G	97	MASKED;GCCAAAATGTTTCTGCAC	INDEL;IDV=6;IMF=1;DP=6;VDB=0.000411984;SGB=-0.616816;MQ0F=0;AC=2;AN=2;DP4=0,0,0,6;MQ=60;RB=11,63181413,63181853,AAT,CTA
10	109523463	NA	CCTAT	C	205	MASKED;CTAGGATACCTATCTATA	INDEL;IDV=6;IMF=1;DP=6;VDB=0.000411984;SGB=-0.616816;MQ0F=0;AC=2;AN=2;DP4=0,0,0,6;MQ=60;RB=10,109522989,109523522,CGT,TCT
11	95660495	NA	CTATT	C	224	NEI_IND[4/362];TTTGCAAACTATTTATCT	INDEL;IDV=7;IMF=1;DP=7;VDB=6.71664e-05;SGB=-0.636426;MQ0F=0;AC=2;AN=2;DP4=0,0,7,0;MQ=60;RB=11,95660431,95660796,TCA,TAC
13	37616813	NA	ACT	A	198	NEI_IND[2/186];CACTGGTAACTCTGACAA	INDEL;IDV=8;IMF=1;DP=8;VDB=1.33331e-05;SGB=-0.651104;MQ0F=0;AC=2;AN=2;DP4=0,0,0,8;MQ=60;RB=13,37616212,37616832,CTT,GTT
17	26146131	NA	CTAGA	C	36.4154	NEI_IND[5/255];AGATGACGCTAGATGCCT	INDEL;IDV=7;IMF=1;DP=7;VDB=6.71664e-05;SGB=-0.636426;MQ0F=0;AC=2;AN=2;DP4=0,0,0,7;MQ=60;RB=17,26145950,26146251,GTT,TTC
3	193196623	NA	AATGTCCCTG	A	225	MASKED;CACAGACCAATGTCCCTG	INDEL;IDV=8;IMF=1;DP=8;VDB=1.33331e-05;SGB=-0.651104;MQ0F=0;AC=2;AN=2;DP4=0,0,0,8;MQ=60;RB=3,193196296,193196735,ACC,GCT
2	35476124	NA	ATAAAGT	A	182	MASKED;ATGCATAGATAAAGTTAG	INDEL;IDV=5;IMF=1;DP=5;VDB=0.00187095;SGB=-0.590765;MQ0F=0;AC=2;AN=2;DP4=0,0,5,0;MQ=60;RB=2,35476063,35476367,GTG,GAG
2	35476124	NA	ATAAAGT	A	154	MASKED;ATGCATAGATAAAGTTAG	INDEL;IDV=4;IMF=1;DP=4;VDB=0.0058656;SGB=-0.556411;MQ0F=0;AC=2;AN=2;DP4=0,0,4,0;MQ=60;RB=2,35476063,35476368,GGC,GTT
1	117927312	NA	TTGTC	T	205	PASS;TTGTTACTTTGTCTGTTT	INDEL;IDV=6;IMF=1;DP=6;VDB=0.000411984;SGB=-0.616816;MQ0F=0;AC=2;AN=2;DP4=0,0,6,0;MQ=60;RB=1,117927219,117927534,CGA,GTC
2	105682405	NA	AAAAGAAAAAG	A	205	MASKED;TGTAAAAGAAAAGAAAAA	INDEL;IDV=6;IMF=1;DP=6;VDB=0.000411984;SGB=-0.616816;MQ0F=0;AC=2;AN=2;DP4=0,0,0,6;MQ=60;RB=2,105681872,105682460,TCA,TGA
15	50664429	NA	CTA	C	225	MASKED;CTTCCTGTCTATGTGTTA	INDEL;IDV=11;IMF=1;DP=11;VDB=2.26006e-08;SGB=-0.676189;MQ0F=0;AC=2;AN=2;DP4=0,0,0,11;MQ=60;RB=15,50663944,50664491,TAA,CAG
6	140555437	NA	AATT	A	224	MASKED;GGAAGTCAAATTATTATC	INDEL;IDV=7;IMF=1;DP=7;VDB=6.71664e-05;SGB=-0.636426;MQ0F=0;AC=2;AN=2;DP4=0,0,0,7;MQ=60;RB=6,140555188,140555553,GAA,CTC
7	33407653	NA	TAG	T	217	PASS;TGTTTTATTAGAGAACAC	INDEL;IDV=10;IMF=1;DP=10;VDB=6.99472e-07;SGB=-0.670168;MQ0F=0;AC=2;AN=2;DP4=0,0,10,0;MQ=60;RB=7,33407562,33407872,CCA,AGA
2	105682405	NA	AAAAGAAAAAG	A	205	MASKED;TGTAAAAGAAAAGAAAAA	INDEL;IDV=6;IMF=1;DP=6;VDB=0.000411984;SGB=-0.616816;MQ0F=0;AC=2;AN=2;DP4=0,0,0,6;MQ=60;RB=2,105682150,105682459,TTA,TTG
1	14699694	NA	AATATAT	A	196	MASKED;AAAAACTGAATATATATA	INDEL;IDV=10;IMF=1;DP=10;VDB=1.24888e-06;SGB=-0.670168;MQ0F=0;AC=2;AN=2;DP4=0,0,0,10;MQ=60;RB=1,14699058,14699791,CCG,CCT
11	97458517	NA	TA	T	66	PASS;AAAAATGTTAATGAAAAA	INDEL;IDV=4;IMF=1;DP=4;VDB=0.0058656;SGB=-0.556411;MQ0F=0;AC=2;AN=2;DP4=0,0,4,0;MQ=60;RB=11,97458460,97458730,TAA,ATT
4	78372847	NA	GC	G	82	MASKED;ATGGCCTGGCCCTGTAGC	INDEL;IDV=5;IMF=1;DP=5;VDB=0.00187095;SGB=-0.590765;MQ0F=0;AC=2;AN=2;DP4=0,0,0,5;MQ=60;RB=4,78372607,78372863,TCG,ACT
18	58305810	NA	CAA	C	137	MASKED;AAGAATGGCAAAAAGTGC	INDEL;IDV=7;IMF=1;DP=7;VDB=6.71664e-05;SGB=-0.636426;MQ0F=0;AC=2;AN=2;DP4=0,0,0,7;MQ=60;RB=18,58305618,58305860,CCT,TTG
1	12899675	NA	GC	G	71	MASKED;TCACAAATGCCCCTTCAC	INDEL;IDV=7;IMF=1;DP=7;VDB=6.71664e-05;SGB=-0.636426;MQ0F=0;AC=2;AN=2;DP4=0,0,7,0;MQ=60;RB=1,12899586,12899924,GTG,GGC
8	119471625	NA	TATCAC	T	182	MASKED;TTCTAATCTATCACATTA	INDEL;IDV=5;IMF=1;DP=5;VDB=0.00187095;SGB=-0.590765;MQ0F=0;AC=2;AN=2;DP4=0,0,0,5;MQ=60;RB=8,119470954,119471651,GTT,TCT
20	48046877	NA	CT	C	128	PASS;TTTGTAGACTTGCAGAGA	INDEL;IDV=9;IMF=1;DP=9;VDB=5.52906e-06;SGB=-0.662043;MQ0F=0;AC=2;AN=2;DP4=0,0,0,9;MQ=60;RB=20,48046292,48046913,CCT,GAG
3	82750560	NA	TAAC	T	128	NEI_IND[1/96];TACATTTGTAACAACAGT	INDEL;IDV=5;IMF=1;DP=5;VDB=0.00187095;SGB=-0.590765;MQ0F=0;AC=2;AN=2;DP4=0,0,0,5;MQ=60;RB=3,82750405,82750650,AAA,TAA
12	32357119	NA	CA	C	23.434	MASKED;CATCTCTACAAAAAAATG	INDEL;IDV=7;IMF=1;DP=7;VDB=6.71664e-05;SGB=-0.636426;MQ0F=0;AC=2;AN=2;DP4=0,0,0,7;MQ=60;RB=12,32356660,32357221,GTC,CGT
5	136550511	NA	A	AT	161	PASS;TTTATAGTATATCAAATC	INDEL;IDV=11;IMF=1;DP=11;VDB=6.99472e-07;SGB=-0.670168;MQ0F=0;AC=2;AN=2;DP4=0,0,0,10;MQ=60;RB=5,136550225,136550554,TTC,CAT
2	125811152	NA	GT	G	45.4146	MASKED;GAGACTGAGTTTTTTGTG	INDEL;IDV=13;IMF=1;DP=13;VDB=2.26006e-08;SGB=-0.683931;MQ0F=0;AC=2;AN=2;DP4=0,0,0,13;MQ=60;RB=2,125810799,125811214,TTT,GGT
6	109069408	NA	CT	C	124	MASKED;CTCTGTCACTTGGTGCAT	INDEL;IDV=8;IMF=1;DP=8;VDB=1.33331e-05;SGB=-0.651104;MQ0F=0;AC=2;AN=2;DP4=0,0,0,8;MQ=60;RB=6,109069090,109069467,ACT,CTT
2	221074865	NA	CTGACT	C	205	MASKED;ATTCCTTTCTGACTGAAG	INDEL;IDV=6;IMF=1;DP=6;VDB=0.000411984;SGB=-0.616816;MQ0F=0;AC=2;AN=2;DP4=0,0,6,0;MQ=60;RB=2,221074770,221075145,CCC,GCC
20	40008232	NA	C	CA	148	PASS;AACTTTGCCATCATTCAG	INDEL;IDV=9;IMF=1;DP=9;VDB=5.52906e-06;SGB=-0.662043;MQ0F=0;AC=2;AN=2;DP4=0,0,0,9;MQ=60;RB=20,40007594,40008266,CTA,GGC
6	50769356	NA	TG	T	64	MASKED;GCCCAGGCTGGGGTGCAA	INDEL;IDV=6;IMF=1;DP=6;VDB=0.000411984;SGB=-0.616816;MQ0F=0;AC=2;AN=2;DP4=0,0,0,6;MQ=60;RB=6,50769116,50769384,GTC,CCT
15	65302040	NA	GA	G	125	MASKED;CCAGGCTGGAAGTGCAGT	INDEL;IDV=9;IMF=1;DP=9;VDB=5.52906e-06;SGB=-0.662043;MQ0F=0;AC=2;AN=2;DP4=0,0,0,9;MQ=60;RB=15,65301371,65302067,CAC,GGT
3	33798604	NA	TAC	T	131	MASKED;CACATATATACACACACA	INDEL;IDV=5;IMF=1;DP=5;VDB=0.00187095;SGB=-0.590765;MQ0F=0;AC=2;AN=2;DP4=0,0,0,5;MQ=60;RB=3,33797990,33798637,TCA,CAA
8	67206967	NA	GCTT	G	205	MASKED;CTGCTGCTGCTTCTTATG	INDEL;IDV=6;IMF=1;DP=6;VDB=0.000411984;SGB=-0.616816;MQ0F=0;AC=2;AN=2;DP4=0,0,0,6;MQ=60;RB=8,67206595,67207085,CTA,TAA
22	37531290	NA	GTGTGTGTGCA	G	224	MASKED;TTGTGTGCGTGTGTGTGC	INDEL;IDV=7;IMF=1;DP=7;VDB=6.71664e-05;SGB=-0.636426;MQ0F=0;AC=2;AN=2;DP4=0,0,0,7;MQ=60;RB=22,37530823,37531383,CCG,TGA
12	114870910	NA	AT	A	162	MASKED;ATCACAGTATAATGCAAC	INDEL;IDV=13;IMF=1;DP=13;VDB=2.26006e-08;SGB=-0.683931;MQ0F=0;AC=2;AN=2;DP4=0,0,0,13;MQ=60;RB=12,114870590,114870958,TAT,GGC
7	31268558	NA	GC	G	89	MASKED;AGGTAGGTGCCAGCTATG	INDEL;IDV=5;IMF=1;DP=5;VDB=0.00187095;SGB=-0.590765;MQ0F=0;AC=2;AN=2;DP4=0,0,5,0;MQ=60;RB=7,31268484,31268789,GTG,AAT
4	87232188	NA	TACACACACAC	TAC,T	191	MASKED;TTTTAAGTTACACACACA	INDEL;IDV=7;IMF=1;DP=7;VDB=9.50611e-05;SGB=-0.636426;MQ0F=0;AC=1,1;AN=2;DP4=0,0,0,7;MQ=60;RB=4,87231689,87232255,CGC,TTG
6	152070478	NA	CAT	C	189	MASKED;TTTTGACACATGTGTGCA	INDEL;IDV=6;IMF=1;DP=6;VDB=0.000411984;SGB=-0.616816;MQ0F=0;AC=2;AN=2;DP4=0,0,0,6;MQ=60;RB=6,152069986,152070599,CTC,TCT
2	228103961	NA	TA	T	16.5122	MASKED;AATACAAATAAAAAAATG	INDEL;IDV=5;IMF=1;DP=5;VDB=0.00187095;SGB=-0.590765;MQ0F=0;AC=2;AN=2;DP4=0,0,0,5;MQ=60;RB=2,228103729,228103986,ACT,GTA
X	72991331	NA	TA	T	13.6076	MASKED;CTCTTGCATAAAAAAAAA	INDEL;IDV=12;IMF=1;DP=12;VDB=2.26006e-08;SGB=-0.680642;MQ0F=0;AC=2;AN=2;DP4=0,0,12,0;MQ=60;RB=X,72991273,72991684,GTT,CCG
7	115135961	NA	TCTTAAA	T	182	NEI_IND[6/275];ATGCATTTTCTTAAACTT	INDEL;IDV=5;IMF=1;DP=5;VDB=0.00187095;SGB=-0.590765;MQ0F=0;AC=2;AN=2;DP4=0,0,5,0;MQ=60;RB=7,115135849,115136429,CTC,TCC
X	127679134	NA	TC	T	117	MASKED;TATTGCATTCCCTTTGGT	INDEL;IDV=9;IMF=1;DP=9;VDB=6.61497e-06;SGB=-0.662043;MQ0F=0;AC=2;AN=2;DP4=0,0,9,0;MQ=60;RB=X,127679099,127679808,TCG,CCC
8	26521863	NA	G	GC	146	PASS;TACAGGGCGCCGGGATTA	INDEL;IDV=9;IMF=1;DP=9;VDB=5.52906e-06;SGB=-0.662043;MQ0F=0;AC=2;AN=2;DP4=0,0,9,0;MQ=60;RB=8,26521760,26522044,TCA,CTA
4	91871686	NA	CACAT	C	182	MASKED;CACACACACACATACACA	INDEL;IDV=5;IMF=1;DP=5;VDB=0.00187095;SGB=-0.590765;MQ0F=0;AC=2;AN=2;DP4=0,0,5,0;MQ=60;RB=4,91871600,91872143,TTG,TAA
1	105198949	NA	GTTATTAAAGAGTCC	G	225	MASKED;TCAATTCTGTTATTAAAG	INDEL;IDV=8;IMF=1;DP=8;VDB=1.33331e-05;SGB=-0.651104;MQ0F=0;AC=2;AN=2;DP4=0,0,0,8;MQ=60;RB=1,105198374,105198985,GTT,ATG
2	228103961	NA	TA	T	28.4205	MASKED;AATACAAATAAAAAAATG	INDEL;IDV=10;IMF=1;DP=10;VDB=6.99472e-07;SGB=-0.670168;MQ0F=0;AC=2;AN=2;DP4=0,0,0,10;MQ=60;RB=2,228103639,228103985,TGT,CGC
5	1354022	NA	GCTGGA	G	225	MASKED;TCACCCAGGCTGGACTGG	INDEL;IDV=8;IMF=1;DP=8;VDB=1.33331e-05;SGB=-0.651104;MQ0F=0;AC=2;AN=2;DP4=0,0,0,8;MQ=60;RB=5,1353724,1354057,ATT,GCT
9	13092255	NA	AG	A	121	MASKED;TAAAGCCCAGGTGCATTT	INDEL;IDV=9;IMF=1;DP=9;VDB=1.33331e-05;SGB=-0.651104;MQ0F=0;AC=2;AN=2;DP4=0,0,0,8;MQ=60;RB=9,13091838,13092299,CAC,TTT
X	1947637	NA	A	AGAT	134	NEI_IND[46/493];ATCCTCATAGACTCAAAG	INDEL;IDV=9;IMF=1;DP=9;VDB=5.52906e-06;SGB=-0.662043;MQ0F=0;AC=2;AN=2;DP4=0,0,9,0;MQ=60;RB=X,1947606,1947920,GGT,GAT
X	1947811	NA	GTA	G	181	MASKED;CACAATGTGTATATATAT	INDEL;IDV=9;IMF=1;DP=9;VDB=5.52906e-06;SGB=-0.662043;MQ0F=0;AC=2;AN=2;DP4=0,0,0,9;MQ=60;RB=X,1947606,1947920,GGT,GAT
5	156182768	NA	TATTTAC	T	182	PASS;GAAAAAATTATTTACATA	INDEL;IDV=5;IMF=1;DP=5;VDB=0.00187095;SGB=-0.590765;MQ0F=0;AC=2;AN=2;DP4=0,0,5,0;MQ=60;RB=5,156182668,156182944,ATT,TTG
6	15688575	NA	TTCTTTC	T	225	NEI_IND[6/292];ATTCTAACTTCTTTCTCT	INDEL;IDV=8;IMF=1;DP=8;VDB=1.33331e-05;SGB=-0.651104;MQ0F=0;AC=2;AN=2;DP4=0,0,0,8;MQ=60;RB=6,15688340,15688631,GCG,ATT
7	158114472	NA	CAT	C	225	MASKED;AAAACACTCATGTGTGCA	INDEL;IDV=9;IMF=1;DP=9;VDB=5.52906e-06;SGB=-0.662043;MQ0F=0;AC=2;AN=2;DP4=0,0,0,9;MQ=60;RB=7,158114186,158114518,ATC,CAG
3	50135699	NA	ATTTTTATT	A	225	MASKED;GAGTCCTTATTTTTATTT	INDEL;IDV=9;IMF=1;DP=9;VDB=5.52906e-06;SGB=-0.662043;MQ0F=0;AC=2;AN=2;DP4=0,0,0,9;MQ=60;RB=3,50135473,50135754,CCC,ACG
10	19412773	NA	GA	G	123	PASS;GTGATTATGAATAGTAAA	INDEL;IDV=8;IMF=1;DP=8;VDB=1.33331e-05;SGB=-0.651104;MQ0F=0;AC=2;AN=2;DP4=0,0,8,0;MQ=60;RB=10,19412741,19413015,TCA,GTT
6	118556049	NA	TA	T	49.4146	MASKED;TACCAGTTTAAAAATGCA	INDEL;IDV=7;IMF=1;DP=7;VDB=6.71664e-05;SGB=-0.636426;MQ0F=0;AC=2;AN=2;DP4=0,0,0,7;MQ=60;RB=6,118555711,118556175,GAG,GAG
5	10023275	NA	TG	T	115	MASKED;ACACAAAGTGGCAGAATG	INDEL;IDV=7;IMF=1;DP=7;VDB=6.71664e-05;SGB=-0.636426;MQ0F=0;AC=2;AN=2;DP4=0,0,7,0;MQ=60;RB=5,10023202,10023523,CCA,TAG
1	205141086	NA	TATTG	T	224	MASKED;AGCAGGTTTATTGATTGA	INDEL;IDV=7;IMF=1;DP=7;VDB=6.71664e-05;SGB=-0.636426;MQ0F=0;AC=2;AN=2;DP4=0,0,0,7;MQ=60;RB=1,205140751,205141159,ACG,TAT
9	85985845	NA	AGTTG	A	225	NEI_IND[4/181];TGCATTTTAGTTGGTTGT	INDEL;IDV=10;IMF=1;DP=10;VDB=6.99472e-07;SGB=-0.670168;MQ0F=0;AC=2;AN=2;DP4=0,0,10,0;MQ=60;RB=9,85985793,85986191,ATG,CCC
10	109523463	NA	CCTAT	C	225	MASKED;CTAGGATACCTATCTATA	INDEL;IDV=8;IMF=1;DP=8;VDB=1.33331e-05;SGB=-0.651104;MQ0F=0;AC=2;AN=2;DP4=0,0,0,8;MQ=60;RB=10,109522990,109523521,TCG,AGG
3	172627827	NA	TACA	T	224	MASKED;ATTTACTGTACAAATGCA	INDEL;IDV=10;IMF=1;DP=10;VDB=1.82464e-06;SGB=-0.670168;MQ0F=0;AC=2;AN=2;DP4=0,0,0,10;MQ=60;RB=3,172627485,172627935,TAC,AAT
5	40069972	NA	GA	G	99	MASKED;GATGTCTTGACACTGATT	INDEL;IDV=5;IMF=1;DP=5;VDB=0.00187095;SGB=-0.590765;MQ0F=0;AC=2;AN=2;DP4=0,0,0,5;MQ=60;RB=5,40069671,40070009,CAT,ATA
3	108327046	NA	ATAAT	A	225	MASKED;GTTAATTGATAATTAATT	INDEL;IDV=8;IMF=1;DP=8;VDB=1.33331e-05;SGB=-0.651104;MQ0F=0;AC=2;AN=2;DP4=0,0,0,8;MQ=60;RB=3,108326701,108327065,GGA,AAG
4	164824388	NA	TTG	T	125	MASKED;TCCTTCCCTTGTGTGTGT	INDEL;IDV=5;IMF=1;DP=5;VDB=0.00187095;SGB=-0.590765;MQ0F=0;AC=2;AN=2;DP4=0,0,0,5;MQ=60;RB=4,164824137,164824457,CGG,AAA
13	56291466	NA	AT	A	29.4193	MASKED;TCTAGGTTATTTTTTTAT	INDEL;IDV=14;IMF=1;DP=14;VDB=2.26006e-08;SGB=-0.686358;MQ0F=0;AC=2;AN=2;DP4=0,0,0,14;MQ=60;RB=13,56291094,56291527,CCA,AGT
3	162856161	NA	GT	G	139	MASKED;AAGAATGTGTGTTTTGCA	INDEL;IDV=9;IMF=1;DP=9;VDB=5.52906e-06;SGB=-0.662043;MQ0F=0;AC=2;AN=2;DP4=0,0,0,9;MQ=60;RB=3,162855769,162856217,ACT,TGT
8	12977501	NA	ATTAC	A	154	MASKED;AAGGAACAATTACTTACA	INDEL;IDV=4;IMF=1;DP=4;VDB=0.0058656;SGB=-0.556411;MQ0F=0;AC=2;AN=2;DP4=0,0,0,4;MQ=60;RB=8,12977060,12977528,GTT,AAA
9	129990206	NA	TAAAAC	T	224	PASS;CAATAAAATAAAACAAAA	INDEL;IDV=7;IMF=1;DP=7;VDB=6.71664e-05;SGB=-0.636426;MQ0F=0;AC=2;AN=2;DP4=0,0,7,0;MQ=60;RB=9,129990165,129990534,AAT,ACG
X	122559152	NA	TA	T	94	PASS;AGTTTCTTTATCTGTAAA	INDEL;IDV=5;IMF=1;DP=5;VDB=0.00187095;SGB=-0.590765;MQ0F=0;AC=2;AN=2;DP4=0,0,5,0;MQ=60;RB=X,122559027,122559436,CAC,GCC
14	36152729	NA	TTCCC	T	143	MASKED;CTATTATGTTCCCATTAA	INDEL;IDV=10;IMF=1;DP=10;VDB=6.99472e-07;SGB=-0.670168;MQ0F=0;AC=2;AN=2;DP4=0,0,0,10;MQ=60;RB=14,36152419,36152791,CGG,CTT
1	205141086	NA	TATTG	T	224	MASKED;AGCAGGTTTATTGATTGA	INDEL;IDV=7;IMF=1;DP=7;VDB=6.71664e-05;SGB=-0.636426;MQ0F=0;AC=2;AN=2;DP4=0,0,0,7;MQ=60;RB=1,205140751,205141135,TAG,ATT
10	108326585	NA	TAAAC	T	225	MASKED;TGATGCACTAAACAAACA	INDEL;IDV=9;IMF=1;DP=9;VDB=5.52906e-06;SGB=-0.662043;MQ0F=0;AC=2;AN=2;DP4=0,0,9,0;MQ=60;RB=10,108326558,108326849,AAC,GAG
21	24325002	NA	ATGTG	A	182	MASKED;CTTAACCTATGTGTGTGT	INDEL;IDV=5;IMF=1;DP=5;VDB=0.00187095;SGB=-0.590765;MQ0F=0;AC=2;AN=2;DP4=0,0,0,5;MQ=60;RB=21,24324583,24325041,AAT,GAT
10	20604070	NA	GAGA	G	225	MASKED;AGGTATGGGAGAAGGAGT	INDEL;IDV=8;IMF=1;DP=8;VDB=1.33331e-05;SGB=-0.651104;MQ0F=0;AC=2;AN=2;DP4=0,0,0,8;MQ=60;RB=10,20603634,20604190,TGA,GAT
3	96991141	NA	CGTGTGTGTGTGTGT	C	192	MASKED;TTCCATTTCGTGTGTGTG	INDEL;IDV=8;IMF=1;DP=8;VDB=2.75158e-05;SGB=-0.651104;MQ0F=0;AC=2;AN=2;DP4=0,0,0,8;MQ=60;RB=3,96990703,96991206,TGC,CCT
6	24747149	NA	GC	G	105	MASKED;TAATCATTGCCACATGCT	INDEL;IDV=6;IMF=1;DP=6;VDB=0.000411984;SGB=-0.616816;MQ0F=0;AC=2;AN=2;DP4=0,0,0,6;MQ=60;RB=6,24746844,24747217,CCA,ATG
X	133602251	NA	ACT	A	186	MASKED;TTTATCTAACTCTCTCTA	INDEL;IDV=8;IMF=1;DP=8;VDB=1.33331e-05;SGB=-0.651104;MQ0F=0;AC=2;AN=2;DP4=0,0,0,8;MQ=60;RB=X,133601771,133602294,TGA,TTT
10	92173945	NA	GT	G	106	MASKED;ATATAGTTGTTTGCATCA	INDEL;IDV=7;IMF=1;DP=7;VDB=6.71664e-05;SGB=-0.636426;MQ0F=0;AC=2;AN=2;DP4=0,0,0,7;MQ=60;RB=10,92173036,92173979,TTT,ATT
15	75832180	NA	C	CT	106	NEI_IND[39/468];CAGGCTAACTTTGTATTT	INDEL;IDV=7;IMF=1;DP=7;VDB=6.71664e-05;SGB=-0.636426;MQ0F=0;AC=2;AN=2;DP4=0,0,7,0;MQ=60;RB=15,75832094,75832586,CAC,CGA
15	75832518	NA	AG	A	124	PASS;AAAAGTTTAGTCCATTGA	INDEL;IDV=7;IMF=1;DP=7;VDB=6.71664e-05;SGB=-0.636426;MQ0F=0;AC=2;AN=2;DP4=0,0,0,7;MQ=60;RB=15,75832094,75832586,CAC,CGA
6	145589029	NA	A	AT	58	PASS;ATTCTTGGATTTTTACAG	INDEL;IDV=10;IMF=1;DP=10;VDB=6.99472e-07;SGB=-0.670168;MQ0F=0;AC=2;AN=2;DP4=0,0,10,0;MQ=60;RB=6,145588947,145589295,ATA,CAT
2	205476573	NA	CTA	C	167	MASKED;ATCTATATCTATATATAT	INDEL;IDV=7;IMF=1;DP=7;VDB=6.71664e-05;SGB=-0.636426;MQ0F=0;AC=2;AN=2;DP4=0,0,0,7;MQ=60;RB=2,205476328,205476590,CCT,CCG
22	50984416	NA	CTGGTGGGGT	C	225	PASS;GGCAGGAGCTGGTGGGGT	INDEL;IDV=14;IMF=1;DP=14;VDB=2.26006e-08;SGB=-0.686358;MQ0F=0;AC=2;AN=2;DP4=0,0,0,14;MQ=60;RB=22,50984118,50984481,TTA,ATT
13	54137546	NA	CTGTT	C	205	PASS;GATTCCTACTGTTCTAGT	INDEL;IDV=6;IMF=1;DP=6;VDB=0.000411984;SGB=-0.616816;MQ0F=0;AC=2;AN=2;DP4=0,0,0,6;MQ=60;RB=13,54137298,54137611,CGC,GCT
2	242371783	NA	GGGATGAACCCAAGAA	G	205	NEI_IND[6/178];GCGGGTCTGGGATGAACC	INDEL;IDV=6;IMF=1;DP=6;VDB=0.000411984;SGB=-0.616816;MQ0F=0;AC=2;AN=2;DP4=0,0,0,6;MQ=60;RB=2,242371293,242371845,TTC,GGA
18	74347153	NA	CT	C	95	MASKED;CTTACCCCCTGGATGGTA	INDEL;IDV=5;IMF=1;DP=5;VDB=0.00187095;SGB=-0.590765;MQ0F=0;AC=2;AN=2;DP4=0,0,5,0;MQ=60;RB=18,74347031,74348121,GAT,TGA
11	82040665	NA	CA	C	9.88465	MASKED;TAAAAGTACAAAAAAAAT	INDEL;IDV=5;IMF=1;DP=5;VDB=0.00187095;SGB=-0.590765;MQ0F=0;AC=2;AN=2;DP4=0,0,0,5;MQ=60;RB=11,82040217,82040728,TCC,TAA
X	105691283	NA	TTAAA	T	205	PASS;CAAAAGATTTAAATAGAC	INDEL;IDV=6;IMF=1;DP=6;VDB=0.000411984;SGB=-0.616816;MQ0F=0;AC=2;AN=2;DP4=0,0,0,6;MQ=60;RB=X,105690902,105691328,CGA,CCG
5	115784780	NA	CTCTAA	C	225	MASKED;CTGAGTGACTCTAATCAA	INDEL;IDV=9;IMF=1;DP=9;VDB=5.52906e-06;SGB=-0.662043;MQ0F=0;AC=2;AN=2;DP4=0,0,0,9;MQ=60;RB=5,115784609,115784865,AGA,TTA
5	167903593	NA	AC	A	73	MASKED;TGCACTCCACCTCTGGGC	INDEL;IDV=5;IMF=1;DP=5;VDB=0.0058656;SGB=-0.556411;MQ0F=0;AC=2;AN=2;DP4=0,0,4,0;MQ=60;RB=5,167903566,167904311,TAC,CCT
4	146875198	NA	ATCATT	A	205	MASKED;AGAGGAGGATCATTTTAA	INDEL;IDV=6;IMF=1;DP=6;VDB=0.000411984;SGB=-0.616816;MQ0F=0;AC=2;AN=2;DP4=0,0,0,6;MQ=60;RB=4,146874924,146875297,TCG,TCC
1	234264008	NA	GT	G	70	MASKED;TTCCAGCTGTTTGATGCA	INDEL;IDV=4;IMF=1;DP=4;VDB=0.0058656;SGB=-0.556411;MQ0F=0;AC=2;AN=2;DP4=0,0,0,4;MQ=60;RB=1,234263647,234264055,CCG,CTA
12	88572404	NA	AC	A	45.4146	MASKED;ATTTTTGTACCCCTGCAT	INDEL;IDV=5;IMF=1;DP=5;VDB=0.0058656;SGB=-0.556411;MQ0F=0;AC=2;AN=2;DP4=0,0,0,4;MQ=60;RB=12,88571595,88572491,GGT,GGG
5	66591441	NA	AGTGTGTGTGTGT	A	199	MASKED;TGGTTAATAGTGTGTGTG	INDEL;IDV=12;IMF=1;DP=12;VDB=3.48881e-08;SGB=-0.680642;MQ0F=0;AC=2;AN=2;DP4=0,0,0,12;MQ=60;RB=5,66591146,66591532,GAT,TAT
1	243403745	NA	CT	C	105	PASS;CGTTCCACCTTATTTCCC	INDEL;IDV=6;IMF=1;DP=6;VDB=0.000411984;SGB=-0.616816;MQ0F=0;AC=2;AN=2;DP4=0,0,6,0;MQ=60;RB=1,243403662,243403958,TCG,AGT
6	62264432	NA	CAT	C	225	MASKED;AGTATTGACATGTGCAAA	INDEL;IDV=8;IMF=1;DP=8;VDB=1.33331e-05;SGB=-0.651104;MQ0F=0;AC=2;AN=2;DP4=0,0,0,8;MQ=60;RB=6,62264161,62264476,TTA,AAA
14	50105703	NA	GTCAGAATACTCT	G	154	MASKED;AGTCTAATGTCAGAATAC	INDEL;IDV=4;IMF=1;DP=4;VDB=0.0058656;SGB=-0.556411;MQ0F=0;AC=2;AN=2;DP4=0,0,0,4;MQ=60;RB=14,50105495,50105786,TCA,TAT
5	107817835	NA	AG	A	101	MASKED;CGAGGCAGAGGTTGCAGT	INDEL;IDV=6;IMF=1;DP=6;VDB=0.000411984;SGB=-0.616816;MQ0F=0;AC=2;AN=2;DP4=0,0,0,6;MQ=60;RB=5,107817615,107817862,GTT,CTT
13	41029512	NA	TCAAA	T	225	MASKED;ATACAATATCAAACAAAC	INDEL;IDV=10;IMF=1;DP=10;VDB=6.99472e-07;SGB=-0.670168;MQ0F=0;AC=2;AN=2;DP4=0,0,0,10;MQ=60;RB=13,41029300,41029612,GTA,TAA
1	81851113	NA	T	TAGG	182	PASS;TGTGAAAATTTGATCTAT	INDEL;IDV=5;IMF=1;DP=5;VDB=0.00187095;SGB=-0.590765;MQ0F=0;AC=2;AN=2;DP4=0,0,5,0;MQ=60;RB=1,81851086,81851390,ACT,TCC
2	235133213	NA	GAT	G	163	MASKED;TTTTGGTAGATATATATA	INDEL;IDV=8;IMF=1;DP=8;VDB=1.33331e-05;SGB=-0.651104;MQ0F=0;AC=2;AN=2;DP4=0,0,0,8;MQ=60;RB=2,235132856,235133306,TCT,GTC
2	35476124	NA	ATAAAGT	A	182	MASKED;ATGCATAGATAAAGTTAG	INDEL;IDV=5;IMF=1;DP=5;VDB=0.00187095;SGB=-0.590765;MQ0F=0;AC=2;AN=2;DP4=0,0,5,0;MQ=60;RB=2,35476062,35476368,GTT,AAA
2	179538503	NA	CAATA	C	182	PASS;CCATATACCAATAAATAA	INDEL;IDV=5;IMF=1;DP=5;VDB=0.00187095;SGB=-0.590765;MQ0F=0;AC=2;AN=2;DP4=0,0,0,5;MQ=60;RB=2,179538179,179538642,GAA,CCG
4	36809973	NA	CA	C	39.4149	MASKED;TAACAATACAAAAAATGC	INDEL;IDV=8;IMF=1;DP=8;VDB=1.33331e-05;SGB=-0.651104;MQ0F=0;AC=2;AN=2;DP4=0,0,0,8;MQ=60;RB=4,36809668,36810040,GGA,ACT
7	24745721	NA	TCTGTGTCCC	T	225	MASKED;TTACCACCTCTGTGTCCC	INDEL;IDV=15;IMF=1;DP=15;VDB=4.49525e-10;SGB=-0.688148;MQ0F=0;AC=2;AN=2;DP4=0,0,0,15;MQ=60;RB=7,24745407,24745853,GTG,GAC
21	23608395	NA	CAAT	C	225	NEI_IND[3/261];AGACACAACAATGATTCC	INDEL;IDV=8;IMF=1;DP=8;VDB=1.33331e-05;SGB=-0.651104;MQ0F=0;AC=2;AN=2;DP4=0,0,0,8;MQ=60;RB=21,23608160,23608422,GTC,CCG
1	102273920	NA	AAAGATG	A	224	NEI_IND[6/462];TGGTCATTAAAGATGAAG	INDEL;IDV=7;IMF=1;DP=7;VDB=6.71664e-05;SGB=-0.636426;MQ0F=0;AC=2;AN=2;DP4=0,0,0,7;MQ=60;RB=1,102273550,102273954,CAA,GAT
2	45105531	NA	GC	G	135	MASKED;TTTTTTGTGCCAGCCAAT	INDEL;IDV=10;IMF=1;DP=10;VDB=6.99472e-07;SGB=-0.670168;MQ0F=0;AC=2;AN=2;DP4=0,0,10,0;MQ=60;RB=2,45105471,45105781,CTG,ATG
4	45762556	NA	CAT	C	123	MASKED;CACACACACATATATATA	INDEL;IDV=7;IMF=1;DP=7;VDB=6.71664e-05;SGB=-0.636426;MQ0F=0;AC=2;AN=2;DP4=0,0,0,7;MQ=60;RB=4,45762383,45762597,GGT,ATT
6	24541169	NA	TTGTA	T	225	NEI_IND[4/272];GCACTCATTTGTATGTGA	INDEL;IDV=9;IMF=1;DP=9;VDB=5.52906e-06;SGB=-0.662043;MQ0F=0;AC=2;AN=2;DP4=0,0,9,0;MQ=60;RB=6,24541116,24541368,AAT,GTT
14	40075072	NA	GCT	G	221	MASKED;ATTAAGTAGCTGCGCAAT	INDEL;IDV=8;IMF=1;DP=8;VDB=1.33331e-05;SGB=-0.651104;MQ0F=0;AC=2;AN=2;DP4=0,0,8,0;MQ=60;RB=14,40075050,40075296,TCT,TTA
8	100821992	NA	ATTTTAGTTTCACCTC	A	205	PASS;ATTTACTGATTTTAGTTT	INDEL;IDV=6;IMF=1;DP=6;VDB=0.000411984;SGB=-0.616816;MQ0F=0;AC=2;AN=2;DP4=0,0,6,0;MQ=60;RB=8,100821884,100822253,ACT,TTT
4	149754387	NA	GGTGTGT	G	182	MASKED;CTTTCAGGGGTGTGTGTG	INDEL;IDV=5;IMF=1;DP=5;VDB=0.00187095;SGB=-0.590765;MQ0F=0;AC=2;AN=2;DP4=0,0,0,5;MQ=60;RB=4,149753707,149754426,CGG,GGA
12	125779435	NA	GA	G	44.4146	MASKED;AAGTGGCAGAAAAAATGC	INDEL;IDV=12;IMF=1;DP=12;VDB=2.26006e-08;SGB=-0.676189;MQ0F=0;AC=2;AN=2;DP4=0,0,0,11;MQ=60;RB=12,125779128,125779490,TCA,AAA
2	137721572	NA	TTGTC	T	224	NEI_IND[4/330];CCAACTCTTTGTCTGTCC	INDEL;IDV=7;IMF=1;DP=7;VDB=6.71664e-05;SGB=-0.636426;MQ0F=0;AC=2;AN=2;DP4=0,0,0,7;MQ=60;RB=2,137720765,137721596,CTA,GAA
12	127323048	NA	TC	T	71	PASS;TGAGCAGTTCCCCAGTCC	INDEL;IDV=7;IMF=1;DP=7;VDB=6.71664e-05;SGB=-0.636426;MQ0F=0;AC=2;AN=2;DP4=0,0,7,0;MQ=60;RB=12,127322923,127323271,GTG,GTT
5	152847028	NA	ACT	A	190	PASS;GTATCTAAACTCTCTGTC	INDEL;IDV=8;IMF=1;DP=8;VDB=1.33331e-05;SGB=-0.651104;MQ0F=0;AC=2;AN=2;DP4=0,0,0,8;MQ=60;RB=5,152846526,152847102,TGA,AAC
7	51085962	NA	GTGGTGA	G	205	NEI_IND[6/294];TGGTGGTGGTGGTGATGG	INDEL;IDV=6;IMF=1;DP=6;VDB=0.000411984;SGB=-0.616816;MQ0F=0;AC=2;AN=2;DP4=0,0,0,6;MQ=60;RB=7,51085499,51086013,GTT,CCG
5	57093543	NA	TAAC	T	182	PASS;TAGAGAATTAACAACAAT	INDEL;IDV=5;IMF=1;DP=5;VDB=0.00187095;SGB=-0.590765;MQ0F=0;AC=2;AN=2;DP4=0,0,0,5;MQ=60;RB=5,57092978,57093610,CAG,GGG
7	37951252	NA	AGT	A	207	MASKED;CACCTTAAAGTGTGTGTG	INDEL;IDV=15;IMF=1;DP=15;VDB=4.49525e-10;SGB=-0.688148;MQ0F=0;AC=2;AN=2;DP4=0,0,0,15;MQ=60;RB=7,37951017,37951279,CAG,CTT
5	40069972	NA	GA	G	110	MASKED;GATGTCTTGACACTGATT	INDEL;IDV=6;IMF=1;DP=6;VDB=0.000411984;SGB=-0.616816;MQ0F=0;AC=2;AN=2;DP4=0,0,0,6;MQ=60;RB=5,40069672,40070009,ATC,GTT
6	74680794	NA	TA	T	29.4193	PASS;TGTTACATTAAAAAAACT	INDEL;IDV=11;IMF=1;DP=11;VDB=2.26006e-08;SGB=-0.676189;MQ0F=0;AC=2;AN=2;DP4=0,0,0,11;MQ=60;RB=6,74680522,74680811,CCT,AGG
1	84356391	NA	AG	A	76	MASKED;AGTAGTCAAGGATGCAGT	INDEL;IDV=4;IMF=1;DP=4;VDB=0.0058656;SGB=-0.556411;MQ0F=0;AC=2;AN=2;DP4=0,0,0,4;MQ=60;RB=1,84355893,84356498,CCG,GTT
8	92039151	NA	AATT	A	225	PASS;GTAGTAATAATTATTATA	INDEL;IDV=11;IMF=1;DP=11;VDB=2.26006e-08;SGB=-0.676189;MQ0F=0;AC=2;AN=2;DP4=0,0,0,11;MQ=60;RB=8,92038711,92039190,ATG,CCA
13	56291466	NA	AT	A	26.4242	MASKED;TCTAGGTTATTTTTTTAT	INDEL;IDV=8;IMF=1;DP=8;VDB=1.33331e-05;SGB=-0.651104;MQ0F=0;AC=2;AN=2;DP4=0,0,0,8;MQ=60;RB=13,56290982,56291526,GTT,TAC
5	139090908	NA	GGCCGCCGCCGCC	G	224	NEI_IND[3/189];TCAGGCGCGGCCGCCGCC	INDEL;IDV=7;IMF=1;DP=7;VDB=6.71664e-05;SGB=-0.636426;MQ0F=0;AC=2;AN=2;DP4=0,0,7,0;MQ=60;RB=5,139090884,139091227,GTT,CAT
18	35457398	NA	GT	G	68	MASKED;GTTTAGAGGTTTATGCAA	INDEL;IDV=4;IMF=1;DP=4;VDB=0.0058656;SGB=-0.556411;MQ0F=0;AC=2;AN=2;DP4=0,0,0,4;MQ=60;RB=18,35457107,35457412,AGA,TTG
3	30802972	NA	GTTTA	G	205	MASKED;ATAGATATGTTTATTTTT	INDEL;IDV=6;IMF=1;DP=6;VDB=0.000411984;SGB=-0.616816;MQ0F=0;AC=2;AN=2;DP4=0,0,0,6;MQ=60;RB=3,30802539,30803023,CAT,TCG
3	142520185	NA	ATGT	A	215	MASKED;CTCTAACAATGTTGCAAT	INDEL;IDV=7;IMF=1;DP=7;VDB=6.71664e-05;SGB=-0.636426;MQ0F=0;AC=2;AN=2;DP4=0,0,0,7;MQ=60;RB=3,142519869,142520212,CTT,GCC
17	21304100	NA	AACCAGAAAT	A	205	MASKED;ACAGAGGAAACCAGAAAT	INDEL;IDV=6;IMF=1;DP=6;VDB=0.000411984;SGB=-0.616816;MQ0F=0;AC=2;AN=2;DP4=0,0,6,0;MQ=60;RB=17,21304071,21304596,TAA,TAG
17	21304519	NA	GGACCAAGGAAGGGCATCCCGACTGT	G	205	PASS;GGGTCTGGGGACCAAGGA	INDEL;IDV=6;IMF=1;DP=6;VDB=0.000411984;SGB=-0.616816;MQ0F=0;AC=2;AN=2;DP4=0,0,0,6;MQ=60;RB=17,21304071,21304596,TAA,TAG
2	195622427	NA	A	ATTAATG	224	PASS;TATAAAATATTAATGTTA	INDEL;IDV=7;IMF=1;DP=7;VDB=6.71664e-05;SGB=-0.636426;MQ0F=0;AC=2;AN=2;DP4=0,0,0,7;MQ=60;RB=2,195621853,195622510,GCC,CGG
18	74347153	NA	CT	C	145	MASKED;CTTACCCCCTGGATGGTA	INDEL;IDV=10;IMF=1;DP=10;VDB=6.99472e-07;SGB=-0.670168;MQ0F=0;AC=2;AN=2;DP4=0,0,10,0;MQ=60;RB=18,74347031,74348121,TAT,GTT
3	163163074	NA	CTT	C	123	MASKED;TGTGCAGACTTTTATCTC	INDEL;IDV=4;IMF=1;DP=4;VDB=0.0058656;SGB=-0.556411;MQ0F=0;AC=2;AN=2;DP4=0,0,4,0;MQ=60;RB=3,163162998,163163417,TCG,GTT
5	78465308	NA	AACACACAC	A	208	NEI_IND[9/180];ACTTGCAAAACACACACA	INDEL;IDV=15;IMF=1;DP=15;VDB=4.49525e-10;SGB=-0.688148;MQ0F=0;AC=2;AN=2;DP4=0,0,15,0;MQ=60;RB=5,78465291,78465652,CCT,ACC
4	177417979	NA	CAT	C	188	MASKED;TGTAAAGACATATATGCA	INDEL;IDV=8;IMF=1;DP=8;VDB=1.33331e-05;SGB=-0.651104;MQ0F=0;AC=2;AN=2;DP4=0,0,0,8;MQ=60;RB=4,177417721,177418001,TTA,TTA
10	77604968	NA	GT	G	9.88465	MASKED;AGCCACAGGTTTTTTTTT	INDEL;IDV=11;IMF=1;DP=11;VDB=2.26006e-08;SGB=-0.676189;MQ0F=0;AC=2;AN=2;DP4=0,0,0,11;MQ=60;RB=10,77604536,77604994,CGT,ATG
17	57643636	NA	CTG	C	185	PASS;ATTTTCTGCTGTGTTCCA	INDEL;IDV=7;IMF=1;DP=7;VDB=6.71664e-05;SGB=-0.636426;MQ0F=0;AC=2;AN=2;DP4=0,0,0,7;MQ=60;RB=17,57643395,57643696,AAT,GAA
8	55139909	NA	AG	A	64	PASS;CTACTTGAAGGGGTCAGC	INDEL;IDV=6;IMF=1;DP=6;VDB=0.000411984;SGB=-0.616816;MQ0F=0;AC=2;AN=2;DP4=0,0,6,0;MQ=60;RB=8,55139889,55140274,TCC,AAC
1	114084966	NA	GGAGTT	G	182	MASKED;ACGGTATGGGAGTTGAGT	INDEL;IDV=6;IMF=1;DP=6;VDB=0.00187095;SGB=-0.590765;MQ0F=0;AC=2;AN=2;DP4=0,0,0,5;MQ=60;RB=1,114084369,114084998,ACT,TAT
4	137967164	NA	GT	G	11.7169	MASKED;ATTTATTTGTTTTTTTTT	INDEL;IDV=8;IMF=1;DP=8;VDB=6.71664e-05;SGB=-0.636426;MQ0F=0;AC=2;AN=2;DP4=0,0,0,7;MQ=60;RB=4,137966924,137967292,AAG,TGC
11	25799694	NA	TAC	T	93	PASS;CATACACATACACACACA	INDEL;IDV=5;IMF=0.714286;DP=5;VDB=0.00187095;SGB=-0.590765;MQ0F=0;AC=2;AN=2;DP4=0,0,0,5;MQ=60;RB=11,25798768,25799823,CTG,CTA
2	185972434	NA	AATG	A	225	MASKED;CCTACTAAAATGATGCAG	INDEL;IDV=9;IMF=1;DP=9;VDB=5.52906e-06;SGB=-0.662043;MQ0F=0;AC=2;AN=2;DP4=0,0,0,9;MQ=60;RB=2,185972163,185972526,TAT,AAT
5	129261584	NA	ATG	A	174	MASKED;GTGTATATATGTGTGTGT	INDEL;IDV=8;IMF=1;DP=8;VDB=1.33331e-05;SGB=-0.651104;MQ0F=0;AC=2;AN=2;DP4=0,0,0,8;MQ=60;RB=5,129261246,129261608,ACT,CTA
14	84902311	NA	TTAG	T	225	MASKED;CAGCTCCATTAGTAGCTG	INDEL;IDV=8;IMF=1;DP=8;VDB=1.33331e-05;SGB=-0.651104;MQ0F=0;AC=2;AN=2;DP4=0,0,0,8;MQ=60;RB=14,84901920,84902408,ACG,TAG
5	58417968	NA	CAAAAAAA	C	51	NEI_IND[85/155];CTCTATCTCAAAAAAAAA	INDEL;IDV=5;IMF=1;DP=5;VDB=0.00187095;SGB=-0.590765;MQ0F=0;AC=2;AN=2;DP4=0,0,5,0;MQ=60;RB=5,58417935,58418162,GTA,GCC
X	24480533	NA	CTCTTTTTT	CTTT,C	192	NEI_IND[73/353];CGCCCGGCCTCTTTTTTT	INDEL;IDV=10;IMF=1;DP=10;VDB=2.54932e-05;SGB=-0.651104;MQ0F=0;AC=1,1;AN=2;DP4=0,0,0,8;MQ=60;RB=X,24480317,24480617,CCG,CTT
2	15668649	NA	CAT	C	129	MASKED;CACACACACATAGAACAT	INDEL;IDV=4;IMF=1;DP=4;VDB=0.0058656;SGB=-0.556411;MQ0F=0;AC=2;AN=2;DP4=0,0,0,4;MQ=60;RB=2,15668458,15668698,GGG,ATG
6	54519535	NA	CTGTCTGTGTGTGTG	C	225	NEI_IND[304/308];GTCTCTCTCTGTCTGTGT	INDEL;IDV=9;IMF=1;DP=9;VDB=5.52906e-06;SGB=-0.662043;MQ0F=0;AC=2;AN=2;DP4=0,0,9,0;MQ=60;RB=6,54519459,54519889,GAT,TAC
2	142667807	NA	AATTTCTTTTCTAGCCAG	A	225	PASS;GCCTTGTAAATTTCTTTT	INDEL;IDV=8;IMF=1;DP=8;VDB=1.33331e-05;SGB=-0.651104;MQ0F=0;AC=2;AN=2;DP4=0,0,8,0;MQ=60;RB=2,142667738,142668087,CCA,ACA
5	40069972	NA	GA	G	124	MASKED;GATGTCTTGACACTGATT	INDEL;IDV=7;IMF=1;DP=7;VDB=6.71664e-05;SGB=-0.636426;MQ0F=0;AC=2;AN=2;DP4=0,0,0,7;MQ=60;RB=5,40069671,40070008,ATT,CCG
10	36339018	NA	AG	A	39.4149	PASS;ATATTTCTAGGGGGGCTG	INDEL;IDV=8;IMF=1;DP=8;VDB=1.33331e-05;SGB=-0.651104;MQ0F=0;AC=2;AN=2;DP4=0,0,0,8;MQ=60;RB=10,36338758,36339052,TCC,AAT
2	198884011	NA	TA	T	56	MASKED;ATCCAGCATAAAAAGGGT	INDEL;IDV=9;IMF=1;DP=9;VDB=5.52906e-06;SGB=-0.662043;MQ0F=0;AC=2;AN=2;DP4=0,0,9,0;MQ=60;RB=2,198883937,198884189,GTT,AAT
12	1239798	NA	C	CTTT	67	NEI_IND[30/476];CGTATAGTCTTTTTTTTT	INDEL;IDV=8;IMF=0.666667;DP=12;VDB=2.75158e-05;SGB=-0.651104;MQ0F=0;AC=2;AN=2;DP4=0,0,8,0;MQ=60;RB=12,1239684,1240035,TAG,TGA
12	1239909	NA	AT	A	137	PASS;AGAGCACAATTGCAGTTT	INDEL;IDV=12;IMF=1;DP=12;VDB=2.26006e-08;SGB=-0.680642;MQ0F=0;AC=2;AN=2;DP4=0,0,0,12;MQ=60;RB=12,1239684,1240035,TAG,TGA
5	103595695	NA	CTTAA	C	182	MASKED;GTATTTTTCTTAATTAAT	INDEL;IDV=5;IMF=1;DP=5;VDB=0.00187095;SGB=-0.590765;MQ0F=0;AC=2;AN=2;DP4=0,0,5,0;MQ=60;RB=5,103595677,103596107,TTC,CTC
19	15727750	NA	AG	A	139	MASKED;TGTGCAAAAGGTGCTCCC	INDEL;IDV=11;IMF=0.916667;DP=12;VDB=2.78366e-08;SGB=-0.680642;MQ0F=0;AC=2;AN=2;DP4=0,0,12,0;MQ=60;RB=19,15727704,15728184,CTA,TCT
3	180996073	NA	ATG	A	170	MASKED;TTACACTGATGTGTGTGT	INDEL;IDV=8;IMF=1;DP=8;VDB=1.33331e-05;SGB=-0.651104;MQ0F=0;AC=2;AN=2;DP4=0,0,0,8;MQ=60;RB=3,180995719,180996110,TGG,TAT
3	142520185	NA	ATGT	A	224	MASKED;CTCTAACAATGTTGCAAT	INDEL;IDV=7;IMF=1;DP=7;VDB=6.71664e-05;SGB=-0.636426;MQ0F=0;AC=2;AN=2;DP4=0,0,0,7;MQ=60;RB=3,142519869,142520212,CAT,CAG
2	166228409	NA	AAAGAG	A	205	PASS;TGTCCCAGAAAGAGAAGG	INDEL;IDV=6;IMF=1;DP=6;VDB=0.000411984;SGB=-0.616816;MQ0F=0;AC=2;AN=2;DP4=0,0,6,0;MQ=60;RB=2,166228400,166228792,GTT,TTG
8	13475550	NA	GTT	G	84	MASKED;GCAGACTTGTTTTTTTTC	INDEL;IDV=10;IMF=1;DP=10;VDB=6.99472e-07;SGB=-0.670168;MQ0F=0;AC=2;AN=2;DP4=0,0,0,10;MQ=60;RB=8,13475215,13475572,GTT,ATG
10	132521203	NA	TG	T	100	MASKED;GCAATAGGTGGCAAATGT	INDEL;IDV=6;IMF=1;DP=6;VDB=0.000411984;SGB=-0.616816;MQ0F=0;AC=2;AN=2;DP4=0,0,0,6;MQ=60;RB=10,132520763,132521333,CCC,AAT
2	163984769	NA	G	GAA	193	NEI_IND[23/470];CAATTAATGAAAAGATTA	INDEL;IDV=8;IMF=1;DP=8;VDB=1.33331e-05;SGB=-0.651104;MQ0F=0;AC=2;AN=2;DP4=0,0,8,0;MQ=60;RB=2,163984645,163985142,GTA,GTT
2	163985025	NA	TGA	T	207	MASKED;AATTAACATGAGTCATGC	INDEL;IDV=8;IMF=1;DP=8;VDB=1.33331e-05;SGB=-0.651104;MQ0F=0;AC=2;AN=2;DP4=0,0,0,8;MQ=60;RB=2,163984645,163985142,GTA,GTT
13	20621524	NA	TACTC	T	225	PASS;TATTTAAATACTCACAAG	INDEL;IDV=13;IMF=1;DP=13;VDB=2.26006e-08;SGB=-0.683931;MQ0F=0;AC=2;AN=2;DP4=0,0,13,0;MQ=60;RB=13,20621428,20621740,TTT,TTG
1	105198949	NA	GTTATTAAAGAGTCC	G	225	MASKED;TCAATTCTGTTATTAAAG	INDEL;IDV=8;IMF=1;DP=8;VDB=1.33331e-05;SGB=-0.651104;MQ0F=0;AC=2;AN=2;DP4=0,0,0,8;MQ=60;RB=1,105198273,105198986,GAG,GCA
10	109523463	NA	CCTAT	C	182	MASKED;CTAGGATACCTATCTATA	INDEL;IDV=5;IMF=1;DP=5;VDB=0.00187095;SGB=-0.590765;MQ0F=0;AC=2;AN=2;DP4=0,0,0,5;MQ=60;RB=10,109522990,109523556,ACC,TTG
3	193196623	NA	AATGTCCCTG	A	225	MASKED;CACAGACCAATGTCCCTG	INDEL;IDV=8;IMF=1;DP=8;VDB=1.33331e-05;SGB=-0.651104;MQ0F=0;AC=2;AN=2;DP4=0,0,0,8;MQ=60;RB=3,193196295,193196734,TGA,CAG
2	137721586	NA	GT	G	66	PASS;GTCCTCTAGTTTGCACCC	INDEL;IDV=4;IMF=1;DP=4;VDB=0.0058656;SGB=-0.556411;MQ0F=0;AC=2;AN=2;DP4=0,0,0,4;MQ=60;RB=2,137720765,137721596,GGT,TTT
1	106115946	NA	TCATATTCTTTCAGA	T	205	PASS;GAAACGTGTCATATTCTT	INDEL;IDV=6;IMF=1;DP=6;VDB=0.000411984;SGB=-0.616816;MQ0F=0;AC=2;AN=2;DP4=0,0,0,6;MQ=60;RB=1,106115655,106116003,TTT,TTT
3	121759291	NA	CAT	C	225	MASKED;AATGCAAACATGTTTGGA	INDEL;IDV=13;IMF=1;DP=13;VDB=4.02748e-08;SGB=-0.683931;MQ0F=0;AC=2;AN=2;DP4=0,0,13,0;MQ=60;RB=3,121759224,121759566,TCC,TGG
X	97890974	NA	TCAA	T	182	PASS;GTCATTCCTCAACAACAA	INDEL;IDV=5;IMF=1;DP=5;VDB=0.00187095;SGB=-0.590765;MQ0F=0;AC=2;AN=2;DP4=0,0,0,5;MQ=60;RB=X,97890501,97891037,AAT,CGT
2	118626453	NA	TTGAC	T	121	MASKED;GTGTCACATTGACTGATT	INDEL;IDV=4;IMF=1;DP=4;VDB=0.0221621;SGB=-0.511536;MQ0F=0;AC=2;AN=2;DP4=0,0,0,3;MQ=60;RB=2,118626041,118626573,CTC,CCT
3	180996073	NA	ATG	A	186	MASKED;TTACACTGATGTGTGTGT	INDEL;IDV=10;IMF=1;DP=10;VDB=6.99472e-07;SGB=-0.670168;MQ0F=0;AC=2;AN=2;DP4=0,0,0,10;MQ=60;RB=3,180995719,180996109,CGG,GTG
11	98250573	NA	GTTAGTTAAAATATGCT	G	224	MASKED;CACCTGCTGTTAGTTAAA	INDEL;IDV=7;IMF=1;DP=7;VDB=6.71664e-05;SGB=-0.636426;MQ0F=0;AC=2;AN=2;DP4=0,0,0,7;MQ=60;RB=11,98250379,98250661,TCT,ATA
9	121898745	NA	GAAA	G	97	PASS;GAAAGAAAGAAAAAAAAA	INDEL;IDV=6;IMF=0.857143;DP=6;VDB=0.000411984;SGB=-0.616816;MQ0F=0;AC=2;AN=2;DP4=0,0,0,6;MQ=60;RB=9,121898474,121898828,TAG,AGC
4	24562052	NA	TGGGCAG	T	142	MASKED;ACCAACACTGGGCAGGGT	INDEL;IDV=9;IMF=1;DP=9;VDB=5.52906e-06;SGB=-0.662043;MQ0F=0;AC=2;AN=2;DP4=0,0,0,9;MQ=60;RB=4,24561817,24562179,GTG,AGA
4	123838420	NA	AAT	A	84	PASS;TTATCATAAATATGTGTG	INDEL;IDV=5;IMF=1;DP=5;VDB=0.00187095;SGB=-0.590765;MQ0F=0;AC=2;AN=2;DP4=0,0,0,5;MQ=60;RB=4,123838267,123838514,GCT,GCA
9	124264866	NA	CCT	C	148	MASKED;TTCTGGCCCCTCTCTCTC	INDEL;IDV=6;IMF=1;DP=6;VDB=0.000411984;SGB=-0.616816;MQ0F=0;AC=2;AN=2;DP4=0,0,0,6;MQ=60;RB=9,124264589,124264926,AAT,GCC
10	126266230	NA	CAT	C	164	MASKED;ATCCTACACATGTGTGCA	INDEL;IDV=5;IMF=1;DP=5;VDB=0.00187095;SGB=-0.590765;MQ0F=0;AC=2;AN=2;DP4=0,0,0,5;MQ=60;RB=10,126266013,126266247,CGT,TCA
5	36772730	NA	GAAGT	G	196	MASKED;CTGGGTGAGAAGTAAGTA	INDEL;IDV=6;IMF=1;DP=6;VDB=0.000411984;SGB=-0.616816;MQ0F=0;AC=2;AN=2;DP4=0,0,0,6;MQ=60;RB=5,36772477,36772832,ACC,CGA
10	57778685	NA	CA	C	81	MASKED;ATAATTAGCAAAATGAAA	INDEL;IDV=9;IMF=1;DP=9;VDB=5.52906e-06;SGB=-0.662043;MQ0F=0;AC=2;AN=2;DP4=0,0,0,9;MQ=60;RB=10,57778380,57778719,TTT,TTG
6	154689302	NA	GGGT	G	225	MASKED;CATGTCAGGGGTGCGCAA	INDEL;IDV=9;IMF=0.9;DP=9;VDB=5.52906e-06;SGB=-0.662043;MQ0F=0;AC=2;AN=2;DP4=0,0,9,0;MQ=60;RB=6,154689179,154689607,AAT,AAT
18	58305810	NA	CAA	C	154	MASKED;AAGAATGGCAAAAAGTGC	INDEL;IDV=9;IMF=1;DP=9;VDB=5.52906e-06;SGB=-0.662043;MQ0F=0;AC=2;AN=2;DP4=0,0,0,9;MQ=60;RB=18,58305343,58305860,CCT,GAC
5	50151858	NA	TG	T	20.4535	MASKED;CTAGGCACTGGGGGGATG	INDEL;IDV=4;IMF=1;DP=4;VDB=0.0058656;SGB=-0.556411;MQ0F=0;AC=2;AN=2;DP4=0,0,0,4;MQ=60;RB=5,50151645,50151906,TAT,TGA
12	72955104	NA	CTA	C	156	MASKED;TTTGTCTACTATATATAT	INDEL;IDV=6;IMF=1;DP=6;VDB=0.000411984;SGB=-0.616816;MQ0F=0;AC=2;AN=2;DP4=0,0,0,6;MQ=60;RB=12,72954686,72955212,AGA,AAT
2	171236792	NA	GTA	G	145	MASKED;TAATGTGTGTAGTTATGC	INDEL;IDV=4;IMF=1;DP=4;VDB=0.0058656;SGB=-0.556411;MQ0F=0;AC=2;AN=2;DP4=0,0,0,4;MQ=60;RB=2,171236533,171236866,AGA,GTG
3	195067820	NA	CAA	C	69	MASKED;ATATGCCACAAAAAAAAA	INDEL;IDV=10;IMF=1;DP=10;VDB=6.99472e-07;SGB=-0.670168;MQ0F=0;AC=2;AN=2;DP4=0,0,10,0;MQ=60;RB=3,195067791,195068409,GTT,ATC
6	15688575	NA	TTCTTTC	T	225	NEI_IND[6/292];ATTCTAACTTCTTTCTCT	INDEL;IDV=10;IMF=1;DP=10;VDB=6.99472e-07;SGB=-0.670168;MQ0F=0;AC=2;AN=2;DP4=0,0,0,10;MQ=60;RB=6,15688340,15688682,GTG,GAC
12	72955104	NA	CTA	C	116	MASKED;TTTGTCTACTATATATAT	INDEL;IDV=4;IMF=1;DP=4;VDB=0.0058656;SGB=-0.556411;MQ0F=0;AC=2;AN=2;DP4=0,0,0,4;MQ=60;RB=12,72954487,72955212,CTC,GTA
8	141898872	NA	CT	C	112	MASKED;CATTTTTGCTAAATGTCT	INDEL;IDV=6;IMF=1;DP=6;VDB=0.000411984;SGB=-0.616816;MQ0F=0;AC=2;AN=2;DP4=0,0,6,0;MQ=60;RB=8,141898790,141899096,TCA,ATT
3	52432302	NA	TTTG	T	132	MASKED;AGCTATTTTTTGTTGTTG	INDEL;IDV=5;IMF=1;DP=5;VDB=0.00187095;SGB=-0.590765;MQ0F=0;AC=2;AN=2;DP4=0,0,0,5;MQ=60;RB=3,52432107,52432349,TTT,TCA
12	13568070	NA	GTCT	G	181	MASKED;AGCTAAAAGTCTTCTGCA	INDEL;IDV=5;IMF=1;DP=5;VDB=0.00187095;SGB=-0.590765;MQ0F=0;AC=2;AN=2;DP4=0,0,0,5;MQ=60;RB=12,13567752,13568136,ATC,AAG
7	144373785	NA	TG	T	144	PASS;ATTGGTAATGAGTGTTTA	INDEL;IDV=10;IMF=1;DP=10;VDB=6.99472e-07;SGB=-0.670168;MQ0F=0;AC=2;AN=2;DP4=0,0,10,0;MQ=60;RB=7,144373659,144374208,GAG,GAT
15	58652850	NA	AG	A	97	MASKED;TGCCTTATAGGATGCATC	INDEL;IDV=6;IMF=1;DP=6;VDB=0.000411984;SGB=-0.616816;MQ0F=0;AC=2;AN=2;DP4=0,0,0,6;MQ=60;RB=15,58652126,58652901,AAT,AAA
7	48753171	NA	CT	C	86	MASKED;GAATACGCCTTTTGTTGC	INDEL;IDV=11;IMF=1;DP=11;VDB=2.26006e-08;SGB=-0.676189;MQ0F=0;AC=2;AN=2;DP4=0,0,0,11;MQ=60;RB=7,48752678,48753184,CTC,CCT
9	124264866	NA	CCT	C	149	MASKED;TTCTGGCCCCTCTCTCTC	INDEL;IDV=6;IMF=1;DP=6;VDB=0.000411984;SGB=-0.616816;MQ0F=0;AC=2;AN=2;DP4=0,0,0,6;MQ=60;RB=9,124264451,124264926,GAG,TGC
1	208020386	NA	A	ATGAGAATGG	224	PASS;ACACAGTCATGAGAATGG	INDEL;IDV=7;IMF=1;DP=7;VDB=6.71664e-05;SGB=-0.636426;MQ0F=0;AC=2;AN=2;DP4=0,0,7,0;MQ=60;RB=1,208020315,208020585,GTG,CCG
11	24740110	NA	TTTCTTAACCATTGG	T	225	MASKED;TTGGGGAATTTCTTAACC	INDEL;IDV=11;IMF=1;DP=11;VDB=2.26006e-08;SGB=-0.676189;MQ0F=0;AC=2;AN=2;DP4=0,0,11,0;MQ=60;RB=11,24740076,24740745,CCT,GGT
3	121759291	NA	CAT	C	225	MASKED;AATGCAAACATGTTTGGA	INDEL;IDV=11;IMF=1;DP=11;VDB=2.26006e-08;SGB=-0.676189;MQ0F=0;AC=2;AN=2;DP4=0,0,11,0;MQ=60;RB=3,121759224,121759567,CTG,AAT
2	19370355	NA	TTTC	T	170	NEI_IND[20/224];TCTTTTCTTTTCTTTTTT	INDEL;IDV=5;IMF=1;DP=5;VDB=0.00187095;SGB=-0.590765;MQ0F=0;AC=2;AN=2;DP4=0,0,0,5;MQ=60;RB=2,19370157,19370485,GGG,TCT
10	80960591	NA	ACATGTG	A	225	MASKED;CTCAGAGCACATGTGCAT	INDEL;IDV=10;IMF=1;DP=10;VDB=5.52906e-06;SGB=-0.662043;MQ0F=0;AC=2;AN=2;DP4=0,0,0,9;MQ=60;RB=10,80960325,80960640,ATC,ATA
2	53072576	NA	TTTTA	T	224	MASKED;TTACAGATTTTTATTTAT	INDEL;IDV=7;IMF=1;DP=7;VDB=6.71664e-05;SGB=-0.636426;MQ0F=0;AC=2;AN=2;DP4=0,0,0,7;MQ=60;RB=2,53072118,53072633,GCG,TGT
6	73109355	NA	GTATCAT	G	225	MASKED;TGCAATAAGTATCATTAT	INDEL;IDV=8;IMF=1;DP=8;VDB=1.33331e-05;SGB=-0.651104;MQ0F=0;AC=2;AN=2;DP4=0,0,8,0;MQ=60;RB=6,73109303,73109817,TAC,GAA
5	113601021	NA	GGTGTGTGTGTGTGTGT	GGT,G	137	MASKED;CAAGAGGAGGTGTGTGTG	INDEL;IDV=5;IMF=1;DP=5;VDB=0.00215942;SGB=-0.590765;MQ0F=0;AC=1,1;AN=2;DP4=0,0,0,5;MQ=60;RB=5,113600739,113601126,CAA,CTA
14	43552956	NA	TGAGAA	T	225	MASKED;TTGAATACTGAGAAGAGA	INDEL;IDV=9;IMF=1;DP=9;VDB=5.52906e-06;SGB=-0.662043;MQ0F=0;AC=2;AN=2;DP4=0,0,0,9;MQ=60;RB=14,43552512,43553056,CTA,GGC
7	19899622	NA	TAA	T	225	MASKED;TATATACTTAACATGCAA	INDEL;IDV=11;IMF=1;DP=11;VDB=2.26006e-08;SGB=-0.676189;MQ0F=0;AC=2;AN=2;DP4=0,0,0,11;MQ=60;RB=7,19899335,19899696,TCA,GTT
10	92173945	NA	GT	G	105	MASKED;ATATAGTTGTTTGCATCA	INDEL;IDV=7;IMF=1;DP=7;VDB=6.71664e-05;SGB=-0.636426;MQ0F=0;AC=2;AN=2;DP4=0,0,0,7;MQ=60;RB=10,92173018,92173979,CAT,AAT
14	89099979	NA	AGAT	A	182	MASKED;GTGCAAACAGATGAGTGT	INDEL;IDV=5;IMF=1;DP=5;VDB=0.00187095;SGB=-0.590765;MQ0F=0;AC=2;AN=2;DP4=0,0,5,0;MQ=60;RB=14,89099957,89100717,TGC,AAT
11	80765174	NA	TA	T	90	MASKED;GAACATACTAAAATTGCA	INDEL;IDV=14;IMF=1;DP=14;VDB=2.26006e-08;SGB=-0.683931;MQ0F=0;AC=2;AN=2;DP4=0,0,0,13;MQ=60;RB=11,80764909,80765287,TAT,TAG
1	242122706	NA	GGCTGGAGT	G	225	MASKED;GTGGCCCAGGCTGGAGTG	INDEL;IDV=10;IMF=1;DP=10;VDB=6.99472e-07;SGB=-0.670168;MQ0F=0;AC=2;AN=2;DP4=0,0,0,10;MQ=60;RB=1,242122428,242122744,TCA,TAC
3	124441653	NA	AAAAC	A	154	PASS;AAATGGGAAAAACAAACA	INDEL;IDV=4;IMF=1;DP=4;VDB=0.0058656;SGB=-0.556411;MQ0F=0;AC=2;AN=2;DP4=0,0,0,4;MQ=60;RB=3,124441359,124441701,TCT,ACC
20	50321842	NA	TGCTACACTGAA	T	224	PASS;GGGTTTTGTGCTACACTG	INDEL;IDV=7;IMF=1;DP=7;VDB=6.71664e-05;SGB=-0.636426;MQ0F=0;AC=2;AN=2;DP4=0,0,7,0;MQ=60;RB=20,50321813,50322230,CCC,GCT
2	225296925	NA	CTGATCCA	C	225	MASKED;TCCTACGCCTGATCCATG	INDEL;IDV=10;IMF=1;DP=10;VDB=6.99472e-07;SGB=-0.670168;MQ0F=0;AC=2;AN=2;DP4=0,0,10,0;MQ=60;RB=2,225296851,225297313,CCC,TTC
20	13046354	NA	TCTC	T	225	MASKED;TAAATACTTCTCCTTTTA	INDEL;IDV=11;IMF=1;DP=11;VDB=2.26006e-08;SGB=-0.676189;MQ0F=0;AC=2;AN=2;DP4=0,0,11,0;MQ=60;RB=20,13046319,13046678,TAG,GTG
3	44262669	NA	TTGTG	T	225	MASKED;AAGGCTCTTTGTGTGCTA	INDEL;IDV=10;IMF=1;DP=10;VDB=6.99472e-07;SGB=-0.670168;MQ0F=0;AC=2;AN=2;DP4=0,0,10,0;MQ=60;RB=3,44262595,44263045,ACT,TCG
21	39646345	NA	GA	G	81	MASKED;TGTCTGTGGAAAATGCAC	INDEL;IDV=9;IMF=1;DP=9;VDB=5.52906e-06;SGB=-0.662043;MQ0F=0;AC=2;AN=2;DP4=0,0,0,9;MQ=60;RB=21,39646065,39646364,TAA,GAA
8	143789531	NA	TTCTA	T	225	MASKED;TAGAAGTGTTCTATCTAA	INDEL;IDV=8;IMF=1;DP=8;VDB=1.33331e-05;SGB=-0.651104;MQ0F=0;AC=2;AN=2;DP4=0,0,0,8;MQ=60;RB=8,143788796,143789576,CTG,ATT
6	131810982	NA	AACTC	A	225	MASKED;CTTGCATGAACTCACTCA	INDEL;IDV=9;IMF=1;DP=9;VDB=5.52906e-06;SGB=-0.662043;MQ0F=0;AC=2;AN=2;DP4=0,0,9,0;MQ=60;RB=6,131810870,131811424,ATA,TGC
3	180996073	NA	ATG	A	129	MASKED;TTACACTGATGTGTGTGT	INDEL;IDV=5;IMF=1;DP=5;VDB=0.00187095;SGB=-0.590765;MQ0F=0;AC=2;AN=2;DP4=0,0,0,5;MQ=60;RB=3,180995719,180996109,ACC,GGC
4	17218682	NA	TA	T	20.4535	PASS;TAAGACTTTAAAAAAATC	INDEL;IDV=6;IMF=1;DP=6;VDB=0.000411984;SGB=-0.616816;MQ0F=0;AC=2;AN=2;DP4=0,0,0,6;MQ=60;RB=4,17218419,17218706,CCG,CGC
11	24740110	NA	TTTCTTAACCATTGG	T	225	MASKED;TTGGGGAATTTCTTAACC	INDEL;IDV=8;IMF=1;DP=8;VDB=1.33331e-05;SGB=-0.651104;MQ0F=0;AC=2;AN=2;DP4=0,0,8,0;MQ=60;RB=11,24740077,24740744,CTG,CTG
17	50445489	NA	CAATG	C	205	MASKED;TTTGGAAACAATGAATGC	INDEL;IDV=6;IMF=1;DP=6;VDB=0.000411984;SGB=-0.616816;MQ0F=0;AC=2;AN=2;DP4=0,0,0,6;MQ=60;RB=17,50444800,50445606,GTC,ACC
3	62918386	NA	CTCT	C	225	MASKED;TCAGGCAGCTCTTCTTAT	INDEL;IDV=8;IMF=1;DP=8;VDB=1.33331e-05;SGB=-0.651104;MQ0F=0;AC=2;AN=2;DP4=0,0,0,8;MQ=60;RB=3,62918120,62918475,AAT,GTA
1	247404739	NA	G	GA	7.30725	NEI_IND[67/816];GAAAGAAAGAAAAAAAAA	INDEL;IDV=5;IMF=1;DP=5;VDB=0.00187095;SGB=-0.590765;MQ0F=0;AC=2;AN=2;DP4=0,0,5,0;MQ=60;RB=1,247404662,247404959,GCT,GCC
1	247404903	NA	GAGA	G	182	PASS;TTATTGTAGAGAAGAAGC	INDEL;IDV=5;IMF=1;DP=5;VDB=0.00187095;SGB=-0.590765;MQ0F=0;AC=2;AN=2;DP4=0,0,0,5;MQ=60;RB=1,247404662,247404959,GCT,GCC
5	113601021	NA	GGTGT	GGT,G	193	MASKED;CAAGAGGAGGTGTGTGTG	INDEL;IDV=11;IMF=1;DP=11;VDB=9.10876e-08;SGB=-0.676189;MQ0F=0;AC=1,1;AN=2;DP4=0,0,0,11;MQ=60;RB=5,113600739,113601125,CAT,GGG
13	83722393	NA	GTT	G	106	NEI_IND[2/190];TCATTGTAGTTTTTTAAT	INDEL;IDV=7;IMF=1;DP=7;VDB=6.71664e-05;SGB=-0.636426;MQ0F=0;AC=2;AN=2;DP4=0,0,0,7;MQ=60;RB=13,83721865,83722407,GTT,CTG
5	113601021	NA	GGTGT	GGT,G	77	MASKED;CAAGAGGAGGTGTGTGTG	INDEL;IDV=5;IMF=1;DP=5;VDB=0.00671048;SGB=-0.556411;MQ0F=0;AC=1,1;AN=2;DP4=0,0,0,4;MQ=60;RB=5,113600739,113601126,ATA,GGT
19	18410225	NA	GC	G	130	PASS;CCACAGAGGCCGTTGAAT	INDEL;IDV=9;IMF=1;DP=9;VDB=5.52906e-06;SGB=-0.662043;MQ0F=0;AC=2;AN=2;DP4=0,0,0,9;MQ=60;RB=19,18409745,18410296,TTT,GAG
X	106950230	NA	GA	G	66	MASKED;GAAGGAAGGAAAGGAAGG	INDEL;IDV=5;IMF=1;DP=5;VDB=0.0058656;SGB=-0.556411;MQ0F=0;AC=2;AN=2;DP4=0,0,4,0;MQ=60;RB=X,106950097,106950454,GGG,AAA
3	14911632	NA	GGAATGGCATGAGGGAGCCC	G	225	MASKED;GAGGGAACGGAATGGCAT	INDEL;IDV=13;IMF=0.928571;DP=13;VDB=2.26006e-08;SGB=-0.683931;MQ0F=0;AC=2;AN=2;DP4=0,0,13,0;MQ=60;RB=3,14911572,14912074,TAA,TAT
1	91918480	NA	CACACACACACA	C	224	NEI_IND[6/386];CACACACACACACACACA	INDEL;IDV=7;IMF=1;DP=7;VDB=6.71664e-05;SGB=-0.636426;MQ0F=0;AC=2;AN=2;DP4=0,0,7,0;MQ=60;RB=1,91918413,91918692,AAT,GGT
1	91918618	NA	G	GT	15.5372	PASS;AATACCAAGTTTTTTTTA	INDEL;IDV=7;IMF=1;DP=7;VDB=6.71664e-05;SGB=-0.636426;MQ0F=0;AC=2;AN=2;DP4=0,0,0,7;MQ=60;RB=1,91918413,91918692,AAT,GGT
13	83722393	NA	GTT	G	125	NEI_IND[2/190];TCATTGTAGTTTTTTAAT	INDEL;IDV=10;IMF=1;DP=10;VDB=6.99472e-07;SGB=-0.670168;MQ0F=0;AC=2;AN=2;DP4=0,0,0,10;MQ=60;RB=13,83721866,83722408,CTC,ACT
4	178104640	NA	TA	T	26.4242	MASKED;TAGATGAATAAAAAAATG	INDEL;IDV=8;IMF=1;DP=8;VDB=1.33331e-05;SGB=-0.651104;MQ0F=0;AC=2;AN=2;DP4=0,0,0,8;MQ=60;RB=4,178104390,178104701,GCC,GGA
4	105792410	NA	GTA	G	222	PASS;ATCTGTAAGTATGTTTCT	INDEL;IDV=9;IMF=1;DP=9;VDB=5.52906e-06;SGB=-0.662043;MQ0F=0;AC=2;AN=2;DP4=0,0,0,9;MQ=60;RB=4,105791931,105792457,CCT,TAG
5	50151858	NA	TG	T	39.4149	MASKED;CTAGGCACTGGGGGGATG	INDEL;IDV=8;IMF=1;DP=8;VDB=1.33331e-05;SGB=-0.651104;MQ0F=0;AC=2;AN=2;DP4=0,0,0,8;MQ=60;RB=5,50151646,50151915,CTC,CCT
5	30127369	NA	GATTA	G	225	PASS;CATCCAGAGATTAATTGT	INDEL;IDV=9;IMF=1;DP=9;VDB=5.52906e-06;SGB=-0.662043;MQ0F=0;AC=2;AN=2;DP4=0,0,9,0;MQ=60;RB=5,30127330,30127907,GGG,CCT
22	50984416	NA	CTGGTGGGGT	C	224	PASS;GGCAGGAGCTGGTGGGGT	INDEL;IDV=7;IMF=1;DP=7;VDB=6.71664e-05;SGB=-0.636426;MQ0F=0;AC=2;AN=2;DP4=0,0,0,7;MQ=60;RB=22,50984119,50984480,CCC,GGG
6	42346857	NA	CA	C	11.7169	MASKED;GCTTGTCTCAAAAAAAAA	INDEL;IDV=7;IMF=1;DP=7;VDB=6.71664e-05;SGB=-0.636426;MQ0F=0;AC=2;AN=2;DP4=0,0,7,0;MQ=60;RB=6,42346731,42347320,CCT,GAT
10	108326585	NA	TAAAC	T	225	MASKED;TGATGCACTAAACAAACA	INDEL;IDV=10;IMF=1;DP=10;VDB=6.99472e-07;SGB=-0.670168;MQ0F=0;AC=2;AN=2;DP4=0,0,10,0;MQ=60;RB=10,108326557,108326850,GTT,AAT
21	23608395	NA	CAAT	C	205	NEI_IND[3/261];AGACACAACAATGATTCC	INDEL;IDV=6;IMF=1;DP=6;VDB=0.000411984;SGB=-0.616816;MQ0F=0;AC=2;AN=2;DP4=0,0,0,6;MQ=60;RB=21,23608159,23608423,CAA,TTT
4	24743392	NA	GC	G	81	MASKED;AGATAGTGGCCCCAAAAT	INDEL;IDV=9;IMF=1;DP=9;VDB=5.52906e-06;SGB=-0.662043;MQ0F=0;AC=2;AN=2;DP4=0,0,0,9;MQ=60;RB=4,24743112,24743480,GCC,ATA
18	32830166	NA	T	TA	145	PASS;TTGATTATTAGAGTTTTT	INDEL;IDV=8;IMF=1;DP=8;VDB=1.33331e-05;SGB=-0.651104;MQ0F=0;AC=2;AN=2;DP4=0,0,8,0;MQ=60;RB=18,32830096,32830479,GTT,TTT
2	163985025	NA	TGA	T	161	MASKED;AATTAACATGAGTCATGC	INDEL;IDV=6;IMF=1;DP=6;VDB=0.000411984;SGB=-0.616816;MQ0F=0;AC=2;AN=2;DP4=0,0,0,6;MQ=60;RB=2,163984296,163985142,GGG,CTT
5	167024749	NA	CTT	C	141	MASKED;CTTTCAAACTTATATATG	INDEL;IDV=4;IMF=1;DP=4;VDB=0.0058656;SGB=-0.556411;MQ0F=0;AC=2;AN=2;DP4=0,0,0,4;MQ=60;RB=5,167024251,167024858,AAC,AGT
16	8404243	NA	CAGA	C	205	MASKED;TTCTCTCCCAGAAGGACA	INDEL;IDV=6;IMF=1;DP=6;VDB=0.000411984;SGB=-0.616816;MQ0F=0;AC=2;AN=2;DP4=0,0,0,6;MQ=60;RB=16,8403993,8404371,GTC,TCT
2	163984769	NA	G	GAA	193	NEI_IND[23/470];CAATTAATGAAAAGATTA	INDEL;IDV=8;IMF=1;DP=8;VDB=1.33331e-05;SGB=-0.651104;MQ0F=0;AC=2;AN=2;DP4=0,0,8,0;MQ=60;RB=2,163984645,163985142,ACT,TCT
2	163985025	NA	TGA	T	207	MASKED;AATTAACATGAGTCATGC	INDEL;IDV=8;IMF=1;DP=8;VDB=1.33331e-05;SGB=-0.651104;MQ0F=0;AC=2;AN=2;DP4=0,0,0,8;MQ=60;RB=2,163984645,163985142,ACT,TCT
4	95258094	NA	GTGTTTCGTTT	G	224	MASKED;TCTATTTGGTGTTTCGTT	INDEL;IDV=7;IMF=1;DP=7;VDB=6.71664e-05;SGB=-0.636426;MQ0F=0;AC=2;AN=2;DP4=0,0,0,7;MQ=60;RB=4,95257664,95258166,TAT,CTG
8	67206967	NA	GCTT	G	225	MASKED;CTGCTGCTGCTTCTTATG	INDEL;IDV=8;IMF=1;DP=8;VDB=1.33331e-05;SGB=-0.651104;MQ0F=0;AC=2;AN=2;DP4=0,0,0,8;MQ=60;RB=8,67206595,67207085,GCT,AAA
11	27847660	NA	AGT	A	120	MASKED;ATGGGATGAGTGTGTGTG	INDEL;IDV=5;IMF=1;DP=5;VDB=0.00187095;SGB=-0.590765;MQ0F=0;AC=2;AN=2;DP4=0,0,0,5;MQ=60;RB=11,27847262,27847766,CCT,GAG
20	9672991	NA	GA	G	81	MASKED;TTCCGTATGAAAATGCAA	INDEL;IDV=9;IMF=1;DP=9;VDB=5.52906e-06;SGB=-0.662043;MQ0F=0;AC=2;AN=2;DP4=0,0,0,9;MQ=60;RB=20,9672644,9673054,GAT,GTA
21	31959468	NA	TGTGC	T	205	PASS;TGGTGGCTTGTGCCTGTA	INDEL;IDV=6;IMF=1;DP=6;VDB=0.000411984;SGB=-0.616816;MQ0F=0;AC=2;AN=2;DP4=0,0,0,6;MQ=60;RB=21,31959219,31959551,ATG,CCA
3	13463425	NA	CAT	C	218	MASKED;TGCACACACATATGTATA	INDEL;IDV=10;IMF=1;DP=10;VDB=6.99472e-07;SGB=-0.670168;MQ0F=0;AC=2;AN=2;DP4=0,0,10,0;MQ=60;RB=3,13463401,13463970,CTA,GAT
10	132521203	NA	TG	T	100	MASKED;GCAATAGGTGGCAAATGT	INDEL;IDV=6;IMF=1;DP=6;VDB=0.000411984;SGB=-0.616816;MQ0F=0;AC=2;AN=2;DP4=0,0,0,6;MQ=60;RB=10,132520763,132521333,CTC,TCT
18	35457398	NA	GT	G	102	MASKED;GTTTAGAGGTTTATGCAA	INDEL;IDV=7;IMF=1;DP=7;VDB=6.71664e-05;SGB=-0.636426;MQ0F=0;AC=2;AN=2;DP4=0,0,0,7;MQ=60;RB=18,35456806,35457413,GCG,GCA
X	40446881	NA	TA	T	136	PASS;TTCTTTACTAAAGTCTAA	INDEL;IDV=14;IMF=1;DP=14;VDB=2.26006e-08;SGB=-0.686358;MQ0F=0;AC=2;AN=2;DP4=0,0,0,14;MQ=60;RB=X,40446600,40446987,TCT,AGT
11	25308946	NA	GAATT	G	182	MASKED;TGATCTAGGAATTAATTA	INDEL;IDV=5;IMF=1;DP=5;VDB=0.00187095;SGB=-0.590765;MQ0F=0;AC=2;AN=2;DP4=0,0,0,5;MQ=60;RB=11,25308667,25308998,CTC,AAA
4	109613591	NA	AATGAACATTCGT	A	225	NEI_IND[6/334];AGGAAGGGAATGAACATT	INDEL;IDV=8;IMF=1;DP=8;VDB=1.33331e-05;SGB=-0.651104;MQ0F=0;AC=2;AN=2;DP4=0,0,0,8;MQ=60;RB=4,109613365,109613726,TTT,AAA
7	51085962	NA	GTGGTGA	G	224	NEI_IND[6/294];TGGTGGTGGTGGTGATGG	INDEL;IDV=7;IMF=1;DP=7;VDB=6.71664e-05;SGB=-0.636426;MQ0F=0;AC=2;AN=2;DP4=0,0,0,7;MQ=60;RB=7,51085405,51086014,CCT,AAT
8	65613480	NA	TTTG	T	225	MASKED;AGTCACTTTTTGTTGTTG	INDEL;IDV=13;IMF=1;DP=13;VDB=2.26006e-08;SGB=-0.683931;MQ0F=0;AC=2;AN=2;DP4=0,0,0,13;MQ=60;RB=8,65613251,65613582,TAT,CCT
12	13568070	NA	GTCT	G	225	MASKED;AGCTAAAAGTCTTCTGCA	INDEL;IDV=10;IMF=1;DP=10;VDB=6.99472e-07;SGB=-0.670168;MQ0F=0;AC=2;AN=2;DP4=0,0,0,10;MQ=60;RB=12,13567751,13568137,GAT,GGT
4	75325365	NA	CCCA	C	205	MASKED;TTTACATTCCCACCGAGA	INDEL;IDV=6;IMF=1;DP=6;VDB=0.000411984;SGB=-0.616816;MQ0F=0;AC=2;AN=2;DP4=0,0,0,6;MQ=60;RB=4,75325169,75325484,TCA,CAC
1	186882217	NA	AT	A	72	NEI_IND[44/484];TATTCCAAATTCTTTATA	INDEL;IDV=4;IMF=1;DP=4;VDB=0.0058656;SGB=-0.556411;MQ0F=0;AC=2;AN=2;DP4=0,0,4,0;MQ=60;RB=1,186882181,186882923,GTG,AAT
1	186882793	NA	CAT	C	117	MASKED;TAAGTAAACATATATGTG	INDEL;IDV=4;IMF=1;DP=4;VDB=0.0058656;SGB=-0.556411;MQ0F=0;AC=2;AN=2;DP4=0,0,0,4;MQ=60;RB=1,186882181,186882923,GTG,AAT
11	63181795	NA	GT	G	85	MASKED;GCCAAAATGTTTCTGCAC	INDEL;IDV=5;IMF=1;DP=5;VDB=0.00187095;SGB=-0.590765;MQ0F=0;AC=2;AN=2;DP4=0,0,0,5;MQ=60;RB=11,63181561,63181852,GTT,TTG
11	24740110	NA	TTTCTTAACCATTGG	T	224	MASKED;TTGGGGAATTTCTTAACC	INDEL;IDV=7;IMF=1;DP=7;VDB=6.71664e-05;SGB=-0.636426;MQ0F=0;AC=2;AN=2;DP4=0,0,7,0;MQ=60;RB=11,24740077,24740744,CAC,AAG
11	39741449	NA	AGATTTTGAGGCAT	A	182	MASKED;AAAACACAAGATTTTGAG	INDEL;IDV=5;IMF=1;DP=5;VDB=0.00187095;SGB=-0.590765;MQ0F=0;AC=2;AN=2;DP4=0,0,5,0;MQ=60;RB=11,39741360,39741754,GGT,GAC
18	10953345	NA	CT	C	133	PASS;ATTTTCTCCTATATTTTT	INDEL;IDV=8;IMF=1;DP=8;VDB=1.33331e-05;SGB=-0.651104;MQ0F=0;AC=2;AN=2;DP4=0,0,0,8;MQ=60;RB=18,10952978,10953380,GTC,ATA
18	1427801	NA	AG	A	45.4146	MASKED;GAAGAGCCAGGGGCCCTG	INDEL;IDV=4;IMF=1;DP=4;VDB=0.0058656;SGB=-0.556411;MQ0F=0;AC=2;AN=2;DP4=0,0,0,4;MQ=60;RB=18,1427550,1427824,GGC,CGT
9	121898745	NA	GAAA	G	120	MASKED;GAAAGAAAGAAAAAAAAA	INDEL;IDV=9;IMF=1;DP=9;VDB=5.52906e-06;SGB=-0.662043;MQ0F=0;AC=2;AN=2;DP4=0,0,0,9;MQ=60;RB=9,121898474,121898829,GAC,AAA
7	39515850	NA	CTGAA	C	205	MASKED;TTTGTTGCCTGAATGAAT	INDEL;IDV=6;IMF=1;DP=6;VDB=0.000411984;SGB=-0.616816;MQ0F=0;AC=2;AN=2;DP4=0,0,0,6;MQ=60;RB=7,39515200,39515967,GAG,CGC
10	71709746	NA	TTGTGTGTGCGTGTG	T	225	NEI_IND[6/351];GCATGTGTTTGTGTGTGC	INDEL;IDV=8;IMF=1;DP=8;VDB=1.33331e-05;SGB=-0.651104;MQ0F=0;AC=2;AN=2;DP4=0,0,8,0;MQ=60;RB=10,71709707,71710030,ATT,ATA
15	50664429	NA	CTA	C	183	MASKED;CTTCCTGTCTATGTGTTA	INDEL;IDV=7;IMF=1;DP=7;VDB=6.71664e-05;SGB=-0.636426;MQ0F=0;AC=2;AN=2;DP4=0,0,0,7;MQ=60;RB=15,50663944,50664491,GTA,GTG
7	96135291	NA	TTGTCAA	T	205	MASKED;ATTATGAGTTGTCAATGT	INDEL;IDV=6;IMF=1;DP=6;VDB=0.000411984;SGB=-0.616816;MQ0F=0;AC=2;AN=2;DP4=0,0,0,6;MQ=60;RB=7,96134866,96135357,TAC,CTA
12	55511761	NA	TAAAGAGAAAAATGAGGGAA	T	225	MASKED;ACACTAAATAAAGAGAAA	INDEL;IDV=9;IMF=1;DP=9;VDB=5.52906e-06;SGB=-0.662043;MQ0F=0;AC=2;AN=2;DP4=0,0,0,9;MQ=60;RB=12,55511448,55511888,GGG,AAA
3	30802972	NA	GTTTA	G	182	MASKED;ATAGATATGTTTATTTTT	INDEL;IDV=5;IMF=1;DP=5;VDB=0.00187095;SGB=-0.590765;MQ0F=0;AC=2;AN=2;DP4=0,0,0,5;MQ=60;RB=3,30802540,30803023,GCC,ATG
4	155678217	NA	CAAACTTTCGG	C	154	MASKED;GCAAGACTCAAACTTTCG	INDEL;IDV=4;IMF=1;DP=4;VDB=0.0058656;SGB=-0.556411;MQ0F=0;AC=2;AN=2;DP4=0,0,4,0;MQ=60;RB=4,155678103,155678842,AAT,AAC
9	121898745	NA	GAAA	G	85	MASKED;GAAAGAAAGAAAAAAAAA	INDEL;IDV=5;IMF=1;DP=5;VDB=0.00187095;SGB=-0.590765;MQ0F=0;AC=2;AN=2;DP4=0,0,0,5;MQ=60;RB=9,121898473,121898829,TTT,ATA
10	20604070	NA	GAGA	G	225	MASKED;AGGTATGGGAGAAGGAGT	INDEL;IDV=12;IMF=1;DP=12;VDB=2.26006e-08;SGB=-0.680642;MQ0F=0;AC=2;AN=2;DP4=0,0,0,12;MQ=60;RB=10,20603634,20604190,AAT,GTT
21	30556419	NA	TA	T	135	MASKED;CTTATGAATAATGCAGTT	INDEL;IDV=10;IMF=1;DP=10;VDB=6.99472e-07;SGB=-0.670168;MQ0F=0;AC=2;AN=2;DP4=0,0,0,10;MQ=60;RB=21,30555956,30556460,TAT,AGA
19	3416045	NA	CGGCT	C	182	PASS;TGTAGCCCCGGCTACTTG	INDEL;IDV=5;IMF=1;DP=5;VDB=0.00187095;SGB=-0.590765;MQ0F=0;AC=2;AN=2;DP4=0,0,0,5;MQ=60;RB=19,3415774,3416098,CTG,ACA
4	10319451	NA	CG	C	113	MASKED;GATAGATGCGACAGCTTA	INDEL;IDV=6;IMF=1;DP=6;VDB=0.000411984;SGB=-0.616816;MQ0F=0;AC=2;AN=2;DP4=0,0,0,6;MQ=60;RB=4,10319000,10319572,AGT,TTT
5	167024749	NA	CTT	C	225	MASKED;CTTTCAAACTTATATATG	INDEL;IDV=9;IMF=1;DP=9;VDB=5.52906e-06;SGB=-0.662043;MQ0F=0;AC=2;AN=2;DP4=0,0,0,9;MQ=60;RB=5,167024251,167024858,ACC,CAT
12	88572404	NA	AC	A	71	MASKED;ATTTTTGTACCCCTGCAT	INDEL;IDV=8;IMF=1;DP=8;VDB=6.71664e-05;SGB=-0.636426;MQ0F=0;AC=2;AN=2;DP4=0,0,0,7;MQ=60;RB=12,88571595,88572492,TTA,GTA
6	15381942	NA	G	GT	146	PASS;TTCATTTTGTAAGTGTTG	INDEL;IDV=8;IMF=1;DP=8;VDB=1.33331e-05;SGB=-0.651104;MQ0F=0;AC=2;AN=2;DP4=0,0,0,8;MQ=60;RB=6,15381770,15382061,TCG,ATT
5	84927130	NA	AAGTTCATG	A	224	PASS;TATCCATGAAGTTCATGA	INDEL;IDV=7;IMF=1;DP=7;VDB=6.71664e-05;SGB=-0.636426;MQ0F=0;AC=2;AN=2;DP4=0,0,7,0;MQ=60;RB=5,84927011,84927381,ATT,CCC
5	3288208	NA	CAT	C	193	MASKED;ATGGCAAACATACACACA	INDEL;IDV=7;IMF=1;DP=7;VDB=6.71664e-05;SGB=-0.636426;MQ0F=0;AC=2;AN=2;DP4=0,0,0,7;MQ=60;RB=5,3287837,3288317,ACT,TAG
8	12644515	NA	TA	T	8.99861	NEI_IND[42/906];GCCAATATTAAAAAAAAA	INDEL;IDV=9;IMF=1;DP=9;VDB=5.52906e-06;SGB=-0.662043;MQ0F=0;AC=2;AN=2;DP4=0,0,0,9;MQ=60;RB=8,12644028,12644624,TTG,TGT
8	12644572	NA	G	GA	42.4147	PASS;CAAACATAGAAAAAACTT	INDEL;IDV=9;IMF=1;DP=9;VDB=5.52906e-06;SGB=-0.662043;MQ0F=0;AC=2;AN=2;DP4=0,0,0,9;MQ=60;RB=8,12644028,12644624,TTG,TGT
10	43997059	NA	GCGCC	G	225	NEI_IND[48/227];AGTGGCATGCGCCTGTAG	INDEL;IDV=12;IMF=1;DP=12;VDB=2.26006e-08;SGB=-0.680642;MQ0F=0;AC=2;AN=2;DP4=0,0,0,12;MQ=60;RB=10,43996732,43997127,GCC,TCA
7	115135961	NA	TCTTAAA	T	225	NEI_IND[6/275];ATGCATTTTCTTAAACTT	INDEL;IDV=9;IMF=1;DP=9;VDB=5.52906e-06;SGB=-0.662043;MQ0F=0;AC=2;AN=2;DP4=0,0,9,0;MQ=60;RB=7,115135849,115136311,ACC,GGG
14	28209169	NA	GATGTTTGCACTCT	G	225	MASKED;ATAGACTAGATGTTTGCA	INDEL;IDV=10;IMF=1;DP=10;VDB=6.99472e-07;SGB=-0.670168;MQ0F=0;AC=2;AN=2;DP4=0,0,0,10;MQ=60;RB=14,28208790,28209207,TGA,GGC
7	101155968	NA	A	AAT	225	PASS;GACCACCAAATATTCAGT	INDEL;IDV=8;IMF=1;DP=8;VDB=1.33331e-05;SGB=-0.651104;MQ0F=0;AC=2;AN=2;DP4=0,0,8,0;MQ=60;RB=7,101155845,101156149,TCA,CTG
2	8108614	NA	GT	G	124	MASKED;AGTACTCAGTTTGCAAAA	INDEL;IDV=10;IMF=1;DP=10;VDB=6.99472e-07;SGB=-0.670168;MQ0F=0;AC=2;AN=2;DP4=0,0,0,10;MQ=60;RB=2,8108262,8108687,TAA,TGA
5	113601021	NA	GGTGTGTGTGTGTGT	G	154	MASKED;CAAGAGGAGGTGTGTGTG	INDEL;IDV=4;IMF=1;DP=4;VDB=0.0058656;SGB=-0.556411;MQ0F=0;AC=2;AN=2;DP4=0,0,0,4;MQ=60;RB=5,113600739,113601126,CCT,AAT
14	40075072	NA	GCT	G	225	MASKED;ATTAAGTAGCTGCGCAAT	INDEL;IDV=18;IMF=1;DP=18;VDB=1.29641e-11;SGB=-0.691153;MQ0F=0;AC=2;AN=2;DP4=0,0,18,0;MQ=60;RB=14,40074958,40075295,CAT,CCC
5	40069972	NA	GA	G	136	MASKED;GATGTCTTGACACTGATT	INDEL;IDV=9;IMF=1;DP=9;VDB=5.52906e-06;SGB=-0.662043;MQ0F=0;AC=2;AN=2;DP4=0,0,0,9;MQ=60;RB=5,40069671,40070009,ATT,TCA
7	149063301	NA	GCTTT	G	224	NEI_IND[4/308];TGAGATTGGCTTTCTTTC	INDEL;IDV=7;IMF=1;DP=7;VDB=6.71664e-05;SGB=-0.636426;MQ0F=0;AC=2;AN=2;DP4=0,0,0,7;MQ=60;RB=7,149063078,149063396,CGA,CAA
