CHROM	POS	ID	REF	ALT	QUAL	FILTER	INFO
10	92068035	NA	A	AAAAAATAAAAAT	224	PASS;CTGTCTCAAAAAAATAAA	INDEL;IDV=7;IMF=1;DP=7;VDB=6.71664e-05;SGB=-0.636426;MQ0F=0;AC=2;AN=2;DP4=0,0,7,0;MQ=60;RB=10,92068001,92068443,CTC,CGT
12	11586139	NA	ATTCT	A	201	PASS;AAAAAACAATTCTTGCTC	INDEL;IDV=6;IMF=1;DP=6;VDB=0.000411984;SGB=-0.616816;MQ0F=0;AC=2;AN=2;DP4=0,0,0,6;MQ=60;RB=12,11585834,11586259,AAT,CAT
1	1832628	NA	GA	G	31.4175	MASKED;GAAGAAAGGAAAGAAAGG	INDEL;IDV=7;IMF=1;DP=7;VDB=6.71664e-05;SGB=-0.636426;MQ0F=0;AC=2;AN=2;DP4=0,0,7,0;MQ=60;RB=1,1832511,1832836,TGA,TCC
3	74958685	NA	AC	A	71	PASS;CAACATAGACCCCATCTC	INDEL;IDV=7;IMF=1;DP=7;VDB=6.71664e-05;SGB=-0.636426;MQ0F=0;AC=2;AN=2;DP4=0,0,0,7;MQ=60;RB=3,74958352,74958731,CCT,CCC
1	211767987	NA	ATG	A	186	NEI_IND[14/238];GTGTGTATATGTGTGTAT	INDEL;IDV=7;IMF=1;DP=7;VDB=6.71664e-05;SGB=-0.636426;MQ0F=0;AC=2;AN=2;DP4=0,0,7,0;MQ=60;RB=1,211767856,211768148,GTT,GTA
X	69749662	NA	GC	G	95	PASS;TGTCATCTGCCCTAGCCC	INDEL;IDV=6;IMF=1;DP=6;VDB=0.000411984;SGB=-0.616816;MQ0F=0;AC=2;AN=2;DP4=0,0,0,6;MQ=60;RB=X,69749413,69749761,CGT,AAC
5	85324443	NA	TAATA	T	225	MASKED;ATAATAAATAATAAATAA	INDEL;IDV=8;IMF=1;DP=8;VDB=1.33331e-05;SGB=-0.651104;MQ0F=0;AC=2;AN=2;DP4=0,0,8,0;MQ=60;RB=5,85324361,85324643,TTT,GCG
12	22084951	NA	TGTC	T	225	PASS;CAAACAGATGTCAGGGAG	INDEL;IDV=8;IMF=1;DP=8;VDB=1.33331e-05;SGB=-0.651104;MQ0F=0;AC=2;AN=2;DP4=0,0,8,0;MQ=60;RB=12,22084933,22085325,CAT,CGA
5	26165364	NA	TCAAA	T	224	PASS;AAAATTTGTCAAACACTT	INDEL;IDV=7;IMF=1;DP=7;VDB=6.71664e-05;SGB=-0.636426;MQ0F=0;AC=2;AN=2;DP4=0,0,0,7;MQ=60;RB=5,26164964,26165445,TTC,GGG
1	188371296	NA	CA	C	9.88465	MASKED;AACTTTACCAAAAAAAAT	INDEL;IDV=5;IMF=1;DP=5;VDB=0.00187095;SGB=-0.590765;MQ0F=0;AC=2;AN=2;DP4=0,0,5,0;MQ=60;RB=1,188371166,188371480,CTG,AGG
12	62457664	NA	CATGCAT	C	148	MASKED;CACACACACATGCATACA	INDEL;IDV=4;IMF=1;DP=4;VDB=0.0058656;SGB=-0.556411;MQ0F=0;AC=2;AN=2;DP4=0,0,0,4;MQ=60;RB=12,62457416,62457679,TTG,ACT
11	27564592	NA	CAGAG	C	154	PASS;CAGAGAGACAGAGAGAGA	INDEL;IDV=4;IMF=1;DP=4;VDB=0.0058656;SGB=-0.556411;MQ0F=0;AC=2;AN=2;DP4=0,0,0,4;MQ=60;RB=11,27564214,27564699,GGG,ATT
20	10262852	NA	G	GGA	225	PASS;GAAGGAAGGAAGGAAGGA	INDEL;IDV=9;IMF=0.9;DP=10;VDB=5.52906e-06;SGB=-0.662043;MQ0F=0;AC=2;AN=2;DP4=0,0,9,0;MQ=60;RB=20,10262727,10263187,TTT,TGG
14	73906954	NA	T	TAC	224	PASS;TATATATATACATCCATA	INDEL;IDV=8;IMF=1;DP=8;VDB=6.71664e-05;SGB=-0.636426;MQ0F=0;AC=2;AN=2;DP4=0,0,0,7;MQ=60;RB=14,73906731,73907071,CAA,CTG
22	18620394	NA	CAAAAAAAAAA	C	84	NEI_IND[35/251];CTCCGTCTCAAAAAAAAA	INDEL;IDV=7;IMF=1;DP=7;VDB=6.71664e-05;SGB=-0.636426;MQ0F=0;AC=2;AN=2;DP4=0,0,7,0;MQ=60;RB=22,18620361,18620691,TGT,GCG
4	17021880	NA	TAG	T	145	MASKED;TAGATAGATAGAGATAGA	INDEL;IDV=5;IMF=1;DP=5;VDB=0.00187095;SGB=-0.590765;MQ0F=0;AC=2;AN=2;DP4=0,0,5,0;MQ=60;RB=4,17021752,17022121,TTG,TTG
6	65496076	NA	TCTA	T	225	NEI_IND[43/339];TTACTGGTTCTACATTTT	INDEL;IDV=9;IMF=1;DP=9;VDB=5.52906e-06;SGB=-0.662043;MQ0F=0;AC=2;AN=2;DP4=0,0,9,0;MQ=60;RB=6,65495949,65496275,CCG,AGA
1	12406914	NA	TAAGTATTACA	T	225	MASKED;TGTGAGACTAAGTATTAC	INDEL;IDV=8;IMF=1;DP=8;VDB=1.33331e-05;SGB=-0.651104;MQ0F=0;AC=2;AN=2;DP4=0,0,8,0;MQ=60;RB=1,12406881,12407279,GAC,GGT
4	74023903	NA	AAGAGAG	A	154	NEI_IND[10/386];AAGAAAGAAAGAGAGAGA	INDEL;IDV=4;IMF=1;DP=4;VDB=0.0058656;SGB=-0.556411;MQ0F=0;AC=2;AN=2;DP4=0,0,4,0;MQ=60;RB=4,74023774,74024157,CTT,CTG
8	143282973	NA	AC	A	20.4535	PASS;CCCCCTCCACCCCCCCAG	INDEL;IDV=6;IMF=1;DP=6;VDB=0.000411984;SGB=-0.616816;MQ0F=0;AC=2;AN=2;DP4=0,0,0,6;MQ=60;RB=8,143282781,143283108,CCG,GGA
1	211767987	NA	ATG	A	134	NEI_IND[14/238];GTGTGTATATGTGTGTAT	INDEL;IDV=5;IMF=1;DP=5;VDB=0.00187095;SGB=-0.590765;MQ0F=0;AC=2;AN=2;DP4=0,0,5,0;MQ=60;RB=1,211767856,211768147,CTT,TCG
8	79927444	NA	TC	T	76	PASS;ATGGAATATCTTTTTCCA	INDEL;IDV=4;IMF=1;DP=4;VDB=0.0058656;SGB=-0.556411;MQ0F=0;AC=2;AN=2;DP4=0,0,0,4;MQ=60;RB=8,79927280,79927563,GGG,CCG
3	65188876	NA	GAAA	G	5.37787	NEI_IND[16/231];TTATCTCAGAAAAAAAAA	INDEL;IDV=5;IMF=1;DP=5;VDB=0.00187095;SGB=-0.590765;MQ0F=0;AC=2;AN=2;DP4=0,0,5,0;MQ=60;RB=3,65188841,65189101,GTT,CGA
1	188371296	NA	CA	C	18.4763	MASKED;AACTTTACCAAAAAAAAT	INDEL;IDV=9;IMF=1;DP=9;VDB=5.52906e-06;SGB=-0.662043;MQ0F=0;AC=2;AN=2;DP4=0,0,9,0;MQ=60;RB=1,188371166,188371481,CCG,AAA
16	62004214	NA	TC	T	118	PASS;AAGTGATATCCAAACTCA	INDEL;IDV=8;IMF=1;DP=8;VDB=1.33331e-05;SGB=-0.651104;MQ0F=0;AC=2;AN=2;DP4=0,0,8,0;MQ=60;RB=16,62004079,62004527,CGC,CCT
10	34934088	NA	TTTTTA	T	205	NEI_IND[5/224];CAACACTATTTTTATTTT	INDEL;IDV=6;IMF=1;DP=6;VDB=0.000411984;SGB=-0.616816;MQ0F=0;AC=2;AN=2;DP4=0,0,0,6;MQ=60;RB=10,34933897,34934185,TTA,CCT
1	188371296	NA	CA	C	15.5372	MASKED;AACTTTACCAAAAAAAAT	INDEL;IDV=7;IMF=1;DP=7;VDB=6.71664e-05;SGB=-0.636426;MQ0F=0;AC=2;AN=2;DP4=0,0,7,0;MQ=60;RB=1,188371165,188371481,TGA,GAA
1	105448480	NA	CTA	C	162	NEI_IND[16/257];ATATCTATCTATATCTAT	INDEL;IDV=6;IMF=1;DP=6;VDB=0.000411984;SGB=-0.616816;MQ0F=0;AC=2;AN=2;DP4=0,0,6,0;MQ=60;RB=1,105448352,105448634,TGC,GTT
1	225186843	NA	AT	A	88	MASKED;ATATGCCTATTATTTGAA	INDEL;IDV=5;IMF=1;DP=5;VDB=0.00187095;SGB=-0.590765;MQ0F=0;AC=2;AN=2;DP4=0,0,0,5;MQ=60;RB=1,225186647,225186959,CTG,ACG
1	188371296	NA	CA	C	13.6076	MASKED;AACTTTACCAAAAAAAAT	INDEL;IDV=6;IMF=1;DP=6;VDB=0.000411984;SGB=-0.616816;MQ0F=0;AC=2;AN=2;DP4=0,0,6,0;MQ=60;RB=1,188371166,188371480,GCG,GAG
4	23079769	NA	TG	T	150	PASS;TTCCTGGTTGTTTTAGTA	INDEL;IDV=11;IMF=1;DP=11;VDB=2.26006e-08;SGB=-0.676189;MQ0F=0;AC=2;AN=2;DP4=0,0,0,11;MQ=60;RB=4,23079439,23079789,ACA,GGG
1	105448480	NA	CTA	C	203	NEI_IND[16/257];ATATCTATCTATATCTAT	INDEL;IDV=9;IMF=1;DP=9;VDB=5.52906e-06;SGB=-0.662043;MQ0F=0;AC=2;AN=2;DP4=0,0,9,0;MQ=60;RB=1,105448351,105448633,TAT,GTC
13	24252770	NA	GGTT	G,GT	193	NEI_IND[17/249];TTTTGTGGGGTTTTTTTT	INDEL;IDV=8;IMF=1;DP=8;VDB=0.000516434;SGB=-0.651104;MQ0F=0;AC=1,1;AN=2;DP4=0,0,8,0;MQ=60;RB=13,24252723,24253031,GTG,GGC
1	188371296	NA	CA	C	18.4763	MASKED;AACTTTACCAAAAAAAAT	INDEL;IDV=9;IMF=1;DP=9;VDB=5.52906e-06;SGB=-0.662043;MQ0F=0;AC=2;AN=2;DP4=0,0,9,0;MQ=60;RB=1,188371166,188371480,TTG,CTG
X	29443529	NA	G	GT	15.5372	PASS;TGCTTTCTGTTTTTTTTG	INDEL;IDV=7;IMF=1;DP=7;VDB=6.71664e-05;SGB=-0.636426;MQ0F=0;AC=2;AN=2;DP4=0,0,7,0;MQ=60;RB=X,29443403,29443747,CGA,AAG
21	25405471	NA	GAAAGACAA	G	205	NEI_IND[6/366];GAAAGAAAGAAAGACAAA	INDEL;IDV=7;IMF=1;DP=7;VDB=0.000411984;SGB=-0.616816;MQ0F=0;AC=2;AN=2;DP4=0,0,0,6;MQ=60;RB=21,25405147,25405592,TCA,CAG
2	20528526	NA	TG	T	139	PASS;TTCTAATTTGAAGAATAG	INDEL;IDV=9;IMF=1;DP=9;VDB=5.52906e-06;SGB=-0.662043;MQ0F=0;AC=2;AN=2;DP4=0,0,9,0;MQ=60;RB=2,20528456,20528798,AGA,CAG
3	68555613	NA	C	CAGAG	225	PASS;TCAACACACACACACAGA	INDEL;IDV=9;IMF=1;DP=9;VDB=5.52906e-06;SGB=-0.662043;MQ0F=0;AC=2;AN=2;DP4=0,0,0,9;MQ=60;RB=3,68555391,68555747,CCC,TCA
9	79702836	NA	TTGTG	T	225	PASS;ATGTTTTTTTGTGTGTGT	INDEL;IDV=10;IMF=1;DP=10;VDB=6.99472e-07;SGB=-0.670168;MQ0F=0;AC=2;AN=2;DP4=0,0,0,10;MQ=60;RB=9,79702550,79702932,TCG,ACT
3	174799836	NA	GTA	G	183	NEI_IND[21/294];GTGTATGTGTATGTGTGT	INDEL;IDV=7;IMF=1;DP=7;VDB=6.71664e-05;SGB=-0.636426;MQ0F=0;AC=2;AN=2;DP4=0,0,0,7;MQ=60;RB=3,174799423,174799970,TTC,GCT
2	65796996	NA	TC	T	88	NEI_IND[21/347];TCCTTCCTTCCTTTCCTT	INDEL;IDV=5;IMF=1;DP=5;VDB=0.00187095;SGB=-0.590765;MQ0F=0;AC=2;AN=2;DP4=0,0,0,5;MQ=60;RB=2,65796681,65797116,TGA,CCT
10	53708301	NA	TGTGTGTGC	T	154	MASKED;TGTGTGTGTGTGTGTGCG	INDEL;IDV=4;IMF=0.666667;DP=4;VDB=0.0058656;SGB=-0.556411;MQ0F=0;AC=2;AN=2;DP4=0,0,4,0;MQ=60;RB=10,53708222,53708699,CCT,TCA
21	25405471	NA	GAAAGACAA	G	182	NEI_IND[6/366];GAAAGAAAGAAAGACAAA	INDEL;IDV=5;IMF=1;DP=5;VDB=0.00187095;SGB=-0.590765;MQ0F=0;AC=2;AN=2;DP4=0,0,0,5;MQ=60;RB=21,25405147,25405592,TAT,TTG
4	164038870	NA	CGCAT	C	150	NEI_IND[4/351];CACACACACGCATGAATA	INDEL;IDV=5;IMF=1;DP=5;VDB=0.00187095;SGB=-0.590765;MQ0F=0;AC=2;AN=2;DP4=0,0,0,5;MQ=60;RB=4,164038491,164038992,CTG,TCG
1	105448480	NA	CTA	C	146	NEI_IND[16/257];ATATCTATCTATATCTAT	INDEL;IDV=5;IMF=1;DP=5;VDB=0.00187095;SGB=-0.590765;MQ0F=0;AC=2;AN=2;DP4=0,0,5,0;MQ=60;RB=1,105448351,105448633,AAT,GTC
5	15222556	NA	CT	C	106	PASS;AGTATTAACTCTTTGAGG	INDEL;IDV=6;IMF=1;DP=6;VDB=0.000411984;SGB=-0.616816;MQ0F=0;AC=2;AN=2;DP4=0,0,0,6;MQ=60;RB=5,15222353,15222688,TCG,GAT
5	114882440	NA	ACATG	A	205	MASKED;GCACACACACATGCACGC	INDEL;IDV=6;IMF=1;DP=6;VDB=0.000411984;SGB=-0.616816;MQ0F=0;AC=2;AN=2;DP4=0,0,0,6;MQ=60;RB=5,114881839,114882458,ATC,CGT
8	90149865	NA	AG	A	115	PASS;ACAGACAGAGTAGATAGA	INDEL;IDV=6;IMF=1;DP=6;VDB=0.000411984;SGB=-0.616816;MQ0F=0;AC=2;AN=2;DP4=0,0,6,0;MQ=60;RB=8,90149730,90150014,AAA,GGC
1	202856465	NA	GAA	G	125	MASKED;AACATTATGAAAAATTTT	INDEL;IDV=6;IMF=1;DP=6;VDB=0.000411984;SGB=-0.616816;MQ0F=0;AC=2;AN=2;DP4=0,0,0,6;MQ=60;RB=1,202855936,202856481,ATG,GTC
3	174799836	NA	GTA	G	136	NEI_IND[21/294];GTGTATGTGTATGTGTGT	INDEL;IDV=5;IMF=1;DP=5;VDB=0.00248765;SGB=-0.590765;MQ0F=0;AC=2;AN=2;DP4=0,0,0,5;MQ=60;RB=3,174799422,174799970,CAA,ATT
10	34934088	NA	TTTTTA	T	205	NEI_IND[5/224];CAACACTATTTTTATTTT	INDEL;IDV=6;IMF=1;DP=6;VDB=0.000411984;SGB=-0.616816;MQ0F=0;AC=2;AN=2;DP4=0,0,0,6;MQ=60;RB=10,34933897,34934184,ATT,CAC
6	83504622	NA	CAAAG	C	225	MASKED;CTGTAACACAAAGAAAGG	INDEL;IDV=12;IMF=1;DP=12;VDB=6.32134e-08;SGB=-0.680642;MQ0F=0;AC=2;AN=2;DP4=0,0,0,12;MQ=60;RB=6,83504293,83504680,AGT,ATT
1	105448480	NA	CTA	C	146	NEI_IND[16/257];ATATCTATCTATATCTAT	INDEL;IDV=5;IMF=1;DP=5;VDB=0.00187095;SGB=-0.590765;MQ0F=0;AC=2;AN=2;DP4=0,0,5,0;MQ=60;RB=1,105448351,105448634,TAT,AAT
13	71770934	NA	AT	A	20.4535	PASS;AGTAATTGATTTTTTATT	INDEL;IDV=4;IMF=0.8;DP=4;VDB=0.0058656;SGB=-0.556411;MQ0F=0;AC=2;AN=2;DP4=0,0,4,0;MQ=60;RB=13,71770853,71771315,CAT,TTT
19	48506960	NA	A	ATT	12.6687	NEI_IND[10/247];CCCAGCTAATTTTTTTTT	INDEL;IDV=6;IMF=0.857143;DP=7;VDB=0.000411984;SGB=-0.616816;MQ0F=0;AC=2;AN=2;DP4=0,0,6,0;MQ=60;RB=19,48506875,48507251,ATG,ACG
16	5628693	NA	TC	T	88	PASS;GAAACTCATCCTCAGGAA	INDEL;IDV=6;IMF=1;DP=6;VDB=0.00187095;SGB=-0.590765;MQ0F=0;AC=2;AN=2;DP4=0,0,5,0;MQ=60;RB=16,5628574,5628899,GCC,CTG
1	188371296	NA	CA	C	9.88465	MASKED;AACTTTACCAAAAAAAAT	INDEL;IDV=5;IMF=1;DP=5;VDB=0.00187095;SGB=-0.590765;MQ0F=0;AC=2;AN=2;DP4=0,0,5,0;MQ=60;RB=1,188371166,188371481,TTC,AGA
11	60008470	NA	TTTTATTTATTTA	T	225	NEI_IND[6/277];TGTGTACTTTTTATTTAT	INDEL;IDV=8;IMF=1;DP=8;VDB=1.33331e-05;SGB=-0.651104;MQ0F=0;AC=2;AN=2;DP4=0,0,0,8;MQ=60;RB=11,60008286,60008547,ATG,TAG
4	162663842	NA	TATG	T	182	PASS;TGGATGAGTATGATAAGA	INDEL;IDV=5;IMF=1;DP=5;VDB=0.00187095;SGB=-0.590765;MQ0F=0;AC=2;AN=2;DP4=0,0,0,5;MQ=60;RB=4,162663495,162663877,CGA,TGG
1	237425545	NA	GTTTTTTTT	G	61	NEI_IND[24/260];TCTAAAGAGTTTTTTTTT	INDEL;IDV=4;IMF=1;DP=4;VDB=0.0058656;SGB=-0.556411;MQ0F=0;AC=2;AN=2;DP4=0,0,0,4;MQ=60;RB=1,237425337,237425607,GTC,TCA
4	120827459	NA	TC	T	135	PASS;GAAACTGTTCCACCTCAG	INDEL;IDV=10;IMF=1;DP=10;VDB=6.99472e-07;SGB=-0.670168;MQ0F=0;AC=2;AN=2;DP4=0,0,0,10;MQ=60;RB=4,120827186,120827506,GTC,TCT
12	90812185	NA	AC	A	126	PASS;GAAATGAAACCTTGCCAG	INDEL;IDV=10;IMF=1;DP=10;VDB=6.99472e-07;SGB=-0.670168;MQ0F=0;AC=2;AN=2;DP4=0,0,0,10;MQ=60;RB=12,90811914,90812321,CCT,CTT
22	50068941	NA	AGGAG	A	168	NEI_IND[24/138];GGAAAGAAAGGAGGGAGG	INDEL;IDV=5;IMF=1;DP=5;VDB=0.00187095;SGB=-0.590765;MQ0F=0;AC=2;AN=2;DP4=0,0,5,0;MQ=60;RB=22,50068867,50069180,GTC,ACC
3	159731166	NA	GAA	G	77	NEI_IND[85/190];AAGAGAAAGAAAGAAAGA	INDEL;IDV=6;IMF=1;DP=6;VDB=0.00721075;SGB=-0.590765;MQ0F=0;AC=2;AN=2;DP4=0,0,5,0;MQ=60;RB=3,159731064,159731537,CTG,TGA
4	164038870	NA	CGCAT	C	207	NEI_IND[4/351];CACACACACGCATGAATA	INDEL;IDV=7;IMF=1;DP=7;VDB=6.71664e-05;SGB=-0.636426;MQ0F=0;AC=2;AN=2;DP4=0,0,0,7;MQ=60;RB=4,164038491,164038993,AAC,TTT
1	72614733	NA	CTGCTGA	C	182	PASS;CTTTCATGCTGCTGATAA	INDEL;IDV=5;IMF=1;DP=5;VDB=0.00187095;SGB=-0.590765;MQ0F=0;AC=2;AN=2;DP4=0,0,5,0;MQ=60;RB=1,72614692,72615084,CGT,CGG
1	188371296	NA	CA	C	6.51141	MASKED;AACTTTACCAAAAAAAAT	INDEL;IDV=4;IMF=1;DP=4;VDB=0.0058656;SGB=-0.556411;MQ0F=0;AC=2;AN=2;DP4=0,0,4,0;MQ=60;RB=1,188371166,188371480,TAC,TAC
5	83715321	NA	GT	G	64	PASS;TATCACAGGTTTTGGGTG	INDEL;IDV=6;IMF=1;DP=6;VDB=0.000411984;SGB=-0.616816;MQ0F=0;AC=2;AN=2;DP4=0,0,0,6;MQ=60;RB=5,83715139,83715447,CGA,TGG
X	16347568	NA	TATCA	T	199	MASKED;AGATTCCTTATCAATCCC	INDEL;IDV=6;IMF=1;DP=6;VDB=0.000411984;SGB=-0.616816;MQ0F=0;AC=2;AN=2;DP4=0,0,6,0;MQ=60;RB=X,16347511,16347822,CTA,CGG
6	24395993	NA	T	TTA	33.4163	NEI_IND[7/310];ATTTTGTTTTTTTATTTT	INDEL;IDV=5;IMF=1;DP=5;VDB=0.0058656;SGB=-0.556411;MQ0F=0;AC=2;AN=2;DP4=0,0,0,4;MQ=60;RB=6,24395549,24396111,CTG,ATT
1	188371296	NA	CA	C	6.51141	MASKED;AACTTTACCAAAAAAAAT	INDEL;IDV=4;IMF=1;DP=4;VDB=0.0058656;SGB=-0.556411;MQ0F=0;AC=2;AN=2;DP4=0,0,4,0;MQ=60;RB=1,188371165,188371480,TGT,TTG
5	169650836	NA	TTTTG	T	154	MASKED;AGCCTGTTTTTTGTTTGT	INDEL;IDV=5;IMF=1;DP=5;VDB=0.0058656;SGB=-0.556411;MQ0F=0;AC=2;AN=2;DP4=0,0,4,0;MQ=60;RB=5,169650777,169651092,TTG,TTT
11	133567344	NA	TA	T	36.4154	PASS;CTTCCTATTAAAAGGACA	INDEL;IDV=4;IMF=1;DP=4;VDB=0.00766117;SGB=-0.556411;MQ0F=0;AC=2;AN=2;DP4=0,0,0,4;MQ=60;RB=11,133566818,133567399,TAA,ATG
1	188371296	NA	CA	C	18.4763	MASKED;AACTTTACCAAAAAAAAT	INDEL;IDV=13;IMF=1;DP=13;VDB=2.26006e-08;SGB=-0.683931;MQ0F=0;AC=2;AN=2;DP4=0,0,13,0;MQ=60;RB=1,188371166,188371481,TGG,TTA
8	90149865	NA	AG	A	111	PASS;ACAGACAGAGTAGATAGA	INDEL;IDV=6;IMF=1;DP=6;VDB=0.000411984;SGB=-0.616816;MQ0F=0;AC=2;AN=2;DP4=0,0,6,0;MQ=60;RB=8,90149730,90150015,TGA,CCA
9	121208225	NA	TATAA	T	225	NEI_IND[4/239];ATATGTTGTATAAATATA	INDEL;IDV=9;IMF=1;DP=9;VDB=5.52906e-06;SGB=-0.662043;MQ0F=0;AC=2;AN=2;DP4=0,0,9,0;MQ=60;RB=9,121208103,121208378,ACC,ATG
5	66520028	NA	CAAAAAAAAAAAAA	C	77	NEI_IND[62/153];CTCTGTATCAAAAAAAAA	INDEL;IDV=7;IMF=1;DP=7;VDB=0.000411984;SGB=-0.616816;MQ0F=0;AC=2;AN=2;DP4=0,0,6,0;MQ=60;RB=5,66519998,66520356,GGC,CTG
1	170902680	NA	AAAG	A	205	NEI_IND[4/365];AAGAAAGAAAAGAGAAAG	INDEL;IDV=6;IMF=1;DP=6;VDB=0.000411984;SGB=-0.616816;MQ0F=0;AC=2;AN=2;DP4=0,0,6,0;MQ=60;RB=1,170902546,170902998,AAA,GGA
1	188371296	NA	CA	C	15.5372	MASKED;AACTTTACCAAAAAAAAT	INDEL;IDV=7;IMF=1;DP=7;VDB=6.71664e-05;SGB=-0.636426;MQ0F=0;AC=2;AN=2;DP4=0,0,7,0;MQ=60;RB=1,188371166,188371480,CTG,GCG
1	170902680	NA	AAAG	A	225	NEI_IND[4/365];AAGAAAGAAAAGAGAAAG	INDEL;IDV=10;IMF=1;DP=10;VDB=8.4981e-07;SGB=-0.670168;MQ0F=0;AC=2;AN=2;DP4=0,0,10,0;MQ=59;RB=1,170902546,170902997,CTA,GTG
4	132978116	NA	TCTG	T	201	MASKED;GTATTTTATCTGTTTTTT	INDEL;IDV=6;IMF=1;DP=6;VDB=0.000411984;SGB=-0.616816;MQ0F=0;AC=2;AN=2;DP4=0,0,6,0;MQ=60;RB=4,132977984,132978351,GAT,GTC
4	137251366	NA	AAAG	A	14.5685	MASKED;AAAAAAAAAAAGAAAAGA	INDEL;IDV=3;IMF=0.75;DP=3;VDB=0.0221621;SGB=-0.511536;MQ0F=0;AC=2;AN=2;DP4=0,0,3,0;MQ=60;RB=4,137251319,137251853,GGC,TCC
1	188371296	NA	CA	C	19.4636	MASKED;AACTTTACCAAAAAAAAT	INDEL;IDV=11;IMF=1;DP=11;VDB=2.26006e-08;SGB=-0.676189;MQ0F=0;AC=2;AN=2;DP4=0,0,11,0;MQ=60;RB=1,188371166,188371480,CAC,ACG
6	94097688	NA	G	GA	106	PASS;GATAGATAGATAGATAGA	INDEL;IDV=5;IMF=1;DP=5;VDB=0.00187095;SGB=-0.590765;MQ0F=0;AC=2;AN=2;DP4=0,0,5,0;MQ=60;RB=6,94097556,94097872,CCG,AGA
1	170902680	NA	AAAG	A	225	NEI_IND[4/365];AAGAAAGAAAAGAGAAAG	INDEL;IDV=9;IMF=1;DP=9;VDB=5.52906e-06;SGB=-0.662043;MQ0F=0;AC=2;AN=2;DP4=0,0,9,0;MQ=60;RB=1,170902546,170902997,TAA,ACG
6	107121233	NA	CTTT	C	16.5122	NEI_IND[14/226];GGCTGAGGCTTTTTTTTT	INDEL;IDV=5;IMF=1;DP=5;VDB=0.00286036;SGB=-0.590765;MQ0F=0;AC=2;AN=2;DP4=0,0,0,5;MQ=60;RB=6,107120858,107121291,TTT,GGA
3	159731166	NA	GAA	G	89	NEI_IND[85/190];AAGAGAAAGAAAGAAAGA	INDEL;IDV=8;IMF=1;DP=8;VDB=9.50611e-05;SGB=-0.636426;MQ0F=0;AC=2;AN=2;DP4=0,0,7,0;MQ=60;RB=3,159731064,159731536,TGC,ATC
X	1766053	NA	C	CCTTT	143	NEI_IND[17/180];CTTTTCTTCCTTTCTTTC	INDEL;IDV=5;IMF=1;DP=5;VDB=0.0058656;SGB=-0.556411;MQ0F=0;AC=2;AN=2;DP4=0,0,0,4;MQ=60;RB=X,1765725,1766152,CCT,AGC
3	174799836	NA	GTA	G	129	NEI_IND[21/294];GTGTATGTGTATGTGTGT	INDEL;IDV=4;IMF=1;DP=4;VDB=0.0058656;SGB=-0.556411;MQ0F=0;AC=2;AN=2;DP4=0,0,0,4;MQ=60;RB=3,174799422,174799970,AAT,TGA
X	110271253	NA	ATG	A	138	MASKED;ACATATATATGTGTGTAT	INDEL;IDV=5;IMF=1;DP=5;VDB=0.00187095;SGB=-0.590765;MQ0F=0;AC=2;AN=2;DP4=0,0,5,0;MQ=60;RB=X,110271128,110271543,TAT,CTT
10	34934088	NA	TTTTTA	T	205	NEI_IND[5/224];CAACACTATTTTTATTTT	INDEL;IDV=6;IMF=1;DP=6;VDB=0.000411984;SGB=-0.616816;MQ0F=0;AC=2;AN=2;DP4=0,0,0,6;MQ=60;RB=10,34933897,34934184,CTT,ACC
15	80118520	NA	AG	A	102	PASS;AGAACCACAGGAACTGGT	INDEL;IDV=6;IMF=1;DP=6;VDB=0.000411984;SGB=-0.616816;MQ0F=0;AC=2;AN=2;DP4=0,0,0,6;MQ=60;RB=15,80118302,80118574,AAG,TGC
4	74023903	NA	AAGAGAG	A	225	NEI_IND[10/386];AAGAAAGAAAGAGAGAGA	INDEL;IDV=8;IMF=1;DP=8;VDB=1.33331e-05;SGB=-0.651104;MQ0F=0;AC=2;AN=2;DP4=0,0,8,0;MQ=60;RB=4,74023775,74024157,TAG,GAG
5	79121676	NA	GGGAGA	G	224	NEI_IND[24/103];AAGGGGAGGGGAGAGGAG	INDEL;IDV=8;IMF=1;DP=8;VDB=6.71664e-05;SGB=-0.636426;MQ0F=0;AC=2;AN=2;DP4=0,0,7,0;MQ=60;RB=5,79121643,79122034,ACG,GTT
5	79121758	NA	GGGAA	G	224	NEI_IND[4/259];GGAAAGAAGGGAAGGAAG	INDEL;IDV=8;IMF=1;DP=8;VDB=6.71664e-05;SGB=-0.636426;MQ0F=0;AC=2;AN=2;DP4=0,0,7,0;MQ=60;RB=5,79121643,79122034,ACG,GTT
8	90149865	NA	AG	A	89	PASS;ACAGACAGAGTAGATAGA	INDEL;IDV=5;IMF=1;DP=5;VDB=0.00187095;SGB=-0.590765;MQ0F=0;AC=2;AN=2;DP4=0,0,5,0;MQ=60;RB=8,90149730,90150015,ATT,CCT
1	116230610	NA	GACAC	G	182	NEI_IND[4/260];GATAGATAGACACATAGA	INDEL;IDV=5;IMF=1;DP=5;VDB=0.00187095;SGB=-0.590765;MQ0F=0;AC=2;AN=2;DP4=0,0,5,0;MQ=60;RB=1,116230508,116230929,GTA,CCC
X	38203481	NA	GATATATATAT	G	205	NEI_IND[37/246];CTTTTGGTGATATATATA	INDEL;IDV=6;IMF=1;DP=6;VDB=0.000411984;SGB=-0.616816;MQ0F=0;AC=2;AN=2;DP4=0,0,6,0;MQ=60;RB=X,38203366,38203921,TGC,ACT
21	33360995	NA	TTC	T	159	MASKED;TCTTTCTTTTCTTTTTCT	INDEL;IDV=6;IMF=1;DP=6;VDB=0.000411984;SGB=-0.616816;MQ0F=0;AC=2;AN=2;DP4=0,0,6,0;MQ=60;RB=21,33360862,33361194,CAG,GGG
6	94097688	NA	G	GA	89	PASS;GATAGATAGATAGATAGA	INDEL;IDV=4;IMF=1;DP=4;VDB=0.0058656;SGB=-0.556411;MQ0F=0;AC=2;AN=2;DP4=0,0,4,0;MQ=60;RB=6,94097556,94097872,AAC,GAA
10	34934088	NA	TTTTTA	T	224	NEI_IND[5/224];CAACACTATTTTTATTTT	INDEL;IDV=7;IMF=1;DP=7;VDB=6.71664e-05;SGB=-0.636426;MQ0F=0;AC=2;AN=2;DP4=0,0,0,7;MQ=60;RB=10,34933897,34934185,GGT,ATT
18	71494810	NA	G	GGAA	205	PASS;GGAGAGGAGGAAGAGGAG	INDEL;IDV=6;IMF=1;DP=6;VDB=0.000411984;SGB=-0.616816;MQ0F=0;AC=2;AN=2;DP4=0,0,6,0;MQ=60;RB=18,71494692,71495049,TTG,TTG
6	62568550	NA	AAGGTTGAAATTTTGCTTAAC	A	225	PASS;TCCTCCTAAAGGTTGAAA	INDEL;IDV=10;IMF=1;DP=10;VDB=6.99472e-07;SGB=-0.670168;MQ0F=0;AC=2;AN=2;DP4=0,0,10,0;MQ=60;RB=6,62568458,62568826,TTC,TGG
7	89630573	NA	T	TA	45.4146	PASS;TATATATATTGTGTATAT	INDEL;IDV=6;IMF=1;DP=6;VDB=0.000411984;SGB=-0.616816;MQ0F=0;AC=2;AN=2;DP4=0,0,6,0;MQ=60;RB=7,89630443,89630929,CGA,CCC
1	102151459	NA	TC	T	80	NEI_IND[8/404];CTTTTTTTTCTTCTTTCT	INDEL;IDV=4;IMF=1;DP=4;VDB=0.0058656;SGB=-0.556411;MQ0F=0;AC=2;AN=2;DP4=0,0,0,4;MQ=60;RB=1,102151045,102151591,TCT,CTT
2	61974997	NA	ACTT	A	222	MASKED;CTATTTATACTTCTTCTT	INDEL;IDV=7;IMF=1;DP=7;VDB=7.99768e-05;SGB=-0.636426;MQ0F=0;AC=2;AN=2;DP4=0,0,7,0;MQ=60;RB=2,61974871,61975163,GGA,GGT
1	1832628	NA	GA	G	28.4205	MASKED;GAAGAAAGGAAAGAAAGG	INDEL;IDV=6;IMF=1;DP=6;VDB=0.000411984;SGB=-0.616816;MQ0F=0;AC=2;AN=2;DP4=0,0,6,0;MQ=60;RB=1,1832512,1832837,AAC,GTT
3	118857900	NA	GA	G	116	PASS;AAATGCTTGAGGTGACAG	INDEL;IDV=6;IMF=1;DP=6;VDB=0.000411984;SGB=-0.616816;MQ0F=0;AC=2;AN=2;DP4=0,0,0,6;MQ=60;RB=3,118857564,118857943,CTC,AAT
8	60447112	NA	G	GT	128	PASS;TTGTTGTTGTTGTTTGTT	INDEL;IDV=7;IMF=1;DP=7;VDB=6.71664e-05;SGB=-0.636426;MQ0F=0;AC=2;AN=2;DP4=0,0,0,7;MQ=60;RB=8,60446724,60447126,ATT,CTG
1	188371296	NA	CA	C	18.4763	MASKED;AACTTTACCAAAAAAAAT	INDEL;IDV=10;IMF=1;DP=10;VDB=6.99472e-07;SGB=-0.670168;MQ0F=0;AC=2;AN=2;DP4=0,0,10,0;MQ=60;RB=1,188371166,188371480,CTG,TAG
6	94097688	NA	G	GA	141	PASS;GATAGATAGATAGATAGA	INDEL;IDV=8;IMF=1;DP=8;VDB=1.33331e-05;SGB=-0.651104;MQ0F=0;AC=2;AN=2;DP4=0,0,8,0;MQ=60;RB=6,94097556,94097871,CCG,TCC
1	105448480	NA	CTA	C	165	NEI_IND[16/257];ATATCTATCTATATCTAT	INDEL;IDV=6;IMF=1;DP=6;VDB=0.000411984;SGB=-0.616816;MQ0F=0;AC=2;AN=2;DP4=0,0,6,0;MQ=60;RB=1,105448352,105448634,GGG,CAT
11	86215422	NA	CTTTTTT	C	20.4656	NEI_IND[28/248];TATACATTCTTTTTTTTT	INDEL;IDV=4;IMF=1;DP=4;VDB=0.0058656;SGB=-0.556411;MQ0F=0;AC=2;AN=2;DP4=0,0,0,4;MQ=60;RB=11,86215140,86215484,TCT,AGA
1	105448480	NA	CTA	C	164	NEI_IND[16/257];ATATCTATCTATATCTAT	INDEL;IDV=6;IMF=1;DP=6;VDB=0.000411984;SGB=-0.616816;MQ0F=0;AC=2;AN=2;DP4=0,0,6,0;MQ=60;RB=1,105448351,105448634,TAT,TTT
2	37704628	NA	TA	T	132	MASKED;TTTGTTTTTATAAATATG	INDEL;IDV=8;IMF=1;DP=8;VDB=1.33331e-05;SGB=-0.651104;MQ0F=0;AC=2;AN=2;DP4=0,0,8,0;MQ=60;RB=2,37704599,37704896,TTA,AAT
1	193834773	NA	T	TTCTAGAAGAC	57	NEI_IND[7/266];TGTTTTTGTTATGTTAAT	INDEL;IDV=8;IMF=1;DP=8;VDB=1.33331e-05;SGB=-0.651104;MQ0F=0;AC=2;AN=2;DP4=0,0,8,0;MQ=60;RB=1,193834681,193835042,GTT,GGT
6	94097688	NA	G	GA	102	PASS;GATAGATAGATAGATAGA	INDEL;IDV=5;IMF=1;DP=5;VDB=0.00187095;SGB=-0.590765;MQ0F=0;AC=2;AN=2;DP4=0,0,5,0;MQ=60;RB=6,94097556,94097871,CGG,ATG
3	6844749	NA	CTTTTTT	C	88	NEI_IND[58/212];CCCATTCACTTTTTTTTT	INDEL;IDV=7;IMF=1;DP=7;VDB=7.99768e-05;SGB=-0.636426;MQ0F=0;AC=2;AN=2;DP4=0,0,0,7;MQ=60;RB=3,6844473,6844802,GTT,ACG
3	103560082	NA	TATC	T	224	MASKED;TATCTATCTATCATCTAT	INDEL;IDV=7;IMF=1;DP=7;VDB=6.71664e-05;SGB=-0.636426;MQ0F=0;AC=2;AN=2;DP4=0,0,7,0;MQ=60;RB=3,103559950,103560451,AAT,CCC
1	188371296	NA	CA	C	15.5372	MASKED;AACTTTACCAAAAAAAAT	INDEL;IDV=7;IMF=1;DP=7;VDB=6.71664e-05;SGB=-0.636426;MQ0F=0;AC=2;AN=2;DP4=0,0,7,0;MQ=60;RB=1,188371165,188371481,CGT,TTT
1	188371296	NA	CA	C	18.4763	MASKED;AACTTTACCAAAAAAAAT	INDEL;IDV=9;IMF=1;DP=9;VDB=5.52906e-06;SGB=-0.662043;MQ0F=0;AC=2;AN=2;DP4=0,0,9,0;MQ=60;RB=1,188371165,188371480,GAA,ATG
8	90149865	NA	AG	A	125	PASS;ACAGACAGAGTAGATAGA	INDEL;IDV=7;IMF=1;DP=7;VDB=6.71664e-05;SGB=-0.636426;MQ0F=0;AC=2;AN=2;DP4=0,0,7,0;MQ=60;RB=8,90149730,90150015,TGT,TCT
1	188371296	NA	CA	C	13.6076	MASKED;AACTTTACCAAAAAAAAT	INDEL;IDV=6;IMF=1;DP=6;VDB=0.000411984;SGB=-0.616816;MQ0F=0;AC=2;AN=2;DP4=0,0,6,0;MQ=60;RB=1,188371166,188371480,CCC,AAG
18	1653634	NA	GCA	G	137	NEI_IND[9/294];GTGTGTGTGCATATGTGT	INDEL;IDV=4;IMF=1;DP=4;VDB=0.0058656;SGB=-0.556411;MQ0F=0;AC=2;AN=2;DP4=0,0,4,0;MQ=60;RB=18,1653623,1653944,TAT,TGG
4	74023903	NA	AAGAGAG	A	154	NEI_IND[10/386];AAGAAAGAAAGAGAGAGA	INDEL;IDV=4;IMF=1;DP=4;VDB=0.0058656;SGB=-0.556411;MQ0F=0;AC=2;AN=2;DP4=0,0,4,0;MQ=60;RB=4,74023774,74024158,GTT,ACT
4	188296922	NA	ATT	A	106	PASS;TAATAATAATTTTTTAAA	INDEL;IDV=7;IMF=1;DP=7;VDB=6.71664e-05;SGB=-0.636426;MQ0F=0;AC=2;AN=2;DP4=0,0,7,0;MQ=60;RB=4,188296788,188297406,TGG,CGA
1	193834773	NA	T	TTCTAGAAGAC	80	NEI_IND[7/266];TGTTTTTGTTATGTTAAT	INDEL;IDV=9;IMF=1;DP=9;VDB=5.52906e-06;SGB=-0.662043;MQ0F=0;AC=2;AN=2;DP4=0,0,9,0;MQ=60;RB=1,193834681,193835042,TGT,GTT
4	12067990	NA	TG	T	121	MASKED;GAGAAACTTGTTTTTTTT	INDEL;IDV=7;IMF=1;DP=7;VDB=6.71664e-05;SGB=-0.636426;MQ0F=0;AC=2;AN=2;DP4=0,0,7,0;MQ=60;RB=4,12067965,12068229,GTG,TGT
4	16223681	NA	T	TG	58	PASS;GGAGTGACTTTTTCCAAG	INDEL;IDV=11;IMF=1;DP=11;VDB=6.99472e-07;SGB=-0.670168;MQ0F=0;AC=2;AN=2;DP4=0,0,0,10;MQ=60;RB=4,16223372,16223783,CCA,AAG
9	121208225	NA	TATAA	T	225	NEI_IND[4/239];ATATGTTGTATAAATATA	INDEL;IDV=10;IMF=1;DP=10;VDB=6.99472e-07;SGB=-0.670168;MQ0F=0;AC=2;AN=2;DP4=0,0,10,0;MQ=60;RB=9,121208102,121208379,CCA,TCT
4	74023903	NA	AAGAGAG	A	225	NEI_IND[10/386];AAGAAAGAAAGAGAGAGA	INDEL;IDV=11;IMF=1;DP=11;VDB=2.26006e-08;SGB=-0.676189;MQ0F=0;AC=2;AN=2;DP4=0,0,11,0;MQ=60;RB=4,74023774,74024158,GTT,AAA
18	50280268	NA	C	CT	13.6076	PASS;AAACCTGTCTTTTTTTTT	INDEL;IDV=9;IMF=1;DP=9;VDB=5.52906e-06;SGB=-0.662043;MQ0F=0;AC=2;AN=2;DP4=0,0,9,0;MQ=60;RB=18,50280215,50280542,CCG,GTT
4	111453776	NA	TA	T	11.392	MASKED;GGGCCTTTTAAAAAAAAA	INDEL;IDV=11;IMF=0.916667;DP=12;VDB=2.78366e-08;SGB=-0.676189;MQ0F=0;AC=2;AN=2;DP4=0,1,0,11;MQ=60;RB=4,111453523,111453878,CCG,GCC
13	77934957	NA	CTTTCTTTCTTTCTA	C	205	NEI_IND[8/333];CTTTCTTTCTTTCTTTCT	INDEL;IDV=6;IMF=1;DP=6;VDB=0.000411984;SGB=-0.616816;MQ0F=0;AC=2;AN=2;DP4=0,0,0,6;MQ=60;RB=13,77934667,77935020,AGC,GCT
10	92068035	NA	A	AAAAAATAAAAAT	225	PASS;CTGTCTCAAAAAAATAAA	INDEL;IDV=9;IMF=1;DP=9;VDB=5.52906e-06;SGB=-0.662043;MQ0F=0;AC=2;AN=2;DP4=0,0,9,0;MQ=60;RB=10,92068000,92068443,CCT,AGA
1	239060600	NA	AT	A	43.4147	MASKED;AATAGTCAATTTTTTGTT	INDEL;IDV=10;IMF=1;DP=10;VDB=6.99472e-07;SGB=-0.670168;MQ0F=0;AC=2;AN=2;DP4=0,0,10,0;MQ=60;RB=1,239060541,239060870,TGG,CAA
5	79121676	NA	GGGAGA	G	182	NEI_IND[24/103];AAGGGGAGGGGAGAGGAG	INDEL;IDV=5;IMF=1;DP=5;VDB=0.00187095;SGB=-0.590765;MQ0F=0;AC=2;AN=2;DP4=0,0,5,0;MQ=60;RB=5,79121643,79122033,ATC,CGG
5	79121758	NA	GGGAA	G	182	NEI_IND[4/259];GGAAAGAAGGGAAGGAAG	INDEL;IDV=5;IMF=1;DP=5;VDB=0.00187095;SGB=-0.590765;MQ0F=0;AC=2;AN=2;DP4=0,0,5,0;MQ=60;RB=5,79121643,79122033,ATC,CGG
15	25797094	NA	AGCAT	A	154	PASS;TTCACAGCAGCATTATTT	INDEL;IDV=4;IMF=1;DP=4;VDB=0.0058656;SGB=-0.556411;MQ0F=0;AC=2;AN=2;DP4=0,0,4,0;MQ=60;RB=15,25797067,25797332,GGA,CTA
4	74023903	NA	AAGAGAG	A	180	NEI_IND[10/386];AAGAAAGAAAGAGAGAGA	INDEL;IDV=5;IMF=1;DP=5;VDB=0.00187095;SGB=-0.590765;MQ0F=0;AC=2;AN=2;DP4=0,0,5,0;MQ=60;RB=4,74023775,74024158,CTC,CTA
1	170902680	NA	AAAG	A	216	NEI_IND[4/365];AAGAAAGAAAAGAGAAAG	INDEL;IDV=7;IMF=1;DP=7;VDB=6.71664e-05;SGB=-0.636426;MQ0F=0;AC=2;AN=2;DP4=0,0,7,0;MQ=60;RB=1,170902547,170902997,CAG,ACC
6	106439373	NA	AAC	A	64	NEI_IND[11/347];ACAACAACAACAAAAAAA	INDEL;IDV=4;IMF=0.8;DP=5;VDB=0.0058656;SGB=-0.556411;MQ0F=0;AC=2;AN=2;DP4=0,0,0,4;MQ=60;RB=6,106438880,106439509,TAA,GGA
1	105448480	NA	CTA	C	180	NEI_IND[16/257];ATATCTATCTATATCTAT	INDEL;IDV=7;IMF=1;DP=7;VDB=6.71664e-05;SGB=-0.636426;MQ0F=0;AC=2;AN=2;DP4=0,0,7,0;MQ=60;RB=1,105448351,105448634,ATA,TAT
7	89630573	NA	T	TA	49.4146	PASS;TATATATATTGTGTATAT	INDEL;IDV=6;IMF=1;DP=6;VDB=0.000411984;SGB=-0.616816;MQ0F=0;AC=2;AN=2;DP4=0,0,6,0;MQ=60;RB=7,89630443,89630930,AGA,GAT
5	20455761	NA	T	TAA	114	PASS;TATATTTTTAAAAAACAA	INDEL;IDV=8;IMF=1;DP=8;VDB=1.33331e-05;SGB=-0.651104;MQ0F=0;AC=2;AN=2;DP4=0,0,8,0;MQ=60;RB=5,20455661,20456061,TTC,TCG
13	77934957	NA	CTTTCTTTCTTTCTA	C	225	NEI_IND[8/333];CTTTCTTTCTTTCTTTCT	INDEL;IDV=9;IMF=0.9;DP=10;VDB=1.33331e-05;SGB=-0.651104;MQ0F=0;AC=2;AN=2;DP4=0,0,0,8;MQ=60;RB=13,77934666,77935019,TAT,GAG
9	121208225	NA	TATAA	T	225	NEI_IND[4/239];ATATGTTGTATAAATATA	INDEL;IDV=8;IMF=1;DP=8;VDB=1.33331e-05;SGB=-0.651104;MQ0F=0;AC=2;AN=2;DP4=0,0,8,0;MQ=60;RB=9,121208103,121208379,AAG,TCT
12	97771632	NA	TTGTG	T	154	MASKED;TGGGTGTTTTGTGTGTGT	INDEL;IDV=4;IMF=1;DP=4;VDB=0.0058656;SGB=-0.556411;MQ0F=0;AC=2;AN=2;DP4=0,0,4,0;MQ=60;RB=12,97771516,97771809,GTG,AAA
1	170902680	NA	AAAG	A	225	NEI_IND[4/365];AAGAAAGAAAAGAGAAAG	INDEL;IDV=8;IMF=1;DP=8;VDB=1.33331e-05;SGB=-0.651104;MQ0F=0;AC=2;AN=2;DP4=0,0,8,0;MQ=60;RB=1,170902546,170902998,AAT,TAT
X	1766053	NA	C	CCTTT	140	NEI_IND[17/180];CTTTTCTTCCTTTCTTTC	INDEL;IDV=4;IMF=1;DP=4;VDB=0.0058656;SGB=-0.556411;MQ0F=0;AC=2;AN=2;DP4=0,0,0,4;MQ=60;RB=X,1765725,1766153,CCT,AGA
2	154543868	NA	CT	C	147	MASKED;ATTACTTCCTGGTTCAGT	INDEL;IDV=11;IMF=1;DP=11;VDB=6.99472e-07;SGB=-0.670168;MQ0F=0;AC=2;AN=2;DP4=0,0,0,10;MQ=60;RB=2,154543567,154543937,ATT,AAA
1	105448480	NA	CTA	C	123	NEI_IND[16/257];ATATCTATCTATATCTAT	INDEL;IDV=4;IMF=1;DP=4;VDB=0.0058656;SGB=-0.556411;MQ0F=0;AC=2;AN=2;DP4=0,0,4,0;MQ=60;RB=1,105448352,105448634,AGG,GGT
4	108408279	NA	ATG	A	134	PASS;ACACACACATGCACACAC	INDEL;IDV=4;IMF=1;DP=4;VDB=0.0058656;SGB=-0.556411;MQ0F=0;AC=2;AN=2;DP4=0,0,0,4;MQ=60;RB=4,108407954,108408289,TTA,CTA
3	121602492	NA	TC	T	107	PASS;AACTCCCCTCCCACTAAA	INDEL;IDV=8;IMF=1;DP=8;VDB=1.33331e-05;SGB=-0.651104;MQ0F=0;AC=2;AN=2;DP4=0,0,8,0;MQ=60;RB=3,121602467,121602900,GCC,CGA
2	61974997	NA	ACTT	A	154	MASKED;CTATTTATACTTCTTCTT	INDEL;IDV=4;IMF=1;DP=4;VDB=0.0058656;SGB=-0.556411;MQ0F=0;AC=2;AN=2;DP4=0,0,4,0;MQ=60;RB=2,61974871,61975163,GTT,TCT
18	34913139	NA	GTTAAC	G	224	MASKED;GCGGGGCTGTTAACTTAA	INDEL;IDV=7;IMF=1;DP=7;VDB=6.71664e-05;SGB=-0.636426;MQ0F=0;AC=2;AN=2;DP4=0,0,7,0;MQ=60;RB=18,34913024,34913558,AAG,CCC
