CHROM	POS	ID	REF	ALT	QUAL	FILTER	INFO
1	193834773	NA	T	TTCTAGAAGAC	114	NEI_IND[45/658];TGTTTTTGTTATGTTAAT	INDEL;IDV=9;IMF=1;DP=9;VDB=1.33331e-05;SGB=-0.651104;MQ0F=0;AC=2;AN=2;DP4=0,0,8,0;MQ=60;RB=1,193834681,193835041,GAA,ACC
12	19986929	NA	CAT	C	218	MASKED;CACACACACATACACACA	INDEL;IDV=9;IMF=1;DP=9;VDB=5.52906e-06;SGB=-0.662043;MQ0F=0;AC=2;AN=2;DP4=0,0,9,0;MQ=60;RB=12,19986813,19987210,CGG,CGC
12	19986929	NA	CAT	C	225	MASKED;CACACACACATACACACA	INDEL;IDV=10;IMF=1;DP=10;VDB=6.99472e-07;SGB=-0.670168;MQ0F=0;AC=2;AN=2;DP4=0,0,10,0;MQ=60;RB=12,19986813,19987211,CCC,GCT
1	193834773	NA	T	TTCTAGAAGAC	33.4163	NEI_IND[45/658];TGTTTTTGTTATGTTAAT	INDEL;IDV=5;IMF=1;DP=5;VDB=0.0058656;SGB=-0.556411;MQ0F=0;AC=2;AN=2;DP4=0,0,4,0;MQ=60;RB=1,193834681,193835042,ACA,TCA
12	19986929	NA	CAT	C	207	MASKED;CACACACACATACACACA	INDEL;IDV=8;IMF=0.888889;DP=8;VDB=1.33331e-05;SGB=-0.651104;MQ0F=0;AC=2;AN=2;DP4=0,0,8,0;MQ=60;RB=12,19986812,19987211,CGT,AGT
2	37956900	NA	GTT	G	52	MASKED;TTGGTTTTGTTTTTTTTT	INDEL;IDV=6;IMF=1;DP=6;VDB=0.000411984;SGB=-0.616816;MQ0F=0;AC=2;AN=2;DP4=0,0,6,0;MQ=60;RB=2,37956779,37957249,CTG,CCA
4	140868069	NA	ACACACACACACTCTCT	A	154	NEI_IND[97/843];ACACACACACACACACAC	INDEL;IDV=4;IMF=1;DP=4;VDB=0.0058656;SGB=-0.556411;MQ0F=0;AC=2;AN=2;DP4=0,0,0,4;MQ=60;RB=4,140867793,140868122,CTC,TCC
7	21530989	NA	TGAAAG	T	225	MASKED;TGAAGAATTGAAAGGAAG	INDEL;IDV=9;IMF=1;DP=9;VDB=5.52906e-06;SGB=-0.662043;MQ0F=0;AC=2;AN=2;DP4=0,0,0,9;MQ=60;RB=7,21530600,21531025,CGT,AGG
1	193834773	NA	T	TTCTAGAAGAC	61	NEI_IND[45/658];TGTTTTTGTTATGTTAAT	INDEL;IDV=9;IMF=1;DP=9;VDB=5.52906e-06;SGB=-0.662043;MQ0F=0;AC=2;AN=2;DP4=0,0,9,0;MQ=60;RB=1,193834681,193835041,ATT,GCG
1	115781976	NA	TC	T	77	NEI_IND[35/917];TCTCTCTCTCTTTTTTTT	INDEL;IDV=5;IMF=1;DP=5;VDB=0.00187095;SGB=-0.590765;MQ0F=0;AC=2;AN=2;DP4=0,0,0,5;MQ=60;RB=1,115781545,115782110,CCT,AAC
3	28665961	NA	GC	G	103	PASS;CTAATTTTGCCAACAAAG	INDEL;IDV=5;IMF=1;DP=5;VDB=0.00187095;SGB=-0.590765;MQ0F=0;AC=2;AN=2;DP4=0,0,5,0;MQ=60;RB=3,28665894,28666127,ATG,ATC
1	202022605	NA	GAAA	G	23.434	NEI_IND[29/867];GGCTCAGAGAAAAAAAAA	INDEL;IDV=4;IMF=1;DP=4;VDB=0.0058656;SGB=-0.556411;MQ0F=0;AC=2;AN=2;DP4=0,0,4,0;MQ=60;RB=1,202022545,202022790,TCG,TAA
6	47622758	NA	ATATG	A	223	MASKED;ATATATATATATGTGTAT	INDEL;IDV=7;IMF=1;DP=7;VDB=6.71664e-05;SGB=-0.636426;MQ0F=0;AC=2;AN=2;DP4=0,0,7,0;MQ=60;RB=6,47622626,47623040,CCC,CCA
10	6737693	NA	GTGTTTGCA	G	205	NEI_IND[13/853];GTGTATGTGTGTTTGCAT	INDEL;IDV=6;IMF=1;DP=6;VDB=0.000411984;SGB=-0.616816;MQ0F=0;AC=2;AN=2;DP4=0,0,6,0;MQ=60;RB=10,6737683,6737928,ACC,TTG
5	96713145	NA	C	CT	30.4183	NEI_IND[42/1150];CTATCTATCATCTATCTA	INDEL;IDV=9;IMF=1;DP=9;VDB=1.33331e-05;SGB=-0.651104;MQ0F=0;AC=2;AN=2;DP4=0,0,8,0;MQ=60;RB=5,96713029,96713545,TGA,CCT
21	22384124	NA	TA	T	16.5122	MASKED;ACCCAATTTAAAAAAAGG	INDEL;IDV=5;IMF=1;DP=5;VDB=0.00187095;SGB=-0.590765;MQ0F=0;AC=2;AN=2;DP4=0,0,0,5;MQ=60;RB=21,22383974,22384224,GAT,GAC
X	110271253	NA	ATG	A	192	MASKED;ACATATATATGTGTGTAT	INDEL;IDV=9;IMF=1;DP=9;VDB=5.52906e-06;SGB=-0.662043;MQ0F=0;AC=2;AN=2;DP4=0,0,9,0;MQ=60;RB=X,110271128,110271543,CAA,TGA
1	193834773	NA	T	TTCTAGAAGAC	80	NEI_IND[45/658];TGTTTTTGTTATGTTAAT	INDEL;IDV=5;IMF=1;DP=5;VDB=0.00187095;SGB=-0.590765;MQ0F=0;AC=2;AN=2;DP4=0,0,5,0;MQ=60;RB=1,193834681,193835041,AAT,TGG
9	6397603	NA	AG	A	130	PASS;AGAAAGAAAGAAAGAAAA	INDEL;IDV=8;IMF=1;DP=8;VDB=1.33331e-05;SGB=-0.651104;MQ0F=0;AC=2;AN=2;DP4=0,0,8,0;MQ=60;RB=9,6397468,6397995,GTG,CTA
10	7277695	NA	GAAC	G	224	MASKED;AATTTACAGAACAACAGA	INDEL;IDV=7;IMF=1;DP=7;VDB=6.71664e-05;SGB=-0.636426;MQ0F=0;AC=2;AN=2;DP4=0,0,7,0;MQ=60;RB=10,7277609,7278154,ATT,TCG
4	24509174	NA	AG	A	161	PASS;CCCCCGGAAGCGGACCCA	INDEL;IDV=15;IMF=1;DP=15;VDB=4.49525e-10;SGB=-0.688148;MQ0F=0;AC=2;AN=2;DP4=0,0,0,15;MQ=60;RB=4,24508758,24509198,GGG,CCT
1	193834773	NA	T	TTCTAGAAGAC	187	NEI_IND[45/658];TGTTTTTGTTATGTTAAT	INDEL;IDV=15;IMF=1;DP=15;VDB=3.24267e-08;SGB=-0.686358;MQ0F=0;AC=2;AN=2;DP4=0,0,14,0;MQ=60;RB=1,193834681,193835042,GTT,GTT
1	193834773	NA	T	TTCTAGAAGAC	17.4922	NEI_IND[45/658];TGTTTTTGTTATGTTAAT	INDEL;IDV=4;IMF=1;DP=4;VDB=0.0221621;SGB=-0.511536;MQ0F=0;AC=2;AN=2;DP4=0,0,3,0;MQ=60;RB=1,193834681,193835042,CGT,ATT
9	6397603	NA	AG	A	99	PASS;AGAAAGAAAGAAAGAAAA	INDEL;IDV=6;IMF=1;DP=6;VDB=0.000411984;SGB=-0.616816;MQ0F=0;AC=2;AN=2;DP4=0,0,6,0;MQ=60;RB=9,6397468,6397995,ACC,ACT
13	38692319	NA	TA	T	30.4183	MASKED;ATAATAAATAAAAATGTA	INDEL;IDV=4;IMF=1;DP=4;VDB=0.0058656;SGB=-0.556411;MQ0F=0;AC=2;AN=2;DP4=0,0,4,0;MQ=60;RB=13,38692284,38692501,TAC,GTT
2	89879310	NA	A	AGAATGGAATGGAATG	225	NEI_IND[35/1999];ACCCGACTAGAATGGAAT	INDEL;IDV=8;IMF=0.727273;DP=11;VDB=5.52906e-06;SGB=-0.662043;MQ0F=0;AC=2;AN=2;DP4=0,0,9,0;MQ=59;RB=2,89879273,89879617,CCT,GGG
2	89879576	NA	GAATCTACCTGTGTGC	G	225	NEI_IND[20/1319];ATGGAATGGAATCTACCT	INDEL;IDV=11;IMF=1;DP=11;VDB=2.26006e-08;SGB=-0.676189;MQ0F=0;AC=2;AN=2;DP4=0,0,0,11;MQ=60;RB=2,89879273,89879617,CCT,GGG
1	160504737	NA	GT	G	16.5122	PASS;AATGACCAGTTTTTTTCT	INDEL;IDV=5;IMF=1;DP=5;VDB=0.00215942;SGB=-0.590765;MQ0F=0;AC=2;AN=2;DP4=0,0,0,5;MQ=60;RB=1,160504035,160504759,GTT,ACT
2	89879310	NA	A	AGAATGGAATGGAATG	224	NEI_IND[35/1999];ACCCGACTAGAATGGAAT	INDEL;IDV=7;IMF=0.777778;DP=9;VDB=6.71664e-05;SGB=-0.636426;MQ0F=0;AC=2;AN=2;DP4=0,0,7,0;MQ=60;RB=2,89879274,89879617,ATG,GAC
2	89879576	NA	GAATCTACCTGTGTGC	G	225	NEI_IND[20/1319];ATGGAATGGAATCTACCT	INDEL;IDV=9;IMF=1;DP=9;VDB=9.42695e-06;SGB=-0.662043;MQ0F=0;AC=2;AN=2;DP4=0,0,0,9;MQ=57;RB=2,89879274,89879617,ATG,GAC
1	193834773	NA	T	TTCTAGAAGAC	79	NEI_IND[45/658];TGTTTTTGTTATGTTAAT	INDEL;IDV=6;IMF=1;DP=6;VDB=0.000411984;SGB=-0.616816;MQ0F=0;AC=2;AN=2;DP4=0,0,6,0;MQ=60;RB=1,193834681,193835041,TGA,TTC
17	17018023	NA	CG	C	118	NEI_IND[34/669];CTACCCCCCGCCCACCCA	INDEL;IDV=9;IMF=0.818182;DP=11;VDB=1.62053e-05;SGB=-0.662043;MQ0F=0;AC=2;AN=2;DP4=0,0,9,0;MQ=60;RB=17,17017900,17018361,TCA,GAT
2	36225388	NA	A	ATT	225	PASS;TGTGATCAATTTCAGGAT	INDEL;IDV=8;IMF=1;DP=8;VDB=1.33331e-05;SGB=-0.651104;MQ0F=0;AC=2;AN=2;DP4=0,0,8,0;MQ=60;RB=2,36225257,36225599,GAC,GGG
9	91614150	NA	AC	A	36.4154	PASS;GACATCCTACCCCCCGCC	INDEL;IDV=7;IMF=1;DP=7;VDB=6.71664e-05;SGB=-0.636426;MQ0F=0;AC=2;AN=2;DP4=0,0,0,7;MQ=60;RB=9,91613996,91614229,GGA,CCT
2	133824604	NA	TTA	T	114	MASKED;TTTATTTTTTATTTTTTT	INDEL;IDV=8;IMF=1;DP=8;VDB=1.33331e-05;SGB=-0.651104;MQ0F=0;AC=2;AN=2;DP4=0,0,8,0;MQ=60;RB=2,133824473,133824780,AAT,GCC
2	165141539	NA	ATGTG	A	145	MASKED;ATATATGTATGTGTGTGT	INDEL;IDV=4;IMF=1;DP=4;VDB=0.0058656;SGB=-0.556411;MQ0F=0;AC=2;AN=2;DP4=0,0,4,0;MQ=60;RB=2,165141412,165142048,GTT,TGT
20	13254724	NA	GTA	G	225	MASKED;GTGTGTGTGTATGTGTGC	INDEL;IDV=11;IMF=1;DP=11;VDB=2.26006e-08;SGB=-0.676189;MQ0F=0;AC=2;AN=2;DP4=0,0,0,11;MQ=60;RB=20,13254176,13254738,CTA,GTT
1	193834773	NA	T	TTCTAGAAGAC	125	NEI_IND[45/658];TGTTTTTGTTATGTTAAT	INDEL;IDV=9;IMF=1;DP=9;VDB=5.52906e-06;SGB=-0.662043;MQ0F=0;AC=2;AN=2;DP4=0,0,9,0;MQ=60;RB=1,193834681,193835042,CCT,TCT
6	1242550	NA	A	AG	85	PASS;CTGGGCAGAGCTGCACGG	INDEL;IDV=4;IMF=1;DP=4;VDB=0.0058656;SGB=-0.556411;MQ0F=0;AC=2;AN=2;DP4=0,0,0,4;MQ=60;RB=6,1242488,1242687,AAG,CCT
6	47622758	NA	ATATG	A	225	MASKED;ATATATATATATGTGTAT	INDEL;IDV=9;IMF=0.9;DP=10;VDB=5.52906e-06;SGB=-0.662043;MQ0F=0;AC=2;AN=2;DP4=0,0,9,0;MQ=60;RB=6,47622626,47623039,AAG,TTG
2	133824604	NA	TTA	T	120	MASKED;TTTATTTTTTATTTTTTT	INDEL;IDV=9;IMF=1;DP=9;VDB=5.52906e-06;SGB=-0.662043;MQ0F=0;AC=2;AN=2;DP4=0,0,9,0;MQ=60;RB=2,133824473,133824781,TCT,GGT
2	89879310	NA	A	AGAATGGAATGGAATG	225	NEI_IND[35/1999];ACCCGACTAGAATGGAAT	INDEL;IDV=9;IMF=0.692308;DP=13;VDB=2.26006e-08;SGB=-0.680642;MQ0F=0;AC=2;AN=2;DP4=0,0,12,0;MQ=60;RB=2,89879274,89879618,GGG,GGA
2	89879576	NA	GAATCTACCTGTGTGC	G	225	NEI_IND[20/1319];ATGGAATGGAATCTACCT	INDEL;IDV=13;IMF=1;DP=13;VDB=2.26006e-08;SGB=-0.683931;MQ0F=0;AC=2;AN=2;DP4=0,0,0,13;MQ=60;RB=2,89879274,89879618,GGG,GGA
