CHROM	POS	ID	REF	ALT	QUAL	FILTER	INFO
20	48772777	NA	CTTTTTTTTTTTT	C	145	NEI_IND[65/788];TGATCTGACTTTTTTTTT	INDEL;IDV=7;IMF=1;DP=7;VDB=7.99768e-05;SGB=-0.636426;MQ0F=0;AC=2;AN=2;DP4=0,0,0,7;MQ=60;RB=20,48772557,48772836,TCT,AAG
11	23182555	NA	AG	A	76	MASKED;ACTACGTTAGGAACTATT	INDEL;IDV=5;IMF=1;DP=5;VDB=0.0058656;SGB=-0.556411;MQ0F=0;AC=2;AN=2;DP4=0,0,0,4;MQ=60;RB=11,23182084,23182650,ACT,GTG
6	65988260	NA	AT	A	51	PASS;GAATATATATTATATATA	INDEL;IDV=10;IMF=1;DP=10;VDB=0.000411984;SGB=-0.616816;MQ0F=0;AC=2;AN=2;DP4=0,0,6,0;MQ=60;RB=6,65988126,65988402,CCT,TAA
6	65988284	NA	A	ATT	203	NEI_IND[70/989];AGAAATGTATTTTATATA	INDEL;IDV=10;IMF=1;DP=10;VDB=5.52906e-06;SGB=-0.662043;MQ0F=0;AC=2;AN=2;DP4=0,0,0,9;MQ=60;RB=6,65988126,65988402,CCT,TAA
9	119760868	NA	CCATG	C	167	MASKED;CCATACATCCATGCATCC	INDEL;IDV=5;IMF=1;DP=5;VDB=0.00187095;SGB=-0.590765;MQ0F=0;AC=2;AN=2;DP4=0,0,0,5;MQ=60;RB=9,119760243,119760886,TGG,CAT
9	74309013	NA	ATTTTTATT	A	182	NEI_IND[204/828];TGTTGTTTATTTTTATTT	INDEL;IDV=5;IMF=1;DP=5;VDB=0.00187095;SGB=-0.590765;MQ0F=0;AC=2;AN=2;DP4=0,0,0,5;MQ=60;RB=9,74308374,74309076,GGC,TCT
6	44615913	NA	CCTT	C	182	NEI_IND[96/1218];ATCTAGATCCTTCTCCTG	INDEL;IDV=5;IMF=1;DP=5;VDB=0.00187095;SGB=-0.590765;MQ0F=0;AC=2;AN=2;DP4=0,0,0,5;MQ=60;RB=6,44615613,44615923,CTT,ACC
1	193834773	NA	T	TTCTAGAAGAC	41.4148	NEI_IND[45/658];TGTTTTTGTTATGTTAAT	INDEL;IDV=6;IMF=1;DP=6;VDB=0.00187095;SGB=-0.590765;MQ0F=0;AC=2;AN=2;DP4=0,0,5,0;MQ=60;RB=1,193834681,193835042,AAT,GCA
2	133824604	NA	TTA	T	70	MASKED;TTTATTTTTTATTTTTTT	INDEL;IDV=4;IMF=1;DP=4;VDB=0.0058656;SGB=-0.556411;MQ0F=0;AC=2;AN=2;DP4=0,0,4,0;MQ=60;RB=2,133824473,133824780,AAA,TGG
6	65988260	NA	AT	A	65	PASS;GAATATATATTATATATA	INDEL;IDV=5;IMF=1;DP=5;VDB=0.00187095;SGB=-0.590765;MQ0F=0;AC=2;AN=2;DP4=0,0,5,0;MQ=60;RB=6,65988126,65988402,AAT,CAA
6	65988284	NA	A	ATT	146	NEI_IND[70/989];AGAAATGTATTTTATATA	INDEL;IDV=5;IMF=1;DP=5;VDB=0.00187095;SGB=-0.590765;MQ0F=0;AC=2;AN=2;DP4=0,0,0,5;MQ=60;RB=6,65988126,65988402,AAT,CAA
6	47622758	NA	ATATG	A	225	MASKED;ATATATATATATGTGTAT	INDEL;IDV=11;IMF=1;DP=11;VDB=6.99472e-07;SGB=-0.670168;MQ0F=0;AC=2;AN=2;DP4=0,0,10,0;MQ=60;RB=6,47622625,47623039,CTA,GCG
1	188562687	NA	T	TAGGTA	140	PASS;ATGATAGATGATAGATAG	INDEL;IDV=5;IMF=1;DP=5;VDB=0.00328272;SGB=-0.590765;MQ0F=0;AC=2;AN=2;DP4=0,0,0,5;MQ=60;RB=1,188562381,188562805,ACT,ACC
1	188562687	NA	T	TAGGTA	110	PASS;ATGATAGATGATAGATAG	INDEL;IDV=6;IMF=1;DP=6;VDB=0.00187095;SGB=-0.590765;MQ0F=0;AC=2;AN=2;DP4=0,0,0,5;MQ=60;RB=1,188562381,188562806,CAT,GCT
1	193834773	NA	T	TTCTAGAAGAC	33.4163	NEI_IND[45/658];TGTTTTTGTTATGTTAAT	INDEL;IDV=6;IMF=1;DP=6;VDB=0.00187095;SGB=-0.590765;MQ0F=0;AC=2;AN=2;DP4=0,0,5,0;MQ=60;RB=1,193834681,193835042,TGA,CTA
6	54124256	NA	TTA	T	225	PASS;TGAATTGGTTATTTAAAT	INDEL;IDV=10;IMF=1;DP=10;VDB=6.99472e-07;SGB=-0.670168;MQ0F=0;AC=2;AN=2;DP4=0,0,0,10;MQ=60;RB=6,54123948,54124318,CTG,GGT
1	69125009	NA	TTA	T	179	NEI_IND[152/678];ATATATATTTATATATTT	INDEL;IDV=8;IMF=1;DP=8;VDB=1.33331e-05;SGB=-0.651104;MQ0F=0;AC=2;AN=2;DP4=0,0,8,0;MQ=60;RB=1,69124876,69125214,ACC,GTA
2	133824604	NA	TTA	T	97	MASKED;TTTATTTTTTATTTTTTT	INDEL;IDV=6;IMF=1;DP=6;VDB=0.000411984;SGB=-0.616816;MQ0F=0;AC=2;AN=2;DP4=0,0,6,0;MQ=60;RB=2,133824473,133824780,TGT,CCG
4	132978116	NA	TCTG	T	225	MASKED;GTATTTTATCTGTTTTTT	INDEL;IDV=10;IMF=1;DP=10;VDB=6.99472e-07;SGB=-0.670168;MQ0F=0;AC=2;AN=2;DP4=0,0,10,0;MQ=60;RB=4,132977984,132978351,AAT,GAC
4	93504806	NA	TTATA	T	225	NEI_IND[83/915];GATAATAATTATATATAT	INDEL;IDV=9;IMF=1;DP=9;VDB=5.52906e-06;SGB=-0.662043;MQ0F=0;AC=2;AN=2;DP4=0,0,9,0;MQ=60;RB=4,93504681,93504969,ACG,ATG
4	93504856	NA	T	TTA	225	NEI_IND[39/1040];CATATAATTTATATATAA	INDEL;IDV=9;IMF=1;DP=9;VDB=5.52906e-06;SGB=-0.662043;MQ0F=0;AC=2;AN=2;DP4=0,0,0,9;MQ=60;RB=4,93504681,93504969,ACG,ATG
11	109799881	NA	TCACACA	T	205	NEI_IND[28/813];TCTCTCTCTCACACACAC	INDEL;IDV=6;IMF=1;DP=6;VDB=0.000411984;SGB=-0.616816;MQ0F=0;AC=2;AN=2;DP4=0,0,0,6;MQ=60;RB=11,109799719,109800020,GTA,GAG
1	193834773	NA	T	TTCTAGAAGAC	53	NEI_IND[45/658];TGTTTTTGTTATGTTAAT	INDEL;IDV=4;IMF=1;DP=4;VDB=0.0058656;SGB=-0.556411;MQ0F=0;AC=2;AN=2;DP4=0,0,4,0;MQ=60;RB=1,193834681,193835042,GAT,CCT
1	193834773	NA	T	TTCTAGAAGAC	166	NEI_IND[45/658];TGTTTTTGTTATGTTAAT	INDEL;IDV=13;IMF=1;DP=13;VDB=3.3258e-08;SGB=-0.683931;MQ0F=0;AC=2;AN=2;DP4=0,0,13,0;MQ=60;RB=1,193834681,193835041,GAT,GAG
4	18995823	NA	T	TGTGA	225	PASS;GTATCAAGTGTGAGGTTG	INDEL;IDV=10;IMF=1;DP=10;VDB=6.99472e-07;SGB=-0.670168;MQ0F=0;AC=2;AN=2;DP4=0,0,0,10;MQ=60;RB=4,18995589,18995944,GCG,GTC
1	193834773	NA	T	TTCTAGAAGAC	173	NEI_IND[45/658];TGTTTTTGTTATGTTAAT	INDEL;IDV=12;IMF=1;DP=12;VDB=6.99472e-07;SGB=-0.670168;MQ0F=0;AC=2;AN=2;DP4=0,0,10,0;MQ=60;RB=1,193834681,193835041,CCT,GTC
20	40389505	NA	G	GATA	205	PASS;TCAAAACAGATAATAATA	INDEL;IDV=6;IMF=1;DP=6;VDB=0.000411984;SGB=-0.616816;MQ0F=0;AC=2;AN=2;DP4=0,0,0,6;MQ=60;RB=20,40389293,40389551,ATG,CCC
4	45869465	NA	A	ATGTG	205	PASS;GAAACACTATGTGTGTGT	INDEL;IDV=6;IMF=1;DP=6;VDB=0.000411984;SGB=-0.616816;MQ0F=0;AC=2;AN=2;DP4=0,0,6,0;MQ=60;RB=4,45869360,45869845,CTA,GTT
12	16395303	NA	GACTTTTAACCCA	G	224	NEI_IND[81/845];GTATCAGGGACTTTTAAC	INDEL;IDV=7;IMF=1;DP=7;VDB=6.71664e-05;SGB=-0.636426;MQ0F=0;AC=2;AN=2;DP4=0,0,0,7;MQ=60;RB=12,16395061,16395338,CCC,ACG
1	193834773	NA	T	TTCTAGAAGAC	87	NEI_IND[45/658];TGTTTTTGTTATGTTAAT	INDEL;IDV=7;IMF=1;DP=7;VDB=0.000411984;SGB=-0.616816;MQ0F=0;AC=2;AN=2;DP4=0,0,6,0;MQ=60;RB=1,193834681,193835042,TGT,ACT
13	95878025	NA	TA	T	30.4183	PASS;TAAAAATATAAAAATATA	INDEL;IDV=4;IMF=1;DP=4;VDB=0.0058656;SGB=-0.556411;MQ0F=0;AC=2;AN=2;DP4=0,0,4,0;MQ=60;RB=13,95877890,95878453,TCT,AGG
13	95878394	NA	CAATTACTTCATCTGG	C	154	NEI_IND[243/497];CAACAGGGCAATTACTTC	INDEL;IDV=4;IMF=1;DP=4;VDB=0.0058656;SGB=-0.556411;MQ0F=0;AC=2;AN=2;DP4=0,0,0,4;MQ=60;RB=13,95877890,95878453,TCT,AGG
1	69125009	NA	TTA	T	163	NEI_IND[152/678];ATATATATTTATATATTT	INDEL;IDV=7;IMF=1;DP=7;VDB=6.71664e-05;SGB=-0.636426;MQ0F=0;AC=2;AN=2;DP4=0,0,7,0;MQ=60;RB=1,69124875,69125214,CAT,GAA
11	109799881	NA	TCACACA	T	182	NEI_IND[28/813];TCTCTCTCTCACACACAC	INDEL;IDV=5;IMF=1;DP=5;VDB=0.00187095;SGB=-0.590765;MQ0F=0;AC=2;AN=2;DP4=0,0,0,5;MQ=60;RB=11,109799719,109800021,TGA,CGT
1	193834773	NA	T	TTCTAGAAGAC	54	NEI_IND[45/658];TGTTTTTGTTATGTTAAT	INDEL;IDV=10;IMF=1;DP=10;VDB=6.71664e-05;SGB=-0.636426;MQ0F=0;AC=2;AN=2;DP4=0,0,7,0;MQ=60;RB=1,193834681,193835041,TGA,TTG
1	188562687	NA	T	TAGGTA	103	PASS;ATGATAGATGATAGATAG	INDEL;IDV=5;IMF=0.833333;DP=6;VDB=0.0058656;SGB=-0.556411;MQ0F=0;AC=2;AN=2;DP4=0,0,0,4;MQ=60;RB=1,188562381,188562805,GCT,ACG
11	109799881	NA	TCACACA	T	225	NEI_IND[28/813];TCTCTCTCTCACACACAC	INDEL;IDV=10;IMF=1;DP=10;VDB=6.99472e-07;SGB=-0.670168;MQ0F=0;AC=2;AN=2;DP4=0,0,0,10;MQ=60;RB=11,109799720,109800020,CTC,TAG
X	32045278	NA	CGT	C	48.4146	NEI_IND[18/356];CACACGCACGTGCACACA	INDEL;IDV=4;IMF=0.666667;DP=4;VDB=0.0058656;SGB=-0.556411;MQ0F=0;AC=2;AN=2;DP4=0,0,4,0;MQ=60;RB=X,32045261,32045565,AGG,CAA
1	193834773	NA	T	TTCTAGAAGAC	77	NEI_IND[45/658];TGTTTTTGTTATGTTAAT	INDEL;IDV=8;IMF=1;DP=8;VDB=1.33331e-05;SGB=-0.651104;MQ0F=0;AC=2;AN=2;DP4=0,0,8,0;MQ=60;RB=1,193834681,193835042,ACT,GGA
1	193834773	NA	T	TTCTAGAAGAC	92	NEI_IND[45/658];TGTTTTTGTTATGTTAAT	INDEL;IDV=8;IMF=1;DP=8;VDB=6.71664e-05;SGB=-0.636426;MQ0F=0;AC=2;AN=2;DP4=0,0,7,0;MQ=60;RB=1,193834681,193835042,GTT,TAT
1	115781976	NA	TC	T	64	NEI_IND[35/917];TCTCTCTCTCTTTTTTTT	INDEL;IDV=4;IMF=1;DP=4;VDB=0.0058656;SGB=-0.556411;MQ0F=0;AC=2;AN=2;DP4=0,0,0,4;MQ=60;RB=1,115781546,115782111,TGC,ATA
X	110271253	NA	ATG	A	168	MASKED;ACATATATATGTGTGTAT	INDEL;IDV=7;IMF=1;DP=7;VDB=6.71664e-05;SGB=-0.636426;MQ0F=0;AC=2;AN=2;DP4=0,0,7,0;MQ=60;RB=X,110271128,110271542,CCT,GCC
4	132978116	NA	TCTG	T	222	MASKED;GTATTTTATCTGTTTTTT	INDEL;IDV=7;IMF=1;DP=7;VDB=6.71664e-05;SGB=-0.636426;MQ0F=0;AC=2;AN=2;DP4=0,0,7,0;MQ=60;RB=4,132977984,132978352,CAT,TGA
12	19986929	NA	CAT	C	132	MASKED;CACACACACATACACACA	INDEL;IDV=4;IMF=0.8;DP=4;VDB=0.0058656;SGB=-0.556411;MQ0F=0;AC=2;AN=2;DP4=0,0,4,0;MQ=60;RB=12,19986812,19987210,GAA,CAG
7	125351993	NA	TTTG	T	225	NEI_IND[30/901];TTGTTTTGTTTGTTTTGT	INDEL;IDV=10;IMF=1;DP=10;VDB=6.99472e-07;SGB=-0.670168;MQ0F=0;AC=2;AN=2;DP4=0,0,0,10;MQ=60;RB=7,125351708,125352006,CCT,GTT
1	69125009	NA	TTA	T	213	NEI_IND[152/678];ATATATATTTATATATTT	INDEL;IDV=13;IMF=1;DP=13;VDB=2.26006e-08;SGB=-0.683931;MQ0F=0;AC=2;AN=2;DP4=0,0,13,0;MQ=60;RB=1,69124876,69125214,TCC,GGT
10	6737693	NA	GTGTTTGCA	G	154	NEI_IND[13/853];GTGTATGTGTGTTTGCAT	INDEL;IDV=4;IMF=1;DP=4;VDB=0.0058656;SGB=-0.556411;MQ0F=0;AC=2;AN=2;DP4=0,0,4,0;MQ=60;RB=10,6737682,6737928,CAA,ATC
1	188562687	NA	T	TAGGTA	142	PASS;ATGATAGATGATAGATAG	INDEL;IDV=7;IMF=1;DP=7;VDB=6.71664e-05;SGB=-0.636426;MQ0F=0;AC=2;AN=2;DP4=0,0,0,7;MQ=60;RB=1,188562381,188562806,GCT,AAT
1	69125009	NA	TTA	T	146	NEI_IND[152/678];ATATATATTTATATATTT	INDEL;IDV=6;IMF=1;DP=6;VDB=0.000411984;SGB=-0.616816;MQ0F=0;AC=2;AN=2;DP4=0,0,6,0;MQ=60;RB=1,69124876,69125214,TAG,CTT
6	47622758	NA	ATATG	A	225	MASKED;ATATATATATATGTGTAT	INDEL;IDV=9;IMF=1;DP=9;VDB=5.52906e-06;SGB=-0.662043;MQ0F=0;AC=2;AN=2;DP4=0,0,9,0;MQ=60;RB=6,47622625,47623039,CAT,GCC
13	95878025	NA	TA	T	53	PASS;TAAAAATATAAAAATATA	INDEL;IDV=8;IMF=1;DP=8;VDB=1.33331e-05;SGB=-0.651104;MQ0F=0;AC=2;AN=2;DP4=0,0,8,0;MQ=60;RB=13,95877890,95878453,TAT,CCG
13	95878394	NA	CAATTACTTCATCTGG	C	225	NEI_IND[243/497];CAACAGGGCAATTACTTC	INDEL;IDV=8;IMF=1;DP=8;VDB=1.33331e-05;SGB=-0.651104;MQ0F=0;AC=2;AN=2;DP4=0,0,0,8;MQ=60;RB=13,95877890,95878453,TAT,CCG
1	188562687	NA	T	TAGGTA	141	PASS;ATGATAGATGATAGATAG	INDEL;IDV=9;IMF=1;DP=9;VDB=6.71664e-05;SGB=-0.636426;MQ0F=0;AC=2;AN=2;DP4=0,0,0,7;MQ=60;RB=1,188562381,188562806,CCT,GGA
