CHROM	POS	ID	REF	ALT	QUAL	FILTER	INFO
1	170902680	NA	AAAG	A	151	PASS;AAGAAAGAAAAGAGAAAG	INDEL;IDV=4;IMF=1;DP=4;VDB=0.0058656;SGB=-0.556411;MQ0F=0;AC=2;AN=2;DP4=0,0,4,0;MQ=60;RB=1,170902546,170902998,TAT,GAA
1	69125009	NA	TTA	T	129	NEI_IND[152/685];ATATATATTTATATATTT	INDEL;IDV=5;IMF=1;DP=5;VDB=0.00187095;SGB=-0.590765;MQ0F=0;AC=2;AN=2;DP4=0,0,5,0;MQ=60;RB=1,69124875,69125214,GTT,TAT
11	25466391	NA	GA	G	9.88465	PASS;CTAGCTCAGAAAAAAAAC	INDEL;IDV=5;IMF=1;DP=5;VDB=0.00187095;SGB=-0.590765;MQ0F=0;AC=2;AN=2;DP4=0,0,5,0;MQ=60;RB=11,25466326,25466603,ACG,GTT
6	44615913	NA	CCTT	C	146	NEI_IND[96/1226];ATCTAGATCCTTCTCCTG	INDEL;IDV=4;IMF=1;DP=4;VDB=0.0058656;SGB=-0.556411;MQ0F=0;AC=2;AN=2;DP4=0,0,0,4;MQ=60;RB=6,44615614,44615923,ATG,TGG
14	64431224	NA	ATTTTAT	A	154	MASKED;TGCTTTTTATTTTATTTT	INDEL;IDV=4;IMF=1;DP=4;VDB=0.0058656;SGB=-0.556411;MQ0F=0;AC=2;AN=2;DP4=0,0,0,4;MQ=60;RB=14,64430913,64431294,AGG,CCT
13	31949946	NA	TA	T	45.4146	MASKED;AATTTAAATAAAATTTTT	INDEL;IDV=4;IMF=1;DP=4;VDB=0.00992398;SGB=-0.556411;MQ0F=0;AC=2;AN=2;DP4=0,0,0,4;MQ=60;RB=13,31949663,31949960,GTC,GAC
1	193834773	NA	T	TTCTAGAAGAC	21.4454	NEI_IND[45/658];TGTTTTTGTTATGTTAAT	INDEL;IDV=5;IMF=1;DP=5;VDB=0.0221621;SGB=-0.511536;MQ0F=0;AC=2;AN=2;DP4=0,0,3,0;MQ=60;RB=1,193834681,193835042,TGT,GAT
12	16395303	NA	GACTTTTAACCCA	G	224	NEI_IND[82/851];GTATCAGGGACTTTTAAC	INDEL;IDV=7;IMF=1;DP=7;VDB=6.71664e-05;SGB=-0.636426;MQ0F=0;AC=2;AN=2;DP4=0,0,0,7;MQ=60;RB=12,16395061,16395338,CCC,AAC
3	22583083	NA	T	TAC	222	NEI_IND[36/778];TGTACACATATGTGTACC	INDEL;IDV=7;IMF=1;DP=7;VDB=6.71664e-05;SGB=-0.636426;MQ0F=0;AC=2;AN=2;DP4=0,0,7,0;MQ=60;RB=3,22582977,22583226,GAA,ACT
3	22583123	NA	CAT	C	92	PASS;TATATGTACATATATATG	INDEL;IDV=7;IMF=1;DP=7;VDB=6.71664e-05;SGB=-0.636426;MQ0F=0;AC=2;AN=2;DP4=0,0,0,7;MQ=60;RB=3,22582977,22583226,GAA,ACT
6	65988260	NA	AT	A	52	PASS;GAATATATATTATATATA	INDEL;IDV=7;IMF=1;DP=7;VDB=6.71664e-05;SGB=-0.636426;MQ0F=0;AC=2;AN=2;DP4=0,0,7,0;MQ=60;RB=6,65988126,65988402,GGA,ATT
6	65988284	NA	A	ATT	178	NEI_IND[70/989];AGAAATGTATTTTATATA	INDEL;IDV=7;IMF=1;DP=7;VDB=6.71664e-05;SGB=-0.636426;MQ0F=0;AC=2;AN=2;DP4=0,0,0,7;MQ=60;RB=6,65988126,65988402,GGA,ATT
9	119760868	NA	CCATG	C	182	MASKED;CCATACATCCATGCATCC	INDEL;IDV=5;IMF=1;DP=5;VDB=0.00187095;SGB=-0.590765;MQ0F=0;AC=2;AN=2;DP4=0,0,0,5;MQ=60;RB=9,119760243,119760886,TCG,ATA
1	188562687	NA	T	TAGGTA	131	PASS;ATGATAGATGATAGATAG	INDEL;IDV=5;IMF=0.833333;DP=6;VDB=0.00286037;SGB=-0.590765;MQ0F=0;AC=2;AN=2;DP4=0,0,0,5;MQ=60;RB=1,188562381,188562806,GTT,GGT
1	193834773	NA	T	TTCTAGAAGAC	72	NEI_IND[45/658];TGTTTTTGTTATGTTAAT	INDEL;IDV=7;IMF=1;DP=7;VDB=0.00187095;SGB=-0.590765;MQ0F=0;AC=2;AN=2;DP4=0,0,5,0;MQ=60;RB=1,193834681,193835042,CTT,ATT
9	119760868	NA	CCATG	C	154	MASKED;CCATACATCCATGCATCC	INDEL;IDV=4;IMF=1;DP=4;VDB=0.0058656;SGB=-0.556411;MQ0F=0;AC=2;AN=2;DP4=0,0,0,4;MQ=60;RB=9,119760243,119760886,GGC,TGT
20	13254724	NA	GTA	G	122	MASKED;GTGTGTGTGTATGTGTGC	INDEL;IDV=4;IMF=1;DP=4;VDB=0.0058656;SGB=-0.556411;MQ0F=0;AC=2;AN=2;DP4=0,0,0,4;MQ=60;RB=20,13254177,13254737,CAG,CTG
8	95195802	NA	CAA	C	128	MASKED;AAATGGATCAAAGACCTA	INDEL;IDV=4;IMF=1;DP=4;VDB=0.0058656;SGB=-0.556411;MQ0F=0;AC=2;AN=2;DP4=0,0,4,0;MQ=60;RB=8,95195746,95196027,CTC,TCA
1	193834773	NA	T	TTCTAGAAGAC	76	NEI_IND[45/658];TGTTTTTGTTATGTTAAT	INDEL;IDV=7;IMF=1;DP=7;VDB=0.00187095;SGB=-0.590765;MQ0F=0;AC=2;AN=2;DP4=0,0,5,0;MQ=60;RB=1,193834681,193835042,TCA,GCT
2	133824604	NA	TTA	T	106	MASKED;TTTATTTTTTATTTTTTT	INDEL;IDV=7;IMF=1;DP=7;VDB=6.71664e-05;SGB=-0.636426;MQ0F=0;AC=2;AN=2;DP4=0,0,7,0;MQ=60;RB=2,133824474,133824781,TTG,AGT
11	109799881	NA	TCACACA	T	150	NEI_IND[28/814];TCTCTCTCTCACACACAC	INDEL;IDV=4;IMF=1;DP=4;VDB=0.0058656;SGB=-0.556411;MQ0F=0;AC=2;AN=2;DP4=0,0,0,4;MQ=60;RB=11,109799719,109800020,ATA,GAG
1	188562687	NA	T	TAGGTA	124	PASS;ATGATAGATGATAGATAG	INDEL;IDV=5;IMF=1;DP=5;VDB=0.00187095;SGB=-0.590765;MQ0F=0;AC=2;AN=2;DP4=0,0,0,5;MQ=60;RB=1,188562381,188562805,ATT,CCC
2	165141539	NA	ATGTG	A	175	MASKED;ATATATGTATGTGTGTGT	INDEL;IDV=5;IMF=1;DP=5;VDB=0.00187095;SGB=-0.590765;MQ0F=0;AC=2;AN=2;DP4=0,0,5,0;MQ=60;RB=2,165141412,165142047,GTA,TCC
9	119760868	NA	CCATG	C	182	MASKED;CCATACATCCATGCATCC	INDEL;IDV=5;IMF=1;DP=5;VDB=0.00187095;SGB=-0.590765;MQ0F=0;AC=2;AN=2;DP4=0,0,0,5;MQ=60;RB=9,119760243,119760886,CTG,ATT
2	133824604	NA	TTA	T	106	MASKED;TTTATTTTTTATTTTTTT	INDEL;IDV=7;IMF=1;DP=7;VDB=6.71664e-05;SGB=-0.636426;MQ0F=0;AC=2;AN=2;DP4=0,0,7,0;MQ=60;RB=2,133824474,133824781,CCC,AAT
6	140775850	NA	CT	C	20.4535	MASKED;TTTTAAAACTTTTTTATT	INDEL;IDV=4;IMF=1;DP=4;VDB=0.0058656;SGB=-0.556411;MQ0F=0;AC=2;AN=2;DP4=0,0,0,4;MQ=60;RB=6,140775577,140775890,ATA,CTA
1	69125009	NA	TTA	T	176	NEI_IND[152/685];ATATATATTTATATATTT	INDEL;IDV=8;IMF=1;DP=8;VDB=1.33331e-05;SGB=-0.651104;MQ0F=0;AC=2;AN=2;DP4=0,0,8,0;MQ=60;RB=1,69124876,69125214,CGG,GAA
9	119760868	NA	CCATG	C	219	MASKED;CCATACATCCATGCATCC	INDEL;IDV=7;IMF=1;DP=7;VDB=6.71664e-05;SGB=-0.636426;MQ0F=0;AC=2;AN=2;DP4=0,0,0,7;MQ=60;RB=9,119760243,119760886,TTG,AAT
7	125351993	NA	TTTG	T	154	NEI_IND[31/909];TTGTTTTGTTTGTTTTGT	INDEL;IDV=4;IMF=1;DP=4;VDB=0.0058656;SGB=-0.556411;MQ0F=0;AC=2;AN=2;DP4=0,0,0,4;MQ=60;RB=7,125351709,125352006,AAC,CTT
X	94397885	NA	TA	T	73	MASKED;TATCTATCTAATCTATCT	INDEL;IDV=4;IMF=1;DP=4;VDB=0.0058656;SGB=-0.556411;MQ0F=0;AC=2;AN=2;DP4=0,0,4,0;MQ=60;RB=X,94397761,94398378,ATA,CTG
7	88868030	NA	ATGTC	A	182	MASKED;TTAATACAATGTCTGCCT	INDEL;IDV=5;IMF=1;DP=5;VDB=0.00187095;SGB=-0.590765;MQ0F=0;AC=2;AN=2;DP4=0,0,5,0;MQ=60;RB=7,88867906,88868204,TGT,GAA
1	69125009	NA	TTA	T	134	NEI_IND[152/685];ATATATATTTATATATTT	INDEL;IDV=5;IMF=1;DP=5;VDB=0.00187095;SGB=-0.590765;MQ0F=0;AC=2;AN=2;DP4=0,0,5,0;MQ=60;RB=1,69124876,69125214,CTC,CGT
9	6397603	NA	AG	A	100	PASS;AGAAAGAAAGAAAGAAAA	INDEL;IDV=6;IMF=1;DP=6;VDB=0.000411984;SGB=-0.616816;MQ0F=0;AC=2;AN=2;DP4=0,0,6,0;MQ=60;RB=9,6397468,6397995,AAG,GGA
X	110271253	NA	ATG	A	115	MASKED;ACATATATATGTGTGTAT	INDEL;IDV=5;IMF=1;DP=5;VDB=0.00187095;SGB=-0.590765;MQ0F=0;AC=2;AN=2;DP4=0,0,5,0;MQ=60;RB=X,110271128,110271543,CTA,AGA
9	119760868	NA	CCATG	C	154	MASKED;CCATACATCCATGCATCC	INDEL;IDV=4;IMF=1;DP=4;VDB=0.0058656;SGB=-0.556411;MQ0F=0;AC=2;AN=2;DP4=0,0,0,4;MQ=60;RB=9,119760243,119760886,GGG,AGT
9	10543519	NA	CGT	C	126	PASS;CACACACACGTACACACA	INDEL;IDV=7;IMF=1;DP=7;VDB=6.71664e-05;SGB=-0.636426;MQ0F=0;AC=2;AN=2;DP4=0,0,7,0;MQ=60;RB=9,10543384,10543696,CCG,GTA
9	119760868	NA	CCATG	C	154	MASKED;CCATACATCCATGCATCC	INDEL;IDV=4;IMF=1;DP=4;VDB=0.0058656;SGB=-0.556411;MQ0F=0;AC=2;AN=2;DP4=0,0,0,4;MQ=60;RB=9,119760242,119760886,CAT,TAT
16	14084368	NA	ATACGTG	A	224	MASKED;ACACATATATACGTGTAT	INDEL;IDV=7;IMF=1;DP=7;VDB=6.71664e-05;SGB=-0.636426;MQ0F=0;AC=2;AN=2;DP4=0,0,0,7;MQ=60;RB=16,14084059,14084392,ATT,TCT
9	119760868	NA	CCATG	C	149	MASKED;CCATACATCCATGCATCC	INDEL;IDV=5;IMF=1;DP=5;VDB=0.00187095;SGB=-0.590765;MQ0F=0;AC=2;AN=2;DP4=0,0,0,5;MQ=60;RB=9,119760242,119760886,TGT,GAT
