CHROM	POS	ID	REF	ALT	QUAL	FILTER	INFO
7	125351993	NA	TTTG	T	224	NEI_IND[31/909];TTGTTTTGTTTGTTTTGT	INDEL;IDV=7;IMF=1;DP=7;VDB=6.71664e-05;SGB=-0.636426;MQ0F=0;AC=2;AN=2;DP4=0,0,0,7;MQ=60;RB=7,125351708,125352006,CTA,GGT
1	193834773	NA	T	TTCTAGAAGAC	61	NEI_IND[45/658];TGTTTTTGTTATGTTAAT	INDEL;IDV=5;IMF=1;DP=5;VDB=0.0221621;SGB=-0.511536;MQ0F=0;AC=2;AN=2;DP4=0,0,3,0;MQ=60;RB=1,193834681,193835041,GCT,TCG
10	6737693	NA	GTGTTTGCA	G	121	NEI_IND[13/853];GTGTATGTGTGTTTGCAT	INDEL;IDV=3;IMF=0.75;DP=4;VDB=0.0312982;SGB=-0.511536;MQ0F=0;AC=2;AN=2;DP4=0,0,3,0;MQ=60;RB=10,6737683,6737929,GAG,CCT
10	59370738	NA	T	TATGA	205	PASS;AATCTAATTATGAATGAA	INDEL;IDV=6;IMF=1;DP=6;VDB=0.000411984;SGB=-0.616816;MQ0F=0;AC=2;AN=2;DP4=0,0,0,6;MQ=60;RB=10,59370563,59370838,CCG,TAA
5	129767612	NA	TTAAC	T	154	PASS;ACTGATCATTAACTATGT	INDEL;IDV=4;IMF=1;DP=4;VDB=0.0058656;SGB=-0.556411;MQ0F=0;AC=2;AN=2;DP4=0,0,0,4;MQ=60;RB=5,129767350,129767681,TAA,GCC
1	193834773	NA	T	TTCTAGAAGAC	58	NEI_IND[45/658];TGTTTTTGTTATGTTAAT	INDEL;IDV=6;IMF=1;DP=6;VDB=0.00187095;SGB=-0.590765;MQ0F=0;AC=2;AN=2;DP4=0,0,5,0;MQ=60;RB=1,193834681,193835042,TAT,CAT
2	99829168	NA	TTTTTG	T	17.4922	PASS;TTTTTTTTTTTTTGTGGA	INDEL;IDV=4;IMF=1;DP=4;VDB=0.0058656;SGB=-0.556411;MQ0F=0;AC=2;AN=2;DP4=0,0,4,0;MQ=60;RB=2,99829068,99829357,TAG,CAT
6	65988260	NA	AT	A	40.4148	PASS;GAATATATATTATATATA	INDEL;IDV=4;IMF=1;DP=4;VDB=0.0058656;SGB=-0.556411;MQ0F=0;AC=2;AN=2;DP4=0,0,4,0;MQ=60;RB=6,65988126,65988402,AGT,AAA
6	65988284	NA	A	ATT	123	NEI_IND[70/989];AGAAATGTATTTTATATA	INDEL;IDV=4;IMF=1;DP=4;VDB=0.0058656;SGB=-0.556411;MQ0F=0;AC=2;AN=2;DP4=0,0,0,4;MQ=60;RB=6,65988126,65988402,AGT,AAA
16	69764144	NA	CG	C	82	MASKED;GACCCCCCCGCAACCCCC	INDEL;IDV=4;IMF=1;DP=4;VDB=0.0058656;SGB=-0.556411;MQ0F=0;AC=2;AN=2;DP4=0,0,0,4;MQ=60;RB=16,69763842,69764203,TTT,TTC
9	119760868	NA	CCATG	C	224	MASKED;CCATACATCCATGCATCC	INDEL;IDV=7;IMF=1;DP=7;VDB=6.71664e-05;SGB=-0.636426;MQ0F=0;AC=2;AN=2;DP4=0,0,0,7;MQ=60;RB=9,119760243,119760886,TGG,GTA
1	69125009	NA	TTA	T	147	NEI_IND[152/685];ATATATATTTATATATTT	INDEL;IDV=6;IMF=1;DP=6;VDB=0.000411984;SGB=-0.616816;MQ0F=0;AC=2;AN=2;DP4=0,0,6,0;MQ=60;RB=1,69124875,69125214,TTT,CTT
6	47622758	NA	ATATG	A	154	MASKED;ATATATATATATGTGTAT	INDEL;IDV=4;IMF=1;DP=4;VDB=0.0058656;SGB=-0.556411;MQ0F=0;AC=2;AN=2;DP4=0,0,4,0;MQ=60;RB=6,47622626,47623039,GGG,GAG
7	125351993	NA	TTTG	T	154	NEI_IND[31/909];TTGTTTTGTTTGTTTTGT	INDEL;IDV=4;IMF=1;DP=4;VDB=0.0058656;SGB=-0.556411;MQ0F=0;AC=2;AN=2;DP4=0,0,0,4;MQ=60;RB=7,125351708,125352006,TTT,ATA
1	69125009	NA	TTA	T	129	NEI_IND[152/685];ATATATATTTATATATTT	INDEL;IDV=5;IMF=1;DP=5;VDB=0.00187095;SGB=-0.590765;MQ0F=0;AC=2;AN=2;DP4=0,0,5,0;MQ=60;RB=1,69124875,69125214,ACA,CGT
3	32961987	NA	A	ATC	33.4163	PASS;ATCTATCTATATCTATTA	INDEL;IDV=4;IMF=1;DP=4;VDB=0.0058656;SGB=-0.556411;MQ0F=0;AC=2;AN=2;DP4=0,0,4,0;MQ=60;RB=3,32961867,32962255,GAT,CGT
20	13254724	NA	GTA	G	129	MASKED;GTGTGTGTGTATGTGTGC	INDEL;IDV=4;IMF=1;DP=4;VDB=0.0058656;SGB=-0.556411;MQ0F=0;AC=2;AN=2;DP4=0,0,0,4;MQ=60;RB=20,13254176,13254738,TCT,AAT
12	16395303	NA	GACTTTTAACCCA	G	154	NEI_IND[82/851];GTATCAGGGACTTTTAAC	INDEL;IDV=4;IMF=1;DP=4;VDB=0.0058656;SGB=-0.556411;MQ0F=0;AC=2;AN=2;DP4=0,0,0,4;MQ=60;RB=12,16395060,16395338,GGA,AAG
1	193834773	NA	T	TTCTAGAAGAC	42.4147	NEI_IND[45/658];TGTTTTTGTTATGTTAAT	INDEL;IDV=7;IMF=1;DP=7;VDB=0.000411984;SGB=-0.616816;MQ0F=0;AC=2;AN=2;DP4=0,0,6,0;MQ=60;RB=1,193834681,193835042,ATT,GGA
1	193834773	NA	T	TTCTAGAAGAC	101	NEI_IND[45/658];TGTTTTTGTTATGTTAAT	INDEL;IDV=6;IMF=1;DP=6;VDB=0.00187095;SGB=-0.590765;MQ0F=0;AC=2;AN=2;DP4=0,0,5,0;MQ=60;RB=1,193834681,193835041,CCT,TAG
