CHROM	POS	ID	REF	ALT	QUAL	FILTER	INFO
2	133824604	NA	TTA	T	70	MASKED;TTTATTTTTTATTTTTTT	INDEL;IDV=4;IMF=1;DP=4;VDB=0.0058656;SGB=-0.556411;MQ0F=0;AC=2;AN=2;DP4=0,0,4,0;MQ=60;RB=2,133824474,133824780,TTC,AGG
16	14084368	NA	ATACGTG	A	224	MASKED;ACACATATATACGTGTAT	INDEL;IDV=7;IMF=1;DP=7;VDB=6.71664e-05;SGB=-0.636426;MQ0F=0;AC=2;AN=2;DP4=0,0,0,7;MQ=60;RB=16,14084059,14084392,GAA,AGT
9	6397603	NA	AG	A	82	PASS;AGAAAGAAAGAAAGAAAA	INDEL;IDV=5;IMF=1;DP=5;VDB=0.00187095;SGB=-0.590765;MQ0F=0;AC=2;AN=2;DP4=0,0,5,0;MQ=60;RB=9,6397468,6397994,GTG,TCC
9	119760868	NA	CCATG	C	154	MASKED;CCATACATCCATGCATCC	INDEL;IDV=4;IMF=1;DP=4;VDB=0.0058656;SGB=-0.556411;MQ0F=0;AC=2;AN=2;DP4=0,0,0,4;MQ=60;RB=9,119760242,119760886,CAA,CCT
3	32961987	NA	A	ATC	38.415	PASS;ATCTATCTATATCTATTA	INDEL;IDV=4;IMF=1;DP=4;VDB=0.0058656;SGB=-0.556411;MQ0F=0;AC=2;AN=2;DP4=0,0,4,0;MQ=60;RB=3,32961867,32962254,GCA,TCC
1	193834773	NA	T	TTCTAGAAGAC	72	NEI_IND[45/658];TGTTTTTGTTATGTTAAT	INDEL;IDV=4;IMF=1;DP=4;VDB=0.0058656;SGB=-0.556411;MQ0F=0;AC=2;AN=2;DP4=0,0,4,0;MQ=60;RB=1,193834681,193835042,CGA,TGT
2	133824604	NA	TTA	T	114	MASKED;TTTATTTTTTATTTTTTT	INDEL;IDV=8;IMF=1;DP=8;VDB=1.33331e-05;SGB=-0.651104;MQ0F=0;AC=2;AN=2;DP4=0,0,8,0;MQ=60;RB=2,133824474,133824781,TGC,CGT
1	188562687	NA	T	TAGGTA	78	PASS;ATGATAGATGATAGATAG	INDEL;IDV=4;IMF=1;DP=4;VDB=0.0221621;SGB=-0.511536;MQ0F=0;AC=2;AN=2;DP4=0,0,0,3;MQ=60;RB=1,188562382,188562805,TTG,TTC
1	193834773	NA	T	TTCTAGAAGAC	137	NEI_IND[45/658];TGTTTTTGTTATGTTAAT	INDEL;IDV=7;IMF=1;DP=7;VDB=0.00187095;SGB=-0.590765;MQ0F=0;AC=2;AN=2;DP4=0,0,5,0;MQ=60;RB=1,193834681,193835041,TAT,TCC
19	39564791	NA	GGA	G	131	MASKED;GAGAGAGAGGAAGGAAGG	INDEL;IDV=5;IMF=1;DP=5;VDB=0.00187095;SGB=-0.590765;MQ0F=0;AC=2;AN=2;DP4=0,0,5,0;MQ=60;RB=19,39564660,39565007,GGC,GTT
1	188562687	NA	T	TAGGTA	113	PASS;ATGATAGATGATAGATAG	INDEL;IDV=5;IMF=1;DP=5;VDB=0.00187095;SGB=-0.590765;MQ0F=0;AC=2;AN=2;DP4=0,0,0,5;MQ=60;RB=1,188562381,188562806,CCT,TGA
2	133824604	NA	TTA	T	97	MASKED;TTTATTTTTTATTTTTTT	INDEL;IDV=6;IMF=1;DP=6;VDB=0.000411984;SGB=-0.616816;MQ0F=0;AC=2;AN=2;DP4=0,0,6,0;MQ=60;RB=2,133824473,133824781,GTA,AGT
11	92022700	NA	CACAT	C	80	MASKED;CACACACACACATATATA	INDEL;IDV=3;IMF=0.75;DP=3;VDB=0.02;SGB=-0.453602;MQ0F=0;AC=2;AN=2;DP4=0,0,0,2;MQ=60;RB=11,92022256,92022713,ATT,TTT
1	188562687	NA	T	TAGGTA	136	PASS;ATGATAGATGATAGATAG	INDEL;IDV=6;IMF=0.857143;DP=7;VDB=0.000411984;SGB=-0.616816;MQ0F=0;AC=2;AN=2;DP4=0,0,0,6;MQ=60;RB=1,188562382,188562805,GTG,CGG
1	228928043	NA	CT	C	38.415	PASS;TTTCTGTTCTTAGTTGTC	INDEL;IDV=4;IMF=1;DP=4;VDB=0.0058656;SGB=-0.556411;MQ0F=0;AC=2;AN=2;DP4=0,0,0,4;MQ=60;RB=1,228927888,228928126,CAA,GCT
1	18800822	NA	C	CAAA	9.90778	NEI_IND[26/870];CTGTCTCACAAAAAAAAA	INDEL;IDV=5;IMF=0.714286;DP=7;VDB=0.00328271;SGB=-0.590765;MQ0F=0;AC=2;AN=2;DP4=0,0,5,0;MQ=58;RB=1,18800787,18801126,GCA,ACA
1	18801000	NA	CTCTCTCTG	C	224	NEI_IND[36/1048];CTCTGTCTCTCTCTCTGT	INDEL;IDV=7;IMF=1;DP=7;VDB=6.71664e-05;SGB=-0.636426;MQ0F=0;AC=2;AN=2;DP4=0,0,0,7;MQ=60;RB=1,18800787,18801126,GCA,ACA
1	18801089	NA	T	TGTGTGGGTGTGC	224	NEI_IND[32/1063];AGGTGAGATGTGTGGGTG	INDEL;IDV=7;IMF=1;DP=7;VDB=6.71664e-05;SGB=-0.636426;MQ0F=0;AC=2;AN=2;DP4=0,0,0,7;MQ=60;RB=1,18800787,18801126,GCA,ACA
2	133824604	NA	TTA	T	106	MASKED;TTTATTTTTTATTTTTTT	INDEL;IDV=7;IMF=1;DP=7;VDB=6.71664e-05;SGB=-0.636426;MQ0F=0;AC=2;AN=2;DP4=0,0,7,0;MQ=60;RB=2,133824473,133824780,TGT,TTG
20	13254724	NA	GTA	G	167	MASKED;GTGTGTGTGTATGTGTGC	INDEL;IDV=6;IMF=1;DP=6;VDB=0.000411984;SGB=-0.616816;MQ0F=0;AC=2;AN=2;DP4=0,0,0,6;MQ=60;RB=20,13254177,13254737,GGC,CCC
6	139708890	NA	CTT	C	132	MASKED;TTTTCAGTCTTTCTTTCC	INDEL;IDV=4;IMF=1;DP=4;VDB=0.0058656;SGB=-0.556411;MQ0F=0;AC=2;AN=2;DP4=0,0,0,4;MQ=60;RB=6,139708487,139708999,ATC,GGG
9	119760868	NA	CCATG	C	224	MASKED;CCATACATCCATGCATCC	INDEL;IDV=7;IMF=1;DP=7;VDB=6.71664e-05;SGB=-0.636426;MQ0F=0;AC=2;AN=2;DP4=0,0,0,7;MQ=60;RB=9,119760243,119760886,AGG,CCT
1	220896815	NA	AAAAG	A	5.7555	NEI_IND[25/941];AAAAAAAAAAAAGAAAGT	INDEL;IDV=3;IMF=0.75;DP=3;VDB=0.0295886;SGB=-0.511536;MQ0F=0;AC=2;AN=2;DP4=0,0,3,0;MQ=60;RB=1,220896763,220897049,CGT,AAT
3	32961987	NA	A	ATC	44.4146	PASS;ATCTATCTATATCTATTA	INDEL;IDV=5;IMF=1;DP=5;VDB=0.00187095;SGB=-0.590765;MQ0F=0;AC=2;AN=2;DP4=0,0,5,0;MQ=60;RB=3,32961867,32962255,CTT,TTA
15	68204616	NA	AG	A	101	PASS;CGTCTGAGAGGTGAGTTA	INDEL;IDV=6;IMF=1;DP=6;VDB=0.000411984;SGB=-0.616816;MQ0F=0;AC=2;AN=2;DP4=0,0,0,6;MQ=60;RB=15,68204363,68204635,TTC,CGG
12	16395303	NA	GACTTTTAACCCA	G	225	NEI_IND[82/851];GTATCAGGGACTTTTAAC	INDEL;IDV=8;IMF=1;DP=8;VDB=1.33331e-05;SGB=-0.651104;MQ0F=0;AC=2;AN=2;DP4=0,0,0,8;MQ=60;RB=12,16395060,16395338,GAT,GGC
13	31949870	NA	G	GTATA,GTA	84	NEI_IND[62/930];GTGTGCGTGTATATATAT	INDEL;IDV=5;IMF=0.833333;DP=6;VDB=0.000757573;SGB=-0.590765;MQ0F=0;AC=1,1;AN=2;DP4=0,1,0,5;MQ=60;RB=13,31949662,31949960,TCA,ACC
13	31949946	NA	TA	T	64	MASKED;AATTTAAATAAAATTTTT	INDEL;IDV=6;IMF=1;DP=6;VDB=0.000411984;SGB=-0.616816;MQ0F=0;AC=2;AN=2;DP4=0,0,0,6;MQ=60;RB=13,31949662,31949960,TCA,ACC
16	87393615	NA	AG	A	108	PASS;CAGCCTCCAGGAACACCC	INDEL;IDV=7;IMF=1;DP=7;VDB=6.71664e-05;SGB=-0.636426;MQ0F=0;AC=2;AN=2;DP4=0,0,0,7;MQ=60;RB=16,87393185,87393636,GTT,TAA
1	193834773	NA	T	TTCTAGAAGAC	125	NEI_IND[45/658];TGTTTTTGTTATGTTAAT	INDEL;IDV=8;IMF=1;DP=8;VDB=1.33331e-05;SGB=-0.651104;MQ0F=0;AC=2;AN=2;DP4=0,0,8,0;MQ=60;RB=1,193834681,193835041,GCA,ATG
7	125351993	NA	TTTG	T	182	NEI_IND[31/909];TTGTTTTGTTTGTTTTGT	INDEL;IDV=5;IMF=1;DP=5;VDB=0.00187095;SGB=-0.590765;MQ0F=0;AC=2;AN=2;DP4=0,0,0,5;MQ=60;RB=7,125351708,125352006,CCT,GTA
13	23072627	NA	GTC	G	85	MASKED;GCGGGGGGGTCGGGTATG	INDEL;IDV=5;IMF=1;DP=5;VDB=0.00187095;SGB=-0.590765;MQ0F=0;AC=2;AN=2;DP4=0,0,0,5;MQ=60;RB=13,23072280,23072762,TTG,ATA
1	188562687	NA	T	TAGGTA	78	PASS;ATGATAGATGATAGATAG	INDEL;IDV=5;IMF=1;DP=5;VDB=0.0221621;SGB=-0.511536;MQ0F=0;AC=2;AN=2;DP4=0,0,0,3;MQ=60;RB=1,188562381,188562805,AAT,GTC
3	186992767	NA	AGGG	A	62	PASS;GGGGTGGGAGGGAAGAGT	INDEL;IDV=2;IMF=0.5;DP=4;VDB=0.02;SGB=-0.453602;MQ0F=0;AC=2;AN=2;DP4=0,0,0,2;MQ=60;RB=3,186992487,186992890,CCG,GCT
3	186992770	NA	G	GGGTGGC	47.4146	PASS;GTGGGAGGGAAGAGTCTG	INDEL;IDV=2;IMF=0.5;DP=2;VDB=0.02;SGB=-0.453602;MQ0F=0;AC=2;AN=2;DP4=0,0,0,2;MQ=60;RB=3,186992487,186992890,CCG,GCT
7	125351993	NA	TTTG	T	205	NEI_IND[31/909];TTGTTTTGTTTGTTTTGT	INDEL;IDV=6;IMF=1;DP=6;VDB=0.000411984;SGB=-0.616816;MQ0F=0;AC=2;AN=2;DP4=0,0,0,6;MQ=60;RB=7,125351709,125352006,AAC,AAA
6	23996993	NA	GGC	G	137	PASS;GCGGGGGAGGCCTCACAA	INDEL;IDV=4;IMF=1;DP=4;VDB=0.0058656;SGB=-0.556411;MQ0F=0;AC=2;AN=2;DP4=0,0,0,4;MQ=60;RB=6,23996516,23997005,ACT,AGT
2	165141539	NA	ATGTG	A	152	MASKED;ATATATGTATGTGTGTGT	INDEL;IDV=5;IMF=1;DP=5;VDB=0.00187095;SGB=-0.590765;MQ0F=0;AC=2;AN=2;DP4=0,0,5,0;MQ=60;RB=2,165141413,165142047,ATC,CCC
