CHROM	POS	ID	REF	ALT	QUAL	FILTER	INFO
8	71101283	NA	TTTTC	T	172	PASS;TTCTCTTCTTTTCTTTCT	INDEL;IDV=5;IMF=1;DP=5;VDB=0.00187095;SGB=-0.590765;MQ0F=0;AC=2;AN=2;DP4=0,0,0,5;MQ=60;RB=8,71100792,71101381,GTG,AAA
4	188296922	NA	ATT	A	70	PASS;TAATAATAATTTTTTAAA	INDEL;IDV=4;IMF=1;DP=4;VDB=0.0058656;SGB=-0.556411;MQ0F=0;AC=2;AN=2;DP4=0,0,4,0;MQ=60;RB=4,188296788,188297406,AGG,TTT
21	31773242	NA	TA	T	30.4183	NEI_IND[41/1016];AAAAATATTAAAAATATA	INDEL;IDV=4;IMF=1;DP=4;VDB=0.0058656;SGB=-0.556411;MQ0F=0;AC=2;AN=2;DP4=0,0,4,0;MQ=60;RB=21,31773107,31773398,AAA,AAA
18	68642546	NA	TTA	T	20.4535	MASKED;TTTTTTTTTTAAATGGAT	INDEL;IDV=6;IMF=1;DP=6;VDB=0.00187095;SGB=-0.590765;MQ0F=0;AC=2;AN=2;DP4=0,0,0,5;MQ=60;RB=18,68642364,68642654,GTT,GTG
4	118858735	NA	AGG	A	175	MASKED;AATTGTGAAGGGGAATTC	INDEL;IDV=7;IMF=1;DP=7;VDB=6.71664e-05;SGB=-0.636426;MQ0F=0;AC=2;AN=2;DP4=0,0,0,7;MQ=60;RB=4,118858190,118858804,GGG,GAT
4	63857679	NA	CT	C	60	MASKED;GCTGTATTCTTTTAAACA	INDEL;IDV=6;IMF=1;DP=6;VDB=0.000411984;SGB=-0.616816;MQ0F=0;AC=2;AN=2;DP4=0,0,0,6;MQ=60;RB=4,63857530,63857799,TCG,CCT
X	100354055	NA	C	CTT	144	PASS;CTTTCTGTCTCTGTCTGT	INDEL;IDV=4;IMF=1;DP=4;VDB=0.0058656;SGB=-0.556411;MQ0F=0;AC=2;AN=2;DP4=0,0,4,0;MQ=60;RB=X,100353921,100354384,CTC,GAA
7	92746571	NA	TTTGTTGTTG	T	224	MASKED;TCTTTCCGTTTGTTGTTG	INDEL;IDV=7;IMF=1;DP=7;VDB=6.71664e-05;SGB=-0.636426;MQ0F=0;AC=2;AN=2;DP4=0,0,0,7;MQ=60;RB=7,92746299,92746642,CCA,GGG
4	108845267	NA	TGC	T	136	MASKED;TGTGTGTGTGCGCGTGTG	INDEL;IDV=9;IMF=0.9;DP=10;VDB=1.03095e-06;SGB=-0.662043;MQ0F=0;ICB=1;HOB=0.5;AC=1;AN=2;DP4=0,1,0,9;MQ=60;RB=4,108844788,108845285,GTT,TCG
1	188371296	NA	CA	C	18.4763	MASKED;AACTTTACCAAAAAAAAT	INDEL;IDV=10;IMF=1;DP=10;VDB=6.99472e-07;SGB=-0.670168;MQ0F=0;AC=2;AN=2;DP4=0,0,10,0;MQ=60;RB=1,188371166,188371480,TTC,TAG
5	128897558	NA	TA	T	102	PASS;TATCTATCTAATCTATCT	INDEL;IDV=6;IMF=1;DP=6;VDB=0.000411984;SGB=-0.616816;MQ0F=0;AC=2;AN=2;DP4=0,0,6,0;MQ=60;RB=5,128897424,128897910,TCT,GGA
8	84524679	NA	CA	C	105	MASKED;AATAAAAGCAACTAAAAA	INDEL;IDV=6;IMF=1;DP=6;VDB=0.000411984;SGB=-0.616816;MQ0F=0;AC=2;AN=2;DP4=0,0,6,0;MQ=60;RB=8,84524566,84525102,AGC,AGT
1	188371296	NA	CA	C	18.4763	MASKED;AACTTTACCAAAAAAAAT	INDEL;IDV=9;IMF=0.9;DP=10;VDB=5.52906e-06;SGB=-0.662043;MQ0F=0;AC=2;AN=2;DP4=0,0,9,0;MQ=60;RB=1,188371166,188371480,CAG,GGC
17	80857226	NA	CGT	C	59	MASKED;CCTCAGTGCGTGTCCGCA	INDEL;IDV=5;IMF=1;DP=5;VDB=0.0058656;SGB=-0.556411;MQ0F=0;AC=2;AN=2;DP4=0,0,0,4;MQ=60;RB=17,80857009,80857358,CGG,CTA
11	22430113	NA	TA	T	86	PASS;GTAATCATTAAAATTTTA	INDEL;IDV=11;IMF=1;DP=11;VDB=2.26006e-08;SGB=-0.676189;MQ0F=0;AC=2;AN=2;DP4=0,0,0,11;MQ=60;RB=11,22429800,22430159,TGA,AGG
1	188371296	NA	CA	C	18.4763	MASKED;AACTTTACCAAAAAAAAT	INDEL;IDV=13;IMF=1;DP=13;VDB=2.26006e-08;SGB=-0.683931;MQ0F=0;AC=2;AN=2;DP4=0,0,13,0;MQ=60;RB=1,188371166,188371481,CAC,GTT
13	31949870	NA	G	GTA	81	NEI_IND[30/823];GTGTGCGTGTATATATAT	INDEL;IDV=4;IMF=0.666667;DP=6;VDB=0.000672184;SGB=-0.590765;MQ0F=0;ICB=1;HOB=0.5;AC=1;AN=2;DP4=0,1,0,5;MQ=60;RB=13,31949662,31949960,GGA,GAG
13	31949946	NA	TA	T	60	MASKED;AATTTAAATAAAATTTTT	INDEL;IDV=6;IMF=1;DP=6;VDB=0.000411984;SGB=-0.616816;MQ0F=0;AC=2;AN=2;DP4=0,0,0,6;MQ=60;RB=13,31949662,31949960,GGA,GAG
10	66908577	NA	TA	T	44.4146	MASKED;GGTAGAACTAAAAAGCCC	INDEL;IDV=6;IMF=1;DP=6;VDB=0.000411984;SGB=-0.616816;MQ0F=0;AC=2;AN=2;DP4=0,0,6,0;MQ=60;RB=10,66908465,66908722,GAC,GAG
1	188371296	NA	CA	C	18.4763	MASKED;AACTTTACCAAAAAAAAT	INDEL;IDV=11;IMF=0.916667;DP=12;VDB=6.99472e-07;SGB=-0.670168;MQ0F=0;AC=2;AN=2;DP4=0,0,10,0;MQ=60;RB=1,188371165,188371481,CCT,ACA
19	12411838	NA	AAATG	A	224	PASS;ATAAAATAAAATGAATAA	INDEL;IDV=7;IMF=1;DP=7;VDB=6.71664e-05;SGB=-0.636426;MQ0F=0;AC=2;AN=2;DP4=0,0,7,0;MQ=60;RB=19,12411708,12412041,AAA,GGT
1	169216366	NA	TCA	T	183	MASKED;AAATAAGATCACAGTTTT	INDEL;IDV=7;IMF=1;DP=7;VDB=6.71664e-05;SGB=-0.636426;MQ0F=0;AC=2;AN=2;DP4=0,0,7,0;MQ=60;RB=1,169216327,169216682,CCT,GGG
4	188296922	NA	ATT	A	116	PASS;TAATAATAATTTTTTAAA	INDEL;IDV=9;IMF=1;DP=9;VDB=5.52906e-06;SGB=-0.662043;MQ0F=0;AC=2;AN=2;DP4=0,0,9,0;MQ=60;RB=4,188296788,188297405,TGG,TTG
17	80857226	NA	CGT	C	41.4148	MASKED;CCTCAGTGCGTGTCCGCA	INDEL;IDV=4;IMF=1;DP=4;VDB=0.0058656;SGB=-0.556411;MQ0F=0;AC=2;AN=2;DP4=0,0,0,4;MQ=60;RB=17,80857009,80857358,TCG,TGT
4	93504806	NA	TTATA	T	132	NEI_IND[82/868];GATAATAATTATATATAT	INDEL;IDV=4;IMF=1;DP=4;VDB=0.0058656;SGB=-0.556411;MQ0F=0;AC=2;AN=2;DP4=0,0,4,0;MQ=60;RB=4,93504681,93504969,AAC,TAC
4	93504856	NA	T	TTA	141	NEI_IND[41/1108];CATATAATTTATATATAA	INDEL;IDV=4;IMF=1;DP=4;VDB=0.0058656;SGB=-0.556411;MQ0F=0;AC=2;AN=2;DP4=0,0,0,4;MQ=60;RB=4,93504681,93504969,AAC,TAC
12	16395303	NA	GACTTTTAACCCA	G	182	NEI_IND[118/523];GTATCAGGGACTTTTAAC	INDEL;IDV=5;IMF=1;DP=5;VDB=0.00187095;SGB=-0.590765;MQ0F=0;AC=2;AN=2;DP4=0,0,0,5;MQ=60;RB=12,16395061,16395338,CTC,AAG
7	148556597	NA	AAACAACAAC	A	224	NEI_IND[11/1019];TGTCTCAAAAACAACAAC	INDEL;IDV=7;IMF=1;DP=7;VDB=6.71664e-05;SGB=-0.636426;MQ0F=0;AC=2;AN=2;DP4=0,0,7,0;MQ=60;RB=7,148556563,148556887,GAT,TCA
10	95133353	NA	TA	T	16.5122	MASKED;CAGTGGTATAAAAAAACT	INDEL;IDV=5;IMF=1;DP=5;VDB=0.00187095;SGB=-0.590765;MQ0F=0;AC=2;AN=2;DP4=0,0,5,0;MQ=60;RB=10,95133327,95133656,AAT,AGG
1	188371296	NA	CA	C	18.4763	MASKED;AACTTTACCAAAAAAAAT	INDEL;IDV=10;IMF=1;DP=10;VDB=6.99472e-07;SGB=-0.670168;MQ0F=0;AC=2;AN=2;DP4=0,0,10,0;MQ=60;RB=1,188371165,188371480,CCA,ATG
12	16395303	NA	GACTTTTAACCCA	G	182	NEI_IND[118/523];GTATCAGGGACTTTTAAC	INDEL;IDV=5;IMF=1;DP=5;VDB=0.00187095;SGB=-0.590765;MQ0F=0;AC=2;AN=2;DP4=0,0,0,5;MQ=60;RB=12,16395060,16395338,CTA,GGG
X	38260891	NA	CA	C	67	PASS;CCTATTCCCAAACCCTTT	INDEL;IDV=4;IMF=1;DP=4;VDB=0.0162466;SGB=-0.556411;MQ0F=0;AC=2;AN=2;DP4=0,0,4,0;MQ=60;RB=X,38260878,38261164,CCG,ACT
17	32560294	NA	GA	G	84	PASS;GAAAGAAAGAAAGAAAGA	INDEL;IDV=5;IMF=1;DP=5;VDB=0.00187095;SGB=-0.590765;MQ0F=0;AC=2;AN=2;DP4=0,0,5,0;MQ=60;RB=17,32560159,32560533,GCC,TAT
11	92022700	NA	CACAT	C	107	MASKED;CACACACACACATATATA	INDEL;IDV=3;IMF=0.75;DP=3;VDB=0.0221621;SGB=-0.511536;MQ0F=0;AC=2;AN=2;DP4=0,0,0,3;MQ=60;RB=11,92022257,92022713,AAC,ATT
1	188371296	NA	CA	C	18.4763	MASKED;AACTTTACCAAAAAAAAT	INDEL;IDV=10;IMF=0.909091;DP=11;VDB=6.99472e-07;SGB=-0.670168;MQ0F=0;AC=2;AN=2;DP4=0,0,10,0;MQ=60;RB=1,188371166,188371480,TTG,GGG
22	16857938	NA	GCAATC	G	225	NEI_IND[32/1109];CTTCGAATGCAATCGAAT	INDEL;IDV=9;IMF=1;DP=9;VDB=5.52906e-06;SGB=-0.662043;MQ0F=0;AC=2;AN=2;DP4=0,0,9,0;MQ=60;RB=22,16857932,16858280,AGG,ACC
13	81081896	NA	ATCTG	A	225	NEI_IND[24/1013];ATCTATCTATCTGTCTAT	INDEL;IDV=9;IMF=1;DP=9;VDB=5.52906e-06;SGB=-0.662043;MQ0F=0;AC=2;AN=2;DP4=0,0,9,0;MQ=60;RB=13,81081817,81082354,TGA,GCG
8	17940852	NA	CT	C	99	PASS;TTCCTCTTCTGTAAAATG	INDEL;IDV=5;IMF=1;DP=5;VDB=0.00187095;SGB=-0.590765;MQ0F=0;AC=2;AN=2;DP4=0,0,0,5;MQ=60;RB=8,17940603,17940891,GTT,CCT
4	188296922	NA	ATT	A	76	PASS;TAATAATAATTTTTTAAA	INDEL;IDV=5;IMF=1;DP=5;VDB=0.00187095;SGB=-0.590765;MQ0F=0;AC=2;AN=2;DP4=0,0,5,0;MQ=60;RB=4,188296788,188297405,AAC,ACC
6	12167919	NA	AAT	A	152	NEI_IND[134/698];ATGTGTATAATATATATA	INDEL;IDV=6;IMF=1;DP=6;VDB=0.000411984;SGB=-0.616816;MQ0F=0;AC=2;AN=2;DP4=0,0,0,6;MQ=60;RB=6,12167779,12167942,GGA,CCA
7	89630573	NA	T	TA	49.4146	PASS;TATATATATTGTGTATAT	INDEL;IDV=7;IMF=1;DP=7;VDB=6.71664e-05;SGB=-0.636426;MQ0F=0;AC=2;AN=2;DP4=0,0,7,0;MQ=60;RB=7,89630443,89630930,CCA,TGT
