CHROM	POS	ID	REF	ALT	QUAL	FILTER	INFO
22	35164834	NA	TA	T	18.4763	MASKED;TATATAAATAAAAAAAAT	INDEL;IDV=9;IMF=1;DP=9;VDB=5.52906e-06;SGB=-0.662043;MQ0F=0;AC=2;AN=2;DP4=0,0,9,0;MQ=60;RB=22,35164777,35165132,AGA,GAA
22	35164885	NA	TGTCA	T	225	MASKED;AAACTATCTGTCAATTGT	INDEL;IDV=9;IMF=1;DP=9;VDB=5.52906e-06;SGB=-0.662043;MQ0F=0;AC=2;AN=2;DP4=0,0,9,0;MQ=60;RB=22,35164777,35165132,AGA,GAA
22	35164992	NA	CT	C	137	PASS;CATTCTGCCTGGTTATGA	INDEL;IDV=9;IMF=1;DP=9;VDB=5.52906e-06;SGB=-0.662043;MQ0F=0;AC=2;AN=2;DP4=0,0,0,9;MQ=60;RB=22,35164777,35165132,AGA,GAA
1	223268919	NA	AC	A	124	MASKED;CTCAAAAAACAAAACCAA	INDEL;IDV=7;IMF=1;DP=7;VDB=6.71664e-05;SGB=-0.636426;MQ0F=0;AC=2;AN=2;DP4=0,0,7,0;MQ=60;RB=1,223268880,223269265,AAA,TCT
1	223269211	NA	CTT	C	28.4205	NEI_IND[25/423];CTTTCTTTCTTTTTTTTT	INDEL;IDV=7;IMF=1;DP=7;VDB=6.71664e-05;SGB=-0.636426;MQ0F=0;AC=2;AN=2;DP4=0,0,0,7;MQ=60;RB=1,223268880,223269265,AAA,TCT
1	193834773	NA	T	TTCTAGAAGAC	29.4193	NEI_IND[45/658];TGTTTTTGTTATGTTAAT	INDEL;IDV=4;IMF=1;DP=4;VDB=0.0058656;SGB=-0.556411;MQ0F=0;AC=2;AN=2;DP4=0,0,4,0;MQ=60;RB=1,193834681,193835042,TTT,TTT
X	94397885	NA	TA	T	74	MASKED;TATCTATCTAATCTATCT	INDEL;IDV=4;IMF=1;DP=4;VDB=0.0058656;SGB=-0.556411;MQ0F=0;AC=2;AN=2;DP4=0,0,4,0;MQ=60;RB=X,94397761,94398378,GAT,TTC
17	63180939	NA	CTCT	C	121	NEI_IND[67/862];TCCTCTCTCTCTCCTTCC	INDEL;IDV=7;IMF=1;DP=7;VDB=0.0221621;SGB=-0.511536;MQ0F=0;AC=2;AN=2;DP4=0,0,0,3;MQ=60;RB=17,63180504,63181039,TTT,TCA
6	47622758	NA	ATATG	A	202	MASKED;ATATATATATATGTGTAT	INDEL;IDV=6;IMF=1;DP=6;VDB=0.000411984;SGB=-0.616816;MQ0F=0;AC=2;AN=2;DP4=0,0,6,0;MQ=60;RB=6,47622626,47623040,TCC,CCT
3	114968992	NA	TTAAG	T	224	MASKED;TGATATTATTAAGTAATT	INDEL;IDV=7;IMF=1;DP=7;VDB=6.71664e-05;SGB=-0.636426;MQ0F=0;AC=2;AN=2;DP4=0,0,7,0;MQ=60;RB=3,114968900,114969299,GTT,ATA
7	125351993	NA	TTTG	T	182	NEI_IND[31/909];TTGTTTTGTTTGTTTTGT	INDEL;IDV=5;IMF=1;DP=5;VDB=0.00187095;SGB=-0.590765;MQ0F=0;AC=2;AN=2;DP4=0,0,0,5;MQ=60;RB=7,125351708,125352006,TTA,AAA
4	132978116	NA	TCTG	T	150	MASKED;GTATTTTATCTGTTTTTT	INDEL;IDV=5;IMF=0.714286;DP=5;VDB=0.0058656;SGB=-0.556411;MQ0F=0;AC=2;AN=2;DP4=0,0,4,0;MQ=60;RB=4,132977984,132978352,GGT,GTT
1	233292825	NA	GTC	G	140	PASS;TGTGGAAAGTCTCTATCA	INDEL;IDV=5;IMF=1;DP=5;VDB=0.00187095;SGB=-0.590765;MQ0F=0;AC=2;AN=2;DP4=0,0,0,5;MQ=60;RB=1,233292622,233292935,ATT,ATA
1	193834773	NA	T	TTCTAGAAGAC	27.4221	NEI_IND[45/658];TGTTTTTGTTATGTTAAT	INDEL;IDV=6;IMF=1;DP=6;VDB=0.0058656;SGB=-0.556411;MQ0F=0;AC=2;AN=2;DP4=0,0,4,0;MQ=60;RB=1,193834681,193835041,TTA,AAC
11	109799881	NA	TCACACA	T	225	NEI_IND[28/814];TCTCTCTCTCACACACAC	INDEL;IDV=9;IMF=1;DP=9;VDB=5.52906e-06;SGB=-0.662043;MQ0F=0;AC=2;AN=2;DP4=0,0,0,9;MQ=60;RB=11,109799720,109800021,TTG,AAT
6	47622758	NA	ATATG	A	225	MASKED;ATATATATATATGTGTAT	INDEL;IDV=8;IMF=1;DP=8;VDB=1.33331e-05;SGB=-0.651104;MQ0F=0;AC=2;AN=2;DP4=0,0,8,0;MQ=60;RB=6,47622626,47623040,AAG,TCA
2	133824604	NA	TTA	T	114	MASKED;TTTATTTTTTATTTTTTT	INDEL;IDV=8;IMF=1;DP=8;VDB=1.33331e-05;SGB=-0.651104;MQ0F=0;AC=2;AN=2;DP4=0,0,8,0;MQ=60;RB=2,133824473,133824780,TTA,TTC
7	125351993	NA	TTTG	T	225	NEI_IND[31/909];TTGTTTTGTTTGTTTTGT	INDEL;IDV=8;IMF=1;DP=8;VDB=1.33331e-05;SGB=-0.651104;MQ0F=0;AC=2;AN=2;DP4=0,0,0,8;MQ=60;RB=7,125351708,125352006,ATT,GAA
7	125351993	NA	TTTG	T	182	NEI_IND[31/909];TTGTTTTGTTTGTTTTGT	INDEL;IDV=5;IMF=1;DP=5;VDB=0.00187095;SGB=-0.590765;MQ0F=0;AC=2;AN=2;DP4=0,0,0,5;MQ=60;RB=7,125351709,125352006,GAC,ACT
1	193834773	NA	T	TTCTAGAAGAC	44.4146	NEI_IND[45/658];TGTTTTTGTTATGTTAAT	INDEL;IDV=5;IMF=1;DP=5;VDB=0.0221621;SGB=-0.511536;MQ0F=0;AC=2;AN=2;DP4=0,0,3,0;MQ=60;RB=1,193834681,193835041,CCT,TGC
1	188562687	NA	T	TAGGTA	126	PASS;ATGATAGATGATAGATAG	INDEL;IDV=6;IMF=1;DP=6;VDB=0.000411984;SGB=-0.616816;MQ0F=0;AC=2;AN=2;DP4=0,0,0,6;MQ=60;RB=1,188562381,188562806,TAT,ATA
11	92022700	NA	CACAT	C	135	MASKED;CACACACACACATATATA	INDEL;IDV=4;IMF=1;DP=4;VDB=0.0058656;SGB=-0.556411;MQ0F=0;AC=2;AN=2;DP4=0,0,0,4;MQ=60;RB=11,92022256,92022713,TAT,AAT
13	31949870	NA	G	GTA	95	NEI_IND[62/930];GTGTGCGTGTATATATAT	INDEL;IDV=4;IMF=0.571429;DP=7;VDB=9.50611e-05;SGB=-0.556411;MQ0F=0;ICB=1;HOB=0.5;AC=1;AN=2;DP4=0,3,0,4;MQ=60;RB=13,31949663,31949960,TCG,AAG
13	31949946	NA	TA	T	71	MASKED;AATTTAAATAAAATTTTT	INDEL;IDV=7;IMF=1;DP=7;VDB=6.71664e-05;SGB=-0.636426;MQ0F=0;AC=2;AN=2;DP4=0,0,0,7;MQ=60;RB=13,31949663,31949960,TCG,AAG
17	63180939	NA	CTCT	C	30.4183	NEI_IND[67/862];TCCTCTCTCTCTCCTTCC	INDEL;IDV=6;IMF=1;DP=6;SGB=-0.379885;MQ0F=0;AC=2;AN=2;DP4=0,0,0,1;MQ=60;RB=17,63180504,63181039,GGT,ATT
1	193834773	NA	T	TTCTAGAAGAC	155	NEI_IND[45/658];TGTTTTTGTTATGTTAAT	INDEL;IDV=7;IMF=1;DP=7;VDB=6.71664e-05;SGB=-0.636426;MQ0F=0;AC=2;AN=2;DP4=0,0,7,0;MQ=60;RB=1,193834681,193835042,ATT,CCT
11	92022700	NA	CACAT	C	186	MASKED;CACACACACACATATATA	INDEL;IDV=8;IMF=1;DP=8;VDB=6.71664e-05;SGB=-0.636426;MQ0F=0;AC=2;AN=2;DP4=0,0,0,7;MQ=60;RB=11,92022256,92022712,ATA,GTC
9	119760868	NA	CCATG	C	225	MASKED;CCATACATCCATGCATCC	INDEL;IDV=8;IMF=1;DP=8;VDB=1.33331e-05;SGB=-0.651104;MQ0F=0;AC=2;AN=2;DP4=0,0,0,8;MQ=60;RB=9,119760243,119760886,GAC,CTT
11	69145325	NA	CCTT	C	182	MASKED;TCCCTCCTCCTTCTTTTT	INDEL;IDV=6;IMF=1;DP=6;VDB=0.00187095;SGB=-0.590765;MQ0F=0;AC=2;AN=2;DP4=0,0,0,5;MQ=60;RB=11,69144713,69145375,GGA,GGG
4	132978116	NA	TCTG	T	225	MASKED;GTATTTTATCTGTTTTTT	INDEL;IDV=8;IMF=0.888889;DP=8;VDB=1.33331e-05;SGB=-0.651104;MQ0F=0;AC=2;AN=2;DP4=0,0,8,0;MQ=60;RB=4,132977984,132978351,AGT,TTC
17	63180939	NA	CTCT	C	152	NEI_IND[67/862];TCCTCTCTCTCTCCTTCC	INDEL;IDV=5;IMF=1;DP=5;VDB=0.0058656;SGB=-0.556411;MQ0F=0;AC=2;AN=2;DP4=0,0,0,4;MQ=60;RB=17,63180504,63181039,TCT,TTT
19	3323426	NA	CAT	C	225	MASKED;CACACACACATGGCTCAG	INDEL;IDV=10;IMF=1;DP=10;VDB=6.99472e-07;SGB=-0.670168;MQ0F=0;AC=2;AN=2;DP4=0,0,0,10;MQ=60;RB=19,3323158,3323485,TAA,AGG
6	44615913	NA	CCTT	C	225	NEI_IND[96/1226];ATCTAGATCCTTCTCCTG	INDEL;IDV=9;IMF=1;DP=9;VDB=5.52906e-06;SGB=-0.662043;MQ0F=0;AC=2;AN=2;DP4=0,0,0,9;MQ=60;RB=6,44615613,44615923,CCT,CCC
20	48772777	NA	CTTTTTTTTTTTTT	CT,C	110	NEI_IND[65/799];TGATCTGACTTTTTTTTT	INDEL;IDV=5;IMF=1;DP=5;VDB=0.00215942;SGB=-0.590765;MQ0F=0;AC=1,1;AN=2;DP4=0,0,0,5;MQ=60;RB=20,48772557,48772836,TTT,ATG
16	80750936	NA	TGCAC	T	143	PASS;TGGATGGATGCACGGATG	INDEL;IDV=4;IMF=1;DP=4;VDB=0.0058656;SGB=-0.556411;MQ0F=0;AC=2;AN=2;DP4=0,0,0,4;MQ=60;RB=16,80750407,80750947,CTA,TCT
