CHROM	POS	ID	REF	ALT	QUAL	FILTER	INFO
X	30819838	NA	T	TGTGCCTA	8.99861	PASS;CCTCACCTTGCCTTGCCT	INDEL;IDV=5;IMF=1;DP=5;VDB=0.02;SGB=-0.453602;MQ0F=0;AC=2;AN=2;DP4=0,0,0,2;MQ=60;RB=X,30819535,30819851,ATT,CTG
13	31949870	NA	G	GTA	46.3267	NEI_IND[62/930];GTGTGCGTGTATATATAT	INDEL;IDV=4;IMF=0.8;DP=5;VDB=0.0207102;SGB=-0.556411;MQ0F=0;ICB=1;HOB=0.5;AC=1;AN=2;DP4=0,1,0,4;MQ=60;RB=13,31949662,31949960,TCT,GTG
13	31949946	NA	TA	T	56	MASKED;AATTTAAATAAAATTTTT	INDEL;IDV=5;IMF=1;DP=5;VDB=0.00286036;SGB=-0.590765;MQ0F=0;AC=2;AN=2;DP4=0,0,0,5;MQ=60;RB=13,31949662,31949960,TCT,GTG
X	94397885	NA	TA	T	88	MASKED;TATCTATCTAATCTATCT	INDEL;IDV=5;IMF=1;DP=5;VDB=0.00187095;SGB=-0.590765;MQ0F=0;AC=2;AN=2;DP4=0,0,5,0;MQ=60;RB=X,94397761,94398379,ATA,TAT
6	47622758	NA	ATATG	A	205	MASKED;ATATATATATATGTGTAT	INDEL;IDV=6;IMF=1;DP=6;VDB=0.000411984;SGB=-0.616816;MQ0F=0;AC=2;AN=2;DP4=0,0,6,0;MQ=60;RB=6,47622626,47623040,ACC,GTT
9	119760868	NA	CCATG	C	135	MASKED;CCATACATCCATGCATCC	INDEL;IDV=4;IMF=1;DP=4;VDB=0.0058656;SGB=-0.556411;MQ0F=0;AC=2;AN=2;DP4=0,0,0,4;MQ=60;RB=9,119760243,119760886,TCC,GTT
12	81540710	NA	AAAGAAAGCATGAC	A	225	PASS;AAGATTGAAAAGAAAGCA	INDEL;IDV=8;IMF=1;DP=8;VDB=1.60207e-05;SGB=-0.651104;MQ0F=0;AC=2;AN=2;DP4=0,0,0,8;MQ=60;RB=12,81540460,81540847,ACT,GTT
16	14084368	NA	ATACGTG	A	205	MASKED;ACACATATATACGTGTAT	INDEL;IDV=6;IMF=1;DP=6;VDB=0.000411984;SGB=-0.616816;MQ0F=0;AC=2;AN=2;DP4=0,0,0,6;MQ=60;RB=16,14084059,14084392,GTT,TTT
12	16395303	NA	GACTTTTAACCCA	G	224	NEI_IND[82/851];GTATCAGGGACTTTTAAC	INDEL;IDV=7;IMF=1;DP=7;VDB=6.71664e-05;SGB=-0.636426;MQ0F=0;AC=2;AN=2;DP4=0,0,0,7;MQ=60;RB=12,16395060,16395338,TGA,TTG
18	57354645	NA	GTTTT	G	171	MASKED;GTGCCTGTGTTTTTTTCT	INDEL;IDV=6;IMF=1;DP=6;VDB=0.00187095;SGB=-0.590765;MQ0F=0;AC=2;AN=2;DP4=0,0,5,0;MQ=60;RB=18,57354520,57355130,GGC,AAA
1	69125009	NA	TTA	T	132	NEI_IND[152/685];ATATATATTTATATATTT	INDEL;IDV=5;IMF=1;DP=5;VDB=0.00187095;SGB=-0.590765;MQ0F=0;AC=2;AN=2;DP4=0,0,5,0;MQ=60;RB=1,69124876,69125214,CTG,CGA
1	188562687	NA	T	TAGGTA	168	PASS;ATGATAGATGATAGATAG	INDEL;IDV=7;IMF=1;DP=7;VDB=0.000133588;SGB=-0.636426;MQ0F=0;AC=2;AN=2;DP4=0,0,0,7;MQ=60;RB=1,188562381,188562805,AAA,ATG
11	92022700	NA	CACAT	C	164	MASKED;CACACACACACATATATA	INDEL;IDV=5;IMF=1;DP=5;VDB=0.00187095;SGB=-0.590765;MQ0F=0;AC=2;AN=2;DP4=0,0,0,5;MQ=60;RB=11,92022256,92022713,GAT,TCA
11	69145325	NA	CCTT	C	182	MASKED;TCCCTCCTCCTTCTTTTT	INDEL;IDV=5;IMF=1;DP=5;VDB=0.00187095;SGB=-0.590765;MQ0F=0;AC=2;AN=2;DP4=0,0,0,5;MQ=60;RB=11,69144713,69145376,GAA,GGA
14	74432270	NA	AC	A	97	PASS;CTACAAATACAAAAATTA	INDEL;IDV=8;IMF=1;DP=8;VDB=0.706942;SGB=-0.616816;MQSB=0.861511;MQ0F=0;AC=2;AN=2;DP4=0,0,3,3;MQ=60;RB=14,74432144,74432361,GCT,GTA
11	33181488	NA	A	AC	88	PASS;TTTTCACCACCATCTGTC	INDEL;IDV=4;IMF=1;DP=4;VDB=0.0058656;SGB=-0.556411;MQ0F=0;AC=2;AN=2;DP4=0,0,4,0;MQ=60;RB=11,33181445,33181700,CTG,ATT
2	165141539	NA	ATGTG	A	200	MASKED;ATATATGTATGTGTGTGT	INDEL;IDV=6;IMF=1;DP=6;VDB=0.000411984;SGB=-0.616816;MQ0F=0;AC=2;AN=2;DP4=0,0,6,0;MQ=60;RB=2,165141413,165142048,ACG,TCT
16	14084368	NA	ATACGTG	A	205	MASKED;ACACATATATACGTGTAT	INDEL;IDV=6;IMF=1;DP=6;VDB=0.000411984;SGB=-0.616816;MQ0F=0;AC=2;AN=2;DP4=0,0,0,6;MQ=60;RB=16,14084060,14084392,AAG,TTA
11	109799881	NA	TCACACA	T	225	NEI_IND[28/814];TCTCTCTCTCACACACAC	INDEL;IDV=8;IMF=1;DP=8;VDB=1.33331e-05;SGB=-0.651104;MQ0F=0;AC=2;AN=2;DP4=0,0,0,8;MQ=60;RB=11,109799719,109800020,AGT,AAG
9	119760868	NA	CCATG	C	224	MASKED;CCATACATCCATGCATCC	INDEL;IDV=7;IMF=1;DP=7;VDB=6.71664e-05;SGB=-0.636426;MQ0F=0;AC=2;AN=2;DP4=0,0,0,7;MQ=60;RB=9,119760243,119760886,GGG,ATT
2	133824604	NA	TTA	T	134	MASKED;TTTATTTTTTATTTTTTT	INDEL;IDV=13;IMF=1;DP=13;VDB=2.26006e-08;SGB=-0.683931;MQ0F=0;AC=2;AN=2;DP4=0,0,13,0;MQ=60;RB=2,133824473,133824780,GTT,GTG
1	193834773	NA	T	TTCTAGAAGAC	127	NEI_IND[45/658];TGTTTTTGTTATGTTAAT	INDEL;IDV=9;IMF=1;DP=9;VDB=1.33331e-05;SGB=-0.651104;MQ0F=0;AC=2;AN=2;DP4=0,0,8,0;MQ=60;RB=1,193834681,193835042,CAA,GAA
6	98634036	NA	ATGCAAG	A	154	PASS;ACACACACATGCAAGCAC	INDEL;IDV=4;IMF=1;DP=4;VDB=0.0058656;SGB=-0.556411;MQ0F=0;AC=2;AN=2;DP4=0,0,0,4;MQ=60;RB=6,98633588,98634050,CTG,GGA
X	95132449	NA	CTTTCTTTCTT	C	205	NEI_IND[10/394];TTTTCTTTCTTTCTTTCT	INDEL;IDV=6;IMF=1;DP=6;VDB=0.000411984;SGB=-0.616816;MQ0F=0;AC=2;AN=2;DP4=0,0,0,6;MQ=60;RB=X,95132162,95132590,AAG,CTC
7	125351993	NA	TTTG	T	182	NEI_IND[31/909];TTGTTTTGTTTGTTTTGT	INDEL;IDV=5;IMF=1;DP=5;VDB=0.00187095;SGB=-0.590765;MQ0F=0;AC=2;AN=2;DP4=0,0,0,5;MQ=60;RB=7,125351708,125352006,CTT,ATT
9	119760868	NA	CCATG	C	161	MASKED;CCATACATCCATGCATCC	INDEL;IDV=6;IMF=1;DP=6;VDB=0.000411984;SGB=-0.616816;MQ0F=0;AC=2;AN=2;DP4=0,0,0,6;MQ=60;RB=9,119760242,119760886,CAT,CCT
7	125351993	NA	TTTG	T	154	NEI_IND[31/909];TTGTTTTGTTTGTTTTGT	INDEL;IDV=4;IMF=1;DP=4;VDB=0.0058656;SGB=-0.556411;MQ0F=0;AC=2;AN=2;DP4=0,0,0,4;MQ=60;RB=7,125351709,125352006,TTG,CAT
1	187973003	NA	CTT	C	152	MASKED;GGATGAGTCTTTAGGGTT	INDEL;IDV=5;IMF=1;DP=5;VDB=0.00187095;SGB=-0.590765;MQ0F=0;AC=2;AN=2;DP4=0,0,5,0;MQ=60;RB=1,187972892,187973339,CCT,CGA
1	187973293	NA	G	GT	7.30725	NEI_IND[40/1051];TCTTGAGGGTTTTTTTTT	INDEL;IDV=5;IMF=1;DP=5;VDB=0.00187095;SGB=-0.590765;MQ0F=0;AC=2;AN=2;DP4=0,0,0,5;MQ=60;RB=1,187972892,187973339,CCT,CGA
12	19986929	NA	CAT	C	177	MASKED;CACACACACATACACACA	INDEL;IDV=6;IMF=0.857143;DP=6;VDB=0.000411984;SGB=-0.616816;MQ0F=0;AC=2;AN=2;DP4=0,0,6,0;MQ=60;RB=12,19986812,19987210,GGA,TCG
7	125351993	NA	TTTG	T	225	NEI_IND[31/909];TTGTTTTGTTTGTTTTGT	INDEL;IDV=8;IMF=1;DP=8;VDB=1.33331e-05;SGB=-0.651104;MQ0F=0;AC=2;AN=2;DP4=0,0,0,8;MQ=60;RB=7,125351708,125352006,TGA,AAT
22	27117059	NA	G	GCACGACACACT	225	PASS;CCCCCACCGCACAACACA	INDEL;IDV=9;IMF=1;DP=9;VDB=5.52906e-06;SGB=-0.662043;MQ0F=0;AC=2;AN=2;DP4=0,0,0,9;MQ=60;RB=22,27116824,27117172,TAA,TGT
2	165141539	NA	ATGTG	A	126	MASKED;ATATATGTATGTGTGTGT	INDEL;IDV=4;IMF=1;DP=4;VDB=0.0058656;SGB=-0.556411;MQ0F=0;AC=2;AN=2;DP4=0,0,4,0;MQ=60;RB=2,165141412,165142048,CAT,CGA
18	77614252	NA	CCT	C	95	PASS;CCCCAGCCCCTGTGTGAG	INDEL;IDV=4;IMF=1;DP=4;VDB=0.0058656;SGB=-0.556411;MQ0F=0;AC=2;AN=2;DP4=0,0,0,4;MQ=60;RB=18,77614090,77614323,CCT,TTG
11	109799881	NA	TCACACA	T	154	NEI_IND[28/814];TCTCTCTCTCACACACAC	INDEL;IDV=4;IMF=1;DP=4;VDB=0.0058656;SGB=-0.556411;MQ0F=0;AC=2;AN=2;DP4=0,0,0,4;MQ=60;RB=11,109799720,109800021,TTC,GAT
20	13254724	NA	GTA	G	129	MASKED;GTGTGTGTGTATGTGTGC	INDEL;IDV=4;IMF=1;DP=4;VDB=0.0058656;SGB=-0.556411;MQ0F=0;AC=2;AN=2;DP4=0,0,0,4;MQ=60;RB=20,13254176,13254738,CAA,TCA
9	6397603	NA	AG	A	126	PASS;AGAAAGAAAGAAAGAAAA	INDEL;IDV=9;IMF=0.9;DP=10;VDB=5.52906e-06;SGB=-0.662043;MQ0F=0;AC=2;AN=2;DP4=0,0,9,0;MQ=60;RB=9,6397468,6397995,CAC,ACT
2	133824604	NA	TTA	T	70	MASKED;TTTATTTTTTATTTTTTT	INDEL;IDV=4;IMF=1;DP=4;VDB=0.0058656;SGB=-0.556411;MQ0F=0;AC=2;AN=2;DP4=0,0,4,0;MQ=60;RB=2,133824474,133824781,GAC,GTA
1	193834773	NA	T	TTCTAGAAGAC	106	NEI_IND[45/658];TGTTTTTGTTATGTTAAT	INDEL;IDV=6;IMF=1;DP=6;VDB=0.000411984;SGB=-0.616816;MQ0F=0;AC=2;AN=2;DP4=0,0,6,0;MQ=60;RB=1,193834681,193835041,GTT,ACG
7	13775202	NA	TTCTC	T	224	MASKED;CTTAGATCTTCTCTCTCT	INDEL;IDV=7;IMF=1;DP=7;VDB=6.71664e-05;SGB=-0.636426;MQ0F=0;AC=2;AN=2;DP4=0,0,7,0;MQ=60;RB=7,13775100,13775464,CGT,TCG
22	27117059	NA	G	GCACGACACACT	182	PASS;CCCCCACCGCACAACACA	INDEL;IDV=5;IMF=1;DP=5;VDB=0.00187095;SGB=-0.590765;MQ0F=0;AC=2;AN=2;DP4=0,0,0,5;MQ=60;RB=22,27116824,27117172,GTT,GCA
7	125351993	NA	TTTG	T	182	NEI_IND[31/909];TTGTTTTGTTTGTTTTGT	INDEL;IDV=5;IMF=1;DP=5;VDB=0.00187095;SGB=-0.590765;MQ0F=0;AC=2;AN=2;DP4=0,0,0,5;MQ=60;RB=7,125351709,125352006,ATC,CGT
1	178990216	NA	A	ACAAGCTC	154	PASS;AAAGAAAAAAAAGCTCCC	INDEL;IDV=4;IMF=1;DP=4;VDB=0.0058656;SGB=-0.556411;MQ0F=0;AC=2;AN=2;DP4=0,0,4,0;MQ=60;RB=1,178990172,178990397,ATT,ATG
1	193834773	NA	T	TTCTAGAAGAC	95	NEI_IND[45/658];TGTTTTTGTTATGTTAAT	INDEL;IDV=10;IMF=1;DP=10;VDB=5.52906e-06;SGB=-0.662043;MQ0F=0;AC=2;AN=2;DP4=0,0,9,0;MQ=60;RB=1,193834681,193835041,TCA,CTC
1	193834773	NA	T	TTCTAGAAGAC	40.4148	NEI_IND[45/658];TGTTTTTGTTATGTTAAT	INDEL;IDV=6;IMF=1;DP=6;VDB=0.000411984;SGB=-0.616816;MQ0F=0;AC=2;AN=2;DP4=0,0,6,0;MQ=60;RB=1,193834681,193835042,TCT,TTA
2	133824604	NA	TTA	T	85	MASKED;TTTATTTTTTATTTTTTT	INDEL;IDV=5;IMF=1;DP=5;VDB=0.00187095;SGB=-0.590765;MQ0F=0;AC=2;AN=2;DP4=0,0,5,0;MQ=60;RB=2,133824474,133824780,CAG,ACC
