CHROM	POS	ID	REF	ALT	QUAL	FILTER	INFO
14	40191367	NA	TG	T	60	MASKED;TTGTACTTTGGGGATTTG	INDEL;IDV=11;IMF=1;DP=11;VDB=0.000411984;SGB=-0.616816;MQ0F=0;AC=2;AN=2;DP4=0,0,6,0;MQ=60;RB=14,40191261,40191493,GAA,CAG
2	156424359	NA	ACT	A	217	PASS;TTATTTTTACTTTTTTAA	INDEL;IDV=10;IMF=1;DP=10;VDB=0.560195;SGB=-0.670168;MQSB=0.952347;MQ0F=0;AC=2;AN=2;DP4=0,0,5,5;MQ=60;RB=2,156424248,156424458,ATG,TGG
2	156424423	NA	C	CAT	161	NEI_IND[63/756];TTGCCTAACTTTATGGAT	INDEL;IDV=5;IMF=1;DP=5;VDB=0.00187095;SGB=-0.590765;MQ0F=0;AC=2;AN=2;DP4=0,0,0,5;MQ=60;RB=2,156424248,156424458,ATG,TGG
1	42557860	NA	AT	A	71	PASS;ATAAGCTAATTTTGCTAA	INDEL;IDV=7;IMF=1;DP=7;VDB=6.71664e-05;SGB=-0.636426;MQ0F=0;AC=2;AN=2;DP4=0,0,0,7;MQ=60;RB=1,42557622,42557970,CCG,AAT
7	63339097	NA	TA	T	86	PASS;GACTATTTTAAAATTTTA	INDEL;IDV=11;IMF=1;DP=11;VDB=2.26006e-08;SGB=-0.676189;MQ0F=0;AC=2;AN=2;DP4=0,0,0,11;MQ=60;RB=7,63338783,63339139,AAA,ATT
11	5117715	NA	AT	A	81	PASS;GAGGTTGAATTTACCATT	INDEL;IDV=8;IMF=1;DP=8;VDB=1.33331e-05;SGB=-0.651104;MQ0F=0;AC=2;AN=2;DP4=0,0,0,8;MQ=60;RB=11,5117544,5117783,TCT,CGC
18	73857346	NA	T	TTC	205	PASS;TTTCTTTTTCCTATATAT	INDEL;IDV=6;IMF=1;DP=6;VDB=0.000411984;SGB=-0.616816;MQ0F=0;AC=2;AN=2;DP4=0,0,0,6;MQ=60;RB=18,73856961,73857357,GTT,TCT
X	26148667	NA	TA	T	135	MASKED;TACTGCCTTAACACTATT	INDEL;IDV=10;IMF=1;DP=10;VDB=6.99472e-07;SGB=-0.670168;MQ0F=0;AC=2;AN=2;DP4=0,0,10,0;MQ=60;RB=X,26148586,26148892,GTA,GGT
12	99449958	NA	ACAGT	A	205	PASS;AGAACAAAACAGTCATAG	INDEL;IDV=6;IMF=1;DP=6;VDB=0.000411984;SGB=-0.616816;MQ0F=0;AC=2;AN=2;DP4=0,0,0,6;MQ=60;RB=12,99449715,99450005,GCT,GGA
20	12279715	NA	CCTCTGG	C	205	PASS;GGACTCATCCTCTGGCTC	INDEL;IDV=6;IMF=1;DP=6;VDB=0.000411984;SGB=-0.616816;MQ0F=0;AC=2;AN=2;DP4=0,0,0,6;MQ=60;RB=20,12279560,12279767,ATG,ATT
16	59864419	NA	TA	T	20.4535	PASS;TAATTACTTAAAAAAATA	INDEL;IDV=6;IMF=1;DP=6;VDB=0.000411984;SGB=-0.616816;MQ0F=0;AC=2;AN=2;DP4=0,0,6,0;MQ=60;RB=16,59864351,59864643,GAC,TAT
3	78324475	NA	TA	T	85	PASS;TATGTTTCTAAATTCAAG	INDEL;IDV=6;IMF=1;DP=6;VDB=0.000411984;SGB=-0.616816;MQ0F=0;AC=2;AN=2;DP4=0,0,6,0;MQ=60;RB=3,78324343,78324643,GCT,CCA
20	55198249	NA	TC	T	38.415	MASKED;ACCTCCCCTCCCCCAACC	INDEL;IDV=10;IMF=1;DP=10;VDB=0.00187095;SGB=-0.590765;MQ0F=0;AC=2;AN=2;DP4=0,0,5,0;MQ=60;RB=20,55198170,55198376,GAT,CAG
13	84765791	NA	GA	G	150	PASS;CATGTCCTGACCCCTAAC	INDEL;IDV=11;IMF=1;DP=11;VDB=2.26006e-08;SGB=-0.676189;MQ0F=0;AC=2;AN=2;DP4=0,0,11,0;MQ=60;RB=13,84765726,84765996,CTC,CTA
16	65235949	NA	GT	G	23.434	PASS;CCTGGCTCGTTTTTTTGT	INDEL;IDV=7;IMF=1;DP=7;VDB=6.71664e-05;SGB=-0.636426;MQ0F=0;AC=2;AN=2;DP4=0,0,0,7;MQ=60;RB=16,65235661,65235981,TAC,CCG
2	222487992	NA	TA	T	12.6563	PASS;GCTAACTTTAAAAAAAAA	INDEL;IDV=8;IMF=1;DP=8;VDB=1.33331e-05;SGB=-0.651104;MQ0F=0;AC=2;AN=2;DP4=0,0,8,0;MQ=60;RB=2,222487971,222488262,ATG,GTG
11	37670072	NA	G	GT	18.4763	PASS;ATTTTTCTGTTTTTTTTC	INDEL;IDV=9;IMF=1;DP=9;VDB=5.52906e-06;SGB=-0.662043;MQ0F=0;AC=2;AN=2;DP4=0,0,0,9;MQ=60;RB=11,37669865,37670122,ACC,TTT
12	60434118	NA	TA	T	64	PASS;CTAAAGGATAAAATTATG	INDEL;IDV=6;IMF=1;DP=6;VDB=0.000411984;SGB=-0.616816;MQ0F=0;AC=2;AN=2;DP4=0,0,0,6;MQ=60;RB=12,60433907,60434152,GGC,CGT
8	75612984	NA	G	GT	39.4149	PASS;TAATGGATGTTTTTTCAG	INDEL;IDV=8;IMF=1;DP=8;VDB=1.33331e-05;SGB=-0.651104;MQ0F=0;AC=2;AN=2;DP4=0,0,8,0;MQ=60;RB=8,75612961,75613218,GTG,ACG
1	55845088	NA	TCA	T	225	MASKED;TTGCACATTCATTTGCTG	INDEL;IDV=10;IMF=1;DP=10;VDB=6.99472e-07;SGB=-0.670168;MQ0F=0;AC=2;AN=2;DP4=0,0,10,0;MQ=60;RB=1,55845016,55845399,AGG,GAG
10	131879946	NA	GA	G	125	PASS;TCCACCTGGAAATTTAAG	INDEL;IDV=10;IMF=1;DP=10;VDB=6.99472e-07;SGB=-0.670168;MQ0F=0;AC=2;AN=2;DP4=0,0,10,0;MQ=60;RB=10,131879893,131880225,CGA,CTA
5	85630143	NA	GAATAT	G	224	MASKED;TCCTTTAAGAATATAACA	INDEL;IDV=7;IMF=1;DP=7;VDB=6.71664e-05;SGB=-0.636426;MQ0F=0;AC=2;AN=2;DP4=0,0,7,0;MQ=60;RB=5,85630075,85630394,ACA,CTG
2	228103961	NA	TA	T	16.5122	MASKED;AATACAAATAAAAAAATG	INDEL;IDV=5;IMF=1;DP=5;VDB=0.00187095;SGB=-0.590765;MQ0F=0;AC=2;AN=2;DP4=0,0,0,5;MQ=60;RB=2,228103729,228103986,GTT,TAT
19	31495749	NA	CTCTCTTA	C	205	MASKED;TAGCCTCCCTCTCTTATC	INDEL;IDV=6;IMF=1;DP=6;VDB=0.000481013;SGB=-0.616816;MQ0F=0;AC=2;AN=2;DP4=0,0,0,6;MQ=60;RB=19,31495400,31495842,GTA,CCC
5	163382750	NA	GC	G	121	PASS;AAGACAAAGCTTAATTTC	INDEL;IDV=7;IMF=1;DP=7;VDB=6.71664e-05;SGB=-0.636426;MQ0F=0;AC=2;AN=2;DP4=0,0,7,0;MQ=60;RB=5,163382637,163383017,GTT,GGC
10	131879946	NA	GA	G	114	PASS;TCCACCTGGAAATTTAAG	INDEL;IDV=8;IMF=1;DP=8;VDB=1.33331e-05;SGB=-0.651104;MQ0F=0;AC=2;AN=2;DP4=0,0,8,0;MQ=60;RB=10,131879894,131880225,CGG,GGT
4	101708841	NA	ATAT	A	225	MASKED;CAATCATAATATTTCATG	INDEL;IDV=12;IMF=1;DP=12;VDB=2.26006e-08;SGB=-0.680642;MQ0F=0;AC=2;AN=2;DP4=0,0,12,0;MQ=60;RB=4,101708774,101709036,AAC,CCG
1	42557860	NA	AT	A	78	PASS;ATAAGCTAATTTTGCTAA	INDEL;IDV=9;IMF=1;DP=9;VDB=5.52906e-06;SGB=-0.662043;MQ0F=0;AC=2;AN=2;DP4=0,0,0,9;MQ=60;RB=1,42557621,42557969,ACT,CCC
2	235133213	NA	GAT	G	169	MASKED;TTTTGGTAGATATATATA	INDEL;IDV=8;IMF=1;DP=8;VDB=1.33331e-05;SGB=-0.651104;MQ0F=0;AC=2;AN=2;DP4=0,0,0,8;MQ=60;RB=2,235132856,235133306,TGA,CTG
16	53658308	NA	CA	C	29.4193	MASKED;TAAAAATACAAAAAAATT	INDEL;IDV=13;IMF=1;DP=13;VDB=2.26006e-08;SGB=-0.680642;MQ0F=0;AC=2;AN=2;DP4=0,0,0,12;MQ=60;RB=16,53658146,53658392,GAT,TGC
9	7102309	NA	CTTTTTTTTTT	C	142	NEI_IND[40/882];GGTTTTCCCTTTTTTTTT	INDEL;IDV=8;IMF=1;DP=8;VDB=1.33331e-05;SGB=-0.651104;MQ0F=0;AC=2;AN=2;DP4=0,0,8,0;MQ=60;RB=9,7102295,7102639,TAT,ATT
1	49358897	NA	TA	T	45.4146	PASS;TACCAACCTAAAATGTAC	INDEL;IDV=4;IMF=1;DP=4;VDB=0.0058656;SGB=-0.556411;MQ0F=0;AC=2;AN=2;DP4=0,0,0,4;MQ=60;RB=1,49358715,49358968,TTC,ACC
20	54168664	NA	GA	G	58	PASS;TGAAAACAGAAAAATAGT	INDEL;IDV=10;IMF=1;DP=10;VDB=6.99472e-07;SGB=-0.670168;MQ0F=0;AC=2;AN=2;DP4=0,0,10,0;MQ=60;RB=20,54168531,54168835,GTG,ACT
20	54168805	NA	T	TAATC	225	NEI_IND[29/810];ACACGAAATAAAAAGGAA	INDEL;IDV=10;IMF=1;DP=10;VDB=6.99472e-07;SGB=-0.670168;MQ0F=0;AC=2;AN=2;DP4=0,0,0,10;MQ=60;RB=20,54168531,54168835,GTG,ACT
18	34749462	NA	TTGTGTG	T	182	MASKED;TGTTGTTATTGTGTGTGT	INDEL;IDV=5;IMF=1;DP=5;VDB=0.00187095;SGB=-0.590765;MQ0F=0;AC=2;AN=2;DP4=0,0,0,5;MQ=60;RB=18,34749209,34749535,TGA,GTG
15	38038360	NA	TA	T	11.7169	MASKED;AAGTATAATAAAAAAAAA	INDEL;IDV=7;IMF=1;DP=7;VDB=6.71664e-05;SGB=-0.636426;MQ0F=0;AC=2;AN=2;DP4=0,0,7,0;MQ=60;RB=15,38038335,38038615,GTC,CCG
15	30091390	NA	TA	T	19.4636	MASKED;TAATATGATAAAAAAAAT	INDEL;IDV=11;IMF=1;DP=11;VDB=2.26006e-08;SGB=-0.676189;MQ0F=0;AC=2;AN=2;DP4=0,0,0,11;MQ=60;RB=15,30091078,30091517,TTA,TCC
7	134079831	NA	TTAA	T	225	MASKED;GATTTTAGTTAATAATAA	INDEL;IDV=9;IMF=1;DP=9;VDB=5.52906e-06;SGB=-0.662043;MQ0F=0;AC=2;AN=2;DP4=0,0,9,0;MQ=60;RB=7,134079768,134080067,TCG,AGT
14	23576881	NA	TTTTA	T	225	MASKED;TTATTTTATTTTATTTTT	INDEL;IDV=8;IMF=1;DP=8;VDB=1.33331e-05;SGB=-0.651104;MQ0F=0;AC=2;AN=2;DP4=0,0,8,0;MQ=60;RB=14,23576771,23577150,AAT,TTG
10	61246953	NA	TCA	T	152	PASS;ACTGGAGCTCACAGTTAA	INDEL;IDV=6;IMF=1;DP=6;VDB=0.000411984;SGB=-0.616816;MQ0F=0;AC=2;AN=2;DP4=0,0,6,0;MQ=60;RB=10,61246911,61247180,ATG,CCT
11	56598161	NA	ACT	A	118	MASKED;GAGAAAGAACTCTCTGTT	INDEL;IDV=7;IMF=1;DP=7;VDB=6.71664e-05;SGB=-0.636426;MQ0F=0;AC=2;AN=2;DP4=0,0,7,0;MQ=60;RB=11,56598102,56598379,GTA,TCC
3	137845806	NA	TA	T	125	PASS;CCTATCTCTACTAAAAAT	INDEL;IDV=10;IMF=1;DP=10;VDB=6.99472e-07;SGB=-0.670168;MQ0F=0;AC=2;AN=2;DP4=0,0,0,10;MQ=60;RB=3,137845635,137845911,GCC,TTA
12	111249148	NA	CA	C	6.51141	PASS;AAAAAAAACAAAAAAAAC	INDEL;IDV=7;IMF=1;DP=7;VDB=0.0058656;SGB=-0.556411;MQ0F=0;AC=2;AN=2;DP4=0,0,4,0;MQ=60;RB=12,111249098,111249258,GGT,GTT
12	111249220	NA	T	TTGTGTGTGTG,TTGTGTGTG	122	NEI_IND[25/834];GTGTGTGTTTGTGTGTGT	INDEL;IDV=4;IMF=0.5;DP=8;VDB=0.0949329;SGB=-0.556411;MQ0F=0;AC=1,1;AN=2;DP4=0,0,0,4;MQ=55;RB=12,111249098,111249258,GGT,GTT
2	125267405	NA	TG	T	88	MASKED;CAGTTTCATGGTGGTCTT	INDEL;IDV=5;IMF=1;DP=5;VDB=0.00187095;SGB=-0.590765;MQ0F=0;AC=2;AN=2;DP4=0,0,5,0;MQ=60;RB=2,125267277,125267722,ATA,TTT
4	157240117	NA	CAT	C	225	PASS;AATTCAGTCATTTCTGGA	INDEL;IDV=9;IMF=1;DP=9;VDB=5.52906e-06;SGB=-0.662043;MQ0F=0;AC=2;AN=2;DP4=0,0,0,9;MQ=60;RB=4,157239763,157240198,CGA,TTA
1	90703504	NA	GC	G	141	PASS;TTTGAGGAGCAGTTTTAA	INDEL;IDV=9;IMF=1;DP=9;VDB=5.52906e-06;SGB=-0.662043;MQ0F=0;AC=2;AN=2;DP4=0,0,0,9;MQ=60;RB=1,90703186,90703600,ACC,AAT
16	65475460	NA	GACATGA	G	225	MASKED;AAATATGTGACATGACTT	INDEL;IDV=8;IMF=1;DP=8;VDB=4.65567e-05;SGB=-0.651104;MQ0F=0;AC=2;AN=2;DP4=0,0,8,0;MQ=60;RB=16,65475399,65475595,CCG,CCC
16	65475516	NA	G	GTTT	92	PASS;AAGAAGCAGTTTTTTTTT	INDEL;IDV=15;IMF=0.9375;DP=16;VDB=0.42647;SGB=-0.686358;MQSB=0.966012;MQ0F=0;AC=2;AN=2;DP4=0,0,7,7;MQ=60;RB=16,65475399,65475595,CCG,CCC
5	162815276	NA	AG	A	113	MASKED;ACGAGCACAGCATGAGGG	INDEL;IDV=6;IMF=1;DP=6;VDB=0.000411984;SGB=-0.616816;MQ0F=0;AC=2;AN=2;DP4=0,0,0,6;MQ=60;RB=5,162814975,162815310,CAT,CAC
9	132876308	NA	CTTTTTT	CT,C	42.7089	NEI_IND[62/599];TTCTCATTCTTTTTTTTT	INDEL;IDV=5;IMF=0.714286;DP=7;VDB=0.000411984;SGB=-0.616816;MQ0F=0;AC=1,1;AN=2;DP4=0,0,6,0;MQ=60;RB=9,132876253,132876584,GCT,TTC
9	132876521	NA	AC	A	115	MASKED;TAGCGCACACCTGTAATC	INDEL;IDV=7;IMF=1;DP=7;VDB=6.71664e-05;SGB=-0.636426;MQ0F=0;AC=2;AN=2;DP4=0,0,0,7;MQ=60;RB=9,132876253,132876584,GCT,TTC
2	99779654	NA	AC	A	111	MASKED;AAAAAAAAACAAAACACA	INDEL;IDV=8;IMF=0.8;DP=8;VDB=0.00011279;SGB=-0.636426;MQ0F=0;AC=2;AN=2;DP4=0,0,7,0;MQ=60;RB=2,99779601,99779841,GTT,TTG
10	95990090	NA	AT	A	6.51141	MASKED;AAAACAAAATTTTTTTTT	INDEL;IDV=6;IMF=1;DP=6;VDB=0.000411984;SGB=-0.616816;MQ0F=0;AC=2;AN=2;DP4=0,0,0,6;MQ=60;RB=10,95989741,95990132,CCC,TGG
3	22564123	NA	TG	T	94	MASKED;TATATTTTTGTTAATTTT	INDEL;IDV=10;IMF=1;DP=10;VDB=0.00187095;SGB=-0.590765;MQ0F=0;AC=2;AN=2;DP4=0,0,5,0;MQ=60;RB=3,22564054,22564254,CGT,CGC
1	97123312	NA	AT	A	6.51141	MASKED;ATTTTTGTATTTTTTTTA	INDEL;IDV=8;IMF=1;DP=8;VDB=0.0058656;SGB=-0.556411;MQ0F=0;AC=2;AN=2;DP4=0,0,4,0;MQ=60;RB=1,97123220,97123429,GAG,TAT
3	146086644	NA	AT	A	30.4183	PASS;ATTAAAGAATTTTTGACT	INDEL;IDV=8;IMF=1;DP=8;VDB=0.0058656;SGB=-0.556411;MQ0F=0;AC=2;AN=2;DP4=0,0,4,0;MQ=60;RB=3,146086574,146086766,GTT,GGT
1	38931985	NA	TG	T	92	MASKED;ATCTCCCCTGGTCAGACT	INDEL;IDV=9;IMF=1;DP=9;VDB=0.00187095;SGB=-0.590765;MQ0F=0;AC=2;AN=2;DP4=0,0,5,0;MQ=60;RB=1,38931917,38932123,CAG,ATG
20	45525657	NA	TA	T	56	MASKED;GATTTTTTTAAAAAGTTT	INDEL;IDV=9;IMF=1;DP=9;VDB=5.52906e-06;SGB=-0.662043;MQ0F=0;AC=2;AN=2;DP4=0,0,0,9;MQ=60;RB=20,45525396,45525709,GGG,TCT
2	209972365	NA	GA	G	18.4763	PASS;AAGCATTTGAAAAAAAAT	INDEL;IDV=17;IMF=1;DP=17;VDB=4.49525e-10;SGB=-0.688148;MQ0F=0;AC=2;AN=2;DP4=0,0,15,0;MQ=60;RB=2,209972263,209972689,TGA,ATA
14	106329610	NA	ACC	A	90	PASS;TCCCACGTACCCCACATT	INDEL;IDV=5;IMF=1;DP=5;VDB=0.00187095;SGB=-0.590765;MQ0F=0;AC=2;AN=2;DP4=0,0,0,5;MQ=60;RB=14,106329348,106329668,TAG,TTG
6	104454218	NA	GA	G	53	PASS;CAGAAAGAGAAAAATTCT	INDEL;IDV=8;IMF=1;DP=8;VDB=1.33331e-05;SGB=-0.651104;MQ0F=0;AC=2;AN=2;DP4=0,0,8,0;MQ=60;RB=6,104454125,104454390,TTG,CAT
10	97175335	NA	GC	G	135	PASS;GGAACGAAGCCTGAGTCC	INDEL;IDV=10;IMF=1;DP=10;VDB=6.99472e-07;SGB=-0.670168;MQ0F=0;AC=2;AN=2;DP4=0,0,10,0;MQ=60;RB=10,97175249,97175522,GTA,GGA
8	118358860	NA	C	CA	20.4535	PASS;TACCGTTACAAAAAAATC	INDEL;IDV=6;IMF=1;DP=6;VDB=0.000411984;SGB=-0.616816;MQ0F=0;AC=2;AN=2;DP4=0,0,6,0;MQ=60;RB=8,118358731,118359134,TCG,CCT
1	117650236	NA	AT	A	18.4763	MASKED;TAAGGCTGATTTTTTTTC	INDEL;IDV=10;IMF=1;DP=10;VDB=6.99472e-07;SGB=-0.670168;MQ0F=0;AC=2;AN=2;DP4=0,0,10,0;MQ=60;RB=1,117650204,117650593,TTC,ACG
7	65822696	NA	AC	A	97	PASS;GCTTATCCACCCAAACTT	INDEL;IDV=6;IMF=1;DP=6;VDB=0.000411984;SGB=-0.616816;MQ0F=0;AC=2;AN=2;DP4=0,0,6,0;MQ=60;RB=7,65822647,65823032,CCC,GTT
4	157240117	NA	CAT	C	211	PASS;AATTCAGTCATTTCTGGA	INDEL;IDV=7;IMF=1;DP=7;VDB=6.71664e-05;SGB=-0.636426;MQ0F=0;AC=2;AN=2;DP4=0,0,0,7;MQ=60;RB=4,157239764,157240198,GAC,GCT
2	218593176	NA	AT	A	29.4193	PASS;TTAATGGCATTTTTTTCC	INDEL;IDV=12;IMF=1;DP=12;VDB=2.26006e-08;SGB=-0.680642;MQ0F=0;AC=2;AN=2;DP4=0,0,0,12;MQ=60;RB=2,218593013,218593307,CCA,TAG
11	84495364	NA	A	AAAAT	154	NEI_IND[22/432];TCCACCTCAAAATAAATA	INDEL;IDV=4;IMF=1;DP=4;VDB=0.0058656;SGB=-0.556411;MQ0F=0;AC=2;AN=2;DP4=0,0,4,0;MQ=60;RB=11,84495329,84495560,CTA,TTT
11	84495500	NA	AT	A	51	MASKED;TAAGGAAAATTTCAAATA	INDEL;IDV=4;IMF=1;DP=4;VDB=0.0058656;SGB=-0.556411;MQ0F=0;AC=2;AN=2;DP4=0,0,0,4;MQ=60;RB=11,84495329,84495560,CTA,TTT
8	75612984	NA	G	GT	45.4146	PASS;TAATGGATGTTTTTTCAG	INDEL;IDV=12;IMF=1;DP=12;VDB=2.26006e-08;SGB=-0.680642;MQ0F=0;AC=2;AN=2;DP4=0,0,12,0;MQ=60;RB=8,75612960,75613218,TAA,TCG
8	40977162	NA	C	CATT	154	PASS;ATTATTATCATTATTATT	INDEL;IDV=4;IMF=1;DP=4;VDB=0.0058656;SGB=-0.556411;MQ0F=0;AC=2;AN=2;DP4=0,0,0,4;MQ=60;RB=8,40976903,40977241,ACC,TCT
4	41178824	NA	TA	T	56	PASS;ACAAAAACTAAAATTATA	INDEL;IDV=10;IMF=1;DP=10;VDB=0.00187095;SGB=-0.590765;MQ0F=0;AC=2;AN=2;DP4=0,0,5,0;MQ=60;RB=4,41178766,41178947,CGA,CTC
10	63447919	NA	GA	G	15.5372	MASKED;AGTTGAAGGAAAAAAAAC	INDEL;IDV=7;IMF=1;DP=7;VDB=6.71664e-05;SGB=-0.636426;MQ0F=0;AC=2;AN=2;DP4=0,0,7,0;MQ=60;RB=10,63447892,63448297,AAC,AAC
10	119831324	NA	TAGAG	T	225	MASKED;TTAGTTGATAGAGAGGTT	INDEL;IDV=11;IMF=1;DP=11;VDB=2.26006e-08;SGB=-0.676189;MQ0F=0;AC=2;AN=2;DP4=0,0,11,0;MQ=60;RB=10,119831278,119831559,CTG,TTG
12	78486271	NA	CTTTTTTTTTTTTT	C	146	NEI_IND[35/456];GTTATTTTCTTTTTTTTT	INDEL;IDV=5;IMF=1;DP=5;VDB=0.00187095;SGB=-0.590765;MQ0F=0;AC=2;AN=2;DP4=0,0,0,5;MQ=60;RB=12,78485963,78486331,TCT,AAT
12	60434118	NA	TA	T	77	PASS;CTAAAGGATAAAATTATG	INDEL;IDV=8;IMF=1;DP=8;VDB=1.33331e-05;SGB=-0.651104;MQ0F=0;AC=2;AN=2;DP4=0,0,0,8;MQ=60;RB=12,60433906,60434151,TAT,ACG
3	78324475	NA	TA	T	96	PASS;TATGTTTCTAAATTCAAG	INDEL;IDV=7;IMF=1;DP=7;VDB=6.71664e-05;SGB=-0.636426;MQ0F=0;AC=2;AN=2;DP4=0,0,7,0;MQ=60;RB=3,78324344,78324642,TTG,TTG
2	140848777	NA	TTAA	T	205	PASS;TGGTTTTCTTAATAACAA	INDEL;IDV=6;IMF=1;DP=6;VDB=0.000411984;SGB=-0.616816;MQ0F=0;AC=2;AN=2;DP4=0,0,0,6;MQ=60;RB=2,140848572,140848829,CTG,GGG
6	77654585	NA	CA	C	36.4154	PASS;TTTCAAAACAAAAACTAC	INDEL;IDV=6;IMF=1;DP=6;VDB=0.00187095;SGB=-0.590765;MQ0F=0;AC=2;AN=2;DP4=0,0,0,5;MQ=60;RB=6,77654427,77654671,ATG,TAG
13	55372076	NA	ATTTG	A	205	MASKED;TATTATAAATTTGTTTAT	INDEL;IDV=6;IMF=1;DP=6;VDB=0.000411984;SGB=-0.616816;MQ0F=0;AC=2;AN=2;DP4=0,0,6,0;MQ=60;RB=13,55372042,55372253,ATA,GTA
8	118358860	NA	C	CA	29.4193	PASS;TACCGTTACAAAAAAATC	INDEL;IDV=11;IMF=1;DP=11;VDB=2.26006e-08;SGB=-0.676189;MQ0F=0;AC=2;AN=2;DP4=0,0,11,0;MQ=60;RB=8,118358730,118359133,TTA,CGG
5	61707572	NA	C	CTATT	225	PASS;GACGGAGTCTATTTATTT	INDEL;IDV=10;IMF=1;DP=10;VDB=8.4981e-07;SGB=-0.670168;MQ0F=0;AC=2;AN=2;DP4=0,0,0,10;MQ=60;RB=5,61707348,61707644,GTT,TCA
15	96033680	NA	GATAT	GAT,G	193	MASKED;AGCCTGGAGATATATATA	INDEL;IDV=7;IMF=1;DP=7;VDB=6.71664e-05;SGB=-0.636426;MQ0F=0;AC=1,1;AN=2;DP4=0,0,7,0;MQ=60;RB=15,96033644,96033886,GAT,CTT
15	96033832	NA	G	GTA	15.5372	NEI_IND[19/432];GTGTGTTTGTGTGTATAT	INDEL;IDV=4;IMF=0.571429;DP=7;VDB=0.0058656;SGB=-0.556411;MQ0F=0;AC=2;AN=2;DP4=0,0,0,4;MQ=60;RB=15,96033644,96033886,GAT,CTT
2	15531649	NA	CAAGT	C	225	PASS;CAAATAAACAAGTAACAC	INDEL;IDV=9;IMF=1;DP=9;VDB=5.52906e-06;SGB=-0.662043;MQ0F=0;AC=2;AN=2;DP4=0,0,0,9;MQ=60;RB=2,15531256,15531752,CGT,GGG
3	133451668	NA	CATT	C	182	MASKED;TCCGGACACATTATGATC	INDEL;IDV=5;IMF=1;DP=5;VDB=0.00187095;SGB=-0.590765;MQ0F=0;AC=2;AN=2;DP4=0,0,5,0;MQ=60;RB=3,133451619,133451847,CAT,GAT
3	78324475	NA	TA	T	103	PASS;TATGTTTCTAAATTCAAG	INDEL;IDV=7;IMF=1;DP=7;VDB=6.71664e-05;SGB=-0.636426;MQ0F=0;AC=2;AN=2;DP4=0,0,7,0;MQ=60;RB=3,78324343,78324642,AAA,TTG
15	61305978	NA	CTTTTTTT	C	81	NEI_IND[73/523];TGGGTTGGCTTTTTTTTT	INDEL;IDV=9;IMF=0.9;DP=10;VDB=7.55993e-06;SGB=-0.662043;MQ0F=0;AC=2;AN=2;DP4=0,0,0,9;MQ=60;RB=15,61305753,61306034,GGA,TCT
10	113105357	NA	G	GAAA	217	NEI_IND[46/568];CCAAAAACGAGAAAAAGC	INDEL;IDV=9;IMF=1;DP=9;VDB=5.52906e-06;SGB=-0.662043;MQ0F=0;AC=2;AN=2;DP4=0,0,0,9;MQ=60;RB=10,113104927,113105403,CCT,ATC
11	19986355	NA	CTTTTTTTTTT	C,CTT	91	NEI_IND[33/503];TCATTCTACTTTTTTTTT	INDEL;IDV=9;IMF=1;DP=9;VDB=1.92178e-05;SGB=-0.651104;MQ0F=0;AC=1,1;AN=2;DP4=0,0,0,8;MQ=60;RB=11,19986099,19986417,ATG,GCT
16	65235949	NA	GT	G	20.4535	PASS;CCTGGCTCGTTTTTTTGT	INDEL;IDV=6;IMF=1;DP=6;VDB=0.000411984;SGB=-0.616816;MQ0F=0;AC=2;AN=2;DP4=0,0,0,6;MQ=60;RB=16,65235660,65235981,GAT,GTC
11	5117715	NA	AT	A	90	PASS;GAGGTTGAATTTACCATT	INDEL;IDV=11;IMF=1;DP=11;VDB=2.26006e-08;SGB=-0.676189;MQ0F=0;AC=2;AN=2;DP4=0,0,0,11;MQ=60;RB=11,5117544,5117784,TCT,CTT
18	2148784	NA	TC	T	165	MASKED;AGCTTGGCTCTGACAGGT	INDEL;IDV=10;IMF=1;DP=10;VDB=0.910125;SGB=-0.670168;MQSB=0.952347;MQ0F=0;AC=2;AN=2;DP4=0,0,5,5;MQ=60;RB=18,2148648,2148874,GCT,AAT
20	35421260	NA	TAGACAGACAGACAGAC	T	224	NEI_IND[42/174];TAGATAGATAGACAGACA	INDEL;IDV=7;IMF=1;DP=7;VDB=6.71664e-05;SGB=-0.636426;MQ0F=0;AC=2;AN=2;DP4=0,0,0,7;MQ=60;RB=20,35420972,35421358,GTT,CCC
4	97114161	NA	CT	C	13.6076	MASKED;TGAATACACTTTTTTTTT	INDEL;IDV=9;IMF=1;DP=9;VDB=5.52906e-06;SGB=-0.662043;MQ0F=0;AC=2;AN=2;DP4=0,0,0,9;MQ=60;RB=4,97113985,97114245,CCG,GTT
3	47131883	NA	A	AT	36.4154	PASS;ATTTTTTTATTTTTTATT	INDEL;IDV=7;IMF=1;DP=7;VDB=6.71664e-05;SGB=-0.636426;MQ0F=0;AC=2;AN=2;DP4=0,0,0,7;MQ=60;RB=3,47131679,47131930,AGA,CCG
8	15110502	NA	CA	C	39.4149	MASKED;CAAAAAGCCAAAAAAAAA	INDEL;IDV=10;IMF=1;DP=10;VDB=0.880537;SGB=-0.662043;MQSB=0.974597;MQ0F=0;AC=2;AN=2;DP4=0,0,5,4;MQ=60;RB=8,15110372,15110598,AAT,GTT
9	118330845	NA	G	GT	82	PASS;CCTCTTTTGTTTTTTTAA	INDEL;IDV=16;IMF=1;DP=16;VDB=0.99253;SGB=-0.688148;MQSB=1;MQ0F=0;AC=2;AN=2;DP4=0,0,8,7;MQ=60;RB=9,118330727,118330961,GCC,TTC
9	76110611	NA	GA	G	17.4922	PASS;AAGAAAGAGAAAAAAAAC	INDEL;IDV=8;IMF=1;DP=8;VDB=1.33331e-05;SGB=-0.651104;MQ0F=0;AC=2;AN=2;DP4=0,0,8,0;MQ=60;RB=9,76110571,76110811,CCT,CAT
3	78324475	NA	TA	T	110	PASS;TATGTTTCTAAATTCAAG	INDEL;IDV=8;IMF=1;DP=8;VDB=1.33331e-05;SGB=-0.651104;MQ0F=0;AC=2;AN=2;DP4=0,0,8,0;MQ=60;RB=3,78324343,78324642,TAA,TTC
2	37925760	NA	ATCT	A	225	PASS;GAGCTTTTATCTTCTTTT	INDEL;IDV=12;IMF=1;DP=12;VDB=2.26006e-08;SGB=-0.680642;MQ0F=0;AC=2;AN=2;DP4=0,0,12,0;MQ=60;RB=2,37925679,37926019,GCA,TCC
2	171998267	NA	G	GA	13.6076	PASS;ATAAAAATGAAAAAAAAG	INDEL;IDV=12;IMF=1;DP=12;VDB=0.000411984;SGB=-0.616816;MQ0F=0;AC=2;AN=2;DP4=0,0,6,0;MQ=60;RB=2,171998184,171998379,TCT,AGA
11	37670072	NA	G	GT	13.6076	PASS;ATTTTTCTGTTTTTTTTC	INDEL;IDV=7;IMF=1;DP=7;VDB=0.000411984;SGB=-0.616816;MQ0F=0;AC=2;AN=2;DP4=0,0,0,6;MQ=60;RB=11,37669864,37670122,AAA,CGT
10	94008841	NA	TTA	T	212	MASKED;TTATAAAATTATAGCACA	INDEL;IDV=9;IMF=1;DP=9;VDB=5.52906e-06;SGB=-0.662043;MQ0F=0;AC=2;AN=2;DP4=0,0,9,0;MQ=60;RB=10,94008772,94009072,GCT,CCG
16	65235949	NA	GT	G	26.4242	PASS;CCTGGCTCGTTTTTTTGT	INDEL;IDV=9;IMF=1;DP=9;VDB=1.33331e-05;SGB=-0.651104;MQ0F=0;AC=2;AN=2;DP4=0,0,0,8;MQ=60;RB=16,65235661,65235981,GGG,ATG
18	34532370	NA	C	CT	7.30725	PASS;CTTGATGTCTTTTTTTTT	INDEL;IDV=7;IMF=1;DP=7;VDB=7.99768e-05;SGB=-0.636426;MQ0F=0;AC=2;AN=2;DP4=0,0,0,7;MQ=60;RB=18,34532150,34532411,CAA,ATT
11	38396136	NA	C	CT	32.4168	PASS;ATTTCATTCTTTTTTAAT	INDEL;IDV=6;IMF=1;DP=6;VDB=0.000411984;SGB=-0.616816;MQ0F=0;AC=2;AN=2;DP4=0,0,0,6;MQ=60;RB=11,38395865,38396148,GAG,TTT
13	83749597	NA	CA	C	124	MASKED;CACATATACATTTTTTAA	INDEL;IDV=7;IMF=1;DP=7;VDB=6.71664e-05;SGB=-0.636426;MQ0F=0;AC=2;AN=2;DP4=0,0,7,0;MQ=60;RB=13,83749567,83749863,CTC,TTA
5	32213028	NA	AT	A	11.7169	MASKED;ACAATATGATTTTTTTAT	INDEL;IDV=4;IMF=1;DP=4;VDB=0.00766117;SGB=-0.556411;MQ0F=0;AC=2;AN=2;DP4=0,0,0,4;MQ=60;RB=5,32212849,32213088,GGT,GAA
2	213969830	NA	CA	C	53	PASS;AGTAGTGTCAAAAAGACT	INDEL;IDV=8;IMF=1;DP=8;VDB=1.33331e-05;SGB=-0.651104;MQ0F=0;AC=2;AN=2;DP4=0,0,0,8;MQ=60;RB=2,213969549,213969937,CAA,TTA
12	79747091	NA	TAA	T	18.515	NEI_IND[13/288];GATGGTCTTAAAAAAAAA	INDEL;IDV=5;IMF=1;DP=5;VDB=0.00187095;SGB=-0.590765;MQ0F=0;AC=2;AN=2;DP4=0,0,5,0;MQ=60;RB=12,79747017,79747405,AGG,AAC
3	61962892	NA	CT	C	56	MASKED;AGAACAAACTTTTACCTC	INDEL;IDV=5;IMF=1;DP=5;VDB=0.00187095;SGB=-0.590765;MQ0F=0;AC=2;AN=2;DP4=0,0,0,5;MQ=60;RB=3,61962688,61962949,TAT,GGG
20	19141885	NA	A	AT	23.434	PASS;CTTCTTCTATTTTTTTGG	INDEL;IDV=7;IMF=1;DP=7;VDB=6.71664e-05;SGB=-0.636426;MQ0F=0;AC=2;AN=2;DP4=0,0,7,0;MQ=60;RB=20,19141845,19142133,ATG,TCA
8	75612984	NA	G	GT	44.4146	PASS;TAATGGATGTTTTTTCAG	INDEL;IDV=11;IMF=1;DP=11;VDB=2.26006e-08;SGB=-0.676189;MQ0F=0;AC=2;AN=2;DP4=0,0,11,0;MQ=60;RB=8,75612960,75613218,AGT,GGC
8	121983506	NA	GT	G	19.4636	MASKED;TCATCTTTGTTTTTTTTC	INDEL;IDV=12;IMF=1;DP=12;VDB=2.26006e-08;SGB=-0.680642;MQ0F=0;AC=2;AN=2;DP4=0,0,12,0;MQ=60;RB=8,121983482,121983791,GCC,TTT
2	235416691	NA	TA	T	17.4922	PASS;AAAACTATTAAAAAAAAT	INDEL;IDV=8;IMF=1;DP=8;VDB=1.92178e-05;SGB=-0.651104;MQ0F=0;AC=2;AN=2;DP4=0,0,0,8;MQ=60;RB=2,235416310,235416816,TCT,TAC
12	14380042	NA	G	GT	6.51141	PASS;TTTGTTGAGTTTTTTTTA	INDEL;IDV=5;IMF=1;DP=5;VDB=0.0058656;SGB=-0.556411;MQ0F=0;AC=2;AN=2;DP4=0,0,0,4;MQ=60;RB=12,14379890,14380097,TCT,GAT
14	29602255	NA	CTATT	C	182	PASS;TGATATAACTATTTAATC	INDEL;IDV=5;IMF=1;DP=5;VDB=0.00187095;SGB=-0.590765;MQ0F=0;AC=2;AN=2;DP4=0,0,0,5;MQ=60;RB=14,29601900,29602331,TCA,TAT
9	4776842	NA	AAT	A	114	PASS;GTTTAAAAAATTCTAAGA	INDEL;IDV=8;IMF=1;DP=8;VDB=1.33331e-05;SGB=-0.651104;MQ0F=0;AC=2;AN=2;DP4=0,0,8,0;MQ=60;RB=9,4776739,4777062,GGA,CGT
9	126706405	NA	CAGGAAAGAA	C	131	PASS;GACTGTGTCAGGAAAGAA	INDEL;IDV=8;IMF=1;DP=8;VDB=1.33331e-05;SGB=-0.651104;MQ0F=0;AC=2;AN=2;DP4=0,0,8,0;MQ=51;RB=9,126706374,126706629,TAT,CGG
9	126706586	NA	GGAGA	G	182	MASKED;GAAGGAAGGGAGAGAGAG	INDEL;IDV=6;IMF=0.857143;DP=6;VDB=0.00388909;SGB=-0.590765;MQ0F=0;AC=2;AN=2;DP4=0,0,0,5;MQ=60;RB=9,126706374,126706629,TAT,CGG
1	4482333	NA	AT	A	84	PASS;AGCCCAAGATTTTGTCCT	INDEL;IDV=10;IMF=1;DP=10;VDB=6.99472e-07;SGB=-0.670168;MQ0F=0;AC=2;AN=2;DP4=0,0,10,0;MQ=60;RB=1,4482252,4482515,GGT,GGT
7	10185846	NA	AT	A	92	PASS;CTACTGGGATTGAGTAGC	INDEL;IDV=5;IMF=1;DP=5;VDB=0.00187095;SGB=-0.590765;MQ0F=0;AC=2;AN=2;DP4=0,0,5,0;MQ=60;RB=7,10185780,10186054,TGT,TAC
3	184541105	NA	AC	A	120	PASS;TGGAGGCCACGTTGACAA	INDEL;IDV=7;IMF=1;DP=7;VDB=6.71664e-05;SGB=-0.636426;MQ0F=0;AC=2;AN=2;DP4=0,0,0,7;MQ=60;RB=3,184540590,184541191,AAG,TGA
15	64003513	NA	CA	C	9.88465	MASKED;TCCTGTCTCAAAAAAAAG	INDEL;IDV=5;IMF=1;DP=5;VDB=0.00187095;SGB=-0.590765;MQ0F=0;AC=2;AN=2;DP4=0,0,5,0;MQ=60;RB=15,64003467,64003665,TTG,GTT
9	118330845	NA	G	GT	78	PASS;CCTCTTTTGTTTTTTTAA	INDEL;IDV=14;IMF=1;DP=14;VDB=0.992095;SGB=-0.686358;MQSB=0.966012;MQ0F=0;AC=2;AN=2;DP4=0,0,7,7;MQ=60;RB=9,118330727,118330962,TTG,AAA
15	30091390	NA	TA	T	18.4763	MASKED;TAATATGATAAAAAAAAT	INDEL;IDV=11;IMF=1;DP=11;VDB=6.99472e-07;SGB=-0.670168;MQ0F=0;AC=2;AN=2;DP4=0,0,0,10;MQ=60;RB=15,30091078,30091517,AGA,AAG
20	37443892	NA	GT	G	102	MASKED;ATTTACATGTTTATCCAT	INDEL;IDV=7;IMF=1;DP=7;VDB=6.71664e-05;SGB=-0.636426;MQ0F=0;AC=2;AN=2;DP4=0,0,7,0;MQ=60;RB=20,37443867,37444108,GTT,GTA
