CHROM	POS	ID	REF	ALT	QUAL	FILTER	INFO
1	244662621	NA	TTTTA	T	195	PASS;TTTTTTCTTTTTATTTAT	INDEL;IDV=8;IMF=1;DP=8;VDB=0.00722648;SGB=-0.616816;MQSB=1;MQ0F=0;AC=2;AN=2;DP4=0,0,4,2;MQ=60;RB=1,244662510,244662675,CGG,CGG
8	101351425	NA	T	TA	110	PASS;CTTTTTTTTATCCTTAAA	INDEL;IDV=10;IMF=1;DP=10;VDB=0.00187095;SGB=-0.590765;MQ0F=0;AC=2;AN=2;DP4=0,0,0,5;MQ=60;RB=8,101351355,101351495,CCG,TCC
16	76863025	NA	ACT	A	225	PASS;AAAAACAGACTCTTTTCA	INDEL;IDV=26;IMF=1;DP=26;VDB=2.26006e-08;SGB=-0.683931;MQ0F=0;AC=2;AN=2;DP4=0,0,13,0;MQ=60;RB=16,76862916,76863109,ATA,TTG
18	10908492	NA	AG	A	144	PASS;GAAAGAACAGGTTAAACT	INDEL;IDV=16;IMF=1;DP=16;VDB=2.58261e-11;SGB=-0.689466;MQ0F=0;AC=2;AN=2;DP4=0,0,0,16;MQ=60;RB=18,10908300,10908552,ATA,TGG
18	34082248	NA	CAT	C	71	MASKED;CTGGGACACATGTGCAAA	INDEL;IDV=14;IMF=1;DP=14;VDB=2.5228e-07;SGB=-0.680642;MQ0F=0;AC=2;AN=2;DP4=0,0,0,12;MQ=60;RB=18,34081734,34082259,ACC,GAG
1	58093594	NA	ACTT	A	225	MASKED;CTTGCACTACTTCCTGGC	INDEL;IDV=20;IMF=1;DP=20;VDB=1.29641e-11;SGB=-0.691153;MQ0F=0;AC=2;AN=2;DP4=0,0,18,0;MQ=60;RB=1,58093483,58093913,AAT,GGA
11	75526499	NA	CG	C	124	MASKED;GCCACCCCCGGGCCCGGC	INDEL;IDV=22;IMF=1;DP=22;VDB=2.26006e-08;SGB=-0.676189;MQ0F=0;AC=2;AN=2;DP4=0,0,11,0;MQ=60;RB=11,75526371,75526542,CTG,CAC
7	125077430	NA	CA	C	169	PASS;TTCTGTTTCATTGGTGTA	INDEL;IDV=20;IMF=1;DP=20;VDB=4.12387e-06;SGB=-0.680642;MQSB=1;MQ0F=0;AC=2;AN=2;DP4=0,0,10,2;MQ=60;RB=7,125077297,125077463,TCA,CAC
18	151590	NA	GAGGAT	G	225	MASKED;TTGAGAGTGAGGATTGCA	INDEL;IDV=20;IMF=1;DP=20;VDB=2.63505e-13;SGB=-0.692067;MQ0F=0;AC=2;AN=2;DP4=0,0,0,20;MQ=60;RB=18,151309,151628,GGT,ACG
1	61594587	NA	GTTTTTTTTTTT	G	167	NEI_IND[31/454];TTACTTATGTTTTTTTTT	INDEL;IDV=11;IMF=1;DP=11;VDB=2.83141e-08;SGB=-0.676189;MQ0F=0;AC=2;AN=2;DP4=0,0,0,11;MQ=60;RB=1,61594385,61594646,GTG,GTT
X	85029909	NA	AG	A	175	PASS;GTTCCAAAAGTTTAGCCA	INDEL;IDV=27;IMF=1;DP=27;VDB=1.30483e-15;SGB=-0.693021;MQ0F=0;AC=2;AN=2;DP4=0,0,27,0;MQ=60;RB=X,85029822,85030062,GTG,ATT
3	103078697	NA	CTCAA	C	225	NEI_IND[4/264];GTTTCTCCCTCAATCAAA	INDEL;IDV=15;IMF=0.9375;DP=16;VDB=0.000278937;SGB=-0.688148;MQSB=1;MQ0F=0;AC=2;AN=2;DP4=0,0,7,8;MQ=60;RB=3,103078571,103078747,CGA,GTT
11	98045801	NA	ATAGAGAGCCCAG	A	225	MASKED;GGAACAGAATAGAGAGCC	INDEL;IDV=18;IMF=1;DP=18;VDB=3.60326e-07;SGB=-0.689466;MQSB=1;MQ0F=0;AC=2;AN=2;DP4=0,0,9,7;MQ=60;RB=11,98045737,98045910,ACC,CTA
6	134065387	NA	ATTTTTTTTTTTT	AT,A	184	NEI_IND[15/238];TCTGTTTAATTTTTTTTT	INDEL;IDV=21;IMF=0.875;DP=21;VDB=2.2367e-11;SGB=-0.691153;MQ0F=0;AC=1,1;AN=2;DP4=0,0,0,18;MQ=60;RB=6,134065131,134065452,GGT,GAC
4	98802012	NA	TCAGAAGG	T	225	PASS;ATACCAGTTCAGAAGGAT	INDEL;IDV=26;IMF=1;DP=26;VDB=1.30483e-15;SGB=-0.692976;MQ0F=0;AC=2;AN=2;DP4=0,0,26,0;MQ=60;RB=4,98801892,98802294,GGT,CGT
1	106025463	NA	CAG	C	225	PASS;GGAAACAACAGAAATAAT	INDEL;IDV=32;IMF=1;DP=32;VDB=3.75937e-20;SGB=-0.69312;MQ0F=0;AC=2;AN=2;DP4=0,0,0,32;MQ=60;RB=1,106025235,106025479,CGT,GTG
3	95960164	NA	C	CA	28.4205	PASS;CAAAAATACAAAAAAATT	INDEL;IDV=16;IMF=0.941176;DP=17;VDB=1.29641e-11;SGB=-0.690438;MQ0F=0;AC=2;AN=2;DP4=0,0,0,17;MQ=60;RB=3,95959983,95960258,CTG,AGT
9	104948305	NA	GC	G	132	PASS;AATAACCTGCCATCCATG	INDEL;IDV=10;IMF=0.769231;DP=10;VDB=6.99472e-07;SGB=-0.670168;MQ0F=0;AC=2;AN=2;DP4=0,0,10,0;MQ=60;RB=9,104948225,104948480,TAG,CTT
4	125110988	NA	CA	C	149	PASS;ATGGTGGTCAATCATCTG	INDEL;IDV=29;IMF=1;DP=29;VDB=1.30483e-15;SGB=-0.693079;MQ0F=0;AC=2;AN=2;DP4=0,0,0,29;MQ=60;RB=4,125110657,125111008,ATA,CAA
4	114862813	NA	CT	C	136	MASKED;AAATGAAACTCTGCAGTA	INDEL;IDV=22;IMF=0.916667;DP=24;VDB=1.30483e-15;SGB=-0.692831;MQ0F=0;AC=2;AN=2;DP4=0,0,0,24;MQ=60;RB=4,114862589,114862945,CCT,GCT
6	54282140	NA	A	AT	13.6076	PASS;GAATAAACATTTTTTTTA	INDEL;IDV=12;IMF=1;DP=12;VDB=0.000411984;SGB=-0.616816;MQ0F=0;AC=2;AN=2;DP4=0,0,6,0;MQ=60;RB=6,54282064,54282217,TCC,ATA
8	116457465	NA	CG	C	140	PASS;AGACTCCACGTTCCATGA	INDEL;IDV=10;IMF=1;DP=10;VDB=6.99472e-07;SGB=-0.670168;MQ0F=0;AC=2;AN=2;DP4=0,0,10,0;MQ=60;RB=8,116457389,116457609,GTT,GTT
2	160144140	NA	CTA	C	187	MASKED;GTGGGAAACTATTTGCAA	INDEL;IDV=21;IMF=1;DP=21;VDB=1.30483e-15;SGB=-0.692352;MQ0F=0;AC=2;AN=2;DP4=0,0,0,21;MQ=60;RB=2,160143970,160144227,GTT,GTG
10	5645716	NA	TG	T	154	PASS;GACAACATTGGTCTCTCT	INDEL;IDV=28;IMF=0.965517;DP=29;VDB=1.88612e-15;SGB=-0.693079;MQ0F=0;AC=2;AN=2;DP4=0,0,29,0;MQ=60;RB=10,5645683,5646066,GAT,TTC
20	5982833	NA	CTT	C	225	MASKED;AATGCACTCTTTTGCTTA	INDEL;IDV=18;IMF=1;DP=18;VDB=1.29641e-11;SGB=-0.691153;MQ0F=0;AC=2;AN=2;DP4=0,0,18,0;MQ=60;RB=20,5982784,5983078,TCT,GGG
10	48529529	NA	CA	C	129	PASS;ATAACTAACAAATCTGAA	INDEL;IDV=13;IMF=1;DP=13;VDB=2.26006e-08;SGB=-0.683931;MQ0F=0;AC=2;AN=2;DP4=0,0,13,0;MQ=60;RB=10,48529504,48529676,CAA,GAA
14	42259867	NA	AT	A	140	PASS;ATATTCTGATTTATAAAA	INDEL;IDV=19;IMF=1;DP=19;VDB=1.29641e-11;SGB=-0.69168;MQ0F=0;AC=2;AN=2;DP4=0,0,19,0;MQ=60;RB=14,42259812,42260092,TGA,TTA
14	42259977	NA	T	TTTA	225	NEI_IND[80/960];CCATGGTCTTTATTCCAG	INDEL;IDV=19;IMF=1;DP=19;VDB=1.29641e-11;SGB=-0.69168;MQ0F=0;AC=2;AN=2;DP4=0,0,0,19;MQ=60;RB=14,42259812,42260092,TGA,TTA
7	127453494	NA	TTTG	T	225	MASKED;TTTGGTTGTTTGTTGTTG	INDEL;IDV=11;IMF=1;DP=11;VDB=2.26006e-08;SGB=-0.676189;MQ0F=0;AC=2;AN=2;DP4=0,0,0,11;MQ=60;RB=7,127453288,127453516,GGG,TAT
2	58524337	NA	AT	A	7.30725	MASKED;TTGTGAGTATTTTTTTTT	INDEL;IDV=10;IMF=1;DP=10;VDB=0.00187095;SGB=-0.590765;MQ0F=0;AC=2;AN=2;DP4=0,0,5,0;MQ=60;RB=2,58524213,58524364,GTC,CTT
3	161702742	NA	TA	T	137	PASS;TATTTTTGTAAAGAAAGT	INDEL;IDV=24;IMF=1;DP=24;VDB=1.30483e-15;SGB=-0.692831;MQ0F=0;AC=2;AN=2;DP4=0,0,0,24;MQ=60;RB=3,161702469,161702752,TTT,TCG
21	41459033	NA	C	CG	160	PASS;AGACACAACCTGAGTATG	INDEL;IDV=21;IMF=1;DP=21;VDB=1.30483e-15;SGB=-0.692352;MQ0F=0;AC=2;AN=2;DP4=0,0,0,21;MQ=60;RB=21,41458857,41459116,GTC,TAT
