CHROM	POS	ID	REF	ALT	QUAL	FILTER	INFO
16	85593259	NA	GCTCTGCCTC	G	205	PASS;GAAGTCAGGCTCTGCCTC	INDEL;IDV=6;IMF=1;DP=6;VDB=0.000411984;SGB=-0.616816;MQ0F=0;AC=2;AN=2;DP4=0,0,6,0;MQ=60;RB=16,85593127,85593567,AAC,GAA
8	113047892	NA	TG	T	72	PASS;AATTAGCTTGGTTTTTTT	INDEL;IDV=5;IMF=1;DP=5;VDB=0.0058656;SGB=-0.556411;MQ0F=0;AC=2;AN=2;DP4=0,0,0,4;MQ=60;RB=8,113047477,113047945,GAC,TAA
21	18490726	NA	TAAAAAAA	T	102	NEI_IND[168/582];GAAAGAAGTAAAAAAAAA	INDEL;IDV=7;IMF=1;DP=7;VDB=6.71664e-05;SGB=-0.636426;MQ0F=0;AC=2;AN=2;DP4=0,0,0,7;MQ=60;RB=21,18490379,18490776,TGC,TAT
16	6285559	NA	ATGTGTGTGTG	ATG,A	185	NEI_IND[138/162];GTGTATGTATGTGTGTGT	INDEL;IDV=6;IMF=1;DP=6;VDB=0.000411984;SGB=-0.616816;MQ0F=0;AC=1,1;AN=2;DP4=0,0,6,0;MQ=60;RB=16,6285486,6285812,TCA,TTT
16	6285618	NA	CAT	C	133	MASKED;TATTTATACATATATATA	INDEL;IDV=6;IMF=1;DP=6;VDB=0.000560625;SGB=-0.616816;MQ0F=0;AC=2;AN=2;DP4=0,0,6,0;MQ=60;RB=16,6285486,6285812,TCA,TTT
2	140510301	NA	CCTT	C	182	PASS;TTTCCCATCCTTCTTCTC	INDEL;IDV=5;IMF=1;DP=5;VDB=0.00187095;SGB=-0.590765;MQ0F=0;AC=2;AN=2;DP4=0,0,0,5;MQ=60;RB=2,140510128,140510435,GAT,ACC
3	13442695	NA	GC	G	134	MASKED;AGGCGGAGGCCTGCAGTG	INDEL;IDV=11;IMF=1;DP=11;VDB=2.26006e-08;SGB=-0.676189;MQ0F=0;AC=2;AN=2;DP4=0,0,0,11;MQ=60;RB=3,13442376,13442721,GGG,ACA
1	227401072	NA	GC	G	104	MASKED;ATAATGTTGCCAGATGAA	INDEL;IDV=6;IMF=1;DP=6;VDB=0.000411984;SGB=-0.616816;MQ0F=0;AC=2;AN=2;DP4=0,0,6,0;MQ=60;RB=1,227401038,227401308,TGA,AAA
3	78830855	NA	AGAGT	A	225	MASKED;TACTATCTAGAGTGAGTG	INDEL;IDV=8;IMF=1;DP=8;VDB=1.33331e-05;SGB=-0.651104;MQ0F=0;AC=2;AN=2;DP4=0,0,8,0;MQ=60;RB=3,78830774,78831070,TGC,CTG
14	92566226	NA	AAAGAC	A	224	MASKED;AAGACAAGAAAGACAAGA	INDEL;IDV=7;IMF=1;DP=7;VDB=6.71664e-05;SGB=-0.636426;MQ0F=0;AC=2;AN=2;DP4=0,0,7,0;MQ=60;RB=14,92566180,92566553,CTG,ATA
4	164824388	NA	TTG	T	128	MASKED;TCCTTCCCTTGTGTGTGT	INDEL;IDV=5;IMF=1;DP=5;VDB=0.00187095;SGB=-0.590765;MQ0F=0;AC=2;AN=2;DP4=0,0,0,5;MQ=60;RB=4,164824137,164824476,GAC,TTG
10	90175977	NA	T	TTA	202	PASS;TATCTGAATTATATATAT	INDEL;IDV=7;IMF=1;DP=7;VDB=6.71664e-05;SGB=-0.636426;MQ0F=0;AC=2;AN=2;DP4=0,0,0,7;MQ=60;RB=10,90175584,90176061,TAT,ACG
8	83048292	NA	AT	A	11.7169	MASKED;AAAAAAAAATTTTTTTCT	INDEL;IDV=4;IMF=1;DP=4;VDB=0.0058656;SGB=-0.556411;MQ0F=0;AC=2;AN=2;DP4=0,0,0,4;MQ=60;RB=8,83048094,83048348,TGG,AGA
17	39105128	NA	ACATGCCTG	A	224	MASKED;ATGGTGGCACATGCCTGC	INDEL;IDV=7;IMF=1;DP=7;VDB=6.71664e-05;SGB=-0.636426;MQ0F=0;AC=2;AN=2;DP4=0,0,0,7;MQ=60;RB=17,39104427,39105219,CCC,GAG
5	157781891	NA	GTT	G	15.5494	MASKED;TCTGGTTTGTTTTTTTTT	INDEL;IDV=6;IMF=1;DP=6;VDB=0.000411984;SGB=-0.616816;MQ0F=0;AC=2;AN=2;DP4=0,0,6,0;MQ=60;RB=5,157781857,157782168,AGC,GTT
4	188612506	NA	ATAGG	A	205	MASKED;GACTGATGATAGGTAGGT	INDEL;IDV=6;IMF=1;DP=6;VDB=0.000411984;SGB=-0.616816;MQ0F=0;AC=2;AN=2;DP4=0,0,6,0;MQ=60;RB=4,188612433,188612908,GAC,CGG
10	108995428	NA	GA	G	36.4154	MASKED;ACTGTTAGGAAAAAATGC	INDEL;IDV=8;IMF=1;DP=8;VDB=6.71664e-05;SGB=-0.636426;MQ0F=0;AC=2;AN=2;DP4=0,0,0,7;MQ=60;RB=10,108995196,108995483,ACC,CAG
