CHROM	POS	ID	REF	ALT	QUAL	FILTER	INFO
Y	13450798	NA	CTTCA	C	225	MASKED;TGGCTCCACTTCATTCAA	INDEL;IDV=9;IMF=1;DP=9;VDB=0.000219529;SGB=-0.662043;MQ0F=0;AC=2;AN=2;DP4=0,0,9,0;MQ=60;RB=Y,13450728,13451170,GCT,TAT
Y	13450852	NA	A	ACTCCT	175	PASS;TCCACTCCACTACATTCA	INDEL;IDV=5;IMF=0.555556;DP=9;VDB=0.00187095;SGB=-0.590765;MQ0F=0;AC=2;AN=2;DP4=0,0,5,0;MQ=60;RB=Y,13450728,13451170,GCT,TAT
1	28403203	NA	AAAAG	A	133	NEI_IND[21/185];AAAGAAAGAAAAGAAAAA	INDEL;IDV=12;IMF=0.923077;DP=13;VDB=0.00088691;SGB=-0.636426;MQ0F=0;AC=2;AN=2;DP4=0,0,7,0;MQ=60;RB=1,28403145,28403529,CAT,GGG
2	91784573	NA	ATTAACT	A	225	MASKED;CTTAATACATTAACTTTA	INDEL;IDV=11;IMF=1;DP=11;VDB=2.26006e-08;SGB=-0.676189;MQ0F=0;AC=2;AN=2;DP4=0,0,0,11;MQ=60;RB=2,91784271,91784632,TAT,ATT
7	123686860	NA	AT	A	11.7169	PASS;CTTTATCAATTTTTTTTT	INDEL;IDV=14;IMF=1;DP=14;VDB=6.71664e-05;SGB=-0.636426;MQ0F=0;AC=2;AN=2;DP4=0,0,7,0;MQ=60;RB=7,123686791,123686978,GAG,GGT
1	17054245	NA	GC	G	161	PASS;GAGAAGCTGCGGGCAGGA	INDEL;IDV=15;IMF=1;DP=15;VDB=4.49525e-10;SGB=-0.688148;MQ0F=0;AC=2;AN=2;DP4=0,0,15,0;MQ=60;RB=1,17054140,17054677,TTG,CCC
Y	13450798	NA	CTTCA	C	225	MASKED;TGGCTCCACTTCATTCAA	INDEL;IDV=12;IMF=1;DP=12;VDB=1.65438e-06;SGB=-0.680642;MQ0F=0;AC=2;AN=2;DP4=0,0,12,0;MQ=60;RB=Y,13450728,13451170,CCT,CAT
Y	13450852	NA	A	ACTCCT	225	PASS;TCCACTCCACTACATTCA	INDEL;IDV=9;IMF=0.75;DP=12;VDB=5.52906e-06;SGB=-0.662043;MQ0F=0;AC=2;AN=2;DP4=0,0,9,0;MQ=60;RB=Y,13450728,13451170,CCT,CAT
