CHROM	POS	ID	REF	ALT	QUAL	FILTER	INFO
2	91785556	NA	GTTTTGTT	G	225	NEI_IND[451/353];TTGTTGTTGTTTTGTTTT	INDEL;IDV=11;IMF=1;DP=11;VDB=2.26006e-08;SGB=-0.676189;MQ0F=0;AC=2;AN=2;DP4=0,0,0,11;MQ=60;RB=2,91785071,91785622,TAT,GGG
2	225699685	NA	TC	T	158	PASS;GGTTTGCCTCGTGGAAGG	INDEL;IDV=12;IMF=1;DP=12;VDB=2.26006e-08;SGB=-0.680642;MQ0F=0;AC=2;AN=2;DP4=0,0,12,0;MQ=60;RB=2,225699616,225699900,GAC,TAG
5	56350341	NA	GGTGTGTGTGTGTGT	G	225	MASKED;GCCTCAGAGGTGTGTGTG	INDEL;IDV=9;IMF=1;DP=9;VDB=5.52906e-06;SGB=-0.662043;MQ0F=0;AC=2;AN=2;DP4=0,0,9,0;MQ=60;RB=5,56350298,56350689,TTG,GCC
10	9397548	NA	CA	C	142	MASKED;AGGTTGAACAACCTGAAG	INDEL;IDV=12;IMF=1;DP=12;VDB=2.26006e-08;SGB=-0.680642;MQ0F=0;AC=2;AN=2;DP4=0,0,12,0;MQ=60;RB=10,9397458,9397691,TGT,ACC
4	134485625	NA	CTT	C	176	MASKED;CAAAAACTCTTTTGAAAT	INDEL;IDV=7;IMF=1;DP=7;VDB=6.71664e-05;SGB=-0.636426;MQ0F=0;AC=2;AN=2;DP4=0,0,0,7;MQ=60;RB=4,134485435,134485645,CCA,TAG
15	20868947	NA	AAAGT	A	224	NEI_IND[4/320];CAAATTTTAAAGTAATTT	INDEL;IDV=7;IMF=1;DP=7;VDB=6.71664e-05;SGB=-0.636426;MQ0F=0;AC=2;AN=2;DP4=0,0,7,0;MQ=60;RB=15,20868812,20869193,TAC,TCC
2	91785556	NA	GTTTTGTT	G	225	NEI_IND[451/353];TTGTTGTTGTTTTGTTTT	INDEL;IDV=8;IMF=1;DP=8;VDB=1.33331e-05;SGB=-0.651104;MQ0F=0;AC=2;AN=2;DP4=0,0,0,8;MQ=59;RB=2,91785072,91785622,GCC,TTG
13	63887357	NA	T	TA	12.6683	PASS;AAAAATAATAAAAAAAAT	INDEL;IDV=9;IMF=1;DP=9;VDB=6.61497e-06;SGB=-0.662043;MQ0F=0;AC=2;AN=2;DP4=0,0,9,0;MQ=60;RB=13,63887332,63887623,TTC,CGG
16	77236803	NA	ATAATAAGGTAT	A	154	MASKED;AAATTCTCATAATAAGGT	INDEL;IDV=4;IMF=1;DP=4;VDB=0.0058656;SGB=-0.556411;MQ0F=0;AC=2;AN=2;DP4=0,0,4,0;MQ=60;RB=16,77236790,77237272,GAT,CGG
4	164456528	NA	CCTT	C	225	PASS;CAATTCTCCCTTCTTCTC	INDEL;IDV=9;IMF=1;DP=9;VDB=5.52906e-06;SGB=-0.662043;MQ0F=0;AC=2;AN=2;DP4=0,0,0,9;MQ=60;RB=4,164456331,164456628,TAG,AAA
11	32920028	NA	TCACACACACA	TCA,T	135	NEI_IND[35/100];AGAACCTGTCACACACAC	INDEL;IDV=5;IMF=0.833333;DP=6;VDB=0.00187095;SGB=-0.590765;MQ0F=0;AC=1,1;AN=2;DP4=0,0,5,0;MQ=60;RB=11,32919998,32920208,ATA,CAA
11	32920115	NA	AT	A	20.4535	PASS;ACTGACCAATTTTTTTTA	INDEL;IDV=11;IMF=1;DP=11;VDB=0.0530329;SGB=-0.616816;MQSB=1;MQ0F=0;AC=2;AN=2;DP4=0,0,5,1;MQ=60;RB=11,32919998,32920208,ATA,CAA
X	46944379	NA	AAGTT	A	182	MASKED;AAGTAAGTAAGTTAGTTA	INDEL;IDV=10;IMF=1;DP=10;VDB=0.00187095;SGB=-0.590765;MQ0F=0;AC=2;AN=2;DP4=0,0,5,0;MQ=60;RB=X,46944321,46944497,GTC,GGT
2	91785556	NA	GTTTTGTT	G	225	NEI_IND[451/353];TTGTTGTTGTTTTGTTTT	INDEL;IDV=17;IMF=1;DP=17;VDB=1.29641e-11;SGB=-0.690438;MQ0F=0;AC=2;AN=2;DP4=0,0,0,17;MQ=60;RB=2,91785072,91785623,ACG,GAT
12	16415863	NA	AAGTCC	A	225	MASKED;GTAACTGTAAGTCCAGTT	INDEL;IDV=14;IMF=1;DP=14;VDB=0.762846;SGB=-0.686358;MQSB=0.966012;MQ0F=0;AC=2;AN=2;DP4=0,0,7,7;MQ=60;RB=12,16415765,16415986,GCT,TTC
13	20456138	NA	AAAAAT	A	39.4149	NEI_IND[26/166];AAAAAAAAAAAAATTTGT	INDEL;IDV=4;IMF=0.8;DP=4;VDB=0.0058656;SGB=-0.556411;MQ0F=0;AC=2;AN=2;DP4=0,0,4,0;MQ=60;RB=13,20456089,20456341,ATG,CCC
2	91785556	NA	GTTTTGTT	G	225	NEI_IND[451/353];TTGTTGTTGTTTTGTTTT	INDEL;IDV=8;IMF=1;DP=8;VDB=1.33331e-05;SGB=-0.651104;MQ0F=0;AC=2;AN=2;DP4=0,0,0,8;MQ=60;RB=2,91785071,91785622,TGA,CCG
22	17421555	NA	G	GAACT	34.4159	NEI_IND[25/300];GAGGGAGAGAATAGGATG	INDEL;IDV=6;IMF=1;DP=6;VDB=0.000411984;SGB=-0.616816;MQ0F=0;AC=2;AN=2;DP4=0,0,0,6;MQ=60;RB=22,17421229,17421604,ACT,CGA
20	57026725	NA	ATCT	A	225	MASKED;TTCTGGAGATCTTCTATG	INDEL;IDV=9;IMF=1;DP=9;VDB=5.52906e-06;SGB=-0.662043;MQ0F=0;AC=2;AN=2;DP4=0,0,0,9;MQ=60;RB=20,57026402,57026815,AGT,AGT
4	134485625	NA	CTT	C	176	MASKED;CAAAAACTCTTTTGAAAT	INDEL;IDV=8;IMF=1;DP=8;VDB=6.71664e-05;SGB=-0.636426;MQ0F=0;AC=2;AN=2;DP4=0,0,0,7;MQ=60;RB=4,134485436,134485646,AAG,GTA
11	39604890	NA	AAAG	A	138	NEI_IND[36/192];ACAAAAAAAAAGAAAAAA	INDEL;IDV=15;IMF=1;DP=15;VDB=4.49525e-10;SGB=-0.688148;MQ0F=0;AC=2;AN=2;DP4=0,0,15,0;MQ=60;RB=11,39604847,39605420,GTT,TTT
11	39605302	NA	ATTTT	A	46.4223	NEI_IND[78/150];CTCAACTAATTTTTTTTT	INDEL;IDV=14;IMF=0.933333;DP=14;VDB=2.7085e-08;SGB=-0.686358;MQ0F=0;AC=2;AN=2;DP4=0,0,0,14;MQ=60;RB=11,39604847,39605420,GTT,TTT
2	91785556	NA	GTTTTGTT	G	225	NEI_IND[451/353];TTGTTGTTGTTTTGTTTT	INDEL;IDV=14;IMF=1;DP=14;VDB=2.26006e-08;SGB=-0.683931;MQ0F=0;AC=2;AN=2;DP4=0,0,0,13;MQ=60;RB=2,91785071,91785623,TAT,TTA
