CHROM	POS	ID	REF	ALT	QUAL	FILTER	INFO
9	16802811	NA	TG	T	93	PASS;TCTGGATTTGGAAATAGG	INDEL;IDV=6;IMF=1;DP=6;VDB=0.000411984;SGB=-0.616816;MQ0F=0;AC=2;AN=2;DP4=0,0,0,6;MQ=60;RB=9,16802532,16802933,CCC,GCT
X	3944876	NA	TA	T	9.88465	PASS;GGATTGGATAAAAAAAAT	INDEL;IDV=5;IMF=1;DP=5;VDB=0.00187095;SGB=-0.590765;MQ0F=0;AC=2;AN=2;DP4=0,0,0,5;MQ=60;RB=X,3944660,3944911,TAC,GCC
11	20987168	NA	GA	G	11.7169	PASS;ATATTTTGGAAAAAAATG	INDEL;IDV=4;IMF=1;DP=4;VDB=0.0058656;SGB=-0.556411;MQ0F=0;AC=2;AN=2;DP4=0,0,4,0;MQ=60;RB=11,20987071,20987416,CAC,CTG
14	101945646	NA	GCGGT	G	221	MASKED;ACGGCCCTGCGGTCGGTC	INDEL;IDV=7;IMF=1;DP=7;VDB=6.71664e-05;SGB=-0.636426;MQ0F=0;AC=2;AN=2;DP4=0,0,0,7;MQ=60;RB=14,101945430,101945757,CCC,GTT
12	63160210	NA	CA	C	32.4168	PASS;AGTTAATACAAAAAACAT	INDEL;IDV=6;IMF=1;DP=6;VDB=0.000411984;SGB=-0.616816;MQ0F=0;AC=2;AN=2;DP4=0,0,6,0;MQ=60;RB=12,63160075,63160391,TCG,AAT
12	63160346	NA	C	CA	4.38292	NEI_IND[9/348];CACAGAAACAAAAAAAAA	INDEL;IDV=6;IMF=1;DP=6;VDB=0.00187095;SGB=-0.590765;MQ0F=0;AC=2;AN=2;DP4=0,0,0,5;MQ=60;RB=12,63160075,63160391,TCG,AAT
19	40407513	NA	TTAAAAAAAA	T	154	NEI_IND[22/218];TATGTCATTTAAAAAAAA	INDEL;IDV=4;IMF=1;DP=4;VDB=0.0058656;SGB=-0.556411;MQ0F=0;AC=2;AN=2;DP4=0,0,4,0;MQ=60;RB=19,40407481,40407707,TTG,TGT
4	155361617	NA	CT	C	32.4168	MASKED;AAAAGAGCCTTTTTTGGG	INDEL;IDV=7;IMF=1;DP=7;VDB=0.000411984;SGB=-0.616816;MQ0F=0;AC=2;AN=2;DP4=0,0,6,0;MQ=60;RB=4,155361483,155362103,CCG,AGT
