CHROM	POS	ID	REF	ALT	QUAL	FILTER	INFO
2	140510301	NA	CCTT	C	205	PASS;TTTCCCATCCTTCTTCTC	INDEL;IDV=6;IMF=1;DP=6;VDB=0.000411984;SGB=-0.616816;MQ0F=0;AC=2;AN=2;DP4=0,0,0,6;MQ=60;RB=2,140510128,140510435,TAA,GAG
2	75811202	NA	TA	T	9.88465	MASKED;AAGACACATAAAAAAAAA	INDEL;IDV=6;IMF=1;DP=6;VDB=0.000411984;SGB=-0.616816;MQ0F=0;AC=2;AN=2;DP4=0,0,0,6;MQ=60;RB=2,75810633,75811240,TCA,GCA
2	176968475	NA	TAAA	T	4.38292	NEI_IND[32/508];AAATTTGTTAAAAAAAAA	INDEL;IDV=5;IMF=1;DP=5;VDB=0.0221621;SGB=-0.511536;MQ0F=0;AC=2;AN=2;DP4=0,0,0,3;MQ=60;RB=2,176968093,176968571,ATG,ACC
2	138813672	NA	TA	T	6.51141	PASS;TCTTCACTTAAAAAAAAT	INDEL;IDV=4;IMF=1;DP=4;VDB=0.0058656;SGB=-0.556411;MQ0F=0;AC=2;AN=2;DP4=0,0,4,0;MQ=60;RB=2,138813543,138813846,TGG,TAT
1	108206967	NA	C	CCCTA	139	NEI_IND[59/1360];CTCTCCCTCCCCAACCCC	INDEL;IDV=4;IMF=1;DP=4;VDB=0.0568882;SGB=-0.556411;MQ0F=0;AC=2;AN=2;DP4=0,0,4,0;MQ=60;RB=1,108206901,108207298,CGT,TTA
16	57704879	NA	CG	C	85	PASS;CCACCCATCGCAGAGGGA	INDEL;IDV=5;IMF=1;DP=5;VDB=0.0058656;SGB=-0.556411;MQ0F=0;AC=2;AN=2;DP4=0,0,0,4;MQ=60;RB=16,57704570,57704931,TTG,CTG
4	116865144	NA	AACAATT	A	154	NEI_IND[6/198];TTAACAACAACAATTACA	INDEL;IDV=4;IMF=1;DP=4;VDB=0.0058656;SGB=-0.556411;MQ0F=0;AC=2;AN=2;DP4=0,0,4,0;MQ=60;RB=4,116865111,116865295,ACC,CTC
3	164663996	NA	GA	G	11.7169	MASKED;AGGTAAAGGAAAAAAAAA	INDEL;IDV=7;IMF=1;DP=7;VDB=6.71664e-05;SGB=-0.636426;MQ0F=0;AC=2;AN=2;DP4=0,0,0,7;MQ=60;RB=3,164663753,164664018,TTT,CTA
5	65275113	NA	TGTG	T	134	MASKED;CTGCTGACTGTGGTGGTG	INDEL;IDV=4;IMF=1;DP=4;VDB=0.0058656;SGB=-0.556411;MQ0F=0;AC=2;AN=2;DP4=0,0,0,4;MQ=60;RB=5,65274940,65275192,ATA,TAA
1	8274743	NA	GTGCA	G	205	PASS;TAGGGTGAGTGCATGCAA	INDEL;IDV=6;IMF=1;DP=6;VDB=0.000411984;SGB=-0.616816;MQ0F=0;AC=2;AN=2;DP4=0,0,0,6;MQ=60;RB=1,8274519,8274779,CCC,TTA
9	29277287	NA	CACAG	C	182	PASS;GCACTTAGCACAGACAAA	INDEL;IDV=5;IMF=1;DP=5;VDB=0.00187095;SGB=-0.590765;MQ0F=0;AC=2;AN=2;DP4=0,0,5,0;MQ=60;RB=9,29277208,29277738,TGC,TAT
18	36308413	NA	CACCTCAT	C	182	MASKED;GGAAATCACACCTCATAA	INDEL;IDV=5;IMF=1;DP=5;VDB=0.00187095;SGB=-0.590765;MQ0F=0;AC=2;AN=2;DP4=0,0,5,0;MQ=60;RB=18,36308318,36308592,TGG,TTA
X	135689151	NA	ATTTTG	A	225	MASKED;TGTTCAGGATTTTGTTTT	INDEL;IDV=9;IMF=1;DP=9;VDB=5.52906e-06;SGB=-0.662043;MQ0F=0;AC=2;AN=2;DP4=0,0,0,9;MQ=60;RB=X,135688667,135689260,TTA,AGC
