CHROM	POS	ID	REF	ALT	QUAL	FILTER	INFO
1	85987905	NA	ATTCT	A	182	NEI_IND[4/224];GTCTAGCGATTCTTTCTA	INDEL;IDV=5;IMF=1;DP=5;VDB=0.00187095;SGB=-0.590765;MQ0F=0;AC=2;AN=2;DP4=0,0,5,0;MQ=60;RB=1,85987795,85988228,AGT,CTT
16	6285559	NA	ATGTGTGTG	A	154	NEI_IND[138/162];GTGTATGTATGTGTGTGT	INDEL;IDV=4;IMF=1;DP=4;VDB=0.0058656;SGB=-0.556411;MQ0F=0;AC=2;AN=2;DP4=0,0,4,0;MQ=60;RB=16,6285486,6285812,GCT,GCA
16	6285618	NA	CAT	C	83	PASS;TATTTATACATATATATA	INDEL;IDV=3;IMF=0.75;DP=3;VDB=0.0221621;SGB=-0.511536;MQ0F=0;AC=2;AN=2;DP4=0,0,3,0;MQ=60;RB=16,6285486,6285812,GCT,GCA
5	79347868	NA	AGT	A	135	PASS;AGTGAGTGAGTGTGTGTG	INDEL;IDV=5;IMF=1;DP=5;VDB=0.00187095;SGB=-0.590765;MQ0F=0;AC=2;AN=2;DP4=0,0,0,5;MQ=60;RB=5,79347593,79347940,GCC,CCC
5	164750055	NA	CAAAAAA	C	55	NEI_IND[15/206];CAAACAAACAAAAAAAAA	INDEL;IDV=4;IMF=1;DP=4;VDB=0.0058656;SGB=-0.556411;MQ0F=0;AC=2;AN=2;DP4=0,0,4,0;MQ=60;RB=5,164750024,164750968,GAT,GAG
1	170564348	NA	C	CA	125	PASS;GAAGCCTACGTCACACTG	INDEL;IDV=6;IMF=1;DP=6;VDB=0.000411984;SGB=-0.616816;MQ0F=0;AC=2;AN=2;DP4=0,0,6,0;MQ=60;RB=1,170564265,170564582,TCT,AGA
19	29492843	NA	TGACTGATTCACTGATCA	T	225	MASKED;GTTCTGGGTGACTGATTC	INDEL;IDV=9;IMF=1;DP=9;VDB=5.52906e-06;SGB=-0.662043;MQ0F=0;AC=2;AN=2;DP4=0,0,0,9;MQ=60;RB=19,29492456,29492962,AAC,TTT
12	130215952	NA	AG	A	38.415	MASKED;TGGGGGACAGGGGGAAGA	INDEL;IDV=5;IMF=1;DP=5;VDB=0.00187095;SGB=-0.590765;MQ0F=0;AC=2;AN=2;DP4=0,0,5,0;MQ=60;RB=12,130215880,130216138,CGG,TGT
9	27913225	NA	TA	T	39.4149	MASKED;GACATGATTAAAAAATAG	INDEL;IDV=8;IMF=1;DP=8;VDB=1.33331e-05;SGB=-0.651104;MQ0F=0;AC=2;AN=2;DP4=0,0,8,0;MQ=60;RB=9,27913096,27913449,ATA,TCG
