CHROM	POS	ID	REF	ALT	QUAL	FILTER	INFO
1	167611561	NA	GTGTTTA	G	205	NEI_IND[6/266];GGGAGAAAGTGTTTATCT	INDEL;IDV=6;IMF=1;DP=6;VDB=0.000411984;SGB=-0.616816;MQ0F=0;AC=2;AN=2;DP4=0,0,0,6;MQ=60;RB=1,167611184,167611629,GCT,CAT
1	85987905	NA	ATTCT	A	225	NEI_IND[4/224];GTCTAGCGATTCTTTCTA	INDEL;IDV=9;IMF=1;DP=9;VDB=5.52906e-06;SGB=-0.662043;MQ0F=0;AC=2;AN=2;DP4=0,0,9,0;MQ=60;RB=1,85987796,85988228,AGG,ATT
2	168573706	NA	CTT	C	165	MASKED;TATTTTTTCTTTCTTTCT	INDEL;IDV=6;IMF=1;DP=6;VDB=0.000411984;SGB=-0.616816;MQ0F=0;AC=2;AN=2;DP4=0,0,0,6;MQ=60;RB=2,168573362,168573838,GTT,CCC
10	90175977	NA	T	TTA	191	PASS;TATCTGAATTATATATAT	INDEL;IDV=6;IMF=1;DP=6;VDB=0.000411984;SGB=-0.616816;MQ0F=0;AC=2;AN=2;DP4=0,0,0,6;MQ=60;RB=10,90175584,90176062,ACT,ATA
3	19699075	NA	GA	G	7.30725	MASKED;AACAAATTGAAAAAAAAA	INDEL;IDV=5;IMF=1;DP=5;VDB=0.00187095;SGB=-0.590765;MQ0F=0;AC=2;AN=2;DP4=0,0,5,0;MQ=60;RB=3,19699001,19699299,AAT,TTT
6	32569823	NA	AAT	A	81	NEI_IND[40/392];CCAAAAAAAATTACAATA	INDEL;IDV=9;IMF=1;DP=9;VDB=5.52906e-06;SGB=-0.662043;MQ0F=0;AC=2;AN=2;DP4=0,0,9,0;MQ=60;RB=6,32569804,32570053,TTT,AAA
4	155361617	NA	CT	C	27.4221	MASKED;AAAAGAGCCTTTTTTGGG	INDEL;IDV=5;IMF=1;DP=5;VDB=0.00187095;SGB=-0.590765;MQ0F=0;AC=2;AN=2;DP4=0,0,5,0;MQ=60;RB=4,155361483,155362102,CCC,GAC
11	101700067	NA	TAA	T	153	MASKED;ACCTTTAATAAAAAGTCT	INDEL;IDV=10;IMF=1;DP=10;VDB=0.466716;SGB=-0.651104;MQSB=0.900802;MQ0F=0;AC=2;AN=2;DP4=0,0,5,3;MQ=60;RB=11,101699947,101700159,TAA,CAC
15	79583900	NA	TCACACA	T	199	MASKED;AAGACCATTCACACACAC	INDEL;IDV=11;IMF=1;DP=11;VDB=2.26006e-08;SGB=-0.676189;MQ0F=0;AC=2;AN=2;DP4=0,0,11,0;MQ=60;RB=15,79583815,79584144,TCC,GGC
1	85987905	NA	ATTCT	A	225	NEI_IND[4/224];GTCTAGCGATTCTTTCTA	INDEL;IDV=9;IMF=1;DP=9;VDB=5.52906e-06;SGB=-0.662043;MQ0F=0;AC=2;AN=2;DP4=0,0,9,0;MQ=60;RB=1,85987795,85988228,CTA,GAT
12	63160210	NA	CA	C	20.4535	PASS;AGTTAATACAAAAAACAT	INDEL;IDV=4;IMF=1;DP=4;VDB=0.0058656;SGB=-0.556411;MQ0F=0;AC=2;AN=2;DP4=0,0,4,0;MQ=60;RB=12,63160075,63160391,ACC,CCA
21	25070753	NA	G	GA	16.5122	PASS;ACTAGGATGAAAAAAATG	INDEL;IDV=6;IMF=1;DP=6;VDB=0.00187095;SGB=-0.590765;MQ0F=0;AC=2;AN=2;DP4=0,0,0,5;MQ=60;RB=21,25070592,25070850,CCC,CCT
11	101700067	NA	TAA	T	136	MASKED;ACCTTTAATAAAAAGTCT	INDEL;IDV=8;IMF=1;DP=8;VDB=0.565335;SGB=-0.636426;MQSB=1.01283;MQ0F=0;AC=2;AN=2;DP4=0,0,4,3;MQ=60;RB=11,101699948,101700160,CTG,TTA
16	6285559	NA	ATGTGTGTG	A	205	NEI_IND[138/162];GTGTATGTATGTGTGTGT	INDEL;IDV=6;IMF=1;DP=6;VDB=0.000411984;SGB=-0.616816;MQ0F=0;AC=2;AN=2;DP4=0,0,6,0;MQ=60;RB=16,6285486,6285812,CTT,GTA
16	6285618	NA	CAT	C	129	PASS;TATTTATACATATATATA	INDEL;IDV=5;IMF=0.833333;DP=5;VDB=0.00187095;SGB=-0.590765;MQ0F=0;AC=2;AN=2;DP4=0,0,5,0;MQ=60;RB=16,6285486,6285812,CTT,GTA
1	58093594	NA	ACTT	A	205	MASKED;CTTGCACTACTTCCTGGC	INDEL;IDV=6;IMF=1;DP=6;VDB=0.000411984;SGB=-0.616816;MQ0F=0;AC=2;AN=2;DP4=0,0,6,0;MQ=60;RB=1,58093484,58093810,CCG,TAG
5	103454556	NA	C	CAAAAAAAAA,CAAAAAAAAAAA	119	NEI_IND[56/732];CTCCGTCTCAAAAAAAAA	INDEL;IDV=4;IMF=0.8;DP=5;VDB=0.00328272;SGB=-0.590765;MQ0F=0;AC=1,1;AN=2;DP4=0,0,5,0;MQ=56;RB=5,103454524,103455032,GAG,GAA
5	103455002	NA	AT	A	38.415	MASKED;ATGCCATAATTTTTACAG	INDEL;IDV=5;IMF=1;DP=5;VDB=0.00187095;SGB=-0.590765;MQ0F=0;AC=2;AN=2;DP4=0,0,0,5;MQ=60;RB=5,103454524,103455032,GAG,GAA
