kk	file	sample	muts_caveman	c20_genome	muts	corr_muts	c20_nanoseq_genome	obs_rate	corr_rate	donor	age	muts_per_cell
RESULT	Shearwater_calls_FDR0.95_all_muts.txt	BMH100	1039	3958820332	237	252.4888	1083821126	2.186708e-07	2.329617e-07	Shearwater_calls_FDR0.95_all_muts.txt	59	1333.15895042355
RESULT	Shearwater_calls_FDR0.95_all_muts.txt	BMH11	925	1835889706	98	103.7714	518458366	1.890219e-07	2.001538e-07	Shearwater_calls_FDR0.95_all_muts.txt	59	1145.41072601756
RESULT	Shearwater_calls_FDR0.95_all_muts.txt	BMH12	939	3814653038	205	215.0396	1033085254	1.984347e-07	2.081528e-07	Shearwater_calls_FDR0.95_all_muts.txt	59	1191.18622664465
RESULT	Shearwater_calls_FDR0.95_all_muts.txt	BMH13	1003	1905106116	102	110.2035	491828952	2.073892e-07	2.240688e-07	Shearwater_calls_FDR0.95_all_muts.txt	59	1282.26797036021
RESULT	Shearwater_calls_FDR0.95_all_muts.txt	BMH17	988	3567628620	190	203.4978	963061392	1.972875e-07	2.11303e-07	Shearwater_calls_FDR0.95_all_muts.txt	59	1209.21372784173
RESULT	Shearwater_calls_FDR0.95_all_muts.txt	BMH18	1068	1378962218	72	77.93751	366200000	1.966139e-07	2.128277e-07	Shearwater_calls_FDR0.95_all_muts.txt	59	1217.93905673361
RESULT	Shearwater_calls_FDR0.95_all_muts.txt	BMH22	962	2292425230	129	140.201	605557608	2.130268e-07	2.315239e-07	Shearwater_calls_FDR0.95_all_muts.txt	59	1324.93092006955
RESULT	Shearwater_calls_FDR0.95_all_muts.txt	BMH23	1017	2000885770	106	114.185	526766988	2.012275e-07	2.167656e-07	Shearwater_calls_FDR0.95_all_muts.txt	59	1240.4742916279
RESULT	Shearwater_calls_FDR0.95_all_muts.txt	BMH26	1077	1673896168	90	98.6178	442359684	2.034543e-07	2.229358e-07	Shearwater_calls_FDR0.95_all_muts.txt	59	1275.78420461318
RESULT	Shearwater_calls_FDR0.95_all_muts.txt	BMH27	910	1036585116	45	46.97191	275148462	1.635481e-07	1.707148e-07	Shearwater_calls_FDR0.95_all_muts.txt	59	976.941547000068
RESULT	Shearwater_calls_FDR0.95_all_muts.txt	BMH31	1105	2334427902	153	166.3465	629642434	2.429951e-07	2.64192e-07	Shearwater_calls_FDR0.95_all_muts.txt	59	1511.87911759872
RESULT	Shearwater_calls_FDR0.95_all_muts.txt	BMH33	1075	856395376	49	49.67985	223281166	2.194542e-07	2.224991e-07	Shearwater_calls_FDR0.95_all_muts.txt	59	1273.28512208738
RESULT	Shearwater_calls_FDR0.95_all_muts.txt	BMH34	1024	1078413362	63	67.70767	287420464	2.191911e-07	2.355701e-07	Shearwater_calls_FDR0.95_all_muts.txt	59	1348.08591827399
RESULT	Shearwater_calls_FDR0.95_all_muts.txt	BMH37	997	910074730	45	47.2963	242699796	1.854142e-07	1.948757e-07	Shearwater_calls_FDR0.95_all_muts.txt	59	1115.20599169329
RESULT	Shearwater_calls_FDR0.95_all_muts.txt	BMH39	982	1184832990	65	67.39815	315113592	2.062748e-07	2.138852e-07	Shearwater_calls_FDR0.95_all_muts.txt	59	1223.99076218593
RESULT	Shearwater_calls_FDR0.95_all_muts.txt	BMH41	1189	3258209408	219	238.5165	881182230	2.485298e-07	2.706779e-07	Shearwater_calls_FDR0.95_all_muts.txt	59	1548.99567210769
RESULT	Shearwater_calls_FDR0.95_all_muts.txt	BMH42	1131	1449154394	90	96.23304	377408238	2.384686e-07	2.549839e-07	Shearwater_calls_FDR0.95_all_muts.txt	59	1459.18435733815
RESULT	Shearwater_calls_FDR0.95_all_muts.txt	BMH44	1121	4229321554	268	287.5657	1155692844	2.318955e-07	2.488254e-07	Shearwater_calls_FDR0.95_all_muts.txt	59	1423.94139939191
RESULT	Shearwater_calls_FDR0.95_all_muts.txt	BMH49	977	2094124932	107	111.9677	579272098	1.847146e-07	1.932903e-07	Shearwater_calls_FDR0.95_all_muts.txt	59	1106.13329776977
RESULT	Shearwater_calls_FDR0.95_all_muts.txt	BMH50	1158	2337682204	152	158.9108	624395784	2.434353e-07	2.545034e-07	Shearwater_calls_FDR0.95_all_muts.txt	59	1456.43462261489
RESULT	Shearwater_calls_FDR0.95_all_muts.txt	BMH51	1011	2027509598	95	102.9542	536244216	1.771581e-07	1.919912e-07	Shearwater_calls_FDR0.95_all_muts.txt	59	1098.69899937439
RESULT	Shearwater_calls_FDR0.95_all_muts.txt	BMH52	1151	3727589034	214	227.3452	1013942894	2.110573e-07	2.242189e-07	Shearwater_calls_FDR0.95_all_muts.txt	59	1283.126940562
RESULT	Shearwater_calls_FDR0.95_all_muts.txt	BMH56	1052	3588315088	207	224.8335	987165850	2.096912e-07	2.277566e-07	Shearwater_calls_FDR0.95_all_muts.txt	59	1303.37196976171
RESULT	Shearwater_calls_FDR0.95_all_muts.txt	BMH59	1044	2321668436	134	142.5287	615283264	2.177859e-07	2.316472e-07	Shearwater_calls_FDR0.95_all_muts.txt	59	1325.63652317335
RESULT	Shearwater_calls_FDR0.95_all_muts.txt	BMH60	1091	1425040794	77	83.19405	362970846	2.121382e-07	2.292031e-07	Shearwater_calls_FDR0.95_all_muts.txt	59	1311.64978719602
RESULT	Shearwater_calls_FDR0.95_all_muts.txt	BMH62	1063	1827127962	114	120.769	488624000	2.333082e-07	2.471614e-07	Shearwater_calls_FDR0.95_all_muts.txt	59	1414.41890494967
RESULT	Shearwater_calls_FDR0.95_all_muts.txt	BMH63	1121	3584314694	189	205.1094	974464954	1.939526e-07	2.104842e-07	Shearwater_calls_FDR0.95_all_muts.txt	59	1204.52801963902
RESULT	Shearwater_calls_FDR0.95_all_muts.txt	BMH65	1155	1496032504	83	91.95855	384168984	2.160508e-07	2.393701e-07	Shearwater_calls_FDR0.95_all_muts.txt	59	1369.83199933199
RESULT	Shearwater_calls_FDR0.95_all_muts.txt	BMH66	962	2522993962	115	124.1202	684934128	1.678994e-07	1.812148e-07	Shearwater_calls_FDR0.95_all_muts.txt	59	1037.02940255507
RESULT	Shearwater_calls_FDR0.95_all_muts.txt	BMH71	1060	2044309916	121	132.0536	535259102	2.260587e-07	2.467097e-07	Shearwater_calls_FDR0.95_all_muts.txt	59	1411.83398263023
RESULT	Shearwater_calls_FDR0.95_all_muts.txt	BMH72	1017	1537458100	75	80.9122	409496848	1.831516e-07	1.975893e-07	Shearwater_calls_FDR0.95_all_muts.txt	59	1130.73498262986
RESULT	Shearwater_calls_FDR0.95_all_muts.txt	BMH73	1057	2376240196	136	142.0836	663772736	2.048894e-07	2.140545e-07	Shearwater_calls_FDR0.95_all_muts.txt	59	1224.9596073236
RESULT	Shearwater_calls_FDR0.95_all_muts.txt	BMH76	1058	4474386502	262	280.659	1235838308	2.120018e-07	2.271001e-07	Shearwater_calls_FDR0.95_all_muts.txt	59	1299.61504812629
RESULT	Shearwater_calls_FDR0.95_all_muts.txt	BMH77	923	2372881314	138	148.8245	619061802	2.22918e-07	2.404033e-07	Shearwater_calls_FDR0.95_all_muts.txt	59	1375.7446443186
RESULT	Shearwater_calls_FDR0.95_all_muts.txt	BMH78	1111	786751432	53	56.01372	207496198	2.554264e-07	2.699506e-07	Shearwater_calls_FDR0.95_all_muts.txt	59	1544.83358664625
RESULT	Shearwater_calls_FDR0.95_all_muts.txt	BMH7	1023	1627770448	91	95.51321	434557828	2.094083e-07	2.19794e-07	Shearwater_calls_FDR0.95_all_muts.txt	59	1257.80477370054
RESULT	Shearwater_calls_FDR0.95_all_muts.txt	BMH80	1135	972313816	60	63.92951	245937268	2.439647e-07	2.599423e-07	Shearwater_calls_FDR0.95_all_muts.txt	59	1487.55955952709
RESULT	Shearwater_calls_FDR0.95_all_muts.txt	BMH81	1094	1470538602	86	96.62714	382639942	2.247544e-07	2.525276e-07	Shearwater_calls_FDR0.95_all_muts.txt	59	1445.12780499532
RESULT	Shearwater_calls_FDR0.95_all_muts.txt	BMH83	897	2724560174	134	145.5495	701456178	1.910312e-07	2.074963e-07	Shearwater_calls_FDR0.95_all_muts.txt	59	1187.42930500923
RESULT	Shearwater_calls_FDR0.95_all_muts.txt	BMH84	1166	870649026	49	51.99744	222263744	2.204588e-07	2.339448e-07	Shearwater_calls_FDR0.95_all_muts.txt	59	1338.78489049937
RESULT	Shearwater_calls_FDR0.95_all_muts.txt	BMH85	1177	2461688480	161	170.2785	650429360	2.475288e-07	2.61794e-07	Shearwater_calls_FDR0.95_all_muts.txt	59	1498.15619592054
RESULT	Shearwater_calls_FDR0.95_all_muts.txt	BMH86	964	1560216290	80	86.00893	408793754	1.956977e-07	2.103969e-07	Shearwater_calls_FDR0.95_all_muts.txt	59	1204.02843203998
RESULT	Shearwater_calls_FDR0.95_all_muts.txt	BMH87	991	2123920002	102	108.11	571355986	1.785227e-07	1.892166e-07	Shearwater_calls_FDR0.95_all_muts.txt	59	1082.82092661031
RESULT	Shearwater_calls_FDR0.95_all_muts.txt	BMH88	1121	3707274254	243	255.6379	1015584930	2.39271e-07	2.517149e-07	Shearwater_calls_FDR0.95_all_muts.txt	59	1440.47700497536
RESULT	Shearwater_calls_FDR0.95_all_muts.txt	BMH89	1002	1715696856	97	104.2701	443749264	2.185919e-07	2.349753e-07	Shearwater_calls_FDR0.95_all_muts.txt	59	1344.68208432312
RESULT	Shearwater_calls_FDR0.95_all_muts.txt	BMH90	1121	2344700974	134	144.1058	621681350	2.155445e-07	2.318001e-07	Shearwater_calls_FDR0.95_all_muts.txt	59	1326.51151680329
RESULT	Shearwater_calls_FDR0.95_all_muts.txt	BMH91	1032	3174396186	158	169.6014	866998214	1.82238e-07	1.956191e-07	Shearwater_calls_FDR0.95_all_muts.txt	59	1119.46021186658
RESULT	Shearwater_calls_FDR0.95_all_muts.txt	BMH92	1128	1397730792	94	99.67822	371697126	2.528941e-07	2.681705e-07	Shearwater_calls_FDR0.95_all_muts.txt	59	1534.64669220116
RESULT	Shearwater_calls_FDR0.95_all_muts.txt	BMH94	1102	912287178	60	67.04755	225724244	2.658111e-07	2.97033e-07	Shearwater_calls_FDR0.95_all_muts.txt	59	1699.81676181603
RESULT	Shearwater_calls_FDR0.95_all_muts.txt	BMH96	1044	2734872460	154	162.6707	744528640	2.068423e-07	2.184882e-07	Shearwater_calls_FDR0.95_all_muts.txt	59	1250.33213353066
RESULT	Shearwater_calls_FDR0.95_all_muts.txt	BMH97	1068	927586358	49	53.88961	232496596	2.107558e-07	2.317867e-07	Shearwater_calls_FDR0.95_all_muts.txt	59	1326.4348332543
RESULT	Shearwater_calls_FDR0.95_all_muts.txt	BMH98	1192	1398864802	81	86.32971	365557000	2.215797e-07	2.361594e-07	Shearwater_calls_FDR0.95_all_muts.txt	59	1351.45827763385
RESULT	Shearwater_calls_FDR0.95_all_muts.txt	BMH99	1018	948785180	60	63.66685	250606972	2.394187e-07	2.540506e-07	Shearwater_calls_FDR0.95_all_muts.txt	59	1453.84340537725
RESULT	Shearwater_calls_FDR0.95_all_muts.txt	BMP121	909	1979647244	111	115.3537	542367156	2.046584e-07	2.126856e-07	Shearwater_calls_FDR0.95_all_muts.txt	59	1217.1258677551
RESULT	Shearwater_calls_FDR0.95_all_muts.txt	BMP14	1163	2992508518	171	183.4684	831073402	2.05758e-07	2.207608e-07	Shearwater_calls_FDR0.95_all_muts.txt	59	1263.33743453393
RESULT	Shearwater_calls_FDR0.95_all_muts.txt	BMP15	1049	1503503072	104	110.6509	414746226	2.507557e-07	2.667918e-07	Shearwater_calls_FDR0.95_all_muts.txt	59	1526.75687063414
RESULT	Shearwater_calls_FDR0.95_all_muts.txt	BMP184	1052	1509415832	86	93.02713	415897236	2.067819e-07	2.236782e-07	Shearwater_calls_FDR0.95_all_muts.txt	59	1280.03270213356
RESULT	Shearwater_calls_FDR0.95_all_muts.txt	BMP186	1027	1845302018	90	96.51672	500944186	1.796607e-07	1.926696e-07	Shearwater_calls_FDR0.95_all_muts.txt	59	1102.58124710854
RESULT	Shearwater_calls_FDR0.95_all_muts.txt	BMP194	1130	1279708776	76	80.00691	345846508	2.197507e-07	2.313365e-07	Shearwater_calls_FDR0.95_all_muts.txt	59	1323.85849491422
RESULT	Shearwater_calls_FDR0.95_all_muts.txt	BMP19	1098	2685606996	169	176.3433	751582762	2.248588e-07	2.346293e-07	Shearwater_calls_FDR0.95_all_muts.txt	59	1342.70204641626
RESULT	Shearwater_calls_FDR0.95_all_muts.txt	BMP20	1063	2308644992	142	150.9667	629061374	2.257331e-07	2.399873e-07	Shearwater_calls_FDR0.95_all_muts.txt	59	1373.36402070804
RESULT	Shearwater_calls_FDR0.95_all_muts.txt	BMP213	1131	2079849626	131	138.5985	575692642	2.27552e-07	2.407508e-07	Shearwater_calls_FDR0.95_all_muts.txt	59	1377.73326620483
RESULT	Shearwater_calls_FDR0.95_all_muts.txt	BMP214	1045	1865734430	110	118.7779	516445664	2.129943e-07	2.29991e-07	Shearwater_calls_FDR0.95_all_muts.txt	59	1316.15866542381
RESULT	Shearwater_calls_FDR0.95_all_muts.txt	BMP218	1167	1369006796	85	87.93677	374380704	2.270416e-07	2.34886e-07	Shearwater_calls_FDR0.95_all_muts.txt	59	1344.17105141826
RESULT	Shearwater_calls_FDR0.95_all_muts.txt	BMP234	997	1975788196	118	125.7509	533577336	2.211488e-07	2.35675e-07	Shearwater_calls_FDR0.95_all_muts.txt	59	1348.68622456425
RESULT	Shearwater_calls_FDR0.95_all_muts.txt	BMP245	1114	993194494	63	65.98	275218868	2.289087e-07	2.397365e-07	Shearwater_calls_FDR0.95_all_muts.txt	59	1371.92877935822
RESULT	Shearwater_calls_FDR0.95_all_muts.txt	BMP256	1098	4241557410	256	267.3118	1153889956	2.218582e-07	2.316614e-07	Shearwater_calls_FDR0.95_all_muts.txt	59	1325.71778484467
RESULT	Shearwater_calls_FDR0.95_all_muts.txt	BMP262	1008	935552702	43	44.50759	243881566	1.763151e-07	1.824967e-07	Shearwater_calls_FDR0.95_all_muts.txt	59	1044.3652713204
RESULT	Shearwater_calls_FDR0.95_all_muts.txt	BMP265	1214	1860903638	122	130.1319	511116718	2.38693e-07	2.546031e-07	Shearwater_calls_FDR0.95_all_muts.txt	59	1457.00517111002
RESULT	Shearwater_calls_FDR0.95_all_muts.txt	BMP291	1184	2744513968	149	158.5796	738919428	2.016458e-07	2.146102e-07	Shearwater_calls_FDR0.95_all_muts.txt	59	1228.13968554568
RESULT	Shearwater_calls_FDR0.95_all_muts.txt	BMP2	1047	1987714382	114	120.768	549500678	2.074611e-07	2.197777e-07	Shearwater_calls_FDR0.95_all_muts.txt	59	1257.71149445811
RESULT	Shearwater_calls_FDR0.95_all_muts.txt	BMP305	884	2291325858	113	119.8874	638274246	1.770399e-07	1.878306e-07	Shearwater_calls_FDR0.95_all_muts.txt	59	1074.88932967705
RESULT	Shearwater_calls_FDR0.95_all_muts.txt	BMP308	940	2597075140	131	139.2903	714809254	1.832657e-07	1.948636e-07	Shearwater_calls_FDR0.95_all_muts.txt	59	1115.13674759308
RESULT	Shearwater_calls_FDR0.95_all_muts.txt	BMP30	1083	2138848224	122	130.841	577727500	2.111722e-07	2.264753e-07	Shearwater_calls_FDR0.95_all_muts.txt	59	1296.03953458812
RESULT	Shearwater_calls_FDR0.95_all_muts.txt	BMP310	1044	1446985316	85	93.58361	389725566	2.181022e-07	2.401269e-07	Shearwater_calls_FDR0.95_all_muts.txt	59	1374.16290305428
RESULT	Shearwater_calls_FDR0.95_all_muts.txt	BMP312a	1084	1458684216	82	86.71935	393784170	2.082359e-07	2.202205e-07	Shearwater_calls_FDR0.95_all_muts.txt	59	1260.24548516666
RESULT	Shearwater_calls_FDR0.95_all_muts.txt	BMP314	1067	2132410174	123	131.6413	580411644	2.119186e-07	2.268068e-07	Shearwater_calls_FDR0.95_all_muts.txt	59	1297.93659402779
RESULT	Shearwater_calls_FDR0.95_all_muts.txt	BMP316	1070	2930659632	181	193.1801	806032928	2.245566e-07	2.396677e-07	Shearwater_calls_FDR0.95_all_muts.txt	59	1371.53506083801
RESULT	Shearwater_calls_FDR0.95_all_muts.txt	BMP327	1149	2422562208	138	150.0464	659250844	2.093285e-07	2.276013e-07	Shearwater_calls_FDR0.95_all_muts.txt	59	1302.48324176478
RESULT	Shearwater_calls_FDR0.95_all_muts.txt	BMP329	1057	2428133576	140	149.9255	662190378	2.114196e-07	2.264084e-07	Shearwater_calls_FDR0.95_all_muts.txt	59	1295.65668910844
RESULT	Shearwater_calls_FDR0.95_all_muts.txt	BMP330	1160	3606971720	246	258.3325	998587620	2.463479e-07	2.586979e-07	Shearwater_calls_FDR0.95_all_muts.txt	59	1480.43829024589
RESULT	Shearwater_calls_FDR0.95_all_muts.txt	BMP336	1001	901318368	54	56.10159	247580296	2.181111e-07	2.265996e-07	Shearwater_calls_FDR0.95_all_muts.txt	59	1296.75086034484
RESULT	Shearwater_calls_FDR0.95_all_muts.txt	BMP337	979	1593772414	108	116.3378	440258440	2.453105e-07	2.642489e-07	Shearwater_calls_FDR0.95_all_muts.txt	59	1512.2047365493
RESULT	Shearwater_calls_FDR0.95_all_muts.txt	BMP343	1122	2532264602	160	171.9616	695091048	2.301857e-07	2.473944e-07	Shearwater_calls_FDR0.95_all_muts.txt	59	1415.7522830777
RESULT	Shearwater_calls_FDR0.95_all_muts.txt	BMP344	908	845232934	45	46.76863	230102210	1.955653e-07	2.032515e-07	Shearwater_calls_FDR0.95_all_muts.txt	59	1163.13778793687
RESULT	Shearwater_calls_FDR0.95_all_muts.txt	BMP356	1017	1954898932	117	124.1251	527869490	2.216457e-07	2.351436e-07	Shearwater_calls_FDR0.95_all_muts.txt	59	1345.64520680788
RESULT	Shearwater_calls_FDR0.95_all_muts.txt	BMP361	967	2542256636	144	152.3141	700579510	2.055441e-07	2.174116e-07	Shearwater_calls_FDR0.95_all_muts.txt	59	1244.17112540776
RESULT	Shearwater_calls_FDR0.95_all_muts.txt	BMP362	1026	888653064	45	48.84711	239263848	1.880769e-07	2.041558e-07	Shearwater_calls_FDR0.95_all_muts.txt	59	1168.31278296338
RESULT	Shearwater_calls_FDR0.95_all_muts.txt	BMP378	1025	1351606194	86	92.13344	370746316	2.319645e-07	2.48508e-07	Shearwater_calls_FDR0.95_all_muts.txt	59	1422.12502935828
RESULT	Shearwater_calls_FDR0.95_all_muts.txt	BMP43	1066	1151699942	62	67.39785	306195210	2.024852e-07	2.20114e-07	Shearwater_calls_FDR0.95_all_muts.txt	59	1259.63602263174
RESULT	Shearwater_calls_FDR0.95_all_muts.txt	BMP58	1088	2696979254	161	166.8013	746181904	2.157651e-07	2.235397e-07	Shearwater_calls_FDR0.95_all_muts.txt	59	1279.24011470553
RESULT	Shearwater_calls_FDR0.95_all_muts.txt	BMP67	1161	2125972706	125	133.8889	573971830	2.177807e-07	2.332674e-07	Shearwater_calls_FDR0.95_all_muts.txt	59	1334.90836541813
RESULT	Shearwater_calls_FDR0.95_all_muts.txt	BMP74	1034	1890551928	102	110.3937	504775028	2.020702e-07	2.186988e-07	Shearwater_calls_FDR0.95_all_muts.txt	59	1251.53732423351
RESULT	Shearwater_calls_FDR0.95_all_muts.txt	BMP76	1040	1007023656	57	59.32886	269775530	2.112868e-07	2.199193e-07	Shearwater_calls_FDR0.95_all_muts.txt	59	1258.52182211016
RESULT	Shearwater_calls_FDR0.95_all_muts.txt	BMP83	1084	2618381578	177	188.394	706553246	2.505119e-07	2.666381e-07	Shearwater_calls_FDR0.95_all_muts.txt	59	1525.87729888187
RESULT	Shearwater_calls_FDR0.95_all_muts.txt	BMP86	925	1755481034	85	89.61379	469196848	1.811606e-07	1.90994e-07	Shearwater_calls_FDR0.95_all_muts.txt	59	1092.99236989254
RESULT	Shearwater_calls_FDR0.95_all_muts.txt	BMPBHC12	842	889503274	49	50.46607	246827592	1.985191e-07	2.044588e-07	Shearwater_calls_FDR0.95_all_muts.txt	59	1170.04674679511
RESULT	Shearwater_calls_FDR0.95_all_muts.txt	BMPBHC14	1037	766746100	51	53.01822	213582582	2.387835e-07	2.482329e-07	Shearwater_calls_FDR0.95_all_muts.txt	59	1420.55072754274
RESULT	Shearwater_calls_FDR0.95_all_muts.txt	BMPBHC17	989	1929186992	115	122.4131	530986142	2.165782e-07	2.305392e-07	Shearwater_calls_FDR0.95_all_muts.txt	59	1319.29582374907
RESULT	Shearwater_calls_FDR0.95_all_muts.txt	BMPBHC18	832	1363720620	66	69.18177	385218188	1.713315e-07	1.795911e-07	Shearwater_calls_FDR0.95_all_muts.txt	59	1027.7375310251
RESULT	Shearwater_calls_FDR0.95_all_muts.txt	BMPBHC1	1038	1200527982	68	72.11434	333165476	2.041028e-07	2.16452e-07	Shearwater_calls_FDR0.95_all_muts.txt	59	1238.67966767532
RESULT	Shearwater_calls_FDR0.95_all_muts.txt	BMPBHC21	1059	1782115088	106	112.6209	495719764	2.138305e-07	2.271865e-07	Shearwater_calls_FDR0.95_all_muts.txt	59	1300.10948533771
RESULT	Shearwater_calls_FDR0.95_all_muts.txt	BMPBHC23	1000	731190416	52	52.6388	203189474	2.559188e-07	2.590626e-07	Shearwater_calls_FDR0.95_all_muts.txt	59	1482.52534176217
RESULT	Shearwater_calls_FDR0.95_all_muts.txt	BMPBHC26	979	1143629514	58	62.09947	312967514	1.853227e-07	1.984214e-07	Shearwater_calls_FDR0.95_all_muts.txt	59	1135.49680211627
RESULT	Shearwater_calls_FDR0.95_all_muts.txt	BMPBHC28	1012	1123180746	68	73.74463	306443378	2.219007e-07	2.406468e-07	Shearwater_calls_FDR0.95_all_muts.txt	59	1377.13811030219
RESULT	Shearwater_calls_FDR0.95_all_muts.txt	BMPBHC2	922	1376678730	81	83.66754	384009530	2.109323e-07	2.178788e-07	Shearwater_calls_FDR0.95_all_muts.txt	59	1246.84474884731
RESULT	Shearwater_calls_FDR0.95_all_muts.txt	BMPBHC33	936	1971201862	103	108.5974	554205404	1.858517e-07	1.959515e-07	Shearwater_calls_FDR0.95_all_muts.txt	59	1121.36242169386
RESULT	Shearwater_calls_FDR0.95_all_muts.txt	BMPBHC35	919	1455990180	85	87.11862	409007246	2.078203e-07	2.130002e-07	Shearwater_calls_FDR0.95_all_muts.txt	59	1218.92621436058
RESULT	Shearwater_calls_FDR0.95_all_muts.txt	BMPBHC36	953	1361498050	87	94.2583	381670812	2.279451e-07	2.469623e-07	Shearwater_calls_FDR0.95_all_muts.txt	59	1413.27952475529
RESULT	Shearwater_calls_FDR0.95_all_muts.txt	BMPBHC40	991	1187336146	79	81.49405	334750208	2.359969e-07	2.434473e-07	Shearwater_calls_FDR0.95_all_muts.txt	59	1393.16439977664
RESULT	2133/mutation_calls.csv	BMH1_TG001_P31_A11	1055	2973262466	168	184.1635	783214400	2.145007e-07	2.35138e-07	2133/mutation_calls.csv	63	1345.61315995158
RESULT	2133/mutation_calls.csv	BMH1_TG001_P31_C01	1218	3930421850	256	272.2707	1089588820	2.34951e-07	2.498839e-07	2133/mutation_calls.csv	63	1429.99882749715
RESULT	2133/mutation_calls.csv	BMH1_TG001_P31_C12	1042	3839010542	209	223.7172	1044740264	2.000497e-07	2.141367e-07	2133/mutation_calls.csv	63	1225.4300093928
RESULT	2133/mutation_calls.csv	BMH1_TG001_P31_D01	1165	4921267316	286	305.4178	1357370406	2.107015e-07	2.250069e-07	2133/mutation_calls.csv	63	1287.63639105508
RESULT	2133/mutation_calls.csv	BMH1_TG001_P31_D10	1302	4340772372	295	312.1059	1203735958	2.450704e-07	2.59281e-07	2133/mutation_calls.csv	63	1483.77516915771
RESULT	2133/mutation_calls.csv	BMH1_TG001_P31_D12	1092	3170922084	219	234.2673	872881164	2.508933e-07	2.68384e-07	2133/mutation_calls.csv	63	1535.86847859744
RESULT	2133/mutation_calls.csv	BMH1_TG001_P32_B10	1136	2334252564	141	147.2898	605405144	2.329019e-07	2.432913e-07	2133/mutation_calls.csv	63	1392.27166592268
RESULT	2133/mutation_calls.csv	BMH1_TG001_P32_C03	1098	2766655736	175	185.1569	748556240	2.337834e-07	2.47352e-07	2133/mutation_calls.csv	63	1415.50964259432
RESULT	2133/mutation_calls.csv	BMH1_TG001_P32_C06	1022	3125651440	167	179.5626	856243876	1.950379e-07	2.097097e-07	2133/mutation_calls.csv	63	1200.09582496023
RESULT	2133/mutation_calls.csv	BMH1_TG001_P32_E03	1099	2788956930	165	174.4935	761831080	2.165834e-07	2.290449e-07	2133/mutation_calls.csv	63	1310.74446350566
RESULT	CB001_3_NV.csv	PD40315ad	53	1060831598	4	4.870957	282105838	1.417908e-08	1.726642e-08	CB001_3_NV.csv	0	98.8097286582822
RESULT	CB001_3_NV.csv	PD40315aq	63	2795963596	7	7.277611	752342046	9.304279e-09	9.673275e-09	CB001_3_NV.csv	0	55.3567953279803
RESULT	CB001_3_NV.csv	PD40315as	51	4492775902	13	15.93003	1205926724	1.078009e-08	1.320978e-08	CB001_3_NV.csv	0	75.5949859574598
RESULT	CB001_3_NV.csv	PD40315at	43	1098735072	1	0.9390766	292012938	3.424506e-09	3.215873e-09	CB001_3_NV.csv	0	18.4033249816404
RESULT	CB001_3_NV.csv	PD40315ay	48	847242332	3	3.693325	218156192	1.375162e-08	1.692973e-08	CB001_3_NV.csv	0	96.8829686500143
RESULT	CB001_3_NV.csv	PD40315bb	50	2015498212	4	4.603286	546182806	7.323555e-09	8.428105e-09	CB001_3_NV.csv	0	48.2311196040355
RESULT	CB001_3_NV.csv	PD40315bi	40	873210002	1	1.120197	232486250	4.30133e-09	4.818336e-09	CB001_3_NV.csv	0	27.5736645317578
RESULT	CB001_3_NV.csv	PD40315bj	52	3933981018	7	8.874163	1057165442	6.62148e-09	8.394299e-09	CB001_3_NV.csv	0	48.0376595997601
RESULT	CB001_3_NV.csv	PD40315bm	56	4715305798	18	19.97663	1265900224	1.421913e-08	1.578057e-08	CB001_3_NV.csv	0	90.3067248319587
RESULT	CB001_3_NV.csv	PD40315bo	47	1254483782	3	3.300039	315598090	9.505761e-09	1.045646e-08	CB001_3_NV.csv	0	59.8386912472986
RESULT	CB001_3_NV.csv	PD40315bt	51	800175428	1	0.9940087	212769042	4.699932e-09	4.671773e-09	CB001_3_NV.csv	0	26.7349353533094
RESULT	CB001_3_NV.csv	PD40315ca	45	2179967824	2	2.477778	574053964	3.483993e-09	4.316281e-09	CB001_3_NV.csv	0	24.7005780250277
RESULT	CB001_3_NV.csv	PD40315cs	51	4209560646	5	5.34123	1135681346	4.402643e-09	4.703106e-09	CB001_3_NV.csv	0	26.9142432369385
RESULT	CB001_3_NV.csv	PD40315cv	50	4885457158	13	14.4612	1314525810	9.889498e-09	1.100108e-08	CB001_3_NV.csv	0	62.9553624751428
RESULT	CB001_3_NV.csv	PD40315dp	56	2408975532	5	5.158841	654799042	7.635931e-09	7.87851e-09	CB001_3_NV.csv	0	45.0859781779641
RESULT	CB001_3_NV.csv	PD40315ee	42	1373633392	2	2.535191	340863612	5.867449e-09	7.437554e-09	CB001_3_NV.csv	0	42.5625400413821
RESULT	CB001_3_NV.csv	PD40315el	51	5322507984	8	8.360717	1427691374	5.603452e-09	5.856109e-09	CB001_3_NV.csv	0	33.5124792101272
RESULT	CB001_3_NV.csv	PD40315et	72	2141513046	7	8.432521	573842168	1.219848e-08	1.469484e-08	CB001_3_NV.csv	0	84.0934688879844
RESULT	CB001_3_NV.csv	PD40315ew	38	865839792	1	0.9298042	219593578	4.553867e-09	4.234205e-09	CB001_3_NV.csv	0	24.2308855647866
RESULT	CB001_3_NV.csv	PD40315fb	39	986893954	2	2.700294	260740798	7.670453e-09	1.035624e-08	CB001_3_NV.csv	0	59.2651669726584
RESULT	CB001_3_NV.csv	PD40315fj	50	1245502342	5	5.232671	326541530	1.531199e-08	1.602452e-08	CB001_3_NV.csv	0	91.7027660093532
RESULT	CB001_3_NV.csv	PD40315fk	54	5277994348	11	12.7301	1415274044	7.772346e-09	8.994795e-09	CB001_3_NV.csv	0	51.4740897816034
RESULT	CB001_3_NV.csv	PD40315fl	64	4964973832	19	20.65704	1333307956	1.425027e-08	1.549307e-08	CB001_3_NV.csv	0	88.6614621203337
RESULT	CB001_3_NV.csv	PD40315fv	50	2791649782	8	9.052646	746141182	1.072183e-08	1.213262e-08	CB001_3_NV.csv	0	69.4307731489242
RESULT	CB001_3_NV.csv	PD40315fx	62	1803313578	3	3.293846	482338380	6.2197e-09	6.828912e-09	CB001_3_NV.csv	0	39.0794931289339
RESULT	CB001_3_NV.csv	PD40315fy	49	2017157268	3	2.96711	540932966	5.545974e-09	5.485172e-09	CB001_3_NV.csv	0	31.3897355076505
RESULT	CB001_3_NV.csv	PD40315gb	45	969171358	2	2.154624	259559446	7.705364e-09	8.30108e-09	CB001_3_NV.csv	0	47.5041996181428
RESULT	CB001_3_NV.csv	PD40315gl	67	2318008470	9	8.86866	620080370	1.451425e-08	1.430244e-08	CB001_3_NV.csv	0	81.8478998861004
RESULT	CB001_3_NV.csv	PD40315gn	49	1416626620	1	1.438716	383028734	2.61077e-09	3.756157e-09	CB001_3_NV.csv	0	21.4951827864669
RESULT	CB001_3_NV.csv	PD40315gu	51	916216980	5	5.313542	243544532	2.053013e-08	2.181754e-08	CB001_3_NV.csv	0	124.854208770041
RESULT	CB001_3_NV.csv	PD40315hc	61	3104506862	12	13.64823	825330010	1.453964e-08	1.653669e-08	CB001_3_NV.csv	0	94.6337371502679
RESULT	CB001_3_NV.csv	PD40315he	56	4539205882	12	13.47506	1224262240	9.801822e-09	1.100668e-08	CB001_3_NV.csv	0	62.9874093314388
RESULT	CB001_3_NV.csv	PD40315hl	47	2494891082	8	8.534948	667900996	1.197782e-08	1.277876e-08	CB001_3_NV.csv	0	73.1284081001916
RESULT	CB001_3_NV.csv	PD40315hn	60	2508800150	8	9.113018	661101058	1.210102e-08	1.378461e-08	CB001_3_NV.csv	0	78.8845385297151
RESULT	CB001_3_NV.csv	PD40315hv	49	2366636382	8	9.27598	634491534	1.260852e-08	1.461955e-08	CB001_3_NV.csv	0	83.6626103503905
RESULT	CB001_3_NV.csv	PD40315id	56	1049624238	4	4.001004	265226880	1.508143e-08	1.508521e-08	CB001_3_NV.csv	0	86.3274209044611
RESULT	CB001_3_NV.csv	PD40315ii	46	1237626868	3	3.226061	317619298	9.44527e-09	1.0157e-08	CB001_3_NV.csv	0	58.12498560687
RESULT	CB001_3_NV.csv	PD40315ij	45	890889782	4	4.646341	230517594	1.735225e-08	2.015612e-08	CB001_3_NV.csv	0	115.346478772309
RESULT	CB001_3_NV.csv	PD40315in	32	784810352	2	2.489182	202776640	9.863069e-09	1.227549e-08	CB001_3_NV.csv	0	70.2483685701759
RESULT	1882/mutation_calls.csv	PD40521r	589	5049318778	193	207.2067	1389520980	1.388968e-07	1.49121e-07	1882/mutation_calls.csv	29	853.36772459211
RESULT	1882/mutation_calls.csv	PD40521w	495	4990003310	135	143.6662	1375253442	9.816372e-08	1.044653e-07	1882/mutation_calls.csv	29	597.818653039023
RESULT	1882/mutation_calls.csv	PD40521wv	603	5273904636	167	176.2266	1435088562	1.163691e-07	1.227984e-07	1882/mutation_calls.csv	29	702.732621103344
RESULT	1882/mutation_calls.csv	PD40521wx	541	4966193482	145	153.6028	1357687836	1.067992e-07	1.131356e-07	1882/mutation_calls.csv	29	647.435770564596
RESULT	1882/mutation_calls.csv	PD40521wy	612	4886122726	166	178.21	1332635052	1.245652e-07	1.337276e-07	1882/mutation_calls.csv	29	765.276639287316
RESULT	1882/mutation_calls.csv	PD40521wz	637	5112431520	158	172.6642	1389538044	1.137069e-07	1.242602e-07	1882/mutation_calls.csv	29	711.097995127182
RESULT	1882/mutation_calls.csv	PD40521xb	635	5469692954	193	206.2199	1466085402	1.316431e-07	1.406602e-07	1882/mutation_calls.csv	29	804.949502851182
RESULT	1882/mutation_calls.csv	PD40521xd	617	5472907120	196	206.5763	1467508538	1.335597e-07	1.407666e-07	1882/mutation_calls.csv	29	805.558393120806
RESULT	1882/mutation_calls.csv	PD40521xn	542	5011782412	151	162.3029	1367175458	1.104467e-07	1.18714e-07	1882/mutation_calls.csv	29	679.35901755774
RESULT	1882/mutation_calls.csv	PD40521xo	580	5424115296	159	172.6565	1459841464	1.089159e-07	1.182707e-07	1882/mutation_calls.csv	29	676.822165522737
RESULT	2022/mutation_calls.csv	PD40667al	616	1983295048	69	73.26858	555452946	1.242229e-07	1.319078e-07	2022/mutation_calls.csv	38	754.862555521698
RESULT	2022/mutation_calls.csv	PD40667cn	607	2639939826	85	88.18635	737352348	1.152773e-07	1.195987e-07	2022/mutation_calls.csv	38	684.421848587217
RESULT	2022/mutation_calls.csv	PD40667gs	675	4983345296	182	191.2375	1377106014	1.321612e-07	1.388691e-07	2022/mutation_calls.csv	38	794.699659224081
RESULT	2022/mutation_calls.csv	PD40667gt	686	5077890760	189	202.1664	1400802344	1.349227e-07	1.443219e-07	2022/mutation_calls.csv	38	825.904141011729
RESULT	2022/mutation_calls.csv	PD40667gu	723	5132031108	187	201.2155	1413920234	1.322564e-07	1.423104e-07	2022/mutation_calls.csv	38	814.393024683264
RESULT	2022/mutation_calls.csv	PD40667gv	704	4614751606	192	199.1391	1276100216	1.504584e-07	1.560529e-07	2022/mutation_calls.csv	38	893.036582298939
RESULT	2022/mutation_calls.csv	PD40667gw	744	4246548720	190	205.5744	1175748422	1.615992e-07	1.748456e-07	2022/mutation_calls.csv	38	1000.5806816407
RESULT	2022/mutation_calls.csv	PD40667gx	561	4617162234	138	144.4797	1281522612	1.076844e-07	1.127407e-07	2022/mutation_calls.csv	38	645.175894930437
RESULT	2022/mutation_calls.csv	PD40667ij	636	2893220592	112	122.8532	797487768	1.40441e-07	1.540502e-07	2022/mutation_calls.csv	38	881.575825316082
RESULT	2022/mutation_calls.csv	PD40667ix	602	1420896020	53	58.71175	383794880	1.380946e-07	1.529769e-07	2022/mutation_calls.csv	38	875.433701947779
RESULT	1957/mutation_calls.csv	PD41048b_lo0053	814	4257521798	193	202.7846	1181910460	1.632949e-07	1.715735e-07	1957/mutation_calls.csv	48	981.855589053885
RESULT	1957/mutation_calls.csv	PD41048b_lo0098	851	2482040966	124	135.8484	655657844	1.89123e-07	2.07194e-07	1957/mutation_calls.csv	48	1185.69934703454
RESULT	1957/mutation_calls.csv	PD41048b_lo0101	837	5008724088	251	261.4714	1371502440	1.83011e-07	1.906459e-07	1957/mutation_calls.csv	48	1091.00031441457
RESULT	1957/mutation_calls.csv	PD41048b_lo0123	857	4583254662	201	217.5608	1261234704	1.593676e-07	1.724982e-07	1957/mutation_calls.csv	48	987.147326199762
RESULT	1957/mutation_calls.csv	PD41048b_lo0127	803	5303999164	238	253.931	1447913016	1.643745e-07	1.753772e-07	1957/mutation_calls.csv	48	1003.62284392765
RESULT	1957/mutation_calls.csv	PD41048b_lo0138	967	5335860228	316	338.049	1449274530	2.180401e-07	2.33254e-07	1957/mutation_calls.csv	48	1334.83168186914
RESULT	1957/mutation_calls.csv	PD41048b_lo0139	903	4353367086	213	226.6808	1199039196	1.776422e-07	1.89052e-07	1957/mutation_calls.csv	48	1081.87897794132
RESULT	1957/mutation_calls.csv	PD41048b_lo0144	818	3297431994	153	162.892	920791806	1.661613e-07	1.769043e-07	1957/mutation_calls.csv	48	1012.36190718651
RESULT	1957/mutation_calls.csv	PD41048b_lo0171	807	5286857948	233	248.4635	1443467784	1.614168e-07	1.721295e-07	1957/mutation_calls.csv	48	985.037384071845
RESULT	1957/mutation_calls.csv	PD41048b_lo0192	875	5321545018	238	251.353	1439361266	1.653511e-07	1.746281e-07	1957/mutation_calls.csv	48	999.336004632771
RESULT	2129/mutation_calls.csv	PD43974ag2	1476	4202022214	308	328.9477	1141887908	2.697288e-07	2.880736e-07	2129/mutation_calls.csv	81	1648.54522533418
RESULT	2129/mutation_calls.csv	PD43974bp2	1468	3731020626	274	289.7052	1026023868	2.670503e-07	2.823572e-07	2129/mutation_calls.csv	81	1615.83225223945
RESULT	2129/mutation_calls.csv	PD43974k	1471	3860538614	290	308.029	1056402216	2.745167e-07	2.91583e-07	2129/mutation_calls.csv	81	1668.62830345653
RESULT	2129/mutation_calls.csv	PD43974kz	1505	4063053388	366	384.4611	1135809914	3.22237e-07	3.384907e-07	2129/mutation_calls.csv	81	1937.06478936294
RESULT	2129/mutation_calls.csv	PD43974ng	1527	5226762030	408	434.5407	1425014686	2.863128e-07	3.049377e-07	2129/mutation_calls.csv	81	1745.05261627371
RESULT	2129/mutation_calls.csv	PD43974pr	1648	5010239252	414	436.8474	1367250624	3.027974e-07	3.195079e-07	2129/mutation_calls.csv	81	1828.43281370299
RESULT	2129/mutation_calls.csv	PD43974py	1467	3704813112	304	324.0132	1011839672	3.004429e-07	3.202219e-07	2129/mutation_calls.csv	81	1832.51878788073
RESULT	2129/mutation_calls.csv	PD43974pz	1491	4081862470	334	355.2174	1118239362	2.986838e-07	3.176577e-07	2129/mutation_calls.csv	81	1817.84476128891
RESULT	2129/mutation_calls.csv	PD43974qa	1645	5164098278	431	454.3149	1410635976	3.055359e-07	3.220639e-07	2129/mutation_calls.csv	81	1843.05991454095
RESULT	2129/mutation_calls.csv	PD43974s2	1594	5238948260	385	408.514	1425076022	2.70161e-07	2.866612e-07	2129/mutation_calls.csv	81	1640.46255036409
RESULT	CB002_1_NV.csv	PD45517b_lo0001	49	5052586594	15	15.86293	1352358758	1.109173e-08	1.172982e-08	CB002_1_NV.csv	0	67.1256885567762
RESULT	CB002_1_NV.csv	PD45517b_lo0002	56	4553469706	17	19.52966	1219667460	1.393823e-08	1.601228e-08	CB002_1_NV.csv	0	91.6327207377348
RESULT	CB002_1_NV.csv	PD45517b_lo0003	47	4193516528	11	12.39009	1127531592	9.755824e-09	1.098868e-08	CB002_1_NV.csv	0	62.8844015790588
RESULT	CB002_1_NV.csv	PD45517b_lo0004	62	4563254326	12	13.5648	1222945192	9.812378e-09	1.109191e-08	CB002_1_NV.csv	0	63.4751510389581
RESULT	CB002_1_NV.csv	PD45517b_lo0005	43	4649438862	10	11.84217	1245858816	8.026592e-09	9.505226e-09	CB002_1_NV.csv	0	54.3951092291077
RESULT	CB002_1_NV.csv	PD45517b_lo0009	63	3371344394	10	11.00039	896984500	1.114846e-08	1.226375e-08	CB002_1_NV.csv	0	70.1811846250125
RESULT	CB002_1_NV.csv	PD45517b_lo0010	64	5076753648	17	19.12341	1362258374	1.247928e-08	1.403802e-08	CB002_1_NV.csv	0	80.3347160036382
RESULT	CB002_1_NV.csv	PD45517b_lo0011	62	4780039018	13	14.53339	1281426548	1.014494e-08	1.134157e-08	CB002_1_NV.csv	0	64.9038685644687
RESULT	CB002_1_NV.csv	PD45517b_lo0012	67	4806491422	17	18.447	1285773476	1.322161e-08	1.434701e-08	CB002_1_NV.csv	0	82.1029585262991
RESULT	CB002_1_NV.csv	PD45517b_lo0013	53	5378955922	16	18.15293	1440729330	1.110549e-08	1.259982e-08	CB002_1_NV.csv	0	72.1043965884762
RESULT	CB002_1_NV.csv	PD45517b_lo0017	44	2460952362	4	4.146141	631401724	6.335111e-09	6.566565e-09	CB002_1_NV.csv	0	37.5781723059541
RESULT	CB002_1_NV.csv	PD45517b_lo0018	70	2523629878	14	15.83017	672250672	2.082556e-08	2.354801e-08	CB002_1_NV.csv	0	134.757087951209
RESULT	CB002_1_NV.csv	PD45517b_lo0019	64	2429743746	7	7.532742	639328954	1.094898e-08	1.178226e-08	CB002_1_NV.csv	0	67.4257844753766
RESULT	CB002_1_NV.csv	PD45517b_lo0028	45	2521102314	6	7.483481	658775352	9.107809e-09	1.135969e-08	CB002_1_NV.csv	0	65.0075630351979
RESULT	CB002_1_NV.csv	PD45517b_lo0029	51	2616744390	7	8.082109	695471032	1.006512e-08	1.162106e-08	CB002_1_NV.csv	0	66.5032928262846
RESULT	CB002_1_NV.csv	PD45517b_lo0125	36	4506058624	11	13.40743	1201825710	9.152741e-09	1.115588e-08	CB002_1_NV.csv	0	63.8412291456108
RESULT	CB002_1_NV.csv	PD45517b_lo0126	72	2916603522	9	8.936349	768645628	1.170891e-08	1.16261e-08	CB002_1_NV.csv	0	66.532134996951
RESULT	CB002_1_NV.csv	PD45517b_lo0127	59	2600486244	5	6.389513	684910712	7.300222e-09	9.328972e-09	CB002_1_NV.csv	0	53.3864687631085
RESULT	CB002_1_NV.csv	PD45517b_lo0128	55	3116758720	8	8.058733	822241126	9.729506e-09	9.800936e-09	CB002_1_NV.csv	0	56.0873549211238
RESULT	CB002_1_NV.csv	PD45517b_lo0129	49	3053329132	6	6.57476	791830698	7.577377e-09	8.303239e-09	CB002_1_NV.csv	0	47.5165548257755
RESULT	CB002_1_NV.csv	PD45517b_lo0130	48	3495164002	8	8.397022	922469474	8.672374e-09	9.102764e-09	CB002_1_NV.csv	0	52.0919588936432
RESULT	CB002_1_NV.csv	PD45517b_lo0131	63	3988137752	16	19.23964	1042735814	1.534425e-08	1.845112e-08	CB002_1_NV.csv	0	105.589355560759
RESULT	CB002_1_NV.csv	PD45517b_lo0132	74	3707025488	12	12.32448	975236688	1.230471e-08	1.263743e-08	CB002_1_NV.csv	0	72.3196255644213
RESULT	CB002_1_NV.csv	PD45517b_lo0133	58	2466718452	6	7.414887	650106544	9.229256e-09	1.140565e-08	CB002_1_NV.csv	0	65.2705761629415
RESULT	CB002_1_NV.csv	PD45517b_lo0134	55	2764795406	6	6.33409	727469312	8.247771e-09	8.70702e-09	CB002_1_NV.csv	0	49.8272533404282
RESULT	CB002_1_NV.csv	PD45517b_lo0135	70	3552261622	13	13.95534	943724818	1.37752e-08	1.478751e-08	CB002_1_NV.csv	0	84.6237871331541
RESULT	CB002_1_NV.csv	PD45517b_lo0137	54	2582630174	9	8.842945	673792766	1.335722e-08	1.312413e-08	CB002_1_NV.csv	0	75.1048407357183
RESULT	CB002_1_NV.csv	PD45517b_lo0140	43	2829503480	5	5.404717	753901604	6.632165e-09	7.168995e-09	CB002_1_NV.csv	0	41.0256700985254
RESULT	CB002_1_NV.csv	PD45517b_lo0142	78	3137569990	14	14.89114	837991150	1.670662e-08	1.777004e-08	CB002_1_NV.csv	0	101.691771116816
RESULT	CB002_1_NV.csv	PD45517b_lo0143	51	2490040968	6	7.274615	664356264	9.031299e-09	1.094987e-08	CB002_1_NV.csv	0	62.6623054196217
RESULT	CB002_1_NV.csv	PD45517b_lo0144	59	2909349350	8	8.935635	774693270	1.032667e-08	1.153442e-08	CB002_1_NV.csv	0	66.0074821781622
RESULT	CB002_1_NV.csv	PD45517b_lo0146	55	2598565764	7	7.857501	691662492	1.012054e-08	1.136031e-08	CB002_1_NV.csv	0	65.0111110800021
RESULT	CB002_1_NV.csv	PD45517b_lo0147	60	3538284752	13	14.43882	945746094	1.374576e-08	1.526712e-08	CB002_1_NV.csv	0	87.3684286953192
RESULT	CB002_1_NV.csv	PD45517b_lo0148	53	2750421310	8	8.526364	732396222	1.092305e-08	1.164174e-08	CB002_1_NV.csv	0	66.6216372884634
RESULT	CB002_1_NV.csv	PD45517b_lo0149	45	4072235154	13	14.72066	1091177764	1.191373e-08	1.349062e-08	CB002_1_NV.csv	0	77.2021358007042
RESULT	CB002_1_NV.csv	PD45517b_lo0150	52	2865356902	7	6.964909	753950852	9.284425e-09	9.237882e-09	CB002_1_NV.csv	0	52.8651923095366
RESULT	CB002_1_NV.csv	PD45517b_lo0166	49	3475473922	11	12.973	928772888	1.184358e-08	1.396789e-08	CB002_1_NV.csv	0	79.9333863550599
RESULT	CB002_1_NV.csv	PD45517b_lo0167	38	3456329390	4	4.662485	917840690	4.358055e-09	5.079842e-09	CB002_1_NV.csv	0	29.0701726036402
RESULT	CB002_1_NV.csv	PD45517b_lo0168	62	3604927272	10	10.93338	958788772	1.042983e-08	1.140332e-08	CB002_1_NV.csv	0	65.2572423816612
RESULT	CB002_1_NV.csv	PD45517b_lo0169	53	3394562334	13	14.05794	900357546	1.443871e-08	1.561373e-08	CB002_1_NV.csv	0	89.3519574204543
RESULT	CB002_1_NV.csv	PD45517b_lo0170	48	2466070204	5	5.227666	648597708	7.708939e-09	8.059951e-09	CB002_1_NV.csv	0	46.1243020446074
RESULT	CB002_1_NV.csv	PD45517b_lo0171	59	3891820146	12	12.77031	1032282152	1.162473e-08	1.237095e-08	CB002_1_NV.csv	0	70.7946530169645
RESULT	CB002_1_NV.csv	PD45517b_lo0172	59	4336186218	13	14.11691	1155939886	1.124626e-08	1.221249e-08	CB002_1_NV.csv	0	69.8878414368459
RESULT	CB002_1_NV.csv	PD45517b_lo0173	72	4631105448	15	16.29145	1235263020	1.214316e-08	1.318865e-08	CB002_1_NV.csv	0	75.4740663014715
RESULT	CB002_1_NV.csv	PD45517b_lo0174	71	3782553902	14	16.27414	999599034	1.400562e-08	1.628067e-08	CB002_1_NV.csv	0	93.1686235522497
RESULT	CB002_1_NV.csv	PD45517b_lo0176	66	5221589128	12	12.84654	1398490988	8.580677e-09	9.186003e-09	CB002_1_NV.csv	0	52.5683067992187
RESULT	CB002_1_NV.csv	PD45517b_lo0177	63	4470022396	16	16.44743	1190582618	1.34388e-08	1.381461e-08	CB002_1_NV.csv	0	79.0562181170151
RESULT	CB002_1_NV.csv	PD45517b_lo0178	54	4270405484	13	14.45025	1137939368	1.142416e-08	1.269861e-08	CB002_1_NV.csv	0	72.6697374694551
RESULT	CB002_1_NV.csv	PD45517b_lo0186	54	2264288102	8	7.876744	602729726	1.327295e-08	1.306845e-08	CB002_1_NV.csv	0	74.7862034216895
RESULT	CB002_1_NV.csv	PD45517b_lo0254	57	3076846352	13	14.01704	815222630	1.594656e-08	1.719412e-08	CB002_1_NV.csv	0	98.3959808528892
RESULT	2181/mutation_calls.csv	PD45534c	1405	4395621746	314	332.0676	1162825196	2.70032e-07	2.855697e-07	2181/mutation_calls.csv	77	1634.21627471283
RESULT	2181/mutation_calls.csv	PD45534g	1341	4002408844	296	319.6649	1070262826	2.765676e-07	2.986789e-07	2181/mutation_calls.csv	77	1709.2356762406
RESULT	2181/mutation_calls.csv	PD45534m	1439	4920345618	349	369.5536	1307397150	2.669426e-07	2.826636e-07	2181/mutation_calls.csv	77	1617.58567309108
RESULT	2181/mutation_calls.csv	PD45534o	1489	4447845602	298	316.3393	1182767624	2.519514e-07	2.674568e-07	2181/mutation_calls.csv	77	1530.56243481929
RESULT	2181/mutation_calls.csv	PD45534rg	1392	5062403952	349	372.0235	1345291202	2.594234e-07	2.765375e-07	2181/mutation_calls.csv	77	1582.52812909912
RESULT	2181/mutation_calls.csv	PD45534ry	1229	3957420096	248	261.3169	1054797954	2.351161e-07	2.477412e-07	2181/mutation_calls.csv	77	1417.73689910689
RESULT	2181/mutation_calls.csv	PD45534sa	1275	4111037058	280	301.5516	1105920398	2.531828e-07	2.726702e-07	2181/mutation_calls.csv	77	1560.39691350028
RESULT	2181/mutation_calls.csv	PD45534sl	1397	4215837190	297	319.0834	1102663384	2.693478e-07	2.893752e-07	2181/mutation_calls.csv	77	1655.99383036183
RESULT	2181/mutation_calls.csv	PD45534ug	1342	4142880168	285	300.3314	1107134270	2.574214e-07	2.712692e-07	2181/mutation_calls.csv	77	1552.37947677337
RESULT	2181/mutation_calls.csv	PD45534us	1337	3884384238	270	288.5135	1029233836	2.623311e-07	2.803187e-07	2181/mutation_calls.csv	77	1604.16662428242
