SampleID	ACA>A	ACC>A	ACG>A	ACT>A	CCA>A	CCC>A	CCG>A	CCT>A	GCA>A	GCC>A	GCG>A	GCT>A	TCA>A	TCC>A	TCG>A	TCT>A	ACA>G	ACC>G	ACG>G	ACT>G	CCA>G	CCC>G	CCG>G	CCT>G	GCA>G	GCC>G	GCG>G	GCT>G	TCA>G	TCC>G	TCG>G	TCT>G	ACA>T	ACC>T	ACG>T	ACT>T	CCA>T	CCC>T	CCG>T	CCT>T	GCA>T	GCC>T	GCG>T	GCT>T	TCA>T	TCC>T	TCG>T	TCT>T	ATA>A	ATC>A	ATG>A	ATT>A	CTA>A	CTC>A	CTG>A	CTT>A	GTA>A	GTC>A	GTG>A	GTT>A	TTA>A	TTC>A	TTG>A	TTT>A	ATA>C	ATC>C	ATG>C	ATT>C	CTA>C	CTC>C	CTG>C	CTT>C	GTA>C	GTC>C	GTG>C	GTT>C	TTA>C	TTC>C	TTG>C	TTT>C	ATA>G	ATC>G	ATG>G	ATT>G	CTA>G	CTC>G	CTG>G	CTT>G	GTA>G	GTC>G	GTG>G	GTT>G	TTA>G	TTC>G	TTG>G	TTT>G
PD48442_cordblood_nanoseq	4.708609373	3.059945445	0	0	2.001231186	2.143579806	1.31607912	6.194108203	0	0	0	5.163309829	1.851009509	1.002315463	1.206883643	1.928731818	0.941721875	1.019981815	2.343800778	0.968417878	0	0	0	0	0	1.085866044	0	1.032661966	1.851009509	0	0	0.964365909	6.592053123	3.059945445	29.29750972	2.905253635	4.002462372	2.143579806	10.52863296	1.032351367	4.531382528	2.171732088	15.12851912	8.261295726	4.627523773	4.009261851	9.655069147	0.964365909	0	2.864149532	2.09687344	0	0.926976277	1.022536028	0	0.999893733	2.748116624	0.969791121	0	0	2.623059913	0	0	1.966562683	4.664943362	0.954716511	1.04843672	1.944075967	0.926976277	2.045072055	0	2.9996812	1.83207775	0.969791121	0	3.031828881	1.748706609	0	1.008213174	1.966562683	0.932988672	0	0	0.972037984	0	0	1.101521779	0.999893733	0	0	0	0	0.874353304	0	0	1.966562683
PD47269_cordblood_nanoseq	0	2.124079894	0	0.968663547	0	0	0	0	0	0	0	0	0	1.045286084	0	0	0.941144439	0	0	0	0	0	0	0	0	0	0	0	0	0	0	0	1.882288879	1.062039947	5.06731721	0.968663547	0	0	1.57403647	1.090795159	1.595903112	0	0	1.089054829	0	0	2.62284941	0	0	0	0	0	0	0	0	0	0	0	0	0.975504678	0	0	0	0	0	0	0	0	0	0	0	0.978507544	0.893935604	0	0	0	1.661870305	0	0	0.925571431	0	0	0	0	0	0	0	0	0	0	0	0	0.830935152	0	0	0
PD48442_cordblood_botseq	15.8358544	4.106207751	5.035865672	18.07284847	21.24201905	13.68416551	1.851907846	12.28941156	22.92296901	7.462058944	8.081248907	24.14803045	42.18966624	26.61988153	7.290278812	29.01778577	17.59305491	3.076296877	2.526355744	19.78909293	19.14273372	4.954291833	1.851907846	11.29031458	6.970667426	9.95531709	4.043509337	15.08774687	21.09421322	20.46075894	1.450480172	34.45543713	5.279495206	2.059821749	6.299043545	3.442673656	4.245710126	3.718569492	1.851907846	3.066578893	3.98499739	1.237771325	12.10167917	3.02645742	3.667965876	1.020516148	1.458055762	0.905948717	0	0	0	0.916572242	0.914236559	0	0	0	0	0	0	0	0.840838902	0.95733897	0	0	0.865930643	0	1.88324671	0.916572242	0	0	0	0	0.955965388	2.431289293	1.301210315	0	0	0.95733897	0	0	0	0	0	0	0	1.303107926	0	0	0	0	1.30790603	0	0.831587223	0.956559534	0.954071663	1.029286231
PD48442_cordblood_mungbean	1.767450312	2.170043377	2.700192511	2.593664373	0	4.162279631	6.533367539	1.107913966	0	2.777537903	0	5.358175718	2.771565661	3.269798115	0	4.587795286	0	0	0	0	0	0	0	0	0	0	0	0	0	0	0	0	4.407069636	2.155295726	12.15351405	0.865675219	3.395530403	0	4.360995258	2.207766519	0	1.400321658	4.75820133	0	3.689602764	2.170897499	1.56895036	0.916468296	0	0	0	0.854791902	0	0	1.150246107	0	0	1.248252047	0	1.079330479	0	0	0	0	0	2.049120749	0.920356728	2.534669396	0	0	3.445579907	0.952211506	3.692428124	1.251044628	0	0	0.792337788	0	0	0.96322792	0.794557146	0	0	0	0	0	0	0.949690211	0	0	1.339875961	1.078716408	0	0	0	0
PD43976_grans_colonies	49.66937464	17.83295403	4.86745967	17.3306747	50.709793	9.082636867	1.444094989	11.75294793	52.42367066	7.981106093	4.473880194	15.78181791	17.64096115	4.139161075	2.528859687	13.5216083	35.61200446	13.63696485	2.433729835	21.18193574	14.48851229	12.48862569	1.444094989	16.02674718	20.04434466	12.54173815	0	12.62545433	8.356244756	13.45227349	0	8.692462478	118.0819095	58.74384858	166.7104937	82.80211246	55.88426167	55.63115081	82.31341437	145.3091744	70.92614265	53.58742662	111.8470048	93.63878629	41.78122378	53.80909398	59.42820265	53.12060403	18.81059923	21.03227655	9.31241545	18.64902194	10.99061949	7.406106384	12.35166896	14.73616056	0.903821472	7.956667292	6.890614625	10.92725012	8.454972893	2.714811333	8.980029505	17.13006337	71.65942564	28.68037712	50.70092856	46.62255486	17.4018142	25.39236474	24.70333792	22.5954462	10.84585766	14.91875117	21.82027965	25.82804575	22.82842681	18.09874222	15.9644969	36.16346712	10.74891385	3.824050283	12.41655393	6.527157681	2.747654873	7.406106384	12.35166896	5.894464226	5.422928832	2.983750234	14.92966502	9.933863749	7.609475604	2.714811333	11.97337267	15.226723
PD43976_grans_nanoseq	2473	1021	253	1129	2609	1000	307	1597	1494	702	194	991	967	768	194	1010	2007	522	213	1083	805	551	168	738	722	462	139	576	516	629	122	961	5939	3392	7542	4578	3324	3200	3589	7129	3083	3773	4129	5242	1784	2212	2444	2828	813	1008	860	843	507	601	837	717	426	398	438	541	557	492	382	872	2791	1019	2496	3087	1049	1255	1505	1354	931	770	909	1458	1198	989	956	1758	389	193	610	436	201	298	570	465	199	115	360	232	299	282	500	654
PD43976_grans_botseq	67.93328101	19.83040988	5.512494709	33.29180181	58.73305493	23.90446368	11.46876669	38.77004709	44.61936586	25.45993351	10.42408879	31.73331625	55.7348423	51.88030691	2.205879569	53.5164945	24.97547096	7.932163954	3.307496825	27.41677796	9.788842488	7.968154561	0	11.63101413	9.699862143	11.75073854	1.158232087	9.616156438	19.55608502	19.57747431	3.308819353	33.69557061	34.96565934	20.82193038	36.38246508	24.47926604	15.66214798	7.968154561	26.37816339	46.52405651	12.60982079	15.66765139	17.37348131	12.50100337	9.778042508	12.7253583	16.54409676	17.8388315	3.184730427	6.021939142	5.948318918	3.073788726	1.972944535	1.994737818	5.767215243	1.947563435	1.000160355	0	3.019196181	3.016568831	1.011032802	1.969424749	0	6.455318109	20.16995937	8.02925219	11.89663784	16.39353987	2.959416802	10.971058	3.844810162	3.89512687	2.00032071	10.83605832	8.051189817	10.05522944	2.022065603	5.908274248	4.952285343	6.455318109	1.061576809	0	1.982772973	2.049192484	0	0.997368909	1.922405081	0	0	0	5.031993636	2.011045887	0	0.984712375	1.980914137	2.151772703
PD43979b_grans_nanoseqv2	0.938674546	1.085766041	0	0.95169135	5.428662825	2.501222165	1.693599144	2.23802394	8.091741031	0	0	1.090110936	1.878792218	0	0	1.924002687	1.877349092	2.171532081	0	3.806765401	0	0	0	0	0	0	0	0	0.939396109	1.08257187	0	1.924002687	9.386745461	3.257298122	22.09727937	2.855074051	3.257197695	5.002444331	11.85519401	7.83308379	4.855044619	2.502188555	8.809908123	4.360443746	3.757584436	0	5.486944757	2.88600403	1.673896878	0.994602961	1.01007265	2.543266863	0.89097273	1.196769217	0	0.937240835	0	1.10498314	0	0	0.799646009	0.919768452	0.977078414	7.918730592	4.184742195	1.989205922	0	1.695511242	1.781945459	1.196769217	1.179132982	0.937240835	0	2.20996628	0	0	0	0	0	3.519435819	0	0.994602961	1.01007265	0	0	2.393538435	1.179132982	4.686204175	0	0	0	0	1.599292017	0	0	0
PD43980b_grans_nanoseqv2	11.24991647	0	0	1.903284892	3.303573411	0	0	5.682009882	8.20159328	3.860225326	1.844452018	2.211597375	0.939561412	1.095248817	0	2.884504079	2.812479117	1.098253746	0	0.951642446	0	2.5675704	0	2.272803953	4.920955968	0	0	2.211597375	0.939561412	1.095248817	0	1.923002719	16.8748747	2.196507492	19.84381502	5.709854677	8.809529096	6.418926001	5.310587599	17.04602965	18.04350522	3.860225326	12.91116412	11.05798688	7.5164913	2.190497634	9.794506603	3.846005438	0	0.990392525	2.011442996	1.674628877	1.772212243	0	2.385506916	2.806205242	2.661047232	1.108447678	0	0.95318653	0.789731689	0.915878216	0	6.090221275	9.892481576	1.980785049	7.040050485	4.186572194	3.544424485	0	2.385506916	3.741606989	0.887015744	1.108447678	1.252873549	2.859559589	0.789731689	0.915878216	1.948331753	2.610094832	0.824373465	0	2.011442996	1.674628877	0	1.204902372	1.192753458	0	0	0	1.252873549	0.95318653	0	0	0.974165876	0.870031611
PD43987b_grans_nanoseqv2	5.58341744	3.315283183	0	2.836486902	6.675210234	0	0	2.292880143	6.595433932	1.309700909	1.895208579	8.897507389	1.877123467	3.311771214	0	4.804047085	9.305695734	1.105094394	0	1.890991268	0	1.308301608	0	3.439320214	3.297716966	0	0	1.112188424	0.938561733	1.103923738	0	2.882428251	22.33366976	6.630566366	23.88957538	11.34594761	8.900280312	13.08301608	9.069744507	16.050161	3.297716966	6.548504547	22.74250295	11.12188424	8.4470556	6.623542428	12.7500315	6.725665919	2.431809449	1.995245781	3.013686575	4.136277615	1.770411635	1.236691206	4.82491504	1.869459958	0.885143603	2.260837728	0	0.956052134	1.553072385	0	0	3.4445707	8.106031498	3.990491563	9.041059725	7.445299707	2.655617453	4.946764823	2.41245752	4.673649894	0.885143603	2.260837728	3.82605206	2.868156403	3.106144771	1.831836508	0.971818349	6.027998724	0.81060315	0	3.013686575	0.827255523	0.885205818	2.473382412	0	1.869459958	0	0	1.275350687	0	0.776536193	1.831836508	2.915455047	1.72228535
PD43982bR2_grans_nanoseqv2	6.527087819	3.318811411	0	1.893027806	6.679294416	6.563845614	1.850731219	1.148344248	8.273208877	1.317695262	1.932303419	3.346858761	3.748912898	1.104109995	0	3.836564744	4.662205585	0	0	0.946513903	3.339647208	0	0	2.296688496	1.654641775	0	0	2.231239174	0	1.104109995	1.429873653	2.877423558	17.71638122	5.531352352	28.20409147	15.14422245	7.792510153	9.189383859	14.80584975	16.07681947	16.54641775	9.223866831	13.52612393	20.08115256	5.623369347	7.728769968	11.43898923	8.632270674	3.234180568	2.975614177	3.007534448	1.654843393	2.646865959	1.231168635	2.422291066	2.801109706	2.64972502	2.249063242	5.101626902	0.953142161	3.112677581	2.740626535	1.942695924	1.725135406	2.425635426	0.991871392	10.02511483	8.274216967	1.764577306	2.46233727	4.844582132	1.86740647	0.883241673	1.124531621	6.377033627	6.671995129	4.669016372	1.827084356	3.885391848	3.450270812	3.234180568	0	2.005022965	0	0.882288653	2.46233727	3.633436599	1.86740647	0.883241673	1.124531621	3.826220176	1.906284323	0.778169395	1.827084356	1.942695924	2.587703109
PD43981bR2_grans_nanoseqv2	7.450920612	2.209439234	4.015966544	4.729986717	6.67430804	3.938985594	1.838564689	1.148124146	11.56613489	2.628720159	1.921908047	0	0.938331893	1.104901541	0	3.843201299	6.519555536	5.523598086	2.677311029	2.83799203	2.224769347	3.938985594	0	3.444372438	1.652304984	1.31436008	0	2.228592482	1.876663785	3.314704623	0	2.882400974	14.90184122	5.523598086	58.90084264	8.513976091	14.46100075	3.938985594	23.90134096	24.11060707	11.56613489	9.200520557	21.14098851	7.800073688	7.50665514	3.314704623	11.40776534	10.56880357	4.045078538	1.988619726	7.018994642	6.617268912	0.88330192	2.47155538	0	1.867110002	0.883740206	2.256531421	2.551331683	1.908788288	1.555863209	0	0.970138061	1.722875033	11.32621991	3.977239452	10.0271352	9.925903367	1.766603841	2.47155538	1.208941933	0.933555001	0	3.384797132	1.275665841	7.635153151	2.333794813	6.40157485	0.970138061	4.307187581	3.23606283	0.994309863	1.00271352	3.308634456	0	0	0	0.933555001	0	1.128265711	1.275665841	1.908788288	0	0	0.970138061	3.445750065
PD43982b_grans_nanoseqv2	3.794996745	3.256718211	0	3.843042804	5.431513365	2.456860447	1.715711308	3.339148562	6.536152233	1.258662004	0	2.19937949	0.945920562	1.07161451	1.375944021	5.761515595	5.692495118	1.085572737	1.316281485	2.882282103	5.431513365	2.456860447	0	2.226099041	3.268076116	2.517324007	1.798180697	2.19937949	0.945920562	1.07161451	0	0	14.2312378	11.94130011	38.17216307	11.52912841	15.20823742	18.42645335	15.44140177	20.03489137	11.43826641	16.36260605	19.77998766	20.89410515	13.24288787	13.93098863	11.00755217	14.40378899	2.519196945	4.963461487	4.060897506	3.412464037	2.687873069	2.341501222	2.363013058	0	0	1.088204349	2.464118483	0.950352721	2.421532129	0	0.979332847	2.622286434	9.237055464	1.985384595	10.15224377	7.678044084	4.479788448	4.683002443	4.726026116	3.730225748	0	2.176408698	1.232059242	5.702116329	4.035886882	6.406157262	5.875997083	0.874095478	0.839732315	0.992692297	1.015224377	2.559348028	0.89595769	0	0	0	0.898723793	0	0	0.950352721	0.807177376	0	1.958665694	4.37047739
PD43981b_grans_nanoseqv2	11.3602622	2.181231012	0	7.677377536	6.55365505	2.478506428	0	5.597623187	11.47213799	2.545614413	0	3.31360442	2.836965076	1.075520407	0	0.959788415	4.733442583	2.181231012	0	5.758033152	3.276827525	2.478506428	0	6.717147824	1.638876856	3.81842162	0	1.104534807	0.945655025	1.075520407	0	2.879365246	17.0403933	8.724924046	39.70025076	16.31442726	12.01503426	12.39253214	19.134818	14.55382029	6.555507423	10.18245765	27.39611659	15.46348729	4.728275126	9.679683661	16.62737291	9.597884154	6.678407939	5.955281007	2.02611065	2.547007819	0	1.179590375	3.563037373	1.861516118	0.897627991	0	1.238245937	0.949022007	2.40830941	0	0.976876051	0	11.68721389	2.977640503	8.1044426	9.33902867	3.579205281	4.718361498	3.563037373	4.653790296	2.692883973	4.374337128	2.476491874	4.745110037	4.013849017	1.825792577	1.953752103	7.83448528	0.834800992	0.992546834	2.02611065	3.396010425	0.89480132	0	1.187679124	1.861516118	0	1.093584282	2.476491874	1.898044015	0.802769803	0.912896288	0	2.611495093
PD43988b_grans_nanoseqv2	5.599257709	4.367577136	1.308493928	2.840811803	8.768417396	2.545383695	1.746700658	2.255201414	11.41186427	1.27575729	0	4.392984857	2.811200687	5.444692309	0	1.916615819	3.732838473	3.275682852	0	1.893874536	2.192104349	2.545383695	0	5.638003534	6.521065295	3.827271871	0	4.392984857	0.937066896	2.177876924	0	4.791539548	19.59740198	12.01083712	36.63783	7.575498142	24.11314784	15.27230217	13.97360526	28.19001767	13.04213059	10.20605832	9.112882708	18.67018564	11.24480275	17.42301539	19.48688383	7.666463277	3.303519559	0	2.017301961	1.677782253	0.888529426	1.221294708	3.580193922	2.807763184	0.891517405	1.122340863	2.532364556	3.840937131	1.575864884	0	0.975756108	5.229010038	9.910558677	5.998567842	10.08650981	16.77782253	0	3.663884124	4.773591896	5.615526368	3.566069621	5.611704317	1.266182278	4.801171414	7.879324421	0.918043217	2.927268323	8.71501673	4.129399449	0	3.025952942	0	3.554117705	2.442589416	2.386795948	1.871842123	0	0	2.532364556	0.960234283	3.151729768	0	0	0.871501673
PD43984b_grans_nanoseqv2	13.01154378	2.221300489	4.055228562	3.776956625	14.5710354	6.652581385	0	13.87555858	9.97295529	2.671679486	0	1.122167285	0.937176136	1.10973137	0	3.836872202	9.29395984	1.110650245	0	1.888478313	4.483395507	1.330516277	1.889797553	5.781482744	6.64863686	2.671679486	0	4.488669139	1.874352273	2.219462741	0	1.918436101	20.44671165	22.21300489	41.90402848	17.94054397	8.966791014	18.62722788	18.89797553	32.37630336	23.27022901	12.02255769	11.88201075	29.1763494	8.434585227	12.20704508	13.00632548	13.42905271	2.406328598	2.980672479	2.001193626	2.463466939	1.762390819	1.250508394	4.883486595	1.863188943	1.762594844	1.137746039	1.289688213	0	2.314220019	0.910900066	1.935319614	3.422868163	13.63586206	3.974229973	16.00954901	16.42311293	7.049563277	8.753558761	8.546101541	3.726377886	1.762594844	2.275492079	6.448441066	7.634375299	6.942660058	3.643600262	4.838299036	9.412887449	0.802109533	0.993557493	0	2.463466939	0.88119541	0	2.441743297	6.5211613	0.881297422	0	1.289688213	1.908593825	1.542813346	0.910900066	1.935319614	6.845736326
PD43983b_grans_nanoseqv2	11.24152877	6.62223085	3.987909375	5.714339311	9.974491154	3.885407929	1.797641721	6.863759679	9.897737273	1.30078313	0	4.45151208	8.472704252	4.406147828	1.409848506	1.926765598	9.367940641	3.311115425	0	5.714339311	3.324830385	1.295135976	1.797641721	2.287919893	3.299245758	1.30078313	1.873801358	4.45151208	1.882823167	2.203073914	0	4.816913994	33.72458631	19.86669255	33.23257813	16.19062805	22.1655359	19.42703965	17.97641721	36.60671829	18.14585167	20.81253009	37.47602715	20.03180436	8.472704252	17.62459131	19.73787908	18.30427318	5.701115947	2.968894156	3.011993919	4.159902232	2.656065327	6.060216741	4.797676775	2.805948102	3.538435604	1.112013355	0	2.854451552	4.706347781	0	3.893082304	5.193686805	16.2889027	7.917051084	13.05197365	24.12743295	7.968195981	3.636130045	10.79477274	7.482528272	0.884608901	4.448053419	6.287030795	8.563354656	10.19708686	4.574807982	3.893082304	7.790530208	2.443335406	1.979262771	6.023987838	3.327921786	0.885355109	2.424086696	1.199419194	0.935316034	0.884608901	1.112013355	2.514812318	0.951483851	2.35317389	0.914961596	0.973270576	1.731228935
CB002_cordblood_stdseq	86	60	30	50	64	44	31	47	86	37	27	43	72	60	21	92	49	37	28	58	41	31	21	44	31	23	8	24	43	43	22	74	208	109	1143	138	156	136	636	157	143	115	640	111	132	136	449	142	49	37	47	63	37	30	46	55	26	32	33	40	82	29	23	91	133	51	89	120	60	29	50	63	69	33	54	64	69	69	43	122	61	21	93	26	20	14	45	32	20	7	32	18	83	42	91	94
CB001_cordblood_stdseq	90	69	18	51	83	55	25	64	105	40	21	57	76	76	24	112	44	20	23	34	22	40	18	30	20	9	7	31	29	28	16	58	157	86	777	113	99	81	461	117	107	99	446	92	102	107	347	112	37	39	38	72	31	26	40	52	30	17	26	43	75	26	35	82	90	30	52	118	40	22	53	41	33	22	38	48	48	33	33	76	16	4	21	34	15	7	17	23	12	7	21	18	23	13	27	58
1882_adultblood_stdseq	2408	1304	307	1415	2527	849	284	1383	1464	676	195	845	684	683	190	918	2667	681	229	1483	925	664	177	962	813	465	119	594	565	746	154	1214	8479	4674	11732	6248	4803	4718	5460	9390	3616	4598	5737	7384	2764	3514	3771	3696	1093	1363	1273	1217	600	642	916	832	467	495	485	637	647	645	461	1158	3787	933	3045	3927	1078	606	1175	1158	1030	529	787	1367	1455	872	1065	2088	298	90	410	302	152	125	265	221	113	42	189	146	280	160	320	399
1957_adultblood_stdseq	2651	1435	378	1573	2896	1062	341	1745	1884	805	256	1150	1137	871	224	1454	2425	763	285	1537	1183	1041	249	1390	875	651	160	918	919	1147	206	1925	7816	4252	13452	5270	4510	3919	6540	7332	3322	3717	6879	5079	2862	3295	4693	3470	1186	1300	1254	1201	706	715	1149	1048	505	476	620	716	860	583	613	1348	4712	1486	4070	4987	1494	1155	1760	1684	1570	974	1323	2059	1915	1289	1386	2695	564	262	698	726	346	384	581	881	268	134	406	332	580	417	623	1205
2022_adultblood_stdseq	2475	1428	343	1420	2639	1106	463	1556	1557	787	282	1017	871	849	255	1090	3082	770	392	1643	1377	986	470	1357	1004	667	171	840	891	1168	233	1792	10506	5578	14726	7107	5600	4641	6954	9829	3722	4711	6636	6559	3186	3633	4370	3845	1297	1430	1400	1361	782	824	1112	1136	543	506	577	786	830	724	596	1402	5157	1291	3997	5124	1472	772	1662	1594	1371	707	1101	1910	1935	1104	1360	2783	447	128	474	468	207	196	458	367	169	66	245	182	435	252	492	735
2129_adultblood_stdseq	4049	2068	445	1973	4507	1675	477	2388	2563	1238	326	1421	1311	1315	359	1308	4067	1155	464	2259	1779	1364	341	1786	1451	930	221	1217	1161	1544	266	2304	12623	7456	18281	9552	7717	7941	8717	15875	5486	8112	8849	12685	3996	5560	5908	6166	1660	2347	1904	1713	1130	1223	1608	1444	813	859	919	1206	1137	1010	794	1962	6779	2400	5721	7700	2258	2381	2711	2602	2139	1614	1971	3388	2613	1988	1909	4356	749	450	1132	909	440	717	1126	930	364	256	771	497	733	651	959	1433
2181_adultblood_stdseq	2520	1197	277	1138	2714	1024	343	1356	1548	731	256	863	824	820	233	813	2462	681	231	1388	1231	884	206	1198	918	626	143	805	716	930	165	1465	7866	4729	10919	5786	4877	4971	5269	10078	3497	4822	5581	7658	2575	3331	3593	3983	1007	1347	1204	1079	622	733	997	848	498	491	543	596	668	597	492	1121	4613	1625	4096	5391	1509	1572	1937	1743	1561	1069	1400	2515	1912	1221	1298	2924	538	323	878	631	330	516	759	651	300	191	598	356	569	490	718	1002
2133_adultblood_stdseq	2897	1273	301	1454	3152	1055	353	1632	1838	761	174	992	896	775	174	970	2780	645	262	1436	1069	803	187	1057	947	556	142	711	637	889	151	1204	8034	4406	10461	6213	4426	4053	4885	9378	3069	4111	5043	6479	2397	2841	3259	3601	1061	1291	1176	1050	612	676	967	822	500	486	537	654	657	581	506	1113	3722	1296	3393	4141	1286	1249	1607	1447	1183	871	1139	1800	1464	1159	1059	2289	515	235	794	607	270	421	669	513	262	141	452	303	423	349	597	833
PD43976_colonies_stdseq	2480	1026	253	1131	2612	1000	307	1597	1497	702	194	991	969	768	194	1010	2007	522	213	1083	805	551	170	738	724	465	144	580	517	629	127	961	5939	3392	7542	4585	3324	3200	3589	7145	3083	3773	4129	5242	1784	2214	2444	2834	817	1012	866	856	509	601	837	717	426	398	438	541	568	492	382	872	2791	1019	2496	3087	1050	1262	1506	1356	931	772	909	1458	1198	991	956	1758	389	193	611	436	201	298	574	465	201	120	366	234	299	282	505	654
PD34201a_coloniccryptS_nanoseqv2	5.773490642	0	1.236366743	2.964625507	6.141292533	4.355417276	0	3.165465227	3.075173975	2.246029732	3.078426286	5.248617466	8.572051469	3.068426836	2.513615692	4.891464259	0.96224844	2.103401079	0	2.964625507	0	0	0	3.165465227	0	0	0	1.049723493	3.809800653	1.022808945	0	0	14.43372661	3.155101618	42.03646926	3.95283401	5.117743777	5.444271595	26.39865936	13.71701598	18.45104385	5.615074331	32.323476	3.14917048	4.762250816	9.205280508	11.31127061	1.956585704	0.918907713	0.974595604	6.128162846	4.611473382	0	1.052266523	1.098024295	0.949100802	0.926581399	0	0	4.753431376	1.756746245	2.795977223	0	1.869316077	8.270169419	1.949191209	5.106802371	3.689178706	0.929351899	1.052266523	3.294072885	3.796403206	1.853162797	0.985691093	2.231160135	0	6.148611859	3.727969631	0	10.28123842	2.75672314	0	2.042720949	0.922294676	0.929351899	1.052266523	2.19604859	1.898201603	0	0.985691093	0	1.901372551	1.756746245	0	1.999432955	4.673290193
PD34201aR2_coloniccryptM_nanoseqv2	11.48268848	5.177978237	4.852678791	5.873278799	10.10682149	9.84267745	0	5.223028182	9.158780139	4.392112277	1.457655825	5.202423168	6.575521794	4.073937717	0	6.827353381	0.956890706	0	1.213169698	0	3.032046447	2.187261656	1.398726595	3.133816909	1.526463356	1.098028069	0	0	2.818080769	0	0	2.926008592	8.612016357	9.320360827	70.36384248	6.852158599	11.11750364	8.749046622	26.57580531	14.62447891	16.79109692	3.294084207	36.44139562	13.52630024	5.636161538	14.25878201	33.4845787	3.901344789	2.776704315	2.897154586	5.167338322	3.749068139	1.850904469	0	0	1.94490608	0.918142793	0.989755207	3.350986108	0.977649748	4.367880388	4.628463531	2.004268224	7.616856355	9.25568105	2.897154586	11.36814431	10.30993738	3.701808938	6.2587382	5.490739549	4.8622652	0	3.959020829	3.350986108	7.821197986	4.367880388	4.628463531	1.002134112	7.616856355	0.925568105	0.965718195	3.100402993	0	0.925452235	1.043123033	1.09814791	2.91735912	1.836285586	0.989755207	0	3.910598993	3.49430431	0	1.002134112	5.712642266
PD47737b_coloniccryptM_nanoseqv2	13.31342258	2.046520131	2.375385609	4.877526737	4.992733057	6.440921525	4.028191043	6.193746354	6.079186675	3.244611019	2.806744124	2.069355948	11.19672581	8.050773906	3.64521068	12.59608463	3.803835023	1.023260065	0	0.975505347	0.998546611	1.073486921	0	2.064582118	0	0	0	3.104033923	0.933060484	3.019040215	1.215070227	8.720366283	10.46054631	13.30238085	80.76311072	14.63258021	10.98401272	7.514408445	49.68102286	17.548948	13.67817002	8.652296052	54.73151041	7.24274582	6.531423391	12.07616086	41.31238771	8.720366283	2.798151766	6.745573137	5.220908171	4.780915078	0.931360448	4.121815429	1.09845359	4.937245449	4.607860585	2.944888814	2.227975609	8.952966352	2.641262003	0.922891864	5.042896459	6.743482078	24.25064864	5.781919832	6.265089805	22.94839237	4.656802238	5.152269286	3.295360771	4.937245449	5.529432702	0	2.227975609	8.952966352	5.282524006	4.614459318	4.034317167	9.633545826	3.730869021	0	1.044181634	4.780915078	1.862720895	3.091361572	4.393814362	7.899592718	1.843144234	0	0	0.994774039	5.282524006	0	9.077213626	13.48696416
PD34200a_coloniccryptS_nanoseqv2	14.25349837	6.117189527	0	3.888688817	11.94124645	12.77752716	0	11.29059356	15.08813485	4.289433515	0	4.106378051	9.30850122	4.006295837	0	10.63031599	0.950233225	2.039063176	0	2.916516613	0	7.45355751	0	13.34342876	0	4.289433515	0	2.053189025	0	0	2.411795682	6.764746538	19.0046645	12.23437905	160.6381891	13.61041086	8.955934836	22.36067253	78.28616898	20.52835193	36.21152364	12.86830055	89.86555299	3.079783538	9.30850122	15.02360939	59.08899421	11.59670835	8.467010321	2.892046945	7.318537326	8.666867749	4.655479843	0	10.92132658	5.928662239	1.846104723	0	0	8.99501117	4.417422672	1.847120094	1.010415929	13.63914519	9.407789245	0.964015648	7.318537326	12.51880897	2.793287906	4.108003013	6.55279595	2.964331119	0	4.901638184	2.228579397	13.9922396	3.533938137	0.923560047	3.031247786	8.768021909	0.940778925	2.892046945	5.227526661	2.888955916	0	0	9.829193925	0	0	6.862293457	0	0.999445686	2.650453603	0	3.031247786	1.948449313
PD34200aR2_coloniccryptM_nanoseqv2	26.69624448	12.37983028	2.410464568	8.776513643	11.08823532	10.89459629	4.158670959	16.66056789	32.07987469	6.57450589	1.445775284	10.39563818	14.02941426	12.1820083	6.158571288	19.42614075	6.67406112	3.09495757	1.205232284	4.875840913	6.048128355	1.089459629	0	4.165141972	6.110452322	1.095750982	0	3.118691455	2.805882853	1.015167358	0	5.827842226	35.27718021	12.37983028	153.0645001	16.5778591	17.13636367	20.69973295	67.924959	32.27985028	35.13510085	28.48952552	104.0958205	15.59345727	14.02941426	25.37918396	48.03685605	19.42614075	10.1790508	2.891388122	3.113838525	3.7729474	3.703830654	1.039640762	6.603338996	6.84856577	0	2.963685222	1.120429026	4.925380446	9.60417139	1.846806506	2.010654641	18.17989836	19.43273335	6.746572285	17.64508498	25.46739495	8.333618971	6.237844572	6.603338996	8.805298847	6.421108799	2.963685222	8.963432204	4.925380446	8.7310649	13.8510488	8.042618563	13.39571458	2.776104764	0.963796041	6.227677051	8.489131651	1.851915327	3.118922286	3.301669498	0.978366539	0.917301257	1.975790148	1.120429026	0	3.49242596	0.923403253	2.010654641	9.568367558
PD37449bR3_coloniccryptM_nanoseqv2	17.07036417	4.066174062	2.359901072	5.826018252	13.88753047	2.130481299	0	6.150829606	19.55595363	6.410117125	0	9.223664372	8.359538728	4.00613278	4.825503646	9.670153593	7.586828521	3.049630546	1.179950536	0.971003042	3.967865847	0	0	1.025138268	3.008608251	2.136705708	0	0	1.857675273	1.001533195	0	5.802092156	17.07036417	5.082717577	79.05668591	15.53604867	10.91163108	8.521925196	51.70893417	8.201106141	22.56456188	16.02529281	56.53865329	19.47218034	13.00372691	12.01839834	34.98490144	12.57119967	49.91983238	41.43053061	5.236252981	48.24901868	0.931234125	1.026220617	3.28067337	7.933191299	7.378312276	2.941762566	0	10.02217606	19.46212493	12.92613982	1.01000208	67.34670495	63.1062032	31.79552349	15.70875894	156.3268205	0	4.104882467	10.9355779	11.89978695	2.766867104	4.902937609	2.227408878	22.04878732	7.961778381	11.07954841	3.030006239	80.03521458	6.593185409	3.854002847	5.236252981	3.859921495	0.931234125	1.026220617	0	3.966595649	3.689156138	0.980587522	1.113704439	13.02882887	11.50034655	5.539774206	3.030006239	71.25086176
PD37449b_coloniccryptS_nanoseqv2	7.71838534	3.133631561	0	14.77794359	7.143282097	4.369634177	4.263520916	4.203366494	7.72747664	7.804125765	1.490728405	7.351221166	5.684205916	6.128838851	0	8.790451516	4.823990837	1.044543854	0	0.985196239	2.040937742	5.462042722	0	5.254208117	4.636485984	0	2.98145681	1.050174452	0	0	0	1.95343367	16.40156885	10.44543854	55.13011152	10.83715863	12.24562645	12.01649399	55.42577191	11.55925786	17.00044861	10.03387598	56.64767939	14.70244233	17.9999854	9.193258277	32.39417632	18.55761987	47.65227513	24.20782819	19.53936896	63.81127118	1.849079675	3.145244212	2.203807977	5.750292633	9.199078272	5.942592389	1.120275093	19.21031768	19.22021484	17.61363493	1.002371075	60.29697294	70.56202279	45.51071699	17.48259328	148.8929661	2.773619512	4.193658949	0	5.750292633	6.43935479	3.96172826	8.96220074	33.61805594	9.61010742	9.270334173	10.02371075	91.38759961	3.665559625	0	0	8.323209285	0	1.048414737	2.203807977	3.833528422	8.279170445	3.96172826	0	11.52619061	7.862815162	4.635167087	1.002371075	96.09830062
PD40840bR2_coloniccryptS_nanoseqv2	16.36399731	15.39982493	3.581978965	11.78825467	29.06525915	12.80719412	1.345761401	34.09131736	39.59498371	16.18007175	4.215486254	6.199374455	22.63589216	20.19870743	1.214028041	20.4814364	9.625880771	9.239894959	0	8.841191002	3.006750946	6.403597062	4.037284202	8.264561783	12.18307191	6.4720287	4.215486254	3.099687227	9.431621733	3.029806114	0	25.35796887	17.32658539	20.53309991	146.8611376	27.50592756	14.03150442	35.21978384	68.63383144	20.66140446	42.64075168	37.75350075	77.28391466	22.73103967	25.46537868	17.16890131	76.48376658	24.38266238	5.637862845	8.735319825	8.303577174	16.07312237	7.429812788	11.37424528	16.32901587	28.15236548	0.924715166	13.78628906	1.112405863	0	6.205131463	2.792632716	3.018897977	9.567923989	17.85323234	8.735319825	16.60715435	20.80051131	9.287265985	1.034022298	7.620207407	21.35696692	12.02129715	1.969469866	5.562029314	19.52307033	14.18315763	12.10140844	5.031496629	19.13584798	3.75857523	0	0	8.509300079	1.857453197	2.068044596	2.177202116	17.47388202	3.698860663	0	3.337217588	6.833074616	7.978026167	0	9.056693932	11.48150879
PD40840b_coloniccryptS_nanoseqv2	26.08836301	14.44923529	0	10.84388839	34.25181184	11.76270973	2.740697063	11.40217054	24.46400438	20.65998707	0	20.75071088	28.44406044	21.26564975	11.00495789	25.41588304	12.56106367	2.064176471	1.20528114	6.900656245	2.014812461	0	0	8.292487667	0	11.96104514	0	5.18767772	7.585082784	4.050599952	0	8.797805667	23.18965601	29.93055883	121.7333952	21.68777677	30.22218692	31.01078019	80.85056335	20.73121917	42.81200767	46.75681284	86.05671377	24.90085306	18.96270696	28.35419967	39.12873915	19.55067926	2.806243591	11.67005452	7.238928685	10.32617114	19.48896003	11.41166906	11.97504608	42.34670818	0	0	3.337284165	2.900474767	3.544479389	8.388825913	8.041977488	12.35487475	24.32077779	12.64255906	12.40959203	30.0397706	5.568274295	6.22454676	2.177281105	27.91033039	5.554801549	5.910025692	5.562140274	9.668249222	10.63343817	5.592550609	8.041977488	7.602999849	8.418730774	0	2.068265338	12.20365681	0.928045716	2.07484892	7.620483869	32.72245632	1.851600516	4.92502141	8.899424439	11.60189907	7.975078625	2.796275304	4.020988744	10.45412479
PD40840bR3_coloniccryptM_nanoseqv2	28.81566822	20.37372565	4.715096231	16.66746651	26.84370971	20.14398608	3.944274669	28.71310289	31.64998652	34.99766682	5.475833613	19.46475352	14.11615835	26.14158881	3.603310125	33.19229593	5.763133643	4.07474513	0	8.823952857	2.982634412	2.120419587	1.314758223	7.178275723	7.535711076	4.242141433	0	7.171224979	7.528617786	3.01633717	1.201103375	21.47736795	27.85514594	16.29898052	120.2349539	21.56966254	22.86686383	30.74608401	68.3674276	31.78950677	43.70712424	13.78695966	93.08917142	20.48921423	22.58585336	24.13069736	51.64744513	22.45361195	13.28915444	8.725960238	3.127116174	13.39381279	14.87932394	13.33481459	15.13464589	33.25077889	2.774933918	10.78363302	1.106115208	7.882967183	13.37646695	2.794038672	6.04437622	17.4243623	15.18760507	9.695511375	18.76269705	17.22061645	5.579746477	12.30905962	9.729415215	21.51520987	5.549867836	6.862311924	4.424460831	7.882967183	8.917644631	5.588077343	2.014792073	11.61624153	1.898450634	2.908653413	5.211860291	5.740205482	0.929957746	10.25754968	6.48627681	25.42706621	2.774933918	2.940990825	7.742806455	7.882967183	4.458822316	1.862692448	3.02218811	8.71218115
PD37449bR2_coloniccryptS_nanoseqv2	11.48722601	15.44116049	0	10.76248631	14.08592271	12.93710798	1.364238599	4.150630491	22.89067643	8.719335112	1.423403153	4.150181742	29.11055492	2.024510304	0	20.42262506	3.829075338	2.058821399	2.401112914	7.827262769	0	4.312369326	4.092715796	5.188288113	3.05209019	0	0	1.037545436	7.512401269	1.012255152	1.223090676	6.807541687	12.44449485	7.205874896	152.4706701	12.719302	14.08592271	2.156184663	72.30464573	11.41423385	28.99485681	8.719335112	81.13397975	22.82599958	9.390501587	12.14706182	73.38544058	17.5051072	51.05008682	43.49577419	8.308282789	86.9012882	1.852622407	9.331299193	10.969776	10.73393329	10.11388015	2.95794146	3.350831945	13.7374649	29.8721904	18.52847157	6.038003348	135.1175068	105.8129072	51.22835627	16.61656558	209.6965868	7.410489629	3.110433064	8.775820801	8.782309053	10.11388015	7.887843893	3.350831945	44.15613717	34.26515958	16.67562441	7.044337239	137.0340672	20.42003473	6.766009319	1.038535349	17.94700517	1.852622407	1.036811021	4.3879104	1.951624234	0	4.929902433	3.350831945	10.79372242	20.20765821	11.11708294	4.025335565	140.867188
PD34200ai22_coloniccrypts_stdseq	25	21	6	13	18	7	1	10	18	11	3	18	24	13	3	23	8	7	3	5	4	1	2	4	4	4	2	4	10	5	2	11	37	28	254	37	21	30	118	31	18	31	143	28	20	30	102	22	7	5	9	13	7	6	5	6	3	3	2	6	8	3	3	14	30	21	22	30	7	4	11	15	12	9	7	16	11	11	15	15	4	2	1	5	3	0	5	2	1	0	4	4	1	3	3	9
PD34200at23_coloniccrypts_stdseq	36	32	5	26	29	16	8	15	38	10	9	27	31	37	4	49	10	10	2	18	5	9	2	4	7	4	3	5	9	8	1	13	46	29	338	48	17	28	172	53	35	59	191	44	28	36	105	32	10	13	11	21	8	3	12	22	2	3	4	7	11	11	3	27	40	15	31	44	13	11	17	19	17	6	12	18	14	20	12	30	6	3	5	9	6	1	5	8	3	2	5	2	8	4	2	21
PD34200at15_coloniccrypts_stdseq	30	26	3	16	38	17	3	18	31	17	2	23	36	24	8	46	14	7	1	14	4	3	2	11	7	1	1	6	10	2	2	12	38	24	311	30	34	30	128	38	36	41	167	39	31	39	115	38	11	11	4	9	4	11	7	7	3	3	2	3	13	6	6	24	50	16	17	37	13	13	15	13	23	13	13	18	10	22	18	29	6	4	6	9	3	5	4	3	2	3	3	4	4	3	7	10
PD34200ai21_coloniccrypts_stdseq	28	17	5	15	11	6	4	13	28	11	1	11	16	11	8	30	8	4	2	7	8	4	2	7	3	4	1	3	3	1	4	10	23	24	242	32	23	28	113	34	26	33	129	20	29	29	85	29	4	8	13	11	1	2	6	6	1	2	4	3	8	4	5	9	34	9	9	23	5	5	11	10	12	3	8	13	14	13	11	12	4	1	3	5	3	1	5	2	2	1	3	0	2	5	6	7
PD34200at28_coloniccrypts_stdseq	29	23	4	18	11	13	3	13	25	19	5	21	21	17	5	40	11	6	2	8	5	5	1	6	4	3	2	4	4	8	0	17	49	28	214	29	26	34	136	36	27	34	135	38	23	33	83	27	12	7	8	16	8	5	11	14	5	4	3	7	11	3	4	21	34	14	26	35	12	14	15	14	13	5	8	15	11	15	9	22	5	4	4	6	2	8	4	7	4	3	2	4	7	2	1	9
PD34200ac24_coloniccrypts_stdseq	41	25	5	28	26	23	6	20	44	17	8	26	32	33	9	39	11	10	4	12	3	6	4	5	5	0	1	6	14	3	3	12	37	37	362	49	32	44	177	42	34	55	230	42	27	43	137	38	17	10	9	17	6	4	7	12	1	4	5	5	11	6	2	22	36	14	27	34	10	11	18	21	17	15	12	24	29	19	13	24	5	2	5	7	5	2	4	9	4	2	2	6	4	7	7	11
PD34200at12_coloniccrypts_stdseq	34	19	3	18	25	13	3	15	41	7	2	26	29	26	5	40	12	4	3	10	5	2	4	2	3	7	3	5	6	4	5	10	31	27	260	32	28	25	147	31	20	30	164	31	31	47	112	17	11	7	4	6	10	7	10	11	2	2	4	6	14	4	2	26	35	16	19	38	6	11	9	15	20	13	7	16	9	14	15	22	2	3	2	2	3	4	0	2	3	1	4	3	3	3	5	13
PD34200as18_coloniccrypts_stdseq	28	16	2	9	19	11	1	9	16	11	2	16	18	19	4	16	13	13	0	6	5	2	3	3	0	5	0	4	2	4	3	11	44	23	166	33	20	33	72	29	23	24	112	45	24	25	55	24	12	12	5	12	4	5	6	11	3	3	2	7	11	3	3	10	30	11	18	39	8	13	10	7	12	5	9	13	14	10	7	19	3	3	4	4	1	4	4	3	2	3	3	1	3	4	7	7
PD34200ac7_coloniccrypts_stdseq	37	32	6	21	28	14	5	20	47	23	12	20	27	32	7	48	12	2	3	9	4	7	6	8	8	6	2	3	3	7	2	23	42	35	401	46	36	46	202	40	44	45	247	40	43	59	152	36	12	14	7	25	1	6	10	11	3	3	1	8	16	9	6	28	41	20	28	44	12	13	13	13	22	10	11	20	18	12	13	25	8	2	8	11	1	5	3	6	3	4	1	2	5	7	8	18
PD34200ac33_coloniccrypts_stdseq	46	33	4	25	33	23	2	26	46	19	7	28	35	27	11	58	10	5	0	12	9	5	3	4	3	5	0	5	7	6	1	13	52	39	427	42	38	42	221	43	24	41	240	38	24	40	161	35	10	9	15	17	11	7	7	17	5	7	0	7	8	6	2	19	44	18	17	48	8	16	14	19	21	9	5	23	20	17	17	31	3	3	7	10	4	3	2	8	4	3	1	8	3	4	10	17
PD34201at31_coloniccrypts_stdseq	17	17	5	9	18	11	1	5	14	12	3	9	12	22	6	22	8	8	0	9	5	5	2	6	1	2	1	2	8	1	0	7	33	18	172	18	32	20	91	31	14	21	111	19	19	28	69	16	10	9	10	8	4	4	7	4	5	3	1	7	5	4	4	9	29	9	12	27	8	8	10	6	9	10	5	16	15	8	5	12	5	3	3	2	2	4	2	4	1	2	2	5	4	1	6	10
PD34201as45_coloniccrypts_stdseq	16	18	3	13	9	8	2	9	15	7	2	6	15	13	2	19	5	9	2	6	2	6	2	5	7	4	1	3	4	4	2	12	25	12	176	19	15	26	83	32	18	46	98	27	17	26	65	20	12	11	7	7	2	4	4	5	3	4	0	2	14	1	10	9	34	19	17	39	8	9	10	11	11	7	4	21	24	8	5	31	1	1	2	1	2	2	4	7	2	1	1	4	5	2	4	17
PD34201at30_coloniccrypts_stdseq	27	11	3	13	10	11	1	3	24	2	4	10	16	12	2	19	5	5	0	5	3	5	0	8	3	6	0	3	10	6	1	10	30	23	165	20	21	17	90	22	16	25	89	21	14	18	58	27	5	7	5	13	5	5	7	6	1	5	3	4	11	0	1	7	14	6	13	17	12	9	9	4	6	11	8	10	11	9	6	13	1	1	4	3	1	1	2	2	0	1	1	2	5	3	4	9
PD34201at19_coloniccrypts_stdseq	25	8	2	12	5	11	3	9	19	11	5	8	14	16	4	22	8	7	0	6	3	4	1	1	1	1	0	2	6	4	2	12	33	21	188	35	19	29	109	28	16	26	116	16	17	23	77	33	4	2	3	7	2	5	2	5	1	6	0	2	7	2	2	15	19	7	21	17	5	3	7	12	9	8	8	11	6	8	4	13	2	0	1	8	2	2	2	4	1	1	2	2	0	3	2	7
PD34201at32_coloniccrypts_stdseq	18	14	4	13	16	5	1	4	23	7	1	11	9	15	7	17	12	7	0	4	3	6	2	7	5	2	1	1	4	1	1	6	25	17	165	27	18	15	99	26	14	20	121	19	21	21	58	18	5	11	7	5	6	4	6	4	5	4	2	3	5	2	4	8	19	12	7	21	5	5	8	7	10	11	7	21	12	9	4	13	5	1	6	4	2	5	1	1	0	2	2	2	1	0	5	8
PD34201as20_coloniccrypts_stdseq	11	8	3	6	9	9	2	9	11	6	1	9	8	13	2	11	5	3	0	3	3	0	1	5	3	4	1	6	1	2	1	13	33	12	98	19	17	17	59	22	14	31	62	27	10	20	35	15	9	6	4	8	5	2	4	13	1	2	2	1	6	3	5	10	32	6	7	26	4	2	4	6	18	5	8	13	9	7	4	24	4	0	1	5	1	3	2	2	0	3	2	0	2	1	4	8
PD34201as22_coloniccrypts_stdseq	17	18	2	9	5	2	4	8	11	2	3	7	12	10	1	18	7	4	1	5	6	3	3	2	3	2	2	2	7	3	1	9	30	17	133	17	13	20	66	25	21	25	97	21	20	25	60	10	5	14	5	17	4	6	2	7	1	2	3	6	7	4	3	5	30	8	17	29	5	6	8	6	4	8	9	15	11	6	2	11	5	1	2	2	0	2	2	6	2	1	0	2	4	4	4	11
PD34201as44_coloniccrypts_stdseq	24	9	2	8	13	2	2	8	14	12	2	9	9	13	4	23	12	7	0	8	6	3	0	10	3	2	0	2	7	6	4	5	41	26	151	21	14	32	100	46	18	26	116	23	26	32	77	20	8	4	9	14	5	5	6	4	1	1	3	4	9	8	1	12	43	15	9	32	5	6	12	14	11	10	5	12	14	8	4	21	3	4	3	3	0	2	2	5	0	0	3	2	5	2	5	11
PD34201ac40_coloniccrypts_stdseq	21	11	3	10	14	6	2	8	9	10	2	11	6	11	3	16	5	6	2	4	0	1	1	4	2	2	0	4	3	4	0	6	22	18	199	18	19	22	100	17	14	26	115	20	20	18	71	25	3	2	3	12	5	4	5	5	3	1	1	1	5	5	4	8	22	15	22	23	9	5	8	5	11	8	5	13	12	8	10	14	0	1	3	2	0	0	2	1	1	0	1	0	6	4	2	11
PD37449clo0001_coloniccrypts_stdseq	29	16	8	18	18	11	1	13	29	9	4	15	21	28	5	39	11	9	1	9	3	7	2	5	7	2	1	3	9	4	1	25	30	19	215	20	23	18	119	24	16	27	144	27	26	27	93	50	164	117	18	241	7	9	10	16	12	10	6	45	85	45	5	311	218	89	33	506	9	13	16	23	15	10	10	67	43	27	11	296	31	10	9	31	3	5	8	9	9	5	2	26	42	30	10	384
PD37449clo0009_coloniccrypts_stdseq	35	21	1	13	22	12	3	15	16	17	4	25	24	25	7	49	9	7	1	10	3	2	1	12	4	1	1	6	14	6	1	13	31	19	264	26	25	26	126	27	28	28	133	36	33	35	91	40	92	58	14	99	4	16	8	14	3	12	3	18	33	22	6	180	187	79	25	347	15	13	13	16	23	13	9	45	29	19	3	185	14	5	9	18	1	4	4	10	5	2	7	29	34	25	11	238
PD37449clo0014_coloniccrypts_stdseq	34	14	3	6	24	14	1	12	24	18	6	17	35	25	4	48	15	7	3	6	3	6	3	11	3	5	0	2	6	8	1	22	36	21	263	35	29	17	149	24	24	25	140	25	28	37	93	29	89	68	11	130	10	5	10	12	7	6	4	25	40	26	7	152	166	78	29	357	10	9	11	11	23	13	7	44	30	20	9	193	21	8	8	14	2	4	4	9	8	7	2	22	26	15	9	214
PD37449clo0017_coloniccrypts_stdseq	29	11	3	15	31	17	0	16	32	14	5	23	30	22	11	36	7	4	2	5	8	8	0	6	4	4	1	3	7	5	1	14	28	15	267	29	21	26	141	30	25	28	161	24	33	24	118	28	78	66	15	128	5	5	9	17	8	8	3	33	34	18	12	174	157	63	18	317	8	6	8	11	19	21	9	38	34	23	12	173	12	3	7	18	3	2	5	12	7	8	6	21	25	22	7	208
PD37449dlo0001_coloniccrypts_stdseq	16	16	2	14	17	2	4	10	17	10	4	13	21	12	3	13	6	5	2	8	4	6	0	4	6	1	1	6	4	6	3	9	30	13	121	30	20	24	90	29	12	28	89	20	22	25	50	27	75	70	16	96	11	7	3	7	4	10	4	18	32	27	8	153	153	92	32	333	13	4	8	11	14	10	11	57	29	16	8	191	12	6	5	17	3	3	1	13	8	6	3	26	22	32	4	177
PD37449dlo0002_coloniccrypts_stdseq	32	12	1	17	15	14	3	11	19	11	4	14	19	22	4	24	6	5	1	5	2	5	0	4	4	7	1	1	7	3	2	11	31	18	178	15	17	17	96	24	13	19	127	18	16	20	57	31	72	59	19	98	8	3	9	10	6	6	5	12	30	22	7	150	179	85	28	382	10	9	11	10	18	9	10	61	32	21	7	237	9	7	6	6	1	3	7	10	9	6	4	19	41	20	5	162
PD37449dlo0003_coloniccrypts_stdseq	17	21	1	11	15	11	4	10	22	8	2	12	15	11	4	27	4	9	0	1	4	5	2	2	3	5	1	2	3	7	1	13	24	16	231	21	14	20	141	26	18	24	140	30	25	21	76	28	60	39	9	69	8	6	8	4	6	8	0	22	30	11	3	109	171	92	28	272	7	14	4	9	17	9	5	41	29	18	5	179	5	4	2	16	1	2	3	13	3	1	3	17	22	16	7	162
PD37449dlo0006_coloniccrypts_stdseq	21	11	5	10	12	8	2	7	30	11	4	4	12	10	3	30	6	7	2	6	3	3	1	7	3	0	0	4	3	2	1	15	32	11	187	11	16	17	103	26	30	15	93	16	16	16	66	30	80	78	21	105	8	8	3	7	8	9	2	33	27	23	3	174	163	89	25	306	15	6	13	16	18	12	6	44	15	14	5	204	11	2	5	20	3	2	3	5	9	6	1	17	28	19	6	191
PD37449dlo0011_coloniccrypts_stdseq	21	8	2	9	13	7	2	6	12	6	1	6	10	10	3	25	5	6	1	5	5	4	1	2	2	1	0	1	4	4	1	9	20	10	89	18	8	14	55	19	11	16	62	11	14	15	35	19	79	52	10	73	3	2	10	11	7	7	4	20	28	19	7	111	114	50	11	234	10	4	6	10	12	10	6	37	24	10	7	153	11	4	3	9	3	2	2	8	11	4	0	18	18	16	5	130
PD37449dlo0012_coloniccrypts_stdseq	13	10	1	5	7	3	1	6	12	6	1	5	10	5	1	17	4	3	0	2	4	0	0	1	4	0	0	2	3	3	1	10	13	5	87	13	10	7	43	13	5	11	47	11	7	6	28	6	62	41	13	64	0	2	3	6	4	4	4	11	19	12	3	100	83	41	16	194	5	3	6	5	10	4	4	28	18	7	7	124	6	5	2	17	0	0	1	2	8	2	2	14	13	16	2	143
PD37449dlo0017_coloniccrypts_stdseq	28	13	3	17	15	6	0	18	22	13	4	11	17	23	1	32	8	5	1	5	4	2	1	7	0	2	1	4	8	4	0	13	30	22	201	25	22	21	119	18	12	25	140	20	24	16	82	21	93	63	12	125	8	6	9	13	9	14	4	26	37	34	10	166	182	74	33	367	11	9	12	10	13	12	7	46	37	21	5	182	13	11	5	26	7	4	4	10	10	4	1	28	34	24	3	183
PD37449elo0001_coloniccrypts_stdseq	19	11	1	16	9	7	5	9	29	11	4	20	26	20	3	40	7	6	4	8	3	0	1	4	3	2	1	5	3	7	1	8	21	11	176	15	19	17	114	17	22	23	131	10	27	19	68	17	48	40	6	61	4	4	6	2	9	6	3	20	29	20	5	108	104	47	22	241	7	6	7	14	13	8	5	36	19	11	5	115	8	3	2	10	3	6	0	10	2	2	1	15	21	11	6	117
PD37449elo0002_coloniccrypts_stdseq	29	19	3	20	24	7	1	14	30	12	5	18	17	24	5	46	9	4	3	8	5	3	2	5	6	3	0	3	7	8	2	17	38	22	255	25	30	26	144	28	23	26	165	25	29	42	110	27	82	64	11	96	7	11	8	5	14	8	6	22	44	24	5	155	161	70	31	353	8	9	5	15	22	11	9	54	26	23	12	190	12	6	3	17	4	6	5	7	1	3	3	22	33	22	11	188
PD37449elo0003_coloniccrypts_stdseq	34	19	3	18	17	11	3	17	41	13	0	17	26	21	7	43	9	5	0	6	1	4	3	6	1	4	1	5	6	6	1	17	32	18	261	27	20	27	160	31	22	35	182	30	29	36	122	20	86	66	14	94	7	6	12	8	8	7	2	27	52	32	3	150	149	66	33	327	13	10	12	17	29	15	9	59	35	29	11	183	10	3	5	17	3	9	1	8	3	5	3	26	24	21	12	165
PD37449elo0004_coloniccrypts_stdseq	56	19	2	19	34	8	3	20	57	15	4	29	38	25	12	59	10	7	2	5	1	5	2	10	3	2	2	4	18	6	1	24	34	21	254	36	27	22	138	33	34	31	139	27	48	34	110	52	82	59	17	94	10	7	10	8	11	8	3	31	59	27	7	153	133	67	34	333	13	11	10	19	24	10	12	54	36	22	8	187	11	7	9	18	2	4	3	5	4	4	3	21	23	18	10	163
PD37449elo0006_coloniccrypts_stdseq	12	12	0	7	8	2	2	2	11	7	1	8	12	11	0	18	7	0	1	2	1	3	1	1	0	3	1	0	2	8	0	2	24	6	143	9	7	9	70	11	6	23	79	11	11	18	43	18	33	27	5	50	2	2	1	5	3	6	1	9	19	12	3	60	70	40	12	146	2	2	3	4	10	5	11	15	12	7	5	78	9	2	5	7	1	3	0	4	1	1	1	13	15	8	0	80
PD37449elo0008_coloniccrypts_stdseq	37	24	6	17	25	12	5	10	48	21	5	15	36	27	10	36	7	9	1	9	5	6	2	8	3	4	1	10	9	5	3	15	33	26	253	25	24	33	136	32	24	30	193	34	38	33	118	42	93	71	16	111	12	6	10	14	15	7	7	32	37	29	3	176	206	71	36	398	15	11	11	17	25	9	9	56	32	18	13	201	14	11	5	16	6	7	5	8	9	12	2	28	38	19	8	193
PD37449elo0010_coloniccrypts_stdseq	18	18	2	17	19	12	1	9	34	15	2	20	28	24	3	48	7	6	2	4	6	3	1	8	1	3	1	6	8	3	0	20	29	13	313	20	25	29	181	33	25	25	194	30	27	33	108	24	72	43	9	66	6	5	6	15	10	9	10	19	21	18	4	97	163	73	21	248	14	12	10	13	17	13	11	41	29	18	9	168	12	3	3	12	2	1	4	9	9	5	7	22	18	16	5	157
PD37449elo0014_coloniccrypts_stdseq	52	25	2	31	29	15	4	23	71	16	2	38	50	37	8	67	8	5	4	13	6	2	1	4	3	7	1	8	4	9	1	14	33	24	322	33	31	16	155	24	25	31	206	37	39	33	130	40	75	53	13	101	6	7	3	6	9	5	6	17	37	15	5	117	110	49	27	256	11	10	12	12	15	10	14	40	30	12	7	157	16	5	7	17	4	4	3	7	5	6	9	22	28	13	7	131
PD37449elo0015_coloniccrypts_stdseq	22	14	0	11	12	9	2	10	24	4	1	13	14	16	2	18	3	2	3	5	0	0	1	1	3	4	0	2	4	4	1	7	15	14	144	8	13	9	57	17	12	18	102	16	19	14	59	21	41	28	6	61	3	3	2	3	4	1	5	10	22	9	4	66	77	24	11	147	4	6	7	5	8	5	7	22	14	6	1	92	9	1	3	10	4	1	1	1	5	4	4	9	18	10	5	77
PD37449flo0002_coloniccrypts_stdseq	31	20	5	20	16	7	2	17	26	12	3	22	27	19	5	48	8	4	3	6	2	4	1	12	2	3	1	6	22	11	1	24	31	20	263	25	13	25	123	18	21	24	176	24	40	39	77	36	13	10	8	26	9	9	4	9	5	3	5	4	16	3	1	16	41	15	21	31	7	7	6	12	14	9	15	14	18	11	5	19	7	3	6	8	7	2	7	8	2	0	0	7	5	3	9	17
PD37449flo0006_coloniccrypts_stdseq	26	30	5	24	20	19	3	20	32	16	3	21	38	31	8	51	11	4	3	13	10	5	3	5	7	3	1	5	73	16	2	98	24	11	255	30	23	22	126	36	19	22	148	26	92	51	107	60	11	15	10	12	7	5	6	9	5	5	3	10	10	6	3	27	31	13	19	45	3	8	10	16	8	13	13	16	16	9	9	36	5	7	5	6	1	5	3	10	0	3	4	4	3	2	2	19
PD37449flo0008_coloniccrypts_stdseq	23	5	4	3	9	8	4	6	23	10	2	12	21	19	5	27	7	5	3	4	3	3	1	4	6	1	3	3	7	6	1	7	15	14	144	12	12	15	50	12	18	15	86	15	14	14	56	12	11	6	3	8	3	1	4	8	1	2	4	1	5	4	3	18	21	15	12	31	3	3	3	11	12	5	6	6	6	6	8	18	1	4	3	4	1	0	5	4	1	0	0	1	3	5	2	18
PD37449flo0010_coloniccrypts_stdseq	21	24	2	17	20	10	0	10	33	13	3	19	19	23	6	28	9	6	3	7	6	1	2	7	5	2	2	5	9	3	1	11	28	16	260	30	31	26	129	29	15	20	161	27	30	24	85	33	13	12	6	24	5	5	5	6	4	4	2	9	22	10	6	17	42	18	18	62	10	9	12	10	16	9	9	16	20	4	3	38	1	2	3	4	2	2	2	6	4	4	2	10	1	3	6	32
PD37449flo0011_coloniccrypts_stdseq	19	14	3	11	14	6	1	13	15	8	2	15	30	14	4	27	5	1	1	4	1	0	1	5	2	1	1	5	2	4	1	12	28	18	208	15	12	11	90	17	10	19	121	17	20	26	70	15	2	5	6	8	2	3	5	8	2	0	3	1	13	3	3	11	19	10	9	29	9	6	2	6	12	5	7	14	9	9	2	7	3	2	2	7	0	2	2	7	1	0	3	2	3	5	4	11
PD37449flo0016_coloniccrypts_stdseq	41	25	3	22	18	8	3	20	45	17	4	34	49	15	12	50	8	9	3	10	9	7	5	6	1	4	1	3	5	5	1	23	39	21	338	27	17	25	182	30	23	29	194	26	45	25	116	36	22	16	7	32	4	8	4	7	1	1	3	7	17	8	5	25	37	14	12	43	13	11	10	10	14	13	6	19	17	11	10	30	3	4	5	7	3	3	4	4	0	0	4	7	7	3	7	18
PD37449flo0017_coloniccrypts_stdseq	31	9	1	18	13	12	2	14	27	6	3	22	21	24	5	37	5	1	4	7	4	6	2	7	3	2	3	3	6	6	1	15	27	21	265	23	20	28	120	23	25	34	158	19	28	29	117	36	8	9	9	13	4	4	5	5	1	3	3	2	6	3	7	16	41	18	26	35	11	15	10	13	15	12	8	17	16	13	11	30	3	1	5	2	1	3	7	5	3	1	1	4	3	3	4	12
PD37449flo0019_coloniccrypts_stdseq	24	26	3	18	18	9	4	13	30	12	5	20	25	17	5	45	9	0	3	3	5	5	1	5	2	4	1	1	7	6	1	23	29	25	230	31	20	17	118	25	20	30	151	26	34	22	97	30	6	8	6	11	5	9	3	9	5	3	3	5	9	7	5	26	33	9	12	50	12	11	6	13	19	9	7	23	8	9	8	33	3	2	3	6	3	2	3	2	2	3	2	7	2	3	7	23
PD37449flo0022_coloniccrypts_stdseq	28	20	3	18	25	10	2	9	19	18	4	17	24	23	2	37	13	2	0	4	7	3	4	7	2	2	0	2	17	7	2	36	28	19	224	21	13	21	100	29	15	34	158	22	38	28	105	27	14	8	8	21	6	4	11	7	2	6	1	7	15	9	5	18	35	15	34	55	10	6	12	8	21	8	3	13	19	13	10	35	7	3	2	5	2	3	4	10	1	0	0	3	6	5	4	27
PD37449flo0023_coloniccrypts_stdseq	27	27	2	22	27	11	1	15	39	9	7	22	33	31	5	41	10	7	2	7	5	1	1	7	2	1	0	7	9	6	2	11	32	18	306	33	26	34	164	31	19	21	192	28	30	27	95	30	12	11	10	29	4	4	5	6	4	3	1	9	20	8	7	20	46	16	21	62	14	9	13	10	15	9	7	16	16	7	2	37	0	0	3	7	1	1	5	9	1	5	2	13	4	4	6	29
PD34201ac10_coloniccrypts_stdseq	11	13	1	11	11	6	0	8	15	4	7	3	11	17	3	9	5	3	0	5	3	2	1	4	2	2	0	2	8	2	1	9	22	14	157	23	23	20	70	21	21	24	83	20	22	15	56	14	7	3	6	15	2	2	2	6	3	0	3	4	4	2	0	14	19	5	17	19	12	5	4	9	10	5	3	12	11	8	8	14	4	0	4	7	1	1	1	1	1	0	1	1	1	1	1	7
PD40842_smoothmuscleU_nanoseqv2	4.775798971	1.079663507	2.566051276	1.941836821	5.348671291	3.641150141	1.59453501	1.107287392	4.82629277	1.207663114	0	2.174552447	1.891002318	0	0	0	2.865479383	2.159327015	0	0.97091841	2.139468516	0	0	1.107287392	0	0	0	0	1.891002318	0	0	1.944136223	11.46191753	3.238990522	10.2642051	5.825510462	3.209202774	3.641150141	4.783605029	6.643724354	9.652585539	3.622989342	3.282435573	5.436381119	5.673006953	0	5.317778315	3.888272446	0.853830805	1.958598031	1.015689531	1.725499781	0.900419766	1.130793246	1.157537092	0	0.89623085	1.058885541	2.376918302	0	0	0	1.976861125	1.78054778	4.269154024	0	4.062758126	6.901999125	1.800839533	1.130793246	0	1.892712034	0	0	2.376918302	1.901042016	0	0.924973898	1.976861125	3.561095559	0.853830805	0	1.015689531	0.862749891	0	0	0	0	0.89623085	0	0	0	0	0	0.988430563	0.89027389
PD39461_smoothmuscleU_nanoseqv2	5.725657463	2.160130218	0	5.811305963	5.358014124	1.215521435	1.611047424	0	0	2.433173762	0	2.182349073	1.887979285	1.07329276	0	1.93821651	2.862828732	0	0	0	0	0	0	0	1.616072336	0	0	0	0	0	1.336066764	0	15.2684199	5.400325546	18.00505184	6.779856957	5.358014124	3.646564304	8.055237122	1.108417092	9.696434013	0	6.670186059	2.182349073	6.607927499	2.14658552	4.008200291	0.969108255	2.574383459	1.958709581	4.059026024	2.585198668	0.899114713	0	2.322253244	0	0.896989826	0	1.193959863	0	1.636798986	0.921606258	0	1.774881564	6.865022558	2.938064371	1.014756506	6.032130225	0.899114713	2.276173331	2.322253244	0	1.793979652	2.12462062	0	0	3.273597971	0.921606258	0.986444221	0	0	0	1.014756506	0.861732889	2.697344138	0	0	0	0.896989826	0	2.387919726	0	0	0	0	2.662322346
PD40794D1_smoothmuscleU_nanoseqv2	4.76758307	0	0	2.915106053	4.303956494	1.226252594	0	4.462746106	8.071072989	2.448705181	0	1.095556679	3.77435814	0	0	1.945895385	2.860549842	0	1.296692752	0.971702018	2.151978247	0	0	2.231373053	0	0	3.375352759	1.095556679	0.943589535	2.15807328	0	0.972947693	12.39571598	4.342692544	18.15369853	8.74531816	5.379945618	3.678757783	6.5391291	5.578432632	4.842643793	2.448705181	6.750705518	3.286670038	9.435895349	3.23710992	6.724323334	4.864738463	0.851773299	0.973913008	0	1.717924084	0.899663071	1.135048684	4.656308359	0.945315987	1.786763844	1.057542517	1.189149993	0.946688537	2.447004137	0.920716706	1.970042379	0	10.22127958	4.869565041	7.080191308	8.58962042	3.598652284	6.810292106	2.32815418	3.781263949	1.786763844	3.172627552	5.945749964	5.680131221	2.447004137	1.841433413	3.940084758	2.659292714	0.851773299	0.973913008	3.034367703	1.717924084	0	1.135048684	0	2.835947962	0	1.057542517	2.378299986	0	0.815668046	0.920716706	0	0.886430905
PD40840bR2_smoothmuscleC_nanoseqv2	2.901149551	2.07712473	1.21774689	0.989556018	4.04581914	1.069786493	1.41258951	3.124788428	4.577779543	1.098629176	0	1.040827689	3.806211371	3.042845325	0	1.955444962	3.868199402	0	0	4.94778009	2.02290957	0	0	2.083192285	1.525926514	2.197258352	0	1.040827689	0.951552843	1.014281775	0	2.933167443	7.736398803	2.07712473	20.70169712	3.958224072	6.06872871	3.20935948	11.30071608	12.49915371	13.73333863	5.49314588	4.438806362	5.204138446	4.757764214	12.1713813	6.178226554	4.888612406	4.674460353	1.951321831	1.026710817	1.865684339	0.930771056	1.041582702	2.175259711	1.905765429	0	1.966418565	1.108900918	0	0.890528874	0	2.005256228	0	21.50251762	0.975660916	7.186975719	8.395579526	3.723084224	1.041582702	4.350519423	3.811530857	0.930577198	0	1.108900918	6.695346575	5.343173245	2.803175765	6.015768683	1.887878697	0	0	1.026710817	0	0.930771056	2.083165403	1.087629856	0.952882714	0.930577198	0	1.108900918	0	1.781057748	0	0	2.831818045
PD41525_smoothmuscleU_nanoseqv2	9.567938451	5.396693721	1.284773697	5.835095951	7.478425427	0	1.59442945	8.838079875	6.419607787	0	0	4.35080864	1.891456976	1.070396178	0	1.944236104	5.74076307	0	0	4.862579959	1.06834649	1.205168263	0	2.209519969	8.024509734	0	1.647867279	0	1.891456976	0	0	5.832708311	8.611144606	4.317354977	17.98683176	7.780127935	9.615118406	3.61550479	7.972147248	5.523799922	8.024509734	4.83119898	6.591469116	3.26310648	6.620099416	2.140792356	9.294035022	4.860590259	0.85935871	2.926750088	4.056910951	2.599933364	3.606266224	0	2.307664742	0.944922676	0	0	1.181147051	1.89563846	1.648097047	0	3.956619034	4.470039762	9.452945806	1.951166725	11.15650511	15.59960018	1.803133112	0	2.307664742	2.834768028	2.690763622	1.050408032	1.181147051	4.739096151	1.648097047	0.922887161	1.978309517	3.576031809	2.578076129	0	1.014227738	1.733288909	0	1.122534594	1.153832371	1.889845352	0	0	1.181147051	0	0.824048524	0.922887161	0.989154759	0.894007952
PD42031_smoothmuscleU_nanoseqv2	6.663155288	2.164075957	0	1.935196267	3.219372019	3.671664259	0	1.111080761	3.221335928	2.435928533	0	3.270417428	2.827830419	1.076444525	1.335289243	0.969263775	1.903758654	1.082037979	1.286078102	1.935196267	1.073124006	0	0	2.222161523	4.832003892	1.217964266	0	2.180278286	0.94261014	1.076444525	0	1.93852755	16.18194856	8.656303829	14.14685912	11.6111776	9.658116057	3.671664259	4.848294308	9.999726853	12.88534371	2.435928533	11.67497429	8.721113142	8.483491258	6.458667148	6.676446217	6.784846424	3.421484734	1.960063541	5.074550972	4.303696544	0.899427711	3.415900371	1.161173832	2.83719954	0	2.126153259	0	1.901877632	2.447016387	0.921934947	0.986245766	2.661060746	11.97519657	1.960063541	10.14910194	8.607393088	0.899427711	2.277266914	2.322347664	0.94573318	2.688567672	5.315383147	3.584893021	2.852816448	3.262688517	1.843869893	2.958737299	5.322121493	2.566113551	1.960063541	2.029820389	1.721478618	0	3.415900371	4.644695328	4.7286659	0	0	0	3.803755264	4.078360646	3.687739786	1.972491533	5.322121493
PD47737b_smoothmuscleC_nanoseqv2	3.829058685	2.108083584	0	6.882138925	5.148120559	3.338658307	2.985145853	4.255894258	4.672280615	1.142826437	1.570787528	4.24717719	2.836506095	3.087328413	0	2.920679322	5.743588027	0	0	3.932650814	1.029624112	2.225772205	0	2.127947129	3.114853743	0	1.570787528	3.185382893	0.945502032	0	0	0	9.572646711	12.6485015	28.74360495	7.865301628	5.148120559	5.564430512	16.41830219	6.383841387	1.557426872	3.42847931	12.56630022	4.24717719	1.891004063	4.116437885	10.20445843	6.814918419	1.805951965	2.900668053	8.178880689	2.751100281	1.84709791	1.059502785	3.351934833	1.914314721	1.836055689	1.98268994	5.633234172	1.912674865	5.192428476	0.923504142	2.997414308	2.789456126	10.83571179	0.966889351	10.22360086	7.336267417	0.923548955	2.119005569	1.117311611	3.828629442	1.836055689	3.96537988	2.253293669	4.781687164	4.32702373	1.847008285	1.998276205	3.719274835	0.902975983	1.933778702	1.022360086	1.834066854	0	1.059502785	1.117311611	2.871472081	1.836055689	0.99134497	1.126646834	0.956337433	2.596214238	0	1.998276205	1.859637418
PD39462j_smoothmuscleU_nanoseqv2	12.41898018	7.572825948	1.29373152	6.805698326	9.643316892	1.214883689	1.628160032	3.330352353	3.226236217	1.216641542	0	1.09165446	3.778711827	1.074344722	0	1.946905457	1.910612335	1.081832278	0	2.916727854	0	2.429767378	0	6.660704705	0	1.216641542	0	2.183308919	1.889355913	1.074344722	0	3.893810914	22.92734802	4.327329113	19.40597281	8.750183561	13.92923551	1.214883689	4.884480095	7.770822156	6.452472433	2.433283083	10.13216287	7.641581217	0.944677957	3.223034165	5.377245446	9.734527285	4.277366735	0.975332705	0	1.723612314	1.799960069	6.797575	2.319143882	0.942667029	1.789641492	0	2.372390946	3.78333291	0.819502899	2.765581212	0.9856127	4.45484882	10.26568016	0	9.100251834	8.618061572	1.799960069	4.531716667	5.797859705	6.598669201	0	2.109023056	5.930977364	3.78333291	4.097514495	3.687441616	2.956838099	3.563879056	2.566420041	0	5.055695463	2.585418472	0.899980034	2.265858333	4.638287764	3.770668115	3.579282983	0	2.372390946	0	1.639005798	0.921860404	3.942450799	2.672909292
PD40840b_smoothmuscleC_nanoseqv2	4.951591238	3.855722939	1.031659632	5.036648362	4.651442223	4.497207743	0.999807689	3.771201312	9.904460422	1.829332354	0	0.957346715	0.963976063	0.942561094	0	1.980031139	3.961272991	2.891792204	0	4.02931869	0.930288445	1.798883097	1.999615378	4.71400164	4.244768752	0	0	0.957346715	2.89192819	0.942561094	2.066105582	11.88018683	14.85477372	3.855722939	29.91812933	3.021989017	9.302884447	1.798883097	11.99769227	12.25640426	21.22384376	3.658664708	13.50781151	3.829386862	5.78385638	10.36817203	12.39663349	6.930108986	2.147991468	4.025934771	5.424216899	3.136715151	0.974673971	1.913743721	3.995400265	1.977975021	1.964823893	3.747203555	3.139852369	2.014805832	1.969813909	0.966813643	4.164900623	1.033144351	12.88794881	2.012967386	8.678747039	9.410145453	4.873369856	3.827487441	2.996550199	0.988987511	3.929647787	1.873601778	5.233087281	1.007402916	2.954720863	2.90044093	1.041225156	6.198866108	1.073995734	2.012967386	2.16968676	0	0	0.95687186	0.998850066	1.977975021	0	0	2.093234912	0	2.954720863	0	2.082450311	4.132577406
PD34200aR2_smoothmuscleC_nanoseqv2	11.39977763	1.004732021	0	7.771556019	6.8564022	2.081035097	1.263279648	6.059348468	8.835711571	1.038660693	0	3.02500824	1.859835357	0	1.176341046	3.869956575	4.749907347	3.014196064	0	2.914333507	0	3.121552645	0	3.029674234	1.472618595	3.11598208	0	4.033344319	0.929917679	0.991671543	0	2.902467431	17.09966645	10.04732021	26.48270593	5.828667014	6.8564022	3.121552645	16.42263542	8.07913129	11.78094876	3.11598208	18.28952236	6.050016479	12.08892982	3.966686174	5.881705232	5.804934862	2.905914106	0	5.268278074	1.963313737	2.815161476	1.014830956	2.153804641	1.990591169	0	1.950174284	2.20658907	1.008764299	2.701644652	0	0	3.951085458	10.65501839	4.848740821	14.75117861	10.79822555	4.691935793	6.088985734	3.230706962	6.967069091	1.863694847	1.950174284	4.41317814	8.07011439	2.701644652	0.92874599	1.012767971	5.926628187	0	0.969748164	3.160966844	1.963313737	1.876774317	0	0	1.990591169	2.79554227	0	2.20658907	0	1.801096435	0.92874599	3.038303914	0.987771364
PD34200a_smoothmuscleC_nanoseqv2	8.567865713	1.992260393	0	7.787768047	4.84377262	2.033958251	1.216237833	3.989875925	10.18359193	6.100289389	3.779650623	0.99777912	1.860974676	0.980800795	1.153211907	4.841678122	3.807940317	0.996130196	0	5.840826035	4.84377262	1.016979125	2.432475667	2.992406944	2.909597695	5.083574491	0	0.99777912	2.791462014	0	2.306423815	2.905006873	25.70359714	9.961301963	28.24346739	17.52247811	9.687545241	8.135833004	9.729902667	12.96709676	4.364396542	9.150434084	15.11860249	4.988895599	12.09633539	10.78880874	9.225695259	4.841678122	2.959823718	0.971645811	7.410455806	2.992564595	0.943660306	2.004477869	4.256582078	2.99808166	2.814763598	0.966381195	1.09351921	2.032600314	1.827632651	1.861070767	3.050623898	3.007209472	19.73215812	4.858229057	10.58636544	11.97025838	0.943660306	2.004477869	2.128291039	4.996802767	1.876509066	1.93276239	2.187038419	4.065200629	2.741448977	3.722141535	4.067498531	5.012015786	3.946431624	0.971645811	2.117273087	3.990086127	0	1.002238935	2.128291039	0	0.938254533	0	3.280557629	1.016300157	2.741448977	0	3.050623898	7.016822101
PD40843_smoothmuscleU_nanoseqv2	10.44924896	2.166550451	1.294243964	4.82728358	9.697470198	6.1507551	0	4.459214286	6.450403901	1.227214851	0	3.276595478	1.88635217	5.399302664	0	3.878762891	6.649522064	3.249825676	0	3.861826864	2.154993377	2.46030204	0	4.459214286	3.225201951	0	0	3.276595478	0	5.399302664	0	8.727216505	19.94856619	8.666201804	36.23883099	9.65456716	11.85246358	8.611057141	4.932038817	15.60725	17.73861073	8.590503956	11.90249966	6.553190956	11.31811302	6.479163197	13.51989714	14.54536084	3.398206924	0	7.076063091	0.855848926	5.371627406	1.154685659	1.166738628	2.824554378	2.681416147	3.22211853	0	2.852201802	2.432766197	1.843760607	1.964828638	3.54025543	12.74327596	3.932993174	11.11952772	12.83773389	3.581084938	2.309371317	3.500215884	4.70759063	0.893805382	2.14807902	4.827100139	7.605871472	4.054610329	3.687521213	3.929657276	7.080510859	1.699103462	0.983248293	3.032598468	5.990942484	0.895271234	2.309371317	1.166738628	1.883036252	0.893805382	0	1.206775035	1.901467868	1.621844132	0.921880303	0.982414319	6.195447002
PD43275_neuronsFC_nanoseqv2	4.800690917	4.029135741	1.139659182	2.954668164	3.967027533	4.223760215	2.464423112	1.030577132	3.038259331	1.06081891	2.538070401	3.087345224	1.896318838	2.017232376	0	1.95326645	2.88041455	4.029135741	1.139659182	2.954668164	0	1.055940054	1.232211556	5.152885658	1.519129666	1.06081891	1.269035201	1.029115075	3.792637676	5.043080941	2.341540607	4.883166124	23.0433164	9.065555417	25.072502	11.81867266	7.934055065	3.167820161	14.78653867	7.214039921	3.038259331	3.18245673	13.95938721	6.174690448	3.792637676	5.043080941	12.87847334	4.883166124	1.888600008	1.94205085	3.146693145	0.959495845	2.784359708	2.053595504	4.363180645	2.97569266	1.835115029	0.979118393	2.214016176	1.968550957	5.363097729	2.777682633	1.010398616	0	23.6075001	1.94205085	14.68456801	21.10890859	2.784359708	4.107191008	5.453975807	6.943282873	7.340460116	0.979118393	8.856064705	4.921377392	8.044646593	4.629471055	1.010398616	11.53307329	2.832900012	1.94205085	2.09779543	3.83798338	1.856239805	2.053595504	1.090795161	0	0.917557515	1.958236787	3.321024264	0	4.469248107	2.777682633	2.020797233	2.883268324
PD43276_neuronsFC_nanoseqv2	9.50871697	5.135671094	2.365218704	1.951325885	5.075371446	0	1.330604685	2.113981111	1.545365842	3.335524772	2.737890241	2.099549562	2.823241612	1.026782941	0	2.919206864	2.852615091	3.081402657	0	3.90265177	1.015074289	0	2.661209369	4.227962222	3.090731685	0	1.36894512	1.049774781	0	5.133914707	1.221188293	4.865344774	20.91917733	6.162805313	24.83479639	7.805303541	9.135668603	9.961998545	15.96725622	6.341943333	7.726829212	1.111841591	6.844725602	10.49774781	7.528644299	6.160697648	12.21188293	9.730689548	3.65795661	0.960999207	11.42364229	0.938453958	0.918643624	3.143762326	4.466808318	5.931674527	1.808462283	1.979312296	2.250932978	1.961867636	3.469477713	1.825465513	1.003013329	3.786903018	16.46080474	7.687993656	17.6547199	18.76907917	1.837287249	1.047920775	7.816914557	5.931674527	7.233849131	0.989656148	9.00373191	4.904669089	9.54106371	3.650931026	6.018079972	13.25416056	1.828978305	0.960999207	1.038512935	1.876907917	0	0	4.466808318	0.988612421	0.904231141	0	2.250932978	0.980933818	0.867369428	0.912732757	4.012053314	1.893451509
PD43289_neuronsFC-AD_nanoseqv2	8.427944048	4.037719017	1.145992854	2.901241777	1.987428164	2.174752395	1.276268404	5.213196851	4.526690643	3.234679233	0	5.163871964	1.855447609	3.035869345	1.182918273	1.941378191	0.936438228	3.028289263	1.145992854	3.86832237	2.981142246	5.436880987	0	7.298475591	3.017793762	0	1.302397237	4.131097571	0.927723804	2.023912897	1.182918273	5.824134573	12.17369696	4.037719017	12.6059214	7.73664474	9.937140819	2.174752395	8.933878826	8.341114961	4.526690643	3.234679233	6.511986184	3.098323178	9.277238043	4.047825793	9.463346186	8.73620186	8.352073375	3.837596591	6.276535595	1.936921935	3.702697057	2.06196592	5.520555245	4.050930225	0	2.936217551	3.346395668	1.011048692	4.380999416	0.917424916	1.006848554	4.8671243	25.05622013	15.35038636	18.82960678	32.92767289	5.554045586	2.06196592	6.624666294	5.063662781	2.720810047	1.957478367	15.61651312	6.066292153	6.133399182	3.669699665	9.061636988	11.68109832	1.856016306	0.959399148	3.138267797	1.936921935	0.925674264	4.12393184	1.104111049	5.063662781	0	0	3.346395668	2.022097384	1.752399766	7.33939933	1.006848554	4.8671243
PD43281_neuronsFC-AD_nanoseqv2	10.29579528	4.043212619	1.145432889	4.837440808	7.957734654	2.176703472	2.564751487	5.217872664	4.52701581	2.162269577	0	2.06894977	2.780250823	1.011285974	3.548788108	1.940093406	4.679906945	4.043212619	0	0.967488162	0.994716832	1.088351736	2.564751487	2.087149066	0	2.162269577	0	0	4.633751372	1.011285974	1.182929369	3.880186811	19.65560917	8.086425237	18.32692622	5.804928969	4.973584159	8.706813888	21.80038764	7.30502173	9.054031621	3.243404365	19.66730485	6.20684931	11.12100329	8.090287788	13.01222306	10.67051373	1.855406151	1.916323628	5.228404244	1.937707667	1.850851913	2.060223308	6.624887611	2.026157838	0	0	1.11556311	4.047626389	7.869883825	0.915549076	2.012785914	4.874660798	26.90338919	11.49794177	18.82225528	25.19019967	2.776277869	7.210781579	9.937331417	5.065394596	5.440091087	5.858995449	8.924504883	7.083346182	4.372157681	2.746647228	4.025571828	6.824525117	4.638515377	0.958161814	4.182723395	3.875415334	1.850851913	1.030111654	2.20829587	3.039236758	1.813363696	1.952998483	2.231126221	5.059532987	4.372157681	1.831098152	2.012785914	2.924796479
PD43274_neuronsFC_nanoseqv2	1.903189517	4.054961608	2.32065362	1.952770377	8.004911716	1.083797498	6.425016554	9.384314691	3.05765024	1.081305402	1.318129547	2.072300699	1.885046903	4.070373098	1.195501579	6.817424624	8.564352826	0	0	6.834696319	2.001227929	5.418987489	1.285003311	3.128104897	3.05765024	4.325221607	2.636259094	2.072300699	4.712617258	2.035186549	3.586504738	4.869589017	25.69305848	6.082442412	18.56522896	13.66939264	17.0104374	6.502784987	19.27504966	9.384314691	4.58647536	4.325221607	17.13568411	2.072300699	6.597664161	9.158339471	13.15051737	11.68701364	3.735875247	3.852631795	6.271903925	0	4.614344512	2.064742775	5.513391549	2.98572283	0.909451146	0.980973839	4.464090369	0.987974988	0.882277584	2.750955891	3.012881055	3.829820234	20.54731386	0.963157949	19.8610291	35.31117163	2.768606707	5.161856939	1.10267831	5.97144566	6.366158024	2.942921517	16.74033889	7.903799906	5.293665504	2.750955891	5.021468424	13.40437082	3.735875247	0.963157949	2.090634642	0.95435599	1.845737805	4.129485551	1.10267831	4.976204716	2.728353439	0.980973839	6.696135554	2.963924965	2.646832752	1.833970594	3.012881055	8.617095527
PD43287_neuronsFC-AD_nanoseqv2	6.586871676	6.154188617	3.533544559	1.943299212	1.011928811	3.353443525	4.039131034	1.066420733	1.536430322	2.229080564	1.373612284	3.16036825	4.682782099	3.090999427	1.218130328	3.908387598	1.881963336	1.025698103	4.711392746	2.914948818	6.071572869	3.353443525	2.692754023	4.265682931	0	0	0	5.267280417	7.492451359	7.212331996	1.218130328	10.74806589	22.58356003	6.154188617	7.067089118	15.5463937	7.08350168	4.471258033	18.84927816	5.332103664	12.29144258	3.343620846	15.10973512	6.3207365	14.0483463	9.272998281	13.3994336	9.770968994	2.71482139	0	10.30191934	3.766159184	1.837401502	1.049811117	2.231174117	1.991136832	0.899764216	0	6.702121772	2.962165289	4.330321282	2.757674641	0	7.61879517	28.95809483	9.577228548	28.84537414	33.89543266	6.430905258	6.298866702	14.50263176	5.973410496	8.997642161	3.95478907	10.05318266	5.924330579	9.526706821	2.757674641	2.997318185	10.47584336	1.809880927	2.873168565	4.120767735	4.70769898	1.837401502	4.199244468	5.577935292	1.991136832	0.899764216	0	4.468081181	0	5.196385538	3.676899521	9.991060615	7.61879517
PD43282_neuronsFC-AD_nanoseqv2	6.572316091	3.079207647	1.181368395	2.909398927	6.06346993	2.23941685	0	5.33484846	6.146097432	1.116546923	1.392966806	3.164274143	5.592702267	4.121820955	2.439843998	2.922482513	5.633413792	3.079207647	1.181368395	3.879198569	2.021156643	0	2.716552591	9.602727227	1.536524358	4.466187692	0	2.109516095	5.592702267	7.213186672	1.219921999	10.71576922	31.92267816	8.211220393	16.53915752	9.697996423	15.15867483	5.598542125	19.01586814	9.602727227	7.68262179	1.116546923	15.32263487	6.328548286	11.18540453	5.152276194	9.759375994	5.844965026	0.906186701	2.86862362	10.29171785	4.705689654	0.92213309	5.248713387	2.234587768	3.985272527	0.901862497	0	6.700659889	2.960691356	1.734791414	5.516512129	3.996192795	3.81163778	30.81034785	7.649662986	26.75846641	32.93982758	5.532798542	7.348198741	11.17293884	8.966863186	3.607449986	3.95010384	15.63487307	11.84276543	10.40874848	4.597093441	2.997144597	8.576185005	1.812373403	2.86862362	10.29171785	7.529103446	3.688532361	2.099485355	4.469175535	2.988954395	0.901862497	1.97505192	3.350329945	0.986897119	2.602187121	5.516512129	2.997144597	5.71745667
PD43280_neuronsFC_nanoseqv2	12.26981199	3.065928038	3.527317767	3.887086251	12.13556259	2.227929683	5.337644238	5.294227459	6.183638486	2.222912464	1.368392673	4.200671224	4.691366696	1.027460675	2.433318707	4.861334938	5.662990148	2.043952025	3.527317767	3.887086251	2.022593766	3.341894525	5.337644238	7.411918443	1.545909621	4.445824927	0	4.200671224	3.753093357	2.05492135	3.649978061	7.778135901	25.48345567	11.24173614	23.51545178	8.745944065	13.14685948	2.227929683	25.35381013	18.00037336	12.36727697	4.445824927	12.31553406	4.200671224	5.629640036	10.27460675	12.16659354	5.833601926	5.498356913	5.7416146	9.348987142	3.777912317	3.670998397	4.18919318	6.720123891	2.990130841	1.802227955	0	6.756608679	0	3.472345343	2.728876303	0.998646634	7.588030598	31.15735584	9.569357667	12.46531619	29.27882046	2.753248798	6.283789771	6.720123891	4.983551402	12.61559568	1.976298813	7.882710126	8.875838197	6.944690685	5.457752606	7.989173073	7.588030598	1.832785638	0	2.077552698	5.666868476	5.506497596	2.09459659	7.84014454	6.976971962	4.505569887	4.940747034	1.126101447	0.986204244	2.604259007	1.819250869	2.995939902	8.536534423
PD43290_neuronsFC-AD_nanoseqv2	3.759466331	3.062186824	0	5.820267101	5.029129485	4.432284048	2.661352612	5.289962847	3.054599913	0	0	5.23444291	4.662357216	5.116941942	3.626432826	4.866419957	3.759466331	3.062186824	1.16965866	4.850222585	2.011651794	0	5.322705225	8.463940555	1.527299956	3.315246934	0	1.046888582	6.527300102	3.070165165	1.208810942	7.786271931	26.31626432	4.082915765	22.22351455	14.55066775	13.07573666	3.324213036	11.97608676	7.405947986	9.163799738	6.630493868	12.27140139	9.421997238	9.324714432	9.210495496	9.670487537	10.70612391	4.567704437	2.87454697	5.176015637	4.752074798	3.67996757	3.127970102	5.55847328	3.000036838	0.901678816	0.985177205	3.351289878	0.995026571	5.21715383	1.835990971	4.007462799	7.679213527	32.88747195	11.49818788	27.95048444	33.26452359	5.519951355	3.127970102	8.893557248	13.00015963	8.11510934	2.955531616	17.87354601	5.970159429	4.347628192	6.425968399	7.013059898	18.23813213	0.913540887	2.87454697	5.176015637	7.603319677	3.67996757	3.127970102	2.223389312	6.000073676	1.803357631	1.97035441	5.585483129	2.985079714	2.608576915	5.507972913	6.011194198	6.719311836
PD43283_neuronsFC-AD_nanoseqv2	8.556578822	5.115775685	0	6.837250106	14.17444801	8.830619412	2.642129329	7.424861155	7.688028492	4.417321699	0	2.098341339	0	4.11907339	3.647583915	7.81911121	4.753654901	2.046310274	0	10.74425017	3.037381716	4.415309706	2.642129329	5.303472254	3.075211397	3.312991274	0	3.147512009	2.835357458	8.23814678	1.215861305	15.63822242	30.42339137	4.092620548	21.20560151	12.6977502	11.13706629	9.934446838	19.81596997	10.60694451	3.075211397	5.521652124	6.762772833	4.196682678	6.61583407	10.29768348	12.15861305	14.66083352	8.251179865	0.961756673	23.76338247	6.563853339	1.842755959	2.095128785	3.332981535	0	0.906340752	1.976725383	2.228444114	3.900590896	2.628077818	0.920514233	1.000221717	7.570124122	42.17269709	11.54108008	30.99571626	34.69465336	9.213779797	7.332950746	11.10993845	16.77130291	3.625363009	0.988362691	14.48488674	2.925443172	12.26436315	6.443599631	6.001330301	7.570124122	2.750393288	0	3.099571626	3.750773336	1.842755959	6.285386354	5.554969224	4.93273615	2.719022257	3.953450765	1.114222057	4.87573862	1.752051879	5.523085398	5.001108584	9.462655153
PD43277_neuronsFC_nanoseqv2	11.46089818	5.052622145	5.760317455	9.799418287	6.966376016	4.265983252	3.744401269	5.180437089	1.523726371	8.577831979	3.842120366	2.0643699	9.441221366	3.030798051	4.729052828	6.81374718	6.685523941	2.021048858	3.456190473	3.919767315	4.975982869	5.332479065	3.744401269	2.072174836	0	3.216686992	1.280706789	3.09655485	2.83236641	4.041064068	1.182263207	3.893569817	36.29284425	10.10524429	33.40984124	8.819476459	16.91834175	3.199487439	31.20334391	17.6134861	7.618631857	8.577831979	5.122827155	3.09655485	6.608854956	6.061596102	16.5516849	7.787139634	2.820691697	2.896630097	8.372305004	1.920790344	6.487341235	3.08489098	6.576336393	2.98013867	1.831847883	0	6.661119624	3.95163003	2.670727903	4.596772762	3.023208394	4.81005437	30.0873781	5.793260194	28.25652939	28.81185516	10.19439337	9.254672941	10.96056065	4.966897783	6.411467589	11.73841719	16.65279906	10.86698258	8.902426343	4.596772762	13.10056971	10.58211961	1.880461131	3.862173463	7.325766878	1.920790344	0	2.056593987	5.480280327	8.940416009	0.915923941	0.978201432	5.55093302	2.963722523	0.890242634	1.838709105	4.030944525	5.772065245
PD43285_neuronsFC-AD_nanoseqv2	7.578633708	1.01493519	1.156688584	5.844557784	8.017785865	5.42844845	6.389717662	6.278554919	3.042753815	0	1.309688085	5.190360877	3.762491627	2.034561577	3.580249882	5.836576209	2.841987641	4.059740759	1.156688584	2.922278892	1.002223233	4.34275876	1.277943532	6.278554919	1.521376907	1.090001009	1.309688085	1.038072175	5.64373744	5.086403943	4.773666509	5.836576209	31.26186405	5.074675949	24.29046025	5.844557784	15.0333485	8.68551752	37.06036244	13.60353566	12.17101526	4.360004035	6.548440425	4.152288702	17.87183523	11.19008867	9.547333018	6.809338911	5.579250339	1.923873912	10.42831677	7.649452232	0.923319163	3.111541469	5.533233588	0.996961141	0.908714827	1.96472354	6.69207429	1.980169748	0.880589707	3.658433895	8.035481303	3.834153945	33.47550203	15.3909913	29.19928696	36.3348981	7.386553302	6.223082938	12.17311389	9.969611412	4.543574133	7.858894161	13.38414858	11.88101849	13.2088456	5.487650842	13.05765712	26.83907762	1.859750113	0.961936956	4.171326708	4.780907645	2.769957488	5.185902448	8.853173742	5.981766847	0.908714827	0.98236177	1.115345715	0.990084874	6.164127947	3.658433895	3.013305489	8.626846377
PD43273_neuronsFC_nanoseqv2	9.524843732	11.18719991	1.163472249	5.859897624	8.044312017	3.267496324	3.879378245	2.093816082	7.625532655	6.532486531	0	2.076887992	1.890518598	4.082531381	2.401749157	3.901612928	3.809937493	4.068072693	1.163472249	2.929948812	8.044312017	4.356661765	1.293126082	6.281448246	1.525106531	4.354991021	0	2.076887992	6.616815092	4.082531381	2.401749157	15.60645171	29.52701557	8.136145386	29.08680623	11.71979525	17.09416304	11.98081985	28.4487738	13.60980453	9.150639186	7.621234286	15.92518836	5.192219981	17.95992668	8.165062762	24.01749157	12.68024202	6.520518817	2.894151942	8.326960393	6.643168583	2.769550627	5.180892532	4.411367801	4.950512766	1.820390523	2.949996043	4.453796424	0.982470242	1.761637538	7.345086168	2.009893791	5.720974273	47.5066371	8.682455827	30.18523143	42.70608375	10.15501897	6.217071038	8.822735602	12.87133319	6.371366831	3.933328057	17.8151857	18.66693461	13.21228154	5.508814626	10.04946896	18.11641853	1.863005376	0	4.163480197	1.898048167	2.769550627	2.072357013	2.2056839	6.930717873	0.910195262	2.949996043	5.56724553	2.947410727	3.523275076	1.836271542	3.014840687	8.58146141
PD43272_neuronsFC_nanoseqv2	11.3930358	6.115438	1.169497958	5.850870753	10.06883651	8.777975388	1.309244051	6.295137623	7.664007969	5.473753974	1.345567552	1.041203866	3.760410121	5.110889643	3.623897524	4.863253772	6.645937551	3.057719	2.338995916	1.950290251	6.041301904	7.680728464	2.618488101	6.295137623	6.131206376	3.284252385	1.345567552	5.206019328	6.580717711	4.088711714	2.415931683	10.6991583	43.67330391	10.19239667	31.57644486	12.67688663	24.16520761	13.16696308	18.32941671	26.2297401	19.92642072	10.94750795	28.2569186	13.53565025	9.401025301	8.177423428	14.4955901	5.835904526	6.48234835	0.961614881	11.47231354	4.744844645	3.681689627	6.227101235	5.542330978	1.990127222	7.254209257	2.951484866	4.486797259	6.914632672	4.37098911	0.913521046	5.016368211	4.76780006	37.04199057	9.616148811	23.98756467	38.90772609	11.04506888	3.113550618	8.867729565	10.94569972	6.3474331	0.983828289	10.09529383	5.926828004	13.11296733	4.567605231	9.02946278	11.44272014	0	1.923229762	3.128812783	3.795875716	2.76126722	4.151400824	4.433864783	6.965445277	1.813552314	1.967656577	4.486797259	3.95121867	0.874197822	3.654084185	3.009820927	12.39628016
PD43288_neuronsFC-AD_nanoseqv2	13.33939041	6.110503061	1.171313547	3.907076411	15.08688526	1.096787856	7.894669578	6.304039211	1.533269159	3.292634273	1.351050738	6.256782166	5.673127539	2.045125391	3.62872469	6.83432595	0.952813601	5.092085885	2.342627094	1.953538206	6.034754104	3.290363569	5.263113052	7.354712413	1.533269159	4.390179031	0	3.128391083	8.509691309	7.157938867	3.62872469	14.64498418	30.49003523	8.147337415	30.45415223	12.69799834	17.09846996	4.387151425	30.26290005	22.06413724	12.26615327	3.292634273	18.91471033	6.256782166	17.01938262	9.203064258	13.30532386	10.73965506	8.377953293	3.851401383	9.319314208	3.780915094	10.10933282	4.167265155	7.737779141	4.923110919	2.719679236	2.959109251	2.225626057	1.950923069	6.176796329	3.673637046	4.003755636	5.710316484	41.88976646	21.1827076	41.41917426	56.71372641	9.190302559	7.29271402	6.632382121	9.846221837	10.87871695	6.904588251	16.69219542	13.65646148	17.64798951	5.510455568	7.006572364	28.55158242	4.654418496	0.962850346	6.212876138	3.780915094	0.919030256	4.167265155	6.632382121	11.8154662	3.626238982	0	3.338439085	3.901846138	6.176796329	1.836818523	5.004694545	8.565474726
PD43284_neuronsFC-AD_nanoseqv2	12.25516876	11.3210922	0	4.848645985	13.24933342	7.885240634	8.239603654	3.198324668	17.02399784	1.129281778	1.4121653	6.331563008	3.747909406	5.164107372	0	5.823492907	5.656231735	3.0875706	1.190708242	5.818375181	3.057538482	6.758777686	4.119801827	8.528865781	3.095272335	1.129281778	2.824330599	2.110521003	3.747909406	7.229750321	3.700805823	5.823492907	35.82280099	15.437853	32.14912254	12.60647956	24.46030786	11.26462948	23.34554369	11.72719045	20.11927018	6.775690669	24.00681009	5.276302507	9.369773515	14.45950064	17.27042718	16.49989657	3.627492431	6.694337339	10.35583853	5.617340722	4.578174567	4.220867705	9.015109202	6.941698807	1.796421623	3.970013886	2.261325981	3.927885672	4.310236202	2.725563307	2.997533435	6.607740303	51.69176715	15.30134249	51.77919265	44.93872577	9.156349133	9.496952337	14.64955245	12.89172636	5.38926487	2.977510414	15.82928187	20.62139978	18.10299205	2.725563307	1.998355623	20.76718381	0.906873108	2.869001717	7.249086971	5.617340722	0	3.165650779	2.253777301	5.950027549	1.796421623	1.985006943	3.391988972	3.927885672	5.172283443	2.725563307	7.993422494	7.551703203
PD43279_neuronsFC_nanoseqv2	9.542051512	10.22606136	9.39802543	8.803288765	10.09566077	2.196437344	3.935265717	8.423503626	9.251878557	8.779776311	4.039932298	5.220747216	9.459063852	8.202744113	2.420933948	5.855173647	6.679436058	6.135636815	4.699012715	9.781431962	2.019132154	4.392874687	6.558776195	4.211751813	3.083959519	6.584832233	2.693288199	4.176597773	4.729531926	7.177401099	4.841867896	9.758622744	40.07661635	18.40691044	34.06784218	20.54100712	32.30611446	9.883968046	41.97616765	20.00582111	15.41979759	13.16966447	21.54630559	18.79468998	17.02631493	4.101372057	16.94653764	9.758622744	10.1530909	3.857841494	15.59033629	3.761882847	0	4.171859589	9.974702377	8.878863257	5.448631176	3.950198944	11.18421226	2.931976014	6.129044417	3.674682007	5.018618048	8.516581447	43.38138837	13.50244523	60.28263366	59.24965483	11.05267568	8.343719178	16.62450396	18.74426688	12.71347274	2.962649208	16.77631839	14.65988007	15.76039993	6.430693513	8.029788877	18.92573655	3.692033053	3.857841494	9.354201775	5.64282427	2.763168921	5.214824486	11.08300264	4.93270181	0.908105196	0.987549736	2.236842452	6.841277366	3.502311095	4.593352509	4.014894438	15.14058924
PD39462_urothelium_nanoseq	7.702301494	6.074258935	0	14.72013003	15.80035388	11.48126601	1.277050791	8.136427558	23.9277366	3.142355052	1.32758713	4.066584499	11.29165705	6.98690786	1.1801344	12.68092876	9.627876867	3.037129467	4.635032747	9.813420022	8.887699057	3.131254368	1.277050791	7.119374114	5.981934149	4.189806736	0	3.049938375	15.05554274	1.996259388	0	26.33731359	25.03247985	13.16089436	37.08026197	15.70147204	26.66309717	19.83127766	26.81806661	39.66508435	17.94580245	30.37609884	26.5517426	29.48273762	21.64234269	22.95698297	17.702016	22.43548935	8.682086349	6.831337139	9.423433397	15.40385199	3.744374124	4.104406845	4.306401898	6.836016828	0.934506564	3.92766788	4.425984026	4.933864166	5.395105717	5.599421728	6.049296051	10.65437028	39.5517267	4.879526528	30.3643965	46.21155597	17.78577709	10.26101711	15.07240664	11.71888599	15.88661159	7.855335759	19.91692812	11.841274	26.0763443	12.13208041	10.08216009	19.37158232	2.894028783	2.927715917	10.47048155	23.10577798	3.744374124	6.156610268	3.229801423	8.789164493	1.869013128	0.98191697	7.745472045	0.986772833	3.596737145	2.799710864	6.049296051	10.65437028
PD40794_urothelium_nanoseq	21.2316419	14.88700778	3.318216607	7.896722478	20.2906501	20.96050044	4.696890017	13.89958773	10.20458591	11.96650547	3.645094415	13.91551749	18.92552342	8.817026463	5.632755444	16.66774381	11.58089558	4.962335926	1.106072202	10.85799341	8.695992898	5.98871441	2.348445008	12.90676004	2.915595975	2.991626367	2.430062944	7.951724283	15.14041873	2.939008821	2.253102178	33.33548763	50.18388086	22.82674526	25.43966065	40.4707027	57.97328599	72.86269199	25.83289509	67.51228327	32.07155572	28.91905488	24.30062944	28.82500053	45.4212562	46.04447153	12.39206198	52.944598	19.01988827	3.91066033	14.85446842	9.972850976	15.19947091	10.93011543	20.98669705	12.88452018	12.30080059	5.753641107	14.02655615	13.01464259	19.46327305	8.458015517	13.22784244	16.90994804	183.1915555	17.59797148	98.67611165	50.86153998	65.5477183	5.961881145	35.67738498	35.68020973	24.60160118	2.876820553	17.26345372	28.03153788	64.87757684	10.33757452	34.59589561	39.78811304	7.007327258	0.977665082	4.244133834	5.983710585	0	1.987293715	6.296009114	3.964467748	1.89243086	0	3.236897573	1.001126353	5.560935158	1.879559004	4.070105366	5.968216955
PD40842_urothelium_nanoseq	9.625146753	0.986185936	1.096072345	5.915446953	6.68572588	1.96243723	1.141012033	1.964905813	4.346700793	1.969067494	1.182968991	0.98746312	2.812431527	6.777088313	1.111543472	6.815218608	1.925029351	0	1.096072345	0	0.955103697	1.96243723	0	0	1.448900264	0.984533747	0	0	0	0.968155473	0	3.894410633	7.700117403	2.958557808	24.11359159	7.887262605	2.865311092	10.79340477	6.846072199	9.824529063	14.48900264	3.938134988	11.82968991	3.949852479	8.43729458	5.80893284	6.669260833	3.894410633	3.041510377	3.906383408	3.20044237	0	0	0.983884211	2.091941353	2.002501516	2.851926815	1.906793912	2.15730311	1.017471629	3.736516912	0	3.062094435	1.010328626	3.041510377	1.953191704	4.267256493	6.098421818	0	1.967768423	5.229853383	3.003752275	1.901284544	0.953396956	6.471909329	4.069886517	4.67064614	2.810710507	2.04139629	4.041314505	3.041510377	0	1.066814123	0	0.951827369	1.967768423	1.045970677	4.005003033	0	0	0	1.017471629	4.67064614	0.936903502	0	0
PD40843_urothelium_nanoseq	8.514399961	7.118752671	3.518053143	5.806884187	13.96195604	8.579874854	5.325792534	4.120370209	16.48479563	6.416680891	1.378301044	6.132456285	10.25696164	3.016058035	0	6.779827358	11.35253328	5.084823336	0	3.871256125	7.978260593	4.289937427	1.331448133	3.090277657	2.99723557	3.208340446	1.378301044	6.132456285	6.527157408	3.016058035	0	13.55965472	16.08275548	12.20357601	17.59026572	10.64595434	13.96195604	24.6671402	15.9773776	41.20370209	20.98064899	9.625021337	20.67451567	26.57397724	18.64902116	13.06958482	7.250518238	19.37093531	9.472905122	5.812520696	11.48288027	9.601484463	7.43489133	6.238406528	4.366692429	9.834112351	4.626328185	1.9798724	3.370011648	0	1.765141199	2.766288234	5.011776828	6.788394429	38.838911	7.750027594	31.31694619	26.8841565	10.22297558	5.198672106	13.10007729	5.90046741	10.17792201	1.9798724	7.863360511	5.996613203	17.65141199	8.298864702	8.018842925	11.63724759	4.736452561	1.937506899	1.043898206	7.681187571	1.858722833	6.238406528	1.091673107	3.93364494	0.925265637	0	1.123337216	2.998306601	2.647711798	2.766288234	4.009421463	5.818623796
PD40845_bladdertum_nanoseq	30.4837374	16.44183526	0	18.43608181	31.48661222	17.45464551	3.365188645	15.76851438	34.24019068	21.14281638	6.968304875	14.34290404	183.1884679	73.95540349	17.7509349	94.33384512	44.7729893	10.96122351	5.256418354	66.95208657	36.91533846	26.18196826	5.047782968	50.68451051	27.7182496	11.19325573	3.484152438	28.68580809	1372.969239	144.6480686	60.08008735	1448.073148	49.53607327	18.63407996	24.96798718	28.13928276	78.17365792	34.90929102	30.28669781	60.82141262	71.7413519	21.14281638	29.61529572	33.09900933	1363.526534	253.4060149	136.5456531	593.233459	8.371760042	7.801777402	14.1230317	23.75477887	7.181231586	11.49087186	8.219736549	36.75837784	6.2309274	4.269514894	9.603739798	6.611180135	17.72211884	2.759683792	10.83437568	12.31619197	75.34584038	18.52922133	38.33394318	32.23862847	26.92961845	32.1744412	32.8789462	41.47099038	20.47304717	13.8759234	28.81121939	22.66690332	45.11084795	21.15757574	22.65369459	38.7080319	6.697408033	1.950444351	10.08787979	21.20962399	4.488269741	20.68356934	7.04548847	158.3437815	4.450662429	9.606408511	12.00467475	45.33380664	20.94432226	6.439262182	5.909659459	73.01742382
PD39462jlo0021_urothelium_stdseq	22	27	14	22	45	34	8	34	20	22	6	16	57	29	6	38	23	9	0	21	24	12	3	25	13	9	1	12	217	50	9	278	47	45	61	40	66	64	59	106	33	44	32	69	201	77	46	124	41	22	35	87	6	8	17	7	7	1	13	8	25	6	17	42	169	24	98	111	38	11	29	26	54	17	38	39	85	18	44	46	13	13	9	64	3	3	6	7	7	2	4	7	17	9	12	29
PD39462jlo0023_urothelium_stdseq	20	15	8	23	20	21	7	16	15	9	2	11	10	19	6	11	12	7	1	10	16	8	4	14	4	10	1	5	5	6	5	16	33	25	42	35	42	45	30	60	19	30	28	50	22	29	28	28	24	8	12	60	5	3	9	7	5	6	8	10	15	6	7	31	134	15	101	78	26	12	26	16	38	13	24	21	45	25	20	48	7	8	5	61	1	1	5	9	2	4	2	4	8	8	5	30
PD39462klo0023_urothelium_stdseq	29	15	2	18	27	22	5	16	19	18	3	10	14	19	2	19	14	8	4	10	10	14	2	14	7	7	1	8	13	5	3	19	45	35	54	37	61	58	51	83	26	31	31	55	26	34	19	39	22	11	17	53	5	8	13	10	6	3	6	5	21	10	2	23	135	30	78	92	28	14	29	21	44	14	31	32	58	20	25	41	6	7	7	63	1	5	6	11	5	4	4	2	9	6	10	27
PD39462klo0026_urothelium_stdseq	19	5	4	8	16	16	2	6	4	12	6	3	8	10	3	7	5	4	5	11	11	8	2	4	3	4	1	4	8	9	0	7	24	19	30	23	31	31	22	46	13	20	21	34	16	18	6	27	9	5	8	45	6	2	3	3	1	0	7	0	14	1	5	10	69	12	53	32	11	4	16	12	19	4	12	17	28	7	19	27	5	3	2	33	2	1	4	7	2	1	2	1	6	3	6	19
PD39462klo0057_urothelium_stdseq	22	9	6	14	33	20	4	16	16	10	2	10	27	23	5	26	19	8	5	22	11	12	5	23	6	7	3	4	75	22	6	96	53	37	37	38	51	48	44	71	27	21	30	49	128	52	25	86	42	20	19	73	6	10	12	5	5	2	12	2	23	12	8	37	159	23	104	69	30	10	19	26	42	17	25	23	58	24	32	40	12	12	18	101	7	5	12	7	4	4	4	4	7	14	6	43
PD39462klo0058_urothelium_stdseq	26	17	9	16	35	25	8	15	15	16	3	9	23	31	5	29	19	6	2	11	10	10	6	18	4	6	2	10	10	9	4	22	47	49	65	53	64	103	48	107	30	61	30	94	56	49	27	57	27	9	21	57	6	11	12	12	6	3	6	5	24	9	3	22	124	28	88	79	25	14	16	24	42	15	22	20	63	12	28	39	10	10	11	48	11	7	6	13	4	1	7	2	8	6	8	23
PD40794ilo0056_urothelium_stdseq	45	32	12	19	56	40	22	36	33	23	12	26	61	45	41	40	22	18	5	14	23	14	2	37	5	13	6	5	16	14	5	38	109	70	87	104	179	175	93	246	69	83	43	102	96	94	42	113	45	18	20	33	32	30	46	39	20	13	20	20	44	17	34	53	401	30	170	163	148	15	57	80	130	12	42	56	146	18	43	77	7	3	7	10	7	6	5	6	4	2	7	4	13	4	13	13
PD40794ilo0067_urothelium_stdseq	20	17	9	20	45	32	12	31	22	19	6	16	37	27	5	29	12	7	1	25	17	12	3	30	14	7	1	10	14	18	5	30	68	55	66	45	88	111	79	168	28	39	35	67	64	53	24	98	31	17	30	21	39	23	42	39	18	5	24	17	42	14	27	46	330	26	143	122	129	13	52	60	97	18	35	42	120	15	40	77	8	2	7	4	4	6	10	6	2	3	4	4	7	2	14	18
PD40794ilo0076_urothelium_stdseq	54	41	15	35	56	62	18	37	29	27	17	24	56	46	25	46	24	10	8	25	24	12	4	26	9	11	2	5	24	24	3	45	123	85	87	93	188	209	131	255	63	86	50	110	90	94	47	115	28	26	30	38	53	24	62	54	19	11	29	21	61	22	30	63	433	24	213	165	168	21	54	100	144	13	48	54	159	17	58	63	8	1	3	8	7	6	7	3	3	4	5	3	6	6	12	19
PD40794ilo0111_urothelium_stdseq	42	32	9	32	56	37	11	50	14	40	14	32	39	35	14	35	20	11	4	17	11	12	5	24	10	6	4	8	24	20	3	32	97	71	91	85	137	161	103	220	39	59	52	91	76	87	30	95	44	13	32	30	43	16	55	61	27	5	23	15	51	19	31	62	431	23	200	158	167	15	53	82	124	14	30	51	155	19	61	75	6	2	6	12	7	5	9	10	4	2	10	5	10	6	10	18
PD40794ilo0122_urothelium_stdseq	32	25	8	30	60	45	12	30	17	22	13	30	50	41	17	34	16	7	5	14	21	12	2	23	5	3	0	9	23	6	3	26	92	59	65	78	143	138	77	200	53	55	46	101	72	66	34	84	21	10	27	35	42	27	46	50	28	8	21	17	51	7	26	51	375	22	167	133	153	13	53	71	120	12	32	66	118	18	58	61	10	2	5	7	3	5	7	2	3	1	5	1	7	1	7	11
PD40842elo0010_urothelium_stdseq	7	5	2	6	4	4	2	2	8	6	1	3	1	8	0	5	0	2	0	5	2	2	0	4	2	3	1	0	1	4	1	4	12	10	11	8	10	12	17	27	11	7	15	17	9	10	6	9	0	4	6	11	1	6	4	3	2	0	1	2	7	1	2	6	21	6	12	8	4	3	3	4	9	4	5	4	6	0	5	7	2	1	0	1	1	1	0	0	0	0	3	0	1	1	4	5
PD40842elo0022_urothelium_stdseq	3	2	1	3	5	4	1	2	0	3	1	2	8	2	1	2	3	2	0	3	3	0	1	6	2	1	0	4	2	1	0	2	8	4	18	5	3	13	7	13	6	6	6	8	7	4	6	7	3	2	3	4	1	4	3	1	0	0	0	3	7	0	1	8	11	1	4	9	2	4	1	2	6	2	3	3	2	0	5	2	1	1	0	0	2	0	1	3	0	0	0	1	2	1	1	4
PD40843flo0026_urothelium_stdseq	11	8	5	9	22	12	3	13	13	12	4	5	15	6	5	9	10	2	2	6	10	12	2	11	5	8	1	2	13	12	1	29	19	15	36	16	30	25	17	36	24	17	17	22	26	16	15	28	17	5	11	45	4	4	9	11	3	1	4	5	20	4	6	25	62	12	40	32	17	6	15	6	19	5	7	17	29	7	14	21	4	2	9	33	2	3	4	4	2	1	2	8	9	2	3	11
PD40843flo0028_urothelium_stdseq	16	16	5	15	21	9	1	12	12	10	3	6	10	14	3	20	11	4	2	8	5	5	5	10	7	3	1	7	6	4	0	12	28	16	32	20	30	17	32	58	6	27	20	42	21	22	11	29	17	5	8	43	2	0	10	8	7	6	1	4	10	7	5	14	64	11	52	29	5	0	8	6	22	8	14	22	34	2	9	22	8	5	3	35	0	2	2	7	2	0	4	1	3	2	7	24
PD40843flo0086_urothelium_stdseq	13	7	1	7	15	11	1	15	14	16	6	9	12	9	3	15	8	7	2	9	10	5	2	6	2	9	1	2	6	13	0	20	37	17	32	39	35	41	25	61	25	26	29	52	19	20	16	44	12	5	21	49	10	4	9	3	1	4	6	4	12	6	5	12	73	8	49	49	20	5	12	14	19	8	12	13	33	8	14	21	4	4	6	27	0	6	5	3	1	3	2	2	2	7	7	16
PD40843clo0006_urothelium_stdseq	41	28	9	36	40	28	4	34	36	31	8	34	40	23	5	65	21	13	4	17	8	6	7	15	11	9	1	10	14	14	3	17	56	29	94	40	38	44	53	69	37	47	63	56	29	53	43	41	40	25	37	71	15	15	17	21	15	22	13	20	50	11	30	45	56	25	36	64	21	44	28	37	33	31	22	33	33	30	14	45	48	7	15	34	36	8	24	53	11	7	19	24	77	15	15	73
