Mutation Type	Mutation Subtype	SBS 25	SNP SBS	SBS sc_E	SBS sc_F
C>A	ACA	0.009900000	0.00356590	0.0092260320	0.0078886793
C>A	ACC	0.007000000	0.01320994	0.0006296941	0.0032742581
C>A	ACG	0.001450000	0.00387927	0.0001355840	0.0009291750
C>A	ACT	0.004970000	0.00314465	0.0067390127	0.0046959112
C>A	CCA	0.014800000	0.00437612	0.0017259522	0.0019984401
C>A	CCC	0.007820000	0.00932513	0.0006964061	0.0012332001
C>A	CCG	0.001280000	0.00443423	0.0003871090	0.0008083120
C>A	CCT	0.012600000	0.00470345	0.0036923974	0.0022851591
C>A	GCA	0.013500000	0.00877735	0.0065683297	0.0047267282
C>A	GCC	0.006470000	0.00931293	0.0010253921	0.0037497652
C>A	GCG	0.000658000	0.00639833	0.0000701000	0.0007827920
C>A	GCT	0.010500000	0.00340340	0.0071197728	0.0054501362
C>A	TCA	0.006940000	0.00372287	0.0037282934	0.0055237982
C>A	TCC	0.010200000	0.00953248	0.0015742982	0.0050532062
C>A	TCG	0.000000000	0.00378159	0.0004718131	0.0004037420
C>A	TCT	0.024600000	0.00580136	0.0017126102	0.0001449080
C>G	ACA	0.008030000	0.01043465	0.0030809963	0.0011826040
C>G	ACC	0.001640000	0.00822472	0.0044074565	0.0010952560
C>G	ACG	0.000000000	0.00360223	0.0007411091	0.0000294000
C>G	ACT	0.003430000	0.01147314	0.0032779674	0.0019391921
C>G	CCA	0.007200000	0.00804286	0.0007710801	0.0005046710
C>G	CCC	0.004600000	0.01193282	0.0020317602	0.0004457060
C>G	CCG	0.000824000	0.00592301	0.0008724091	0.0001424700
C>G	CCT	0.000196000	0.01371715	0.0010963301	0.0005121730
C>G	GCA	0.004170000	0.00757918	0.0008540541	0.0004498130
C>G	GCC	0.002390000	0.00678122	0.0021217612	0.0007097970
C>G	GCG	0.000418000	0.00606501	0.0004227570	0.0000091900
C>G	GCT	0.001990000	0.00969083	0.0035935714	0.0019063411
C>G	TCA	0.009800000	0.01132078	0.0019733512	0.0000940000
C>G	TCC	0.003270000	0.00864480	0.0003085420	0.0006402020
C>G	TCG	0.002060000	0.00434768	0.0000900000	0.0000067600
C>G	TCT	0.016400000	0.01940701	0.0012474341	0.0008448710
C>T	ACA	0.021000000	0.00261467	0.0113841722	0.0674378338
C>T	ACC	0.013100000	0.00171379	0.0121641523	0.0447620518
C>T	ACG	0.019700000	0.00907900	0.0000000000	0.0053460972
C>T	ACT	0.005730000	0.00279491	0.0095231570	0.0578617524
C>T	CCA	0.014300000	0.00086169	0.0266431159	0.0669541367
C>T	CCC	0.005940000	0.00112819	0.0232756985	0.0605047955
C>T	CCG	0.011600000	0.00859170	0.0081946009	0.0124776955
C>T	CCT	0.013600000	0.00205554	0.0144046995	0.0717848699
C>T	GCA	0.010000000	0.00199994	0.1620084993	0.0703815529
C>T	GCC	0.006950000	0.00184806	0.2023326786	0.0810196853
C>T	GCG	0.010500000	0.00735397	0.0167536548	0.0092418504
C>T	GCT	0.009820000	0.00280376	0.1146290663	0.0707091719
C>T	TCA	0.011100000	0.00066712	0.0039543404	0.0503881351
C>T	TCC	0.006450000	0.00030095	0.0041334394	0.0672720338
C>T	TCG	0.014100000	0.00458902	0.0000000000	0.0047497462
C>T	TCT	0.012400000	0.00170775	0.0115694622	0.0765521241
T>A	ATA	0.020400000	0.00323849	0.0017471892	0.0013264651
T>A	ATC	0.008890000	0.00870848	0.0025724843	0.0004145620
T>A	ATG	0.006240000	0.00572949	0.0015841742	0.0004793550
T>A	ATT	0.014900000	0.00684619	0.0081005149	0.0037558112
T>A	CTA	0.026300000	0.00092289	0.0019959132	0.0003591420
T>A	CTC	0.015800000	0.00210956	0.0036854924	0.0014317111
T>A	CTG	0.062900000	0.00399860	0.0023730333	0.0018296971
T>A	CTT	0.036600000	0.00082059	0.0046305135	0.0018212131
T>A	GTA	0.036200000	0.00174969	0.0006995571	0.0004896140
T>A	GTC	0.005850000	0.00353310	0.0014706322	0.0006747260
T>A	GTG	0.038200000	0.00502110	0.0015603582	0.0005533680
T>A	GTT	0.020200000	0.00173487	0.0035382624	0.0023185791
T>A	TTA	0.021800000	0.01020269	0.0041609454	0.0013668001
T>A	TTC	0.003410000	0.00368431	0.0010881711	0.0009347000
T>A	TTG	0.010200000	0.00211010	0.0018915492	0.0005291890
T>A	TTT	0.014500000	0.00735919	0.0036587734	0.0041724342
T>C	ATA	0.020700000	0.05248306	0.0158203747	0.0071513793
T>C	ATC	0.009500000	0.02356268	0.0120783943	0.0047375532
T>C	ATG	0.019900000	0.10298602	0.0143078615	0.0066223233
T>C	ATT	0.014500000	0.04323767	0.0106862711	0.0050871192
T>C	CTA	0.009030000	0.01710690	0.0144006885	0.0056350112
T>C	CTC	0.010800000	0.01839437	0.0189223730	0.0072253813
T>C	CTG	0.013400000	0.06446983	0.0411852954	0.0136184676
T>C	CTT	0.008960000	0.01534132	0.0125748263	0.0040777252
T>C	GTA	0.017500000	0.01622680	0.0202765362	0.0073847803
T>C	GTC	0.004050000	0.01704333	0.0129165314	0.0039854402
T>C	GTG	0.013400000	0.05059117	0.0213816493	0.0062305993
T>C	GTT	0.014200000	0.01867473	0.0113481742	0.0047087072
T>C	TTA	0.014500000	0.02360914	0.0105488301	0.0048335022
T>C	TTC	0.007410000	0.02074464	0.0108197302	0.0040519032
T>C	TTG	0.004890000	0.04456140	0.0148772806	0.0040234212
T>C	TTT	0.017000000	0.02702003	0.0068912327	0.0038627422
T>G	ATA	0.005280000	0.00374724	0.0002570750	0.0008984700
T>G	ATC	0.000000000	0.00372131	0.0011943691	0.0005378570
T>G	ATG	0.007140000	0.00625828	0.0012011241	0.0000783000
T>G	ATT	0.000000000	0.00424399	0.0004714591	0.0002772530
T>G	CTA	0.000000000	0.00434428	0.0003561920	0.0002388880
T>G	CTC	0.002890000	0.00720395	0.0004003840	0.0003297690
T>G	CTG	0.011800000	0.01040174	0.0010444111	0.0005968080
T>G	CTT	0.008550000	0.00095825	0.0000689000	0.0001694490
T>G	GTA	0.005550000	0.00282096	0.0006482871	0.0006042000
T>G	GTC	0.000000000	0.00391222	0.0013365161	0.0003084610
T>G	GTG	0.008690000	0.00066771	0.0015834312	0.0001150320
T>G	GTT	0.002770000	0.00700881	0.0014266832	0.0003217570
T>G	TTA	0.002080000	0.00442957	0.0001850260	0.0010358770
T>G	TTC	0.000579000	0.00542382	0.0010611081	0.0003831420
T>G	TTG	0.009430000	0.00706692	0.0015189062	0.0010043070
T>G	TTT	0.007870000	0.00930236	0.0000884000	0.0005028170
